{"products": [{"title": "Self-Tie Floral Maxi Dress", "gender": "women", "category": "dresses", "color": "mauve mauve mauve mauve mauve mauve rust rust rust", "product_url": "https://www.forever21.in/p/self-tie-floral-maxi-dress-323803.html", "thumbnail_url": ["http://d1q9qhpdr6ehzh.cloudfront.net/358b154f506785c71e3654e624778528"], "chatbot_image": "https://forever21.imgix.net/img/app/product/3/323803-1618337-large.jpg,https://forever21.imgix.net/img/app/product/3/323803-1618338-large.jpg,https://forever21.imgix.net/img/app/product/3/323803-1618339-large.jpg,https://forever21.imgix.net/img/app/product/3/323803-1618340-large.jpg,https://forever21.imgix.net/img/app/product/3/323803-1618336.jpg", "unique_id": "05926c4fa8f340c1ad84c9446e9cee93", "trending_score": "0.0", "price": 2039.0, "discounted_price": 2039.0, "currency": "INR", "product_code": "323803", "affinity_score": 0.0, "brand": "forever21", "store": "v_forever21", "streamoid_urls": null}, {"title": "Contemporary Maxi Dress", "gender": "women", "category": "dresses", "color": "multicolor mauve mauve mauve mauve mauve mauve khaki khaki khaki", "product_url": "https://www.forever21.in/p/contemporary-maxi-dress-323331.html", "thumbnail_url": ["http://d1q9qhpdr6ehzh.cloudfront.net/a3f326d3a0b8f1c74a132236dc18f496"], "chatbot_image": "https://forever21.imgix.net/img/app/product/3/323331-1610765-large.jpg,https://forever21.imgix.net/img/app/product/3/323331-1610766-large.jpg,https://forever21.imgix.net/img/app/product/3/323331-1610767-large.jpg,https://forever21.imgix.net/img/app/product/3/323331-1610768-large.jpg,https://forever21.imgix.net/img/app/product/3/323331-1610764.jpg", "unique_id": "5775a605160540329044999428801d04", "trending_score": "0.0", "price": 1799.0, "discounted_price": 1799.0, "currency": "INR", "product_code": "323331", "affinity_score": 0.0, "brand": "forever21", "store": "v_forever21", "streamoid_urls": null}, {"title": "Scarlett & Jo Emily Floral Maxi Dress", "gender": "women", "category": "dresses", "color": null, "product_url": "https://www.bonmarche.co.uk/dresses/scarlett-and-jo-emily-floral-maxi-dress-750003.html?dwvar_750003_color=07&cgid=womens-dresses", "thumbnail_url": ["http://d1q9qhpdr6ehzh.cloudfront.net/e18c3efc5e165424768c1a3fb2899d4d"], "chatbot_image": "https://www.bonmarche.co.uk/dw/image/v2/BBCZ_PRD/on/demandware.static/-/Sites-master-catalog-bonmarche/default/dw4bc783f4/zoom/75/75000307_alt1.jpg?sw=500,https://www.bonmarche.co.uk/dw/image/v2/BBCZ_PRD/on/demandware.static/-/Sites-master-catalog-bonmarche/default/dw11478632/zoom/75/75000307_alt3.jpg?sw=500,https://www.bonmarche.co.uk/dw/image/v2/BBCZ_PRD/on/demandware.static/-/Sites-master-catalog-bonmarche/default/dwaa6cc6a0/zoom/75/75000307_alt2.jpg?sw=500", "unique_id": "a7c9888954024ca79189dab8ca9b7308", "trending_score": "0.0", "price": 85.0, "discounted_price": 0.0, "currency": "GBP", "product_code": "a7c9888954024ca79189dab8ca9b7308", "affinity_score": 0.0, "brand": "v_bonmarche_uk_usc", "store": "v_bonmarche_uk_usc", "streamoid_urls": null}, {"title": "Printed Jersey Maxi Dress", "gender": "women", "category": "dresses", "color": null, "product_url": "https://www.bonmarche.co.uk/dresses/printed-jersey-maxi-dress-031610.html?dwvar_031610_color=26&dwvar_031610_size=010", "thumbnail_url": ["http://d1q9qhpdr6ehzh.cloudfront.net/96508648148911b77a5165c56f5bc045"], "chatbot_image": "https://www.bonmarche.co.uk/dw/image/v2/BBCZ_PRD/on/demandware.static/-/Sites-master-catalog-bonmarche/default/dwbdcefb2a/zoom/03/03161026_alt1.jpg?sw=500,https://www.bonmarche.co.uk/dw/image/v2/BBCZ_PRD/on/demandware.static/-/Sites-master-catalog-bonmarche/default/dw9cc1de7b/zoom/03/03161026_alt3.jpg?sw=500,https://www.bonmarche.co.uk/dw/image/v2/BBCZ_PRD/on/demandware.static/-/Sites-master-catalog-bonmarche/default/dw802acf0b/zoom/03/03161026_alt2.jpg?sw=500", "unique_id": "57b9944b2e0a41e0ac57134e24f416cd", "trending_score": "0.0", "price": 20.0, "discounted_price": 0.0, "currency": "GBP", "product_code": "57b9944b2e0a41e0ac57134e24f416cd", "affinity_score": 0.0, "brand": "v_bonmarche_uk_usc", "store": "v_bonmarche_uk_usc", "streamoid_urls": null}, {"title": "Sleeveless Stripe Tiered Maxi Dress", "gender": "women", "category": "dresses", "color": null, "product_url": "https://www.bonmarche.co.uk/dresses/sleeveless-stripe-tiered-maxi-dress-031471.html?dwvar_031471_color=81&cgid=womens-dresses", "thumbnail_url": ["http://d1q9qhpdr6ehzh.cloudfront.net/919736f45a941a906a3e2e79622ab6fb"], "chatbot_image": "https://www.bonmarche.co.uk/dw/image/v2/BBCZ_PRD/on/demandware.static/-/Sites-master-catalog-bonmarche/default/dw733915e8/zoom/03/03147181_alt1.jpg?sw=500,https://www.bonmarche.co.uk/dw/image/v2/BBCZ_PRD/on/demandware.static/-/Sites-master-catalog-bonmarche/default/dw71b32d91/zoom/03/03147181_alt3.jpg?sw=500,https://www.bonmarche.co.uk/dw/image/v2/BBCZ_PRD/on/demandware.static/-/Sites-master-catalog-bonmarche/default/dw5913b5b9/zoom/03/03147181_alt2.jpg?sw=500", "unique_id": "fcab06cef6d44d76b5854bb91e88d2b1", "trending_score": "0.0", "price": 38.0, "discounted_price": 0.0, "currency": "GBP", "product_code": "fcab06cef6d44d76b5854bb91e88d2b1", "affinity_score": 0.0, "brand": "v_bonmarche_uk_usc", "store": "v_bonmarche_uk_usc", "streamoid_urls": null}, {"title": "Tiger Stripe Print Maxi Dress", "gender": "women", "category": "dresses", "color": null, "product_url": "https://www.bonmarche.co.uk/dresses/tiger-stripe-print-maxi-dress-031449.html?dwvar_031449_color=72&cgid=womens-dresses", "thumbnail_url": ["http://d1q9qhpdr6ehzh.cloudfront.net/4ba27e9716f37d962b00f29d3dc0719e"], "chatbot_image": "https://www.bonmarche.co.uk/dw/image/v2/BBCZ_PRD/on/demandware.static/-/Sites-master-catalog-bonmarche/default/dw999365c1/zoom/03/03144972_alt1.jpg?sw=500,https://www.bonmarche.co.uk/dw/image/v2/BBCZ_PRD/on/demandware.static/-/Sites-master-catalog-bonmarche/default/dwd105f125/zoom/03/03144972_alt3.jpg?sw=500,https://www.bonmarche.co.uk/dw/image/v2/BBCZ_PRD/on/demandware.static/-/Sites-master-catalog-bonmarche/default/dw16dd94be/zoom/03/03144972_alt2.jpg?sw=500", "unique_id": "7cc10c6334324361a2393f98d80d8140", "trending_score": "0.0", "price": 19.0, "discounted_price": 0.0, "currency": "GBP", "product_code": "7cc10c6334324361a2393f98d80d8140", "affinity_score": 0.0, "brand": "v_bonmarche_uk_usc", "store": "v_bonmarche_uk_usc", "streamoid_urls": null}, {"title": "Shirred Ombre Maxi Dress", "gender": "women", "category": "dresses", "color": null, "product_url": "https://www.bonmarche.co.uk/dresses/shirred-ombre-maxi-dress-171421.html?dwvar_171421_color=63&cgid=womens-dresses", "thumbnail_url": ["http://d1q9qhpdr6ehzh.cloudfront.net/9c9fc05b984e081e31d8b053bad759eb"], "chatbot_image": "https://www.bonmarche.co.uk/dw/image/v2/BBCZ_PRD/on/demandware.static/-/Sites-master-catalog-bonmarche/default/dw2e0a0640/zoom/17/17142163_alt1.jpg?sw=500,https://www.bonmarche.co.uk/dw/image/v2/BBCZ_PRD/on/demandware.static/-/Sites-master-catalog-bonmarche/default/dw10c0a5b1/zoom/17/17142163_alt3.jpg?sw=500,https://www.bonmarche.co.uk/dw/image/v2/BBCZ_PRD/on/demandware.static/-/Sites-master-catalog-bonmarche/default/dwa5023c76/zoom/17/17142163_alt2.jpg?sw=500", "unique_id": "4e2f715fd292425182e3874fd6d38241", "trending_score": "0.0", "price": 13.0, "discounted_price": 0.0, "currency": "GBP", "product_code": "4e2f715fd292425182e3874fd6d38241", "affinity_score": 0.0, "brand": "v_bonmarche_uk_usc", "store": "v_bonmarche_uk_usc", "streamoid_urls": null}, {"title": "'Taima' pliss\u00c3\u00a9 pleated maxi dress", "gender": "women", "category": "dresses", "color": "olive olive olive olive olive olive black black black black", "product_url": "https://www.lanecrawford.com/pdp/ARL444", "thumbnail_url": ["http://d1q9qhpdr6ehzh.cloudfront.net/8c70c601526134bcaf86cf8aec3c83b5"], "chatbot_image": "http://media.lanecrawford.com/A/R/L/ARL444_in_xl.jpg,http://media.lanecrawford.com/A/R/L/ARL444_bk_xl.jpg,http://media.lanecrawford.com/A/R/L/ARL444_4_xl.jpg,http://media.lanecrawford.com/A/R/L/ARL444_ro_xl.jpg", "unique_id": "338f516d5f9c46519c96657c0f16526d", "trending_score": "0.0", "price": 6500.0, "discounted_price": 1950.0, "currency": "HKD", "product_code": "ARL444", "affinity_score": 0.0, "brand": "SOLACE LONDON", "store": "v_lane_crawford", "streamoid_urls": null}, {"title": "Scarlett & Jo Marilyn Maxi Dress", "gender": "women", "category": "dresses", "color": null, "product_url": "https://www.bonmarche.co.uk/dresses/scarlett-and-jo-marilyn-maxi-dress-750001.html?dwvar_750001_color=53&cgid=womens-dresses", "thumbnail_url": ["http://d1q9qhpdr6ehzh.cloudfront.net/7217841c7599aaf8b7684cbf2bf868a4"], "chatbot_image": "https://www.bonmarche.co.uk/dw/image/v2/BBCZ_PRD/on/demandware.static/-/Sites-master-catalog-bonmarche/default/dwbdc04481/zoom/75/75000153_alt1.jpg?sw=500,https://www.bonmarche.co.uk/dw/image/v2/BBCZ_PRD/on/demandware.static/-/Sites-master-catalog-bonmarche/default/dw4cdc7d6f/zoom/75/75000153_alt3.jpg?sw=500,https://www.bonmarche.co.uk/dw/image/v2/BBCZ_PRD/on/demandware.static/-/Sites-master-catalog-bonmarche/default/dwb3574e5c/zoom/75/75000153_alt2.jpg?sw=500", "unique_id": "cf59def457bc48fc8a1508504e7008dc", "trending_score": "0.0", "price": 75.0, "discounted_price": 0.0, "currency": "GBP", "product_code": "cf59def457bc48fc8a1508504e7008dc", "affinity_score": 0.0, "brand": "v_bonmarche_uk_usc", "store": "v_bonmarche_uk_usc", "streamoid_urls": null}, {"title": "Scarlett & Jo Marilyn Maxi Dress", "gender": "women", "category": "dresses", "color": null, "product_url": "https://www.bonmarche.co.uk/dresses/scarlett-and-jo-marilyn-maxi-dress-750002.html?dwvar_750002_color=65&cgid=womens-dresses", "thumbnail_url": ["http://d1q9qhpdr6ehzh.cloudfront.net/6238e8b8d9d459d32b2d3ef465500d8a"], "chatbot_image": "https://www.bonmarche.co.uk/dw/image/v2/BBCZ_PRD/on/demandware.static/-/Sites-master-catalog-bonmarche/default/dwc3dd5c28/zoom/75/75000265_alt1.jpg?sw=500,https://www.bonmarche.co.uk/dw/image/v2/BBCZ_PRD/on/demandware.static/-/Sites-master-catalog-bonmarche/default/dw060e3eec/zoom/75/75000265_alt3.jpg?sw=500,https://www.bonmarche.co.uk/dw/image/v2/BBCZ_PRD/on/demandware.static/-/Sites-master-catalog-bonmarche/default/dw993cfd20/zoom/75/75000265_alt2.jpg?sw=500", "unique_id": "ca241e1df3b742b0994ab3e85be6c842", "trending_score": "0.0", "price": 75.0, "discounted_price": 0.0, "currency": "GBP", "product_code": "ca241e1df3b742b0994ab3e85be6c842", "affinity_score": 0.0, "brand": "v_bonmarche_uk_usc", "store": "v_bonmarche_uk_usc", "streamoid_urls": null}, {"title": "Zebra Maxi Dress", "gender": "women", "category": "dresses", "color": null, "product_url": "https://www.bonmarche.co.uk/dresses/zebra-maxi-dress-171456.html?dwvar_171456_color=93&cgid=womens-dresses", "thumbnail_url": ["http://d1q9qhpdr6ehzh.cloudfront.net/8eb1b5f4adb6c9c5fd46285f01a10bb7"], "chatbot_image": "https://www.bonmarche.co.uk/dw/image/v2/BBCZ_PRD/on/demandware.static/-/Sites-master-catalog-bonmarche/default/dwaf8af5d3/zoom/17/17145693_alt1.jpg?sw=500,https://www.bonmarche.co.uk/dw/image/v2/BBCZ_PRD/on/demandware.static/-/Sites-master-catalog-bonmarche/default/dw7e68c1c6/zoom/17/17145693_alt3.jpg?sw=500,https://www.bonmarche.co.uk/dw/image/v2/BBCZ_PRD/on/demandware.static/-/Sites-master-catalog-bonmarche/default/dwad7dbccb/zoom/17/17145693_alt2.jpg?sw=500", "unique_id": "5262928e07294e6ca66e9fbd349f1ea7", "trending_score": "0.0", "price": 25.0, "discounted_price": 0.0, "currency": "GBP", "product_code": "5262928e07294e6ca66e9fbd349f1ea7", "affinity_score": 0.0, "brand": "v_bonmarche_uk_usc", "store": "v_bonmarche_uk_usc", "streamoid_urls": null}, {"title": "Sleeveless Stripe Print Maxi Dress", "gender": "women", "category": "dresses", "color": null, "product_url": "https://www.bonmarche.co.uk/dresses/sleeveless-stripe-print-maxi-dress-031446.html?dwvar_031446_color=53&cgid=womens-dresses", "thumbnail_url": ["http://d1q9qhpdr6ehzh.cloudfront.net/b4baec1a03f243bc6f577c131f19a0b5"], "chatbot_image": "https://www.bonmarche.co.uk/dw/image/v2/BBCZ_PRD/on/demandware.static/-/Sites-master-catalog-bonmarche/default/dw34008283/zoom/03/03144653_alt1.jpg?sw=500,https://www.bonmarche.co.uk/dw/image/v2/BBCZ_PRD/on/demandware.static/-/Sites-master-catalog-bonmarche/default/dw4a5b131f/zoom/03/03144653_alt3.jpg?sw=500,https://www.bonmarche.co.uk/dw/image/v2/BBCZ_PRD/on/demandware.static/-/Sites-master-catalog-bonmarche/default/dwaa3b00a7/zoom/03/03144653_alt2.jpg?sw=500", "unique_id": "77e9e03499c14494ab5430e56e0f50a9", "trending_score": "0.0", "price": 19.0, "discounted_price": 0.0, "currency": "GBP", "product_code": "77e9e03499c14494ab5430e56e0f50a9", "affinity_score": 0.0, "brand": "v_bonmarche_uk_usc", "store": "v_bonmarche_uk_usc", "streamoid_urls": null}, {"title": "Scarlett & Jo Marilyn Float Sleeve Dress", "gender": "women", "category": "dresses", "color": null, "product_url": "https://www.bonmarche.co.uk/dresses/scarlett-and-jo-marilyn-float-sleeve-dress-750038.html?dwvar_750038_color=44&cgid=womens-dresses", "thumbnail_url": ["http://d1q9qhpdr6ehzh.cloudfront.net/d59f6d440000fa657126516cb000ecce"], "chatbot_image": "https://www.bonmarche.co.uk/dw/image/v2/BBCZ_PRD/on/demandware.static/-/Sites-master-catalog-bonmarche/default/dw5b38eca7/zoom/75/75003844_alt1.jpg?sw=500,https://www.bonmarche.co.uk/dw/image/v2/BBCZ_PRD/on/demandware.static/-/Sites-master-catalog-bonmarche/default/dw7d79a303/zoom/75/75003844_alt3.jpg?sw=500,https://www.bonmarche.co.uk/dw/image/v2/BBCZ_PRD/on/demandware.static/-/Sites-master-catalog-bonmarche/default/dwd48948cf/zoom/75/75003844_alt2.jpg?sw=500", "unique_id": "2b3d4cbe82a74669a23cecb117d4f238", "trending_score": "0.0", "price": 85.0, "discounted_price": 0.0, "currency": "GBP", "product_code": "2b3d4cbe82a74669a23cecb117d4f238", "affinity_score": 0.0, "brand": "v_bonmarche_uk_usc", "store": "v_bonmarche_uk_usc", "streamoid_urls": null}, {"title": "Tiered Maxi Dress With Embroidery", "gender": "women", "category": "dresses", "color": null, "product_url": "https://www.bonmarche.co.uk/swim-and-beachwear/tiered-maxi-dress-with-embroidery-171446.html?dwvar_171446_color=53&cgid=womens-dresses", "thumbnail_url": ["http://d1q9qhpdr6ehzh.cloudfront.net/e60b389d1fc2fd10f502fed0c971b60d"], "chatbot_image": "https://www.bonmarche.co.uk/dw/image/v2/BBCZ_PRD/on/demandware.static/-/Sites-master-catalog-bonmarche/default/dw115ee052/zoom/17/17144653_alt1.jpg?sw=500,https://www.bonmarche.co.uk/dw/image/v2/BBCZ_PRD/on/demandware.static/-/Sites-master-catalog-bonmarche/default/dw2c7b58b9/zoom/17/17144653_alt3.jpg?sw=500,https://www.bonmarche.co.uk/dw/image/v2/BBCZ_PRD/on/demandware.static/-/Sites-master-catalog-bonmarche/default/dwfc0ad8a3/zoom/17/17144653_alt2.jpg?sw=500", "unique_id": "57634860b7e24cc9abe6e33c14f36ea9", "trending_score": "0.0", "price": 13.0, "discounted_price": 0.0, "currency": "GBP", "product_code": "57634860b7e24cc9abe6e33c14f36ea9", "affinity_score": 0.0, "brand": "v_bonmarche_uk_usc", "store": "v_bonmarche_uk_usc", "streamoid_urls": null}, {"title": "Printed Jersey Maxi Dress", "gender": "women", "category": "dresses", "color": null, "product_url": "https://www.bonmarche.co.uk/dresses/printed-jersey-maxi-dress-031610.html?dwvar_031610_color=69&cgid=womens-dresses", "thumbnail_url": ["http://d1q9qhpdr6ehzh.cloudfront.net/5f16fbb2c6ed258118eadba371914a73"], "chatbot_image": "https://www.bonmarche.co.uk/dw/image/v2/BBCZ_PRD/on/demandware.static/-/Sites-master-catalog-bonmarche/default/dw73d5359d/zoom/03/03161069_alt1.jpg?sw=500,https://www.bonmarche.co.uk/dw/image/v2/BBCZ_PRD/on/demandware.static/-/Sites-master-catalog-bonmarche/default/dwb7fd5987/zoom/03/03161069_alt3.jpg?sw=500,https://www.bonmarche.co.uk/dw/image/v2/BBCZ_PRD/on/demandware.static/-/Sites-master-catalog-bonmarche/default/dw536923c3/zoom/03/03161069_alt2.jpg?sw=500", "unique_id": "69535f0c6afb4bc49e5101e90813e9ce", "trending_score": "0.0", "price": 20.0, "discounted_price": 0.0, "currency": "GBP", "product_code": "69535f0c6afb4bc49e5101e90813e9ce", "affinity_score": 0.0, "brand": "v_bonmarche_uk_usc", "store": "v_bonmarche_uk_usc", "streamoid_urls": null}, {"title": "Isla & Rose Maxi Dress", "gender": "women", "category": "dresses", "color": null, "product_url": "https://www.bonmarche.co.uk/dresses/isla-and-rose-maxi-dress-431130.html?dwvar_431130_color=69&cgid=womens-dresses", "thumbnail_url": ["http://d1q9qhpdr6ehzh.cloudfront.net/971511241b9fb19e67c73fa2f51c29e2"], "chatbot_image": "https://www.bonmarche.co.uk/dw/image/v2/BBCZ_PRD/on/demandware.static/-/Sites-master-catalog-bonmarche/default/dwcfedde04/zoom/43/43113069_alt1.jpg?sw=500,https://www.bonmarche.co.uk/dw/image/v2/BBCZ_PRD/on/demandware.static/-/Sites-master-catalog-bonmarche/default/dwabf7e121/zoom/43/43113069_alt3.jpg?sw=500,https://www.bonmarche.co.uk/dw/image/v2/BBCZ_PRD/on/demandware.static/-/Sites-master-catalog-bonmarche/default/dw3669c317/zoom/43/43113069_alt2.jpg?sw=500", "unique_id": "4b0e09a08ca045df9dbc749ab4edca01", "trending_score": "0.0", "price": 28.0, "discounted_price": 0.0, "currency": "GBP", "product_code": "4b0e09a08ca045df9dbc749ab4edca01", "affinity_score": 0.0, "brand": "v_bonmarche_uk_usc", "store": "v_bonmarche_uk_usc", "streamoid_urls": null}, {"title": "Animal Maxi Dress", "gender": "women", "category": "dresses", "color": null, "product_url": "https://www.bonmarche.co.uk/dresses/animal-maxi-dress-171476.html?dwvar_171476_color=63&cgid=womens-swimwear", "thumbnail_url": ["http://d1q9qhpdr6ehzh.cloudfront.net/d6eaa49410f48f4bc423f63c2849f7a8"], "chatbot_image": "https://www.bonmarche.co.uk/dw/image/v2/BBCZ_PRD/on/demandware.static/-/Sites-master-catalog-bonmarche/default/dwc9844b86/zoom/17/17147663_alt1.jpg?sw=500,https://www.bonmarche.co.uk/dw/image/v2/BBCZ_PRD/on/demandware.static/-/Sites-master-catalog-bonmarche/default/dw9c68eef8/zoom/17/17147663_alt3.jpg?sw=500,https://www.bonmarche.co.uk/dw/image/v2/BBCZ_PRD/on/demandware.static/-/Sites-master-catalog-bonmarche/default/dwcf0ed6ed/zoom/17/17147663_alt2.jpg?sw=500", "unique_id": "1c8f89d6fbe940029670ff2f078d5cea", "trending_score": "0.0", "price": 13.0, "discounted_price": 0.0, "currency": "GBP", "product_code": "1c8f89d6fbe940029670ff2f078d5cea", "affinity_score": 0.0, "brand": "v_bonmarche_uk_usc", "store": "v_bonmarche_uk_usc", "streamoid_urls": null}, {"title": "Havana Floral Gathered Shoulder Maxi Dress", "gender": "women", "category": "dresses", "color": null, "product_url": "https://www.bonmarche.co.uk/dresses/havana-floral-gathered-shoulder-maxi-dress-031490.html?dwvar_031490_color=69&cgid=womens-dresses", "thumbnail_url": ["http://d1q9qhpdr6ehzh.cloudfront.net/69de989501a224f80b34021a32907c09"], "chatbot_image": "https://www.bonmarche.co.uk/dw/image/v2/BBCZ_PRD/on/demandware.static/-/Sites-master-catalog-bonmarche/default/dwa8c41a9a/zoom/03/03149069_alt1.jpg?sw=500,https://www.bonmarche.co.uk/dw/image/v2/BBCZ_PRD/on/demandware.static/-/Sites-master-catalog-bonmarche/default/dw6ce59ee9/zoom/03/03149069_alt3.jpg?sw=500,https://www.bonmarche.co.uk/dw/image/v2/BBCZ_PRD/on/demandware.static/-/Sites-master-catalog-bonmarche/default/dw8525b943/zoom/03/03149069_alt2.jpg?sw=500", "unique_id": "8f6171364c844caaafcd6cfc2af08187", "trending_score": "0.0", "price": 30.0, "discounted_price": 0.0, "currency": "GBP", "product_code": "8f6171364c844caaafcd6cfc2af08187", "affinity_score": 0.0, "brand": "v_bonmarche_uk_usc", "store": "v_bonmarche_uk_usc", "streamoid_urls": null}, {"title": "Maxi Shirred Dress with Tiers", "gender": "women", "category": "dresses", "color": null, "product_url": "https://www.bonmarche.co.uk/swim-and-beachwear/maxi-shirred-dress-with-tiers-171409.html?dwvar_171409_color=63&cgid=womens-swimwear", "thumbnail_url": ["http://d1q9qhpdr6ehzh.cloudfront.net/9d3b018257763c701f8f5ebc95f78d3e"], "chatbot_image": "https://www.bonmarche.co.uk/dw/image/v2/BBCZ_PRD/on/demandware.static/-/Sites-master-catalog-bonmarche/default/dwb40f651b/zoom/17/17140963_alt1.jpg?sw=500,https://www.bonmarche.co.uk/dw/image/v2/BBCZ_PRD/on/demandware.static/-/Sites-master-catalog-bonmarche/default/dwb57bb844/zoom/17/17140963_alt3.jpg?sw=500,https://www.bonmarche.co.uk/dw/image/v2/BBCZ_PRD/on/demandware.static/-/Sites-master-catalog-bonmarche/default/dw33a2c598/zoom/17/17140963_alt2.jpg?sw=500", "unique_id": "1775f14d23854d62b013e4859bd889bc", "trending_score": "0.0", "price": 13.0, "discounted_price": 0.0, "currency": "GBP", "product_code": "1775f14d23854d62b013e4859bd889bc", "affinity_score": 0.0, "brand": "v_bonmarche_uk_usc", "store": "v_bonmarche_uk_usc", "streamoid_urls": null}, {"title": "Flower Print Cold Shoulder Maxi Dress", "gender": "women", "category": "dresses", "color": null, "product_url": "https://www.bonmarche.co.uk/dresses/flower-print-cold-shoulder-maxi-dress-171473.html?dwvar_171473_color=44&cgid=womens-swimwear", "thumbnail_url": ["http://d1q9qhpdr6ehzh.cloudfront.net/7413d2a48c6323c4d662de9a34c4d99b"], "chatbot_image": "https://www.bonmarche.co.uk/dw/image/v2/BBCZ_PRD/on/demandware.static/-/Sites-master-catalog-bonmarche/default/dw2818bda9/zoom/17/17147344_alt1.jpg?sw=500,https://www.bonmarche.co.uk/dw/image/v2/BBCZ_PRD/on/demandware.static/-/Sites-master-catalog-bonmarche/default/dw4d94448f/zoom/17/17147344_alt3.jpg?sw=500,https://www.bonmarche.co.uk/dw/image/v2/BBCZ_PRD/on/demandware.static/-/Sites-master-catalog-bonmarche/default/dw61ee0ee3/zoom/17/17147344_alt2.jpg?sw=500", "unique_id": "3a05c64b096647a786842e8b3fb75eb2", "trending_score": "0.0", "price": 25.0, "discounted_price": 0.0, "currency": "GBP", "product_code": "3a05c64b096647a786842e8b3fb75eb2", "affinity_score": 0.0, "brand": "v_bonmarche_uk_usc", "store": "v_bonmarche_uk_usc", "streamoid_urls": null}, {"title": "Scarlett & Jo Tilly Angel Sleeve Sweetheart Dress", "gender": "women", "category": "dresses", "color": null, "product_url": "https://www.bonmarche.co.uk/dresses/scarlett-and-jo-tilly-angel-sleeve-sweetheart-dress-750012.html?dwvar_750012_color=36&cgid=womens-dresses", "thumbnail_url": ["http://d1q9qhpdr6ehzh.cloudfront.net/df528c49a5a973c1382ef92d3627116a"], "chatbot_image": "https://www.bonmarche.co.uk/dw/image/v2/BBCZ_PRD/on/demandware.static/-/Sites-master-catalog-bonmarche/default/dw33cb983f/zoom/75/75001236_alt1.jpg?sw=500,https://www.bonmarche.co.uk/dw/image/v2/BBCZ_PRD/on/demandware.static/-/Sites-master-catalog-bonmarche/default/dw361cdbf2/zoom/75/75001236_alt3.jpg?sw=500,https://www.bonmarche.co.uk/dw/image/v2/BBCZ_PRD/on/demandware.static/-/Sites-master-catalog-bonmarche/default/dw6c83ed18/zoom/75/75001236_alt2.jpg?sw=500", "unique_id": "f73c265c392d45a99bccab1715ab9971", "trending_score": "0.0", "price": 80.0, "discounted_price": 0.0, "currency": "GBP", "product_code": "f73c265c392d45a99bccab1715ab9971", "affinity_score": 0.0, "brand": "v_bonmarche_uk_usc", "store": "v_bonmarche_uk_usc", "streamoid_urls": null}, {"title": "'Marlee' wavy stripe asymmetric drape maxi dress", "gender": "women", "category": "dresses", "color": "blue blue blue blue blue blue white white white cobalt", "product_url": "https://www.lanecrawford.com/pdp/ARL452", "thumbnail_url": ["http://d1q9qhpdr6ehzh.cloudfront.net/df94a55d6fcffdb58a5f8de673541440"], "chatbot_image": "http://media.lanecrawford.com/A/R/L/ARL452_in_xl.jpg,http://media.lanecrawford.com/A/R/L/ARL452_bk_xl.jpg,http://media.lanecrawford.com/A/R/L/ARL452_4_xl.jpg,http://media.lanecrawford.com/A/R/L/ARL452_ro_xl.jpg", "unique_id": "00cee713c89c4a8c87f954f02401603f", "trending_score": "0.0", "price": 5900.0, "discounted_price": 1770.0, "currency": "HKD", "product_code": "ARL452", "affinity_score": 0.0, "brand": "SOLACE LONDON", "store": "v_lane_crawford", "streamoid_urls": null}, {"title": "Drape check V-neck dress", "gender": "women", "category": "dresses", "color": "navy navy navy navy navy navy charcoal gray charcoal gray charcoal gray charcoal gray", "product_url": "https://www.lanecrawford.com/pdp/AQU810", "thumbnail_url": ["http://d1q9qhpdr6ehzh.cloudfront.net/01ba28c37bb31ad0462c373d3662f97d"], "chatbot_image": "http://media.lanecrawford.com/A/Q/U/AQU810_in_xl.jpg,http://media.lanecrawford.com/A/Q/U/AQU810_bk_xl.jpg,http://media.lanecrawford.com/A/Q/U/AQU810_4_xl.jpg,http://media.lanecrawford.com/A/Q/U/AQU810_ro_xl.jpg", "unique_id": "3dc4e0359a8b49edbcfe0f96386be562", "trending_score": "0.0", "price": 6200.0, "discounted_price": 6200.0, "currency": "HKD", "product_code": "AQU810", "affinity_score": 0.0, "brand": "3.1 PHILLIP LIM", "store": "v_lane_crawford", "streamoid_urls": null}, {"title": "dresses", "gender": "women", "category": "dresses", "color": "teal teal teal teal teal teal indigo indigo indigo indigo", "product_url": "https://parenting.com", "thumbnail_url": ["http://d1q9qhpdr6ehzh.cloudfront.net/thumbnail/3cddb406195f8a44e19f030bbcc2b127"], "chatbot_image": null, "unique_id": "0f6f69566dd54680aaac25ca1e3b8d2b", "trending_score": "0.0", "price": 100.0, "discounted_price": 0.0, "currency": "INR", "product_code": "6038", "affinity_score": 0.0, "brand": "yours clothing", "store": "v_website_demo", "streamoid_urls": null}, {"title": "Belted sash tie neck silk wrap dress", "gender": "women", "category": "dresses", "color": "navy navy navy navy navy navy navy navy navy navy", "product_url": "https://www.lanecrawford.com/pdp/ARJ416", "thumbnail_url": ["http://d1q9qhpdr6ehzh.cloudfront.net/3c7bfe5b536f04eaa765df788e9e8e93"], "chatbot_image": "http://media.lanecrawford.com/A/R/J/ARJ416_in_xl.jpg,http://media.lanecrawford.com/A/R/J/ARJ416_bk_xl.jpg,http://media.lanecrawford.com/A/R/J/ARJ416_4_xl.jpg,http://media.lanecrawford.com/A/R/J/ARJ416_ro_xl.jpg", "unique_id": "517a5e0a72d4493ab55d8f799e164410", "trending_score": "0.0", "price": 5550.0, "discounted_price": 1665.0, "currency": "HKD", "product_code": "ARJ416", "affinity_score": 0.0, "brand": "COMME MOI", "store": "v_lane_crawford", "streamoid_urls": null}, {"title": "Crochet-Trim Maxi Dress", "gender": "women", "category": "dresses", "color": "white white white white white white off white off white off white off white", "product_url": "https://www.forever21.in/p/crochet-trim-maxi-dress-322938.html", "thumbnail_url": ["http://d1q9qhpdr6ehzh.cloudfront.net/a2ada6b8df1bef59dc2efc7da4c7fbca"], "chatbot_image": "https://forever21.imgix.net/img/app/product/3/322938-1636237-large.jpg,https://forever21.imgix.net/img/app/product/3/322938-1636238-large.jpg,https://forever21.imgix.net/img/app/product/3/322938-1636239-large.jpg,https://forever21.imgix.net/img/app/product/3/322938-1636240-large.jpg,https://forever21.imgix.net/img/app/product/3/322938-1636236.jpg", "unique_id": "38f6b31d490149b1994a34f8a95cdf6d", "trending_score": "0.0", "price": 2799.0, "discounted_price": 2799.0, "currency": "INR", "product_code": "322938", "affinity_score": 0.0, "brand": "forever21", "store": "v_forever21", "streamoid_urls": null}, {"title": "'Kia' colourblock smocked tiered maxi off-shoulder dress", "gender": "women", "category": "dresses", "color": "multicolor red red red red red red post box red post box red aquamarine", "product_url": "https://www.lanecrawford.com/pdp/ARO691", "thumbnail_url": ["http://d1q9qhpdr6ehzh.cloudfront.net/79b271b342f2f898fec3e0286fe23dd8"], "chatbot_image": "http://media.lanecrawford.com/A/R/O/ARO691_in_xl.jpg,http://media.lanecrawford.com/A/R/O/ARO691_bk_xl.jpg,http://media.lanecrawford.com/A/R/O/ARO691_ro_xl.jpg", "unique_id": "48f1759fdf78477a910024900fd94bf6", "trending_score": "0.0", "price": 5990.0, "discounted_price": 2396.0, "currency": "HKD", "product_code": "ARO691", "affinity_score": 0.0, "brand": "ALICE + OLIVIA", "store": "v_lane_crawford", "streamoid_urls": null}, {"title": "'Clay' satin panel crepe gown", "gender": "women", "category": "dresses", "color": "black black black black black black black black black black", "product_url": "https://www.lanecrawford.com.cn/pdp/AQX531", "thumbnail_url": ["http://d1q9qhpdr6ehzh.cloudfront.net/40dd7e83bac298d15077e586e33ec153"], "chatbot_image": "http://media.lanecrawford.com.cn/A/Q/X/AQX531_in_xl.jpg,http://media.lanecrawford.com.cn/A/Q/X/AQX531_bk_xl.jpg,http://media.lanecrawford.com.cn/A/Q/X/AQX531_ro_xl.jpg", "unique_id": "3c584159c9e44c9991a68979156a6627", "trending_score": "0.0", "price": 16300.0, "discounted_price": 4890.0, "currency": "RMB", "product_code": "AQX531", "affinity_score": 0.0, "brand": "ALEX PERRY", "store": "v_lane_crawford", "streamoid_urls": null}, {"title": "Crochet Maxi Dress", "gender": "women", "category": "dresses", "color": "white white white white white white off white off white off white off white", "product_url": "https://www.forever21.in/p/crochet-maxi-dress-324251.html", "thumbnail_url": ["http://d1q9qhpdr6ehzh.cloudfront.net/5396d1c8df79e6c86e0ff3778c294064"], "chatbot_image": "https://forever21.imgix.net/img/app/product/3/324251-1603190-large.jpg,https://forever21.imgix.net/img/app/product/3/324251-1603191-large.jpg,https://forever21.imgix.net/img/app/product/3/324251-1603192-large.jpg,https://forever21.imgix.net/img/app/product/3/324251-1603189.jpg", "unique_id": "5442dd8451c041a68dbaeac74c19b7b3", "trending_score": "0.0", "price": 2199.0, "discounted_price": 1100.0, "currency": "INR", "product_code": "324251", "affinity_score": 0.0, "brand": "forever21", "store": "v_forever21", "streamoid_urls": null}, {"title": "'Brigitte' gathered dress", "gender": "women", "category": "dresses", "color": "magenta magenta magenta magenta magenta magenta fuchsia fuchsia fuchsia post box red", "product_url": "https://www.lanecrawford.com/pdp/AUB844", "thumbnail_url": ["http://d1q9qhpdr6ehzh.cloudfront.net/9742d076c6ba1d486421d7805f676b6b"], "chatbot_image": "http://media.lanecrawford.com/A/U/B/AUB844_in_xl.jpg,http://media.lanecrawford.com/A/U/B/AUB844_bk_xl.jpg,http://media.lanecrawford.com/A/U/B/AUB844_4_xl.jpg,http://media.lanecrawford.com/A/U/B/AUB844_ro_xl.jpg", "unique_id": "425dbe21d1584fd2b4c78e4e254d11db", "trending_score": "0.0", "price": 6400.0, "discounted_price": 6400.0, "currency": "HKD", "product_code": "AUB844", "affinity_score": 0.0, "brand": "KALITA", "store": "v_lane_crawford", "streamoid_urls": null}, {"title": "Crochet Maxi Dress", "gender": "women", "category": "dresses", "color": "black black black black black black black black black black", "product_url": "https://www.forever21.in/p/crochet-maxi-dress-323735.html", "thumbnail_url": ["http://d1q9qhpdr6ehzh.cloudfront.net/5d741c1d1a600fe69ae5532e61ef871d"], "chatbot_image": "https://forever21.imgix.net/img/app/product/3/323735-1520602-large.jpg,https://forever21.imgix.net/img/app/product/3/323735-1520603-large.jpg,https://forever21.imgix.net/img/app/product/3/323735-1520604-large.jpg,https://forever21.imgix.net/img/app/product/3/323735-1520601.jpg", "unique_id": "b3c897c57cc4476896f64c2f4d87345b", "trending_score": "0.0", "price": 2199.0, "discounted_price": 2199.0, "currency": "INR", "product_code": "323735", "affinity_score": 0.0, "brand": "forever21", "store": "v_forever21", "streamoid_urls": null}, {"title": "Crochet Back Sundress", "gender": "women", "category": "dresses", "color": null, "product_url": "https://www.bonmarche.co.uk/swim-and-beachwear/crochet-back-sundress-171819.html?dwvar_171819_color=09&cgid=womens-swimwear-beach-cover-ups", "thumbnail_url": ["http://d1q9qhpdr6ehzh.cloudfront.net/0a8acdbeb8dc271a0321a7516f6a3f0d"], "chatbot_image": "https://www.bonmarche.co.uk/dw/image/v2/BBCZ_PRD/on/demandware.static/-/Sites-master-catalog-bonmarche/default/dwb3d882f8/zoom/17/17181909_default.jpg?sw=150,https://www.bonmarche.co.uk/dw/image/v2/BBCZ_PRD/on/demandware.static/-/Sites-master-catalog-bonmarche/default/dw7a470051/zoom/17/17181909_alt2.jpg?sw=150", "unique_id": "8039dd203543453196e65e41e83741df", "trending_score": "0.0", "price": 18.0, "discounted_price": 18.0, "currency": "INR", "product_code": "0a8acdbeb8dc271a0321a7516f6a3f0d_bonmarche_co_uk", "affinity_score": 0.0, "brand": null, "store": "bonmarche_co_uk", "streamoid_urls": null}, {"title": "Ribbed Cami Bodycon Dress", "gender": "women", "category": "dresses", "color": "khaki khaki khaki khaki khaki khaki khaki khaki khaki khaki", "product_url": "https://www.forever21.in/p/ribbed-cami-bodycon-dress-323421.html", "thumbnail_url": ["http://d1q9qhpdr6ehzh.cloudfront.net/74386fb819abfa14dd259d107382c8fe"], "chatbot_image": "https://forever21.imgix.net/img/app/product/3/323421-1602937-large.jpg,https://forever21.imgix.net/img/app/product/3/323421-1602939-large.jpg,https://forever21.imgix.net/img/app/product/3/323421-1602940-large.jpg,https://forever21.imgix.net/img/app/product/3/323421-1602942-large.jpg,https://forever21.imgix.net/img/app/product/3/323421-1602936.jpg", "unique_id": "7ded88bf207a483b963f22d600755ae0", "trending_score": "0.0", "price": 999.0, "discounted_price": 999.0, "currency": "INR", "product_code": "323421", "affinity_score": 0.0, "brand": "forever21", "store": "v_forever21", "streamoid_urls": null}, {"title": "'Tasmin' off-shoulder puff sleeve pliss\u00c3\u00a9 pleated maxi dress", "gender": "women", "category": "dresses", "color": "dark-brown dark-brown dark-brown dark-brown dark-brown dark-brown wine wine wine wine", "product_url": "https://www.lanecrawford.com/pdp/ARL449", "thumbnail_url": ["http://d1q9qhpdr6ehzh.cloudfront.net/6be879fb4210626977e311f928a51bb7"], "chatbot_image": "http://media.lanecrawford.com/A/R/L/ARL449_in_xl.jpg,http://media.lanecrawford.com/A/R/L/ARL449_bk_xl.jpg,http://media.lanecrawford.com/A/R/L/ARL449_4_xl.jpg,http://media.lanecrawford.com/A/R/L/ARL449_ro_xl.jpg", "unique_id": "4d4e18e0111448b4b1e862df178a63e5", "trending_score": "0.0", "price": 6900.0, "discounted_price": 2070.0, "currency": "HKD", "product_code": "ARL449", "affinity_score": 0.0, "brand": "SOLACE LONDON", "store": "v_lane_crawford", "streamoid_urls": null}, {"title": "'Accompany' gathered one shoulder gown", "gender": "women", "category": "dresses", "color": "magenta magenta magenta magenta magenta magenta post box red post box red post box red post box red", "product_url": "https://www.lanecrawford.com/pdp/AUQ625", "thumbnail_url": ["http://d1q9qhpdr6ehzh.cloudfront.net/ebd8fac277a0be04e20e5eb4414832b7"], "chatbot_image": "http://media.lanecrawford.com/A/U/Q/AUQ625_in_xl.jpg,http://media.lanecrawford.com/A/U/Q/AUQ625_bk_xl.jpg,http://media.lanecrawford.com/A/U/Q/AUQ625_4_xl.jpg,http://media.lanecrawford.com/A/U/Q/AUQ625_ro_xl.jpg", "unique_id": "34d690e9bc254869841682d80737668f", "trending_score": "0.0", "price": 16600.0, "discounted_price": 16600.0, "currency": "HKD", "product_code": "AUQ625", "affinity_score": 0.0, "brand": "MATICEVSKI", "store": "v_lane_crawford", "streamoid_urls": null}, {"title": "Ribbed Side-Slit Maxi Dress", "gender": "women", "category": "dresses", "color": "peach peach peach peach peach peach hazelnut hazelnut hazelnut hazelnut", "product_url": "https://www.forever21.in/p/ribbed-side-slit-maxi-dress-323792.html", "thumbnail_url": ["http://d1q9qhpdr6ehzh.cloudfront.net/080d29928186d2bfcad1c390e32abb7b"], "chatbot_image": "https://forever21.imgix.net/img/app/product/3/323792-1603034-large.jpg,https://forever21.imgix.net/img/app/product/3/323792-1603035-large.jpg,https://forever21.imgix.net/img/app/product/3/323792-1603037-large.jpg,https://forever21.imgix.net/img/app/product/3/323792-1603041-large.jpg,https://forever21.imgix.net/img/app/product/3/323792-1603033.jpg", "unique_id": "de2b0c7cedb048ed9fa3435d75e44e34", "trending_score": "0.0", "price": 1199.0, "discounted_price": 600.0, "currency": "INR", "product_code": "323792", "affinity_score": 0.0, "brand": "forever21", "store": "v_forever21", "streamoid_urls": null}, {"title": "Scoop neck flare dress", "gender": "women", "category": "dresses", "color": "black black black black black black black black black black", "product_url": "https://www.lanecrawford.com/pdp/AUR973", "thumbnail_url": ["http://d1q9qhpdr6ehzh.cloudfront.net/0fed48649edaf3f8626d23c7b3c93cea"], "chatbot_image": "http://media.lanecrawford.com/A/U/R/AUR973_in_xl.jpg,http://media.lanecrawford.com/A/U/R/AUR973_bk_xl.jpg,http://media.lanecrawford.com/A/U/R/AUR973_4_xl.jpg,http://media.lanecrawford.com/A/U/R/AUR973_ro_xl.jpg", "unique_id": "113b703a7510448d9c3400c379aaeb6f", "trending_score": "0.0", "price": 1700.0, "discounted_price": 1700.0, "currency": "HKD", "product_code": "AUR973", "affinity_score": 0.0, "brand": "NORMA KAMALI", "store": "v_lane_crawford", "streamoid_urls": null}, {"title": "'Gayla' belted tie strap floral print tiered dress", "gender": "women", "category": "dresses", "color": "multicolor blue blue blue blue blue blue indigo white sky blue", "product_url": "https://www.lanecrawford.com.cn/pdp/ARO763", "thumbnail_url": ["http://d1q9qhpdr6ehzh.cloudfront.net/afbdcc33fcaab481a7e280e4db860319"], "chatbot_image": "http://media.lanecrawford.com.cn/A/R/O/ARO763_in_xl.jpg,http://media.lanecrawford.com.cn/A/R/O/ARO763_bk_xl.jpg,http://media.lanecrawford.com.cn/A/R/O/ARO763_1_xl.jpg,http://media.lanecrawford.com.cn/A/R/O/ARO763_4_xl.jpg,http://media.lanecrawford.com.cn/A/R/O/ARO763_ro_xl.jpg", "unique_id": "52c47e21bec34fa89db3fc2d2b006bc6", "trending_score": "0.0", "price": 5190.0, "discounted_price": 2076.0, "currency": "RMB", "product_code": "ARO763", "affinity_score": 0.0, "brand": "ALICE + OLIVIA", "store": "v_lane_crawford", "streamoid_urls": null}, {"title": "Swim Foliage Cover-Up Dress", "gender": "women", "category": "dresses", "color": "multicolor blue blue blue blue blue blue indigo indigo off white", "product_url": "https://www.forever21.in/p/swim-foliage-cover-up-dress-322964.html", "thumbnail_url": ["http://d1q9qhpdr6ehzh.cloudfront.net/acc436d91bce3c7544484651f034f72b"], "chatbot_image": "https://forever21.imgix.net/img/app/product/3/322964-1611941-large.jpg,https://forever21.imgix.net/img/app/product/3/322964-1611942-large.jpg,https://forever21.imgix.net/img/app/product/3/322964-1611943-large.jpg,https://forever21.imgix.net/img/app/product/3/322964-1611944-large.jpg,https://forever21.imgix.net/img/app/product/3/322964-1611940.jpg", "unique_id": "e95bce0e7b3543a1a74597a5fc8666eb", "trending_score": "0.0", "price": 1599.0, "discounted_price": 1599.0, "currency": "INR", "product_code": "322964", "affinity_score": 0.0, "brand": "forever21", "store": "v_forever21", "streamoid_urls": null}, {"title": "'Zinnia' stripe embroidered scallop sundress", "gender": "women", "category": "dresses", "color": "off-white off-white off-white off-white off-white off-white light gray light gray light gray light gray", "product_url": "https://www.lanecrawford.com/pdp/AVB010", "thumbnail_url": ["http://d1q9qhpdr6ehzh.cloudfront.net/1ec371bad1c42660f4d687b5657ae12d"], "chatbot_image": "http://media.lanecrawford.com/A/V/B/AVB010_in_xl.jpg,http://media.lanecrawford.com/A/V/B/AVB010_bk_xl.jpg,http://media.lanecrawford.com/A/V/B/AVB010_4_xl.jpg,http://media.lanecrawford.com/A/V/B/AVB010_ro_xl.jpg", "unique_id": "3433280651b04ae088dfa6b47e6aa0cd", "trending_score": "0.0", "price": 7000.0, "discounted_price": 7000.0, "currency": "HKD", "product_code": "AVB010", "affinity_score": 0.0, "brand": "ZIMMERMANN", "store": "v_lane_crawford", "streamoid_urls": null}, {"title": "Striped Printed Dress With Tassel", "gender": "women", "category": "dresses", "color": null, "product_url": "https://www.bonmarche.co.uk/dresses/striped-printed-dress-with-tassel-031501.html?dwvar_031501_color=53&cgid=womens-dresses", "thumbnail_url": ["http://d1q9qhpdr6ehzh.cloudfront.net/b86491b74d1f24fdb7d20429c3d1f100"], "chatbot_image": "https://www.bonmarche.co.uk/dw/image/v2/BBCZ_PRD/on/demandware.static/-/Sites-master-catalog-bonmarche/default/dw432b4882/zoom/03/03150153_alt1.jpg?sw=500,https://www.bonmarche.co.uk/dw/image/v2/BBCZ_PRD/on/demandware.static/-/Sites-master-catalog-bonmarche/default/dwbfb5fbfd/zoom/03/03150153_alt3.jpg?sw=500,https://www.bonmarche.co.uk/dw/image/v2/BBCZ_PRD/on/demandware.static/-/Sites-master-catalog-bonmarche/default/dw527cd285/zoom/03/03150153_alt2.jpg?sw=500", "unique_id": "cb689e65cc9c4247af88242df6151d39", "trending_score": "0.0", "price": 35.0, "discounted_price": 0.0, "currency": "GBP", "product_code": "cb689e65cc9c4247af88242df6151d39", "affinity_score": 0.0, "brand": "v_bonmarche_uk_usc", "store": "v_bonmarche_uk_usc", "streamoid_urls": null}, {"title": "'Claude' sequin panel halterneck silk chiffon dress", "gender": "women", "category": "dresses", "color": "navy navy navy navy navy navy black black black black", "product_url": "https://www.lanecrawford.com/pdp/AQL573", "thumbnail_url": ["http://d1q9qhpdr6ehzh.cloudfront.net/9a112d7cc06b4ef591171e41bd131bab"], "chatbot_image": "http://media.lanecrawford.com/A/Q/L/AQL573_in_xl.jpg,http://media.lanecrawford.com/A/Q/L/AQL573_bk_xl.jpg,http://media.lanecrawford.com/A/Q/L/AQL573_4_xl.jpg,http://media.lanecrawford.com/A/Q/L/AQL573_ro_xl.jpg", "unique_id": "2b1cb29d0df74586a52a5949302614a6", "trending_score": "0.0", "price": 10500.0, "discounted_price": 4200.0, "currency": "HKD", "product_code": "AQL573", "affinity_score": 0.0, "brand": "TIBI", "store": "v_lane_crawford", "streamoid_urls": null}, {"title": "Sleeveless Palm Print Hanky Hem Dress", "gender": "women", "category": "dresses", "color": null, "product_url": "https://www.bonmarche.co.uk/dresses/sleeveless-palm-print-hanky-hem-dress-031445.html?dwvar_031445_color=53&cgid=womens-dresses", "thumbnail_url": ["http://d1q9qhpdr6ehzh.cloudfront.net/eaa25b92f59ce3b1135632349fdfde19"], "chatbot_image": "https://www.bonmarche.co.uk/dw/image/v2/BBCZ_PRD/on/demandware.static/-/Sites-master-catalog-bonmarche/default/dw4a296214/zoom/03/03144553_alt1.jpg?sw=500,https://www.bonmarche.co.uk/dw/image/v2/BBCZ_PRD/on/demandware.static/-/Sites-master-catalog-bonmarche/default/dw09b14e9e/zoom/03/03144553_alt3.jpg?sw=500,https://www.bonmarche.co.uk/dw/image/v2/BBCZ_PRD/on/demandware.static/-/Sites-master-catalog-bonmarche/default/dw99270f41/zoom/03/03144553_alt2.jpg?sw=500", "unique_id": "0a968b887ab2468e910f70f5168ffc8a", "trending_score": "0.0", "price": 0.0, "discounted_price": 0.0, "currency": "GBP", "product_code": "0a968b887ab2468e910f70f5168ffc8a", "affinity_score": 0.0, "brand": "v_bonmarche_uk_usc", "store": "v_bonmarche_uk_usc", "streamoid_urls": null}, {"title": "Lace Up Beach Dress", "gender": "women", "category": "dresses", "color": null, "product_url": "https://www.bonmarche.co.uk/swim-and-beachwear/lace-up-beach-dress-171837.html?dwvar_171837_color=09&cgid=womens-swimwear-beach-cover-ups", "thumbnail_url": ["http://d1q9qhpdr6ehzh.cloudfront.net/1d92981ba9269f7057b9b0d777c79e44"], "chatbot_image": "https://www.bonmarche.co.uk/dw/image/v2/BBCZ_PRD/on/demandware.static/-/Sites-master-catalog-bonmarche/default/dw6a45627c/zoom/17/17183709_default.jpg?sw=150,https://www.bonmarche.co.uk/dw/image/v2/BBCZ_PRD/on/demandware.static/-/Sites-master-catalog-bonmarche/default/dw4d5980b9/zoom/17/17183709_alt2.jpg?sw=150", "unique_id": "1f8ff868dc15460ab861364cdeee9e57", "trending_score": "0.0", "price": 18.0, "discounted_price": 18.0, "currency": "INR", "product_code": "1d92981ba9269f7057b9b0d777c79e44_bonmarche_co_uk", "affinity_score": 0.0, "brand": null, "store": "bonmarche_co_uk", "streamoid_urls": null}, {"title": "Iridescent sequin corset gown", "gender": "women", "category": "dresses", "color": "mauve mauve mauve mauve mauve mauve mauve mauve wine", "product_url": "https://www.lanecrawford.com/pdp/AUV764", "thumbnail_url": ["http://d1q9qhpdr6ehzh.cloudfront.net/b965ae4b70e2a6394eeeb7518ee60a25"], "chatbot_image": "http://media.lanecrawford.com/A/U/V/AUV764_in_xl.jpg,http://media.lanecrawford.com/A/U/V/AUV764_bk_xl.jpg,http://media.lanecrawford.com/A/U/V/AUV764_4_xl.jpg,http://media.lanecrawford.com/A/U/V/AUV764_ro_xl.jpg", "unique_id": "1217f2a41fa24118a2795d93327853af", "trending_score": "0.0", "price": 25200.0, "discounted_price": 25200.0, "currency": "HKD", "product_code": "AUV764", "affinity_score": 0.0, "brand": "ALEX PERRY", "store": "v_lane_crawford", "streamoid_urls": null}, {"title": "Isla & Rose Dip Hem Frill Dress", "gender": "women", "category": "dresses", "color": null, "product_url": "https://www.bonmarche.co.uk/dresses/isla-and-rose-dip-hem-frill-dress-431126.html?dwvar_431126_color=31&dwvar_431126_size=010", "thumbnail_url": ["http://d1q9qhpdr6ehzh.cloudfront.net/121738e65a67cc6ed4e27c146cb28514"], "chatbot_image": "https://www.bonmarche.co.uk/dw/image/v2/BBCZ_PRD/on/demandware.static/-/Sites-master-catalog-bonmarche/default/dwa7e3cd3f/zoom/43/43112631_alt1.jpg?sw=500,https://www.bonmarche.co.uk/dw/image/v2/BBCZ_PRD/on/demandware.static/-/Sites-master-catalog-bonmarche/default/dw4ee6eab8/zoom/43/43112631_alt3.jpg?sw=500,https://www.bonmarche.co.uk/dw/image/v2/BBCZ_PRD/on/demandware.static/-/Sites-master-catalog-bonmarche/default/dw2f873ee9/zoom/43/43112631_alt2.jpg?sw=500", "unique_id": "7ded7e8cd7cf4150b68f271d813ba3b0", "trending_score": "0.0", "price": 25.0, "discounted_price": 0.0, "currency": "GBP", "product_code": "7ded7e8cd7cf4150b68f271d813ba3b0", "affinity_score": 0.0, "brand": "v_bonmarche_uk_usc", "store": "v_bonmarche_uk_usc", "streamoid_urls": null}, {"title": "Oversized shirt dress", "gender": "women", "category": "dresses", "color": "white white white white white white light gray light gray light gray light gray", "product_url": "https://www.lanecrawford.com.cn/pdp/AQY348", "thumbnail_url": ["http://d1q9qhpdr6ehzh.cloudfront.net/20d314347ddd35bf67dfb1ddcbe7d46b"], "chatbot_image": "http://media.lanecrawford.com.cn/A/Q/Y/AQY348_in_xl.jpg,http://media.lanecrawford.com.cn/A/Q/Y/AQY348_bk_xl.jpg,http://media.lanecrawford.com.cn/A/Q/Y/AQY348_4_xl.jpg,http://media.lanecrawford.com.cn/A/Q/Y/AQY348_ro_xl.jpg", "unique_id": "4a4a3fc09a49425293eb847c5deac7eb", "trending_score": "0.0", "price": 6100.0, "discounted_price": 3050.0, "currency": "RMB", "product_code": "AQY348", "affinity_score": 0.0, "brand": "MAISON MARGIELA", "store": "v_lane_crawford", "streamoid_urls": null}, {"title": "Sheer knit turtleneck sleeveless maxi dress", "gender": "women", "category": "dresses", "color": "black black black black black black black black black black", "product_url": "https://www.lanecrawford.com/pdp/AUE244", "thumbnail_url": ["http://d1q9qhpdr6ehzh.cloudfront.net/f915d4fcfc298e2c0ad06b77018c64ef"], "chatbot_image": "http://media.lanecrawford.com/A/U/E/AUE244_in_xl.jpg,http://media.lanecrawford.com/A/U/E/AUE244_fr_xl.jpg,http://media.lanecrawford.com/A/U/E/AUE244_bk_xl.jpg,http://media.lanecrawford.com/A/U/E/AUE244_4_xl.jpg", "unique_id": "0934dd43f6c34096ad93b5b630067b79", "trending_score": "0.0", "price": 1450.0, "discounted_price": 435.0, "currency": "HKD", "product_code": "AUE244", "affinity_score": 0.0, "brand": "M\u00c3\u0084RCHEN", "store": "v_lane_crawford", "streamoid_urls": null}, {"title": "'Keep it together' sheer panel shirt dress", "gender": "women", "category": "dresses", "color": "olive olive olive olive olive olive olive olive olive chocolate", "product_url": "https://www.lanecrawford.com/pdp/AUQ488", "thumbnail_url": ["http://d1q9qhpdr6ehzh.cloudfront.net/3210b3ff38dbc9bbc37f7e2ebcaa565e"], "chatbot_image": "http://media.lanecrawford.com/A/U/Q/AUQ488_in_xl.jpg,http://media.lanecrawford.com/A/U/Q/AUQ488_bk_xl.jpg,http://media.lanecrawford.com/A/U/Q/AUQ488_4_xl.jpg,http://media.lanecrawford.com/A/U/Q/AUQ488_ro_xl.jpg", "unique_id": "4bff8d5cea4748c192a69bf77735567d", "trending_score": "0.0", "price": 6800.0, "discounted_price": 6800.0, "currency": "HKD", "product_code": "AUQ488", "affinity_score": 0.0, "brand": "MAGGIE MARILYN", "store": "v_lane_crawford", "streamoid_urls": null}, {"title": "Tulle overlay floral print turtleneck dress", "gender": "women", "category": "dresses", "color": "multicolor lavender lavender lavender lavender lavender lavender mauve mauve mauve", "product_url": "https://www.lanecrawford.com/pdp/AUA652", "thumbnail_url": ["http://d1q9qhpdr6ehzh.cloudfront.net/28cdeabd49c52c864f1efbc5d6f87bdb"], "chatbot_image": "http://media.lanecrawford.com/A/U/A/AUA652_in_xl.jpg,http://media.lanecrawford.com/A/U/A/AUA652_fr_xl.jpg,http://media.lanecrawford.com/A/U/A/AUA652_bk_xl.jpg,http://media.lanecrawford.com/A/U/A/AUA652_4_xl.jpg,http://media.lanecrawford.com/A/U/A/AUA652_ro_xl.jpg", "unique_id": "2ea4163802a64bf985760179a564a3d8", "trending_score": "0.0", "price": 11900.0, "discounted_price": 5950.0, "currency": "HKD", "product_code": "AUA652", "affinity_score": 0.0, "brand": "DRIES VAN NOTEN", "store": "v_lane_crawford", "streamoid_urls": null}, {"title": "'Sharma' sash belt sleeveless vegan leather dress", "gender": "women", "category": "dresses", "color": "beige beige beige beige beige beige beige beige beige beige", "product_url": "https://www.lanecrawford.com.cn/pdp/ARK569", "thumbnail_url": ["http://d1q9qhpdr6ehzh.cloudfront.net/1f87b270d32a647f5fe743a2480ad63b"], "chatbot_image": "http://media.lanecrawford.com.cn/A/R/K/ARK569_in_xl.jpg,http://media.lanecrawford.com.cn/A/R/K/ARK569_bk_xl.jpg,http://media.lanecrawford.com.cn/A/R/K/ARK569_4_xl.jpg,http://media.lanecrawford.com.cn/A/R/K/ARK569_ro_xl.jpg", "unique_id": "04493bc59d444bf2bff21231ff0e39f5", "trending_score": "0.0", "price": 5400.0, "discounted_price": 5400.0, "currency": "RMB", "product_code": "ARK569", "affinity_score": 0.0, "brand": "NANUSHKA", "store": "v_lane_crawford", "streamoid_urls": null}, {"title": "'Canaan' belted side split rib knit turtleneck dress", "gender": "women", "category": "dresses", "color": "nude nude nude nude nude nude peach peach peach peach", "product_url": "https://www.lanecrawford.com.cn/pdp/ARK567", "thumbnail_url": ["http://d1q9qhpdr6ehzh.cloudfront.net/c165ed2e283049e73566a18e0639f722"], "chatbot_image": "http://media.lanecrawford.com.cn/A/R/K/ARK567_in_xl.jpg,http://media.lanecrawford.com.cn/A/R/K/ARK567_bk_xl.jpg,http://media.lanecrawford.com.cn/A/R/K/ARK567_4_xl.jpg,http://media.lanecrawford.com.cn/A/R/K/ARK567_ro_xl.jpg", "unique_id": "05668af3c03a4469a08a7ed460f3c159", "trending_score": "0.0", "price": 3100.0, "discounted_price": 1240.0, "currency": "RMB", "product_code": "ARK567", "affinity_score": 0.0, "brand": "NANUSHKA", "store": "v_lane_crawford", "streamoid_urls": null}, {"title": "Tiered broderie anglaise shirt dress", "gender": "women", "category": "dresses", "color": "off-white off-white off-white off-white off-white off-white light gray light gray light gray light gray", "product_url": "https://www.lanecrawford.com.cn/pdp/ARW839", "thumbnail_url": ["http://d1q9qhpdr6ehzh.cloudfront.net/49af440494c49ab80875b3698000735e"], "chatbot_image": "http://media.lanecrawford.com.cn/A/R/W/ARW839_in_xl.jpg,http://media.lanecrawford.com.cn/A/R/W/ARW839_bk_xl.jpg,http://media.lanecrawford.com.cn/A/R/W/ARW839_4_xl.jpg,http://media.lanecrawford.com.cn/A/R/W/ARW839_ro_xl.jpg", "unique_id": "2fee6bd659ab41f4ac2e7e0d9e1ff0a1", "trending_score": "0.0", "price": 19600.0, "discounted_price": 9800.0, "currency": "RMB", "product_code": "ARW839", "affinity_score": 0.0, "brand": "JIL SANDER", "store": "v_lane_crawford", "streamoid_urls": null}, {"title": "Cap sleeve BB logo print shirt dress", "gender": "women", "category": "dresses", "color": "pink pink pink pink pink pink baby pink baby pink baby pink baby pink", "product_url": "https://www.lanecrawford.com/pdp/AQU279", "thumbnail_url": ["http://d1q9qhpdr6ehzh.cloudfront.net/4b3928a840ec10a8ebfabdd2f8e35272"], "chatbot_image": "http://media.lanecrawford.com/A/Q/U/AQU279_in_xl.jpg,http://media.lanecrawford.com/A/Q/U/AQU279_bk_xl.jpg,http://media.lanecrawford.com/A/Q/U/AQU279_4_xl.jpg,http://media.lanecrawford.com/A/Q/U/AQU279_ro_xl.jpg", "unique_id": "3af66dd20f88461fab8af77dd6e82108", "trending_score": "0.0", "price": 10400.0, "discounted_price": 10400.0, "currency": "HKD", "product_code": "AQU279", "affinity_score": 0.0, "brand": "BALENCIAGA", "store": "v_lane_crawford", "streamoid_urls": null}, {"title": "'Mahali' sash panel rib knit dress", "gender": "women", "category": "dresses", "color": "brown brown brown brown brown brown tan tan tan tan", "product_url": "https://www.lanecrawford.com.cn/pdp/ARK570", "thumbnail_url": ["http://d1q9qhpdr6ehzh.cloudfront.net/06375e8cbe8f645b85286b9b4d0606b2"], "chatbot_image": "http://media.lanecrawford.com.cn/A/R/K/ARK570_in_xl.jpg,http://media.lanecrawford.com.cn/A/R/K/ARK570_bk_xl.jpg,http://media.lanecrawford.com.cn/A/R/K/ARK570_4_xl.jpg,http://media.lanecrawford.com.cn/A/R/K/ARK570_ro_xl.jpg", "unique_id": "11da998c37214446903e90c085972e67", "trending_score": "0.0", "price": 3600.0, "discounted_price": 3600.0, "currency": "RMB", "product_code": "ARK570", "affinity_score": 0.0, "brand": "NANUSHKA", "store": "v_lane_crawford", "streamoid_urls": null}, {"title": "Stripe Maxi Shirred Dress", "gender": "women", "category": "dresses", "color": null, "product_url": "https://www.bonmarche.co.uk/dresses/stripe-maxi-shirred-dress-171485.html?dwvar_171485_color=93&cgid=womens-swimwear", "thumbnail_url": ["http://d1q9qhpdr6ehzh.cloudfront.net/860f20e2d6addf462b8351889840e6d1"], "chatbot_image": "https://www.bonmarche.co.uk/dw/image/v2/BBCZ_PRD/on/demandware.static/-/Sites-master-catalog-bonmarche/default/dw9608c14f/zoom/17/17148593_alt1.jpg?sw=500,https://www.bonmarche.co.uk/dw/image/v2/BBCZ_PRD/on/demandware.static/-/Sites-master-catalog-bonmarche/default/dwa66364af/zoom/17/17148593_alt4.jpg?sw=500,https://www.bonmarche.co.uk/dw/image/v2/BBCZ_PRD/on/demandware.static/-/Sites-master-catalog-bonmarche/default/dw9e58b207/zoom/17/17148593_alt2.jpg?sw=500", "unique_id": "bf325c54ae77472aa2c2647430953e12", "trending_score": "0.0", "price": 25.0, "discounted_price": 0.0, "currency": "GBP", "product_code": "bf325c54ae77472aa2c2647430953e12", "affinity_score": 0.0, "brand": "v_bonmarche_uk_usc", "store": "v_bonmarche_uk_usc", "streamoid_urls": null}, {"title": "'Meryl' colourblock pleated snakeskin print dress", "gender": "women", "category": "dresses", "color": "multicolor maroon maroon maroon maroon maroon maroon chocolate chocolate navy", "product_url": "https://www.lanecrawford.com.cn/pdp/ARO970", "thumbnail_url": ["http://d1q9qhpdr6ehzh.cloudfront.net/85f35d53db8a8b6434bac9c95b6c93be"], "chatbot_image": "http://media.lanecrawford.com.cn/A/R/O/ARO970_in_xl.jpg,http://media.lanecrawford.com.cn/A/R/O/ARO970_fr_xl.jpg,http://media.lanecrawford.com.cn/A/R/O/ARO970_bk_xl.jpg,http://media.lanecrawford.com.cn/A/R/O/ARO970_4_xl.jpg,http://media.lanecrawford.com.cn/A/R/O/ARO970_ro_xl.jpg", "unique_id": "287c40aed27d4fe09ffeda1ec0098d8c", "trending_score": "0.0", "price": 5190.0, "discounted_price": 2076.0, "currency": "RMB", "product_code": "ARO970", "affinity_score": 0.0, "brand": "ALICE + OLIVIA", "store": "v_lane_crawford", "streamoid_urls": null}, {"title": "Sheer Mesh Maxi Romper Dress", "gender": "women", "category": "dresses", "color": "black black black black black black black black black black", "product_url": "https://www.forever21.in/p/sheer-mesh-maxi-romper-dress-322914.html", "thumbnail_url": ["http://d1q9qhpdr6ehzh.cloudfront.net/df330f725f0a0006db54f61867493c22"], "chatbot_image": "https://forever21.imgix.net/img/app/product/3/322914-1610717-large.jpg,https://forever21.imgix.net/img/app/product/3/322914-1610718-large.jpg,https://forever21.imgix.net/img/app/product/3/322914-1610719-large.jpg,https://forever21.imgix.net/img/app/product/3/322914-1610720-large.jpg,https://forever21.imgix.net/img/app/product/3/322914-1610716.jpg", "unique_id": "a3c735d4285d49c7827cbb5908e3c5e2", "trending_score": "0.0", "price": 1599.0, "discounted_price": 1599.0, "currency": "INR", "product_code": "322914", "affinity_score": 0.0, "brand": "forever21", "store": "v_forever21", "streamoid_urls": null}, {"title": "Floral embroidered guipure lace tiered gown", "gender": "women", "category": "dresses", "color": "silver silver silver silver silver silver gray gray gray gray", "product_url": "https://www.lanecrawford.com/pdp/AUU090", "thumbnail_url": ["http://d1q9qhpdr6ehzh.cloudfront.net/bb242f81f92c2ae78d08c196a9bc6dc2"], "chatbot_image": "http://media.lanecrawford.com/A/U/U/AUU090_in_xl.jpg,http://media.lanecrawford.com/A/U/U/AUU090_bk_xl.jpg,http://media.lanecrawford.com/A/U/U/AUU090_4_xl.jpg,http://media.lanecrawford.com/A/U/U/AUU090_ro_xl.jpg", "unique_id": "15bce346809f4270a05ee0c04933629e", "trending_score": "0.0", "price": 5400.0, "discounted_price": 5400.0, "currency": "HKD", "product_code": "AUU090", "affinity_score": 0.0, "brand": "SELF-PORTRAIT", "store": "v_lane_crawford", "streamoid_urls": null}, {"title": "'Embellished Bow' ruffle trim tiered tulle camisole gown", "gender": "women", "category": "dresses", "color": "beige beige beige beige beige beige pearl pearl pearl pearl", "product_url": "https://www.lanecrawford.com/pdp/AQO008", "thumbnail_url": ["http://d1q9qhpdr6ehzh.cloudfront.net/d49d2594adb230e21662816fd56b82b1"], "chatbot_image": "http://media.lanecrawford.com/A/Q/O/AQO008_in_xl.jpg,http://media.lanecrawford.com/A/Q/O/AQO008_bk_xl.jpg,http://media.lanecrawford.com/A/Q/O/AQO008_4_xl.jpg,http://media.lanecrawford.com/A/Q/O/AQO008_ro_xl.jpg", "unique_id": "061dba6971f34ad3893b979009fb05c1", "trending_score": "0.0", "price": 3500.0, "discounted_price": 1750.0, "currency": "HKD", "product_code": "AQO008", "affinity_score": 0.0, "brand": "NEEDLE & THREAD", "store": "v_lane_crawford", "streamoid_urls": null}, {"title": "dresses", "gender": "women", "category": "dresses", "color": "bronze bronze bronze bronze bronze bronze wine wine wine wine", "product_url": "https://assets.https://myntassets.com", "thumbnail_url": ["http://d1q9qhpdr6ehzh.cloudfront.net/thumbnail/af54d05be1d8809e4c5d184e432b8e48"], "chatbot_image": null, "unique_id": "76230cd4aa3c48659396a93a5697a058", "trending_score": "0.0", "price": 100.0, "discounted_price": 0.0, "currency": "INR", "product_code": "6169", "affinity_score": 0.0, "brand": "asos", "store": "v_website_demo", "streamoid_urls": null}, {"title": "Cape lace trim ruffle tiered pliss\u00c3\u00a9 gown", "gender": "women", "category": "dresses", "color": "light-blue light-blue light-blue light-blue light-blue light-blue light gray light gray light gray light gray", "product_url": "https://www.lanecrawford.com/pdp/AUU074", "thumbnail_url": ["http://d1q9qhpdr6ehzh.cloudfront.net/0ae1645f5956796e71d8e6670e1ce7da"], "chatbot_image": "http://media.lanecrawford.com/A/U/U/AUU074_in_xl.jpg,http://media.lanecrawford.com/A/U/U/AUU074_bk_xl.jpg,http://media.lanecrawford.com/A/U/U/AUU074_1_xl.jpg,http://media.lanecrawford.com/A/U/U/AUU074_4_xl.jpg,http://media.lanecrawford.com/A/U/U/AUU074_ro_xl.jpg", "unique_id": "1f8ec0e12a7f41b6b471e3c463e578b0", "trending_score": "0.0", "price": 5400.0, "discounted_price": 5400.0, "currency": "HKD", "product_code": "AUU074", "affinity_score": 0.0, "brand": "SELF-PORTRAIT", "store": "v_lane_crawford", "streamoid_urls": null}, {"title": "'Larura' fringe pleated floral print sleeveless dress", "gender": "women", "category": "dresses", "color": "mauve mauve mauve mauve mauve mauve light gray light gray white white", "product_url": "https://www.lanecrawford.com.cn/pdp/ARH605", "thumbnail_url": ["http://d1q9qhpdr6ehzh.cloudfront.net/6dc324aaef1473c83161fffbad0ffa0a"], "chatbot_image": "http://media.lanecrawford.com.cn/A/R/H/ARH605_in_xl.jpg,http://media.lanecrawford.com.cn/A/R/H/ARH605_bk_xl.jpg,http://media.lanecrawford.com.cn/A/R/H/ARH605_4_xl.jpg,http://media.lanecrawford.com.cn/A/R/H/ARH605_ro_xl.jpg", "unique_id": "442c8a142e9b4449b013cad37e4595cf", "trending_score": "0.0", "price": 24800.0, "discounted_price": 7440.0, "currency": "RMB", "product_code": "ARH605", "affinity_score": 0.0, "brand": "ROKSANDA", "store": "v_lane_crawford", "streamoid_urls": null}, {"title": "Floral embroidered sheer panel dress", "gender": "women", "category": "dresses", "color": "black black black black black black black black black black", "product_url": "https://www.lanecrawford.com.cn/pdp/ARE587", "thumbnail_url": ["http://d1q9qhpdr6ehzh.cloudfront.net/d27931a71a21ccd9a90041ca82605c42"], "chatbot_image": "http://media.lanecrawford.com.cn/A/R/E/ARE587_in_xl.jpg,http://media.lanecrawford.com.cn/A/R/E/ARE587_bk_xl.jpg,http://media.lanecrawford.com.cn/A/R/E/ARE587_4_xl.jpg,http://media.lanecrawford.com.cn/A/R/E/ARE587_ro_xl.jpg", "unique_id": "12d0e5226a9a4461867761e7635fdac7", "trending_score": "0.0", "price": 19740.0, "discounted_price": 7896.0, "currency": "RMB", "product_code": "ARE587", "affinity_score": 0.0, "brand": "AMIRI", "store": "v_lane_crawford", "streamoid_urls": null}, {"title": "Isla & Rose Dip Hem Frill Dress", "gender": "women", "category": "dresses", "color": null, "product_url": "https://www.bonmarche.co.uk/dresses/isla-and-rose-dip-hem-frill-dress-431126.html?dwvar_431126_color=07&cgid=womens-dresses", "thumbnail_url": ["http://d1q9qhpdr6ehzh.cloudfront.net/3125e4db014bb198a5e2fabfe05d221d"], "chatbot_image": "https://www.bonmarche.co.uk/dw/image/v2/BBCZ_PRD/on/demandware.static/-/Sites-master-catalog-bonmarche/default/dw22aed019/zoom/43/43112607_alt1.jpg?sw=500,https://www.bonmarche.co.uk/dw/image/v2/BBCZ_PRD/on/demandware.static/-/Sites-master-catalog-bonmarche/default/dw4d21342e/zoom/43/43112607_alt3.jpg?sw=500,https://www.bonmarche.co.uk/dw/image/v2/BBCZ_PRD/on/demandware.static/-/Sites-master-catalog-bonmarche/default/dw143b1d77/zoom/43/43112607_alt2.jpg?sw=500", "unique_id": "079d323c6bbe45678fc51a5d543f2125", "trending_score": "0.0", "price": 25.0, "discounted_price": 0.0, "currency": "GBP", "product_code": "079d323c6bbe45678fc51a5d543f2125", "affinity_score": 0.0, "brand": "v_bonmarche_uk_usc", "store": "v_bonmarche_uk_usc", "streamoid_urls": null}, {"title": "Honolulu Kaftan", "gender": "women", "category": "dresses", "color": null, "product_url": "https://www.seafolly.com/au/honolulu-kaftan/54047-KA-Indigo.html?dwvar_54047-KA-Indigo_color=INDIGO&cgid=clothing-all_clothing-kaftans", "thumbnail_url": ["http://d1q9qhpdr6ehzh.cloudfront.net/0b81cc480cda37b716b58a99fc3bdec4"], "chatbot_image": "https://www.seafolly.com/on/demandware.static/-/Sites-seafolly-master-catalog/default/dwe20258d3/images/54047-KA/54047-KA_Indigo_1.jpg,https://www.seafolly.com/on/demandware.static/-/Sites-seafolly-master-catalog/default/dwf1ab3436/images/54047-KA/54047-KA_Indigo_2.jpg", "unique_id": "7552d667940648b7901f4dc27a81025f", "trending_score": "0.0", "price": 0.0, "discounted_price": 0.0, "currency": "INR", "product_code": "0b81cc480cda37b716b58a99fc3bdec4_seafolly_com", "affinity_score": 0.0, "brand": null, "store": "seafolly_com", "streamoid_urls": null}, {"title": "'Insecta' ruffle V-neck midi dress", "gender": "women", "category": "dresses", "color": "black black black black black black black black black black", "product_url": "https://www.lanecrawford.com/pdp/AUQ628", "thumbnail_url": ["http://d1q9qhpdr6ehzh.cloudfront.net/811b778d24ba04e46a1c07795ae66eb0"], "chatbot_image": "http://media.lanecrawford.com/A/U/Q/AUQ628_in_xl.jpg,http://media.lanecrawford.com/A/U/Q/AUQ628_bk_xl.jpg,http://media.lanecrawford.com/A/U/Q/AUQ628_4_xl.jpg,http://media.lanecrawford.com/A/U/Q/AUQ628_ro_xl.jpg", "unique_id": "42fa0fcb290649c3a006969037cdea4e", "trending_score": "0.0", "price": 10200.0, "discounted_price": 10200.0, "currency": "HKD", "product_code": "AUQ628", "affinity_score": 0.0, "brand": "MATICEVSKI", "store": "v_lane_crawford", "streamoid_urls": null}, {"title": "dresses", "gender": "women", "category": "dresses", "color": "black black black black black black black black black black", "product_url": "https://i.pinimg.com", "thumbnail_url": ["http://d1q9qhpdr6ehzh.cloudfront.net/thumbnail/82c69ea327f8ea300dd1ca634b98e706"], "chatbot_image": null, "unique_id": "e90b1f82b57e430385c05ef696f059ea", "trending_score": "0.0", "price": 100.0, "discounted_price": 0.0, "currency": "INR", "product_code": "6162", "affinity_score": 0.0, "brand": "asos", "store": "v_website_demo", "streamoid_urls": null}, {"title": "Button detail knit dress", "gender": "women", "category": "dresses", "color": "navy navy navy navy navy navy black black black black", "product_url": "https://www.lanecrawford.com/pdp/AUW010", "thumbnail_url": ["http://d1q9qhpdr6ehzh.cloudfront.net/23a624d0c9a32fe8ae96e635e64991c0"], "chatbot_image": "http://media.lanecrawford.com/A/U/W/AUW010_in_xl.jpg,http://media.lanecrawford.com/A/U/W/AUW010_bk_xl.jpg,http://media.lanecrawford.com/A/U/W/AUW010_4_xl.jpg,http://media.lanecrawford.com/A/U/W/AUW010_ro_xl.jpg", "unique_id": "116a9bda4b2847af95c90fcf28a77e28", "trending_score": "0.0", "price": 5400.0, "discounted_price": 5400.0, "currency": "HKD", "product_code": "AUW010", "affinity_score": 0.0, "brand": "C\u00c3\u0089DRIC CHARLIER", "store": "v_lane_crawford", "streamoid_urls": null}, {"title": "'Cairns' puff ombre detail maxi dress", "gender": "women", "category": "dresses", "color": "black black black black black black black black black black", "product_url": "https://www.lanecrawford.com/pdp/AUU427", "thumbnail_url": ["http://d1q9qhpdr6ehzh.cloudfront.net/38af03bb218d3a39592f19ca7315ea2c"], "chatbot_image": "http://media.lanecrawford.com/A/U/U/AUU427_in_xl.jpg,http://media.lanecrawford.com/A/U/U/AUU427_bk_xl.jpg,http://media.lanecrawford.com/A/U/U/AUU427_4_xl.jpg,http://media.lanecrawford.com/A/U/U/AUU427_ro_xl.jpg", "unique_id": "1c87d3ce7e1c4ee3bcfdedbc7e070de5", "trending_score": "0.0", "price": 5100.0, "discounted_price": 5100.0, "currency": "HKD", "product_code": "AUU427", "affinity_score": 0.0, "brand": "SOLACE LONDON", "store": "v_lane_crawford", "streamoid_urls": null}, {"title": "'Mereza' cutout back Ottoman knit dress", "gender": "women", "category": "dresses", "color": "black black black black black black black black black black", "product_url": "https://www.lanecrawford.com/pdp/ARH602", "thumbnail_url": ["http://d1q9qhpdr6ehzh.cloudfront.net/07c9ddab5ca62768938611146a2ce96a"], "chatbot_image": "http://media.lanecrawford.com/A/R/H/ARH602_in_xl.jpg,http://media.lanecrawford.com/A/R/H/ARH602_bk_xl.jpg,http://media.lanecrawford.com/A/R/H/ARH602_4_xl.jpg,http://media.lanecrawford.com/A/R/H/ARH602_ro_xl.jpg", "unique_id": "40011bd45ce64411bdc150089663269c", "trending_score": "0.0", "price": 7200.0, "discounted_price": 2160.0, "currency": "HKD", "product_code": "ARH602", "affinity_score": 0.0, "brand": "ROKSANDA", "store": "v_lane_crawford", "streamoid_urls": null}, {"title": "'Gauge and Tuck' single jersey dress", "gender": "women", "category": "dresses", "color": "black black black black black black black black black black", "product_url": "https://www.lanecrawford.com/pdp/AVK453", "thumbnail_url": ["http://d1q9qhpdr6ehzh.cloudfront.net/1536c9f3154d2573b6e28b76b81b8441"], "chatbot_image": "http://media.lanecrawford.com/A/V/K/AVK453_in_xl.jpg,http://media.lanecrawford.com/A/V/K/AVK453_bk_xl.jpg,http://media.lanecrawford.com/A/V/K/AVK453_4_xl.jpg,http://media.lanecrawford.com/A/V/K/AVK453_ro_xl.jpg", "unique_id": "522e070af2674576bbcd95749646462d", "trending_score": "0.0", "price": 1000.0, "discounted_price": 1000.0, "currency": "HKD", "product_code": "AVK453", "affinity_score": 0.0, "brand": "NINETY PERCENT", "store": "v_lane_crawford", "streamoid_urls": null}, {"title": "'Kelissa' halter tie neck leopard print pleated dress", "gender": "women", "category": "dresses", "color": "red red red red red red post box red post box red post box red maroon", "product_url": "https://www.lanecrawford.com/pdp/AVL597", "thumbnail_url": ["http://d1q9qhpdr6ehzh.cloudfront.net/665c9d7bbadfea97055a61a8f37cc6a3"], "chatbot_image": "http://media.lanecrawford.com/A/V/L/AVL597_in_xl.jpg,http://media.lanecrawford.com/A/V/L/AVL597_bk_xl.jpg,http://media.lanecrawford.com/A/V/L/AVL597_4_xl.jpg,http://media.lanecrawford.com/A/V/L/AVL597_ro_xl.jpg", "unique_id": "1de4d1da13434646aa1bf72d581ee4fa", "trending_score": "0.0", "price": 5000.0, "discounted_price": 5000.0, "currency": "HKD", "product_code": "AVL597", "affinity_score": 0.0, "brand": "ALICE + OLIVIA", "store": "v_lane_crawford", "streamoid_urls": null}, {"title": "Puff sleeve ruffle trim flared guipure lace midi dress", "gender": "women", "category": "dresses", "color": "red red red red red red post box red post box red post box red post box red", "product_url": "https://www.lanecrawford.com.cn/pdp/ARJ181", "thumbnail_url": ["http://d1q9qhpdr6ehzh.cloudfront.net/a76e61502fd52d99a218a5a9f79d1815"], "chatbot_image": "http://media.lanecrawford.com.cn/A/R/J/ARJ181_in_xl.jpg,http://media.lanecrawford.com.cn/A/R/J/ARJ181_bk_xl.jpg,http://media.lanecrawford.com.cn/A/R/J/ARJ181_4_xl.jpg,http://media.lanecrawford.com.cn/A/R/J/ARJ181_ro_xl.jpg", "unique_id": "287625ab296b459baea668b47edea835", "trending_score": "0.0", "price": 3800.0, "discounted_price": 1520.0, "currency": "RMB", "product_code": "ARJ181", "affinity_score": 0.0, "brand": "SELF-PORTRAIT", "store": "v_lane_crawford", "streamoid_urls": null}, {"title": "dresses", "gender": "women", "category": "dresses", "color": "multicolor red red red red red red post box red post box red crimson red", "product_url": "https://th.bing.com", "thumbnail_url": ["http://d1q9qhpdr6ehzh.cloudfront.net/thumbnail/f677254784dba30125e83b094f97277f"], "chatbot_image": null, "unique_id": "88968314828b4d3d9e1dede24a1c255e", "trending_score": "0.0", "price": 100.0, "discounted_price": 0.0, "currency": "INR", "product_code": "6171", "affinity_score": 0.0, "brand": "asos", "store": "v_website_demo", "streamoid_urls": null}, {"title": "Crochet Back Dress", "gender": "women", "category": "dresses", "color": null, "product_url": "https://www.bonmarche.co.uk/swim-and-beachwear/crochet-back-dress-171829.html?dwvar_171829_color=69&cgid=womens-swimwear-beach-cover-ups", "thumbnail_url": ["http://d1q9qhpdr6ehzh.cloudfront.net/3d147a4cee9f2518c4a4e6628ebba4b9"], "chatbot_image": "https://www.bonmarche.co.uk/dw/image/v2/BBCZ_PRD/on/demandware.static/-/Sites-master-catalog-bonmarche/default/dwaaeb6353/zoom/17/17182969_default.jpg?sw=150,https://www.bonmarche.co.uk/dw/image/v2/BBCZ_PRD/on/demandware.static/-/Sites-master-catalog-bonmarche/default/dw916258df/zoom/17/17182969_alt2.jpg?sw=150", "unique_id": "983fdd4b5bf642f18d77c0daae62f938", "trending_score": "0.0", "price": 18.0, "discounted_price": 18.0, "currency": "INR", "product_code": "3d147a4cee9f2518c4a4e6628ebba4b9_bonmarche_co_uk", "affinity_score": 0.0, "brand": null, "store": "bonmarche_co_uk", "streamoid_urls": null}, {"title": "Hanky Hem Dress With Tassel - Linear Leaf", "gender": "women", "category": "dresses", "color": null, "product_url": "https://www.bonmarche.co.uk/swim-and-beachwear/hanky-hem-dress-with-tassel---linear-leaf-171840.html?dwvar_171840_color=63&cgid=womens-swimwear-beach-cover-ups", "thumbnail_url": ["http://d1q9qhpdr6ehzh.cloudfront.net/3a4379c0ac85fab69da9b88e8e890175"], "chatbot_image": "https://www.bonmarche.co.uk/dw/image/v2/BBCZ_PRD/on/demandware.static/-/Sites-master-catalog-bonmarche/default/dw48f3ac61/zoom/17/17184063_default.jpg?sw=150,https://www.bonmarche.co.uk/dw/image/v2/BBCZ_PRD/on/demandware.static/-/Sites-master-catalog-bonmarche/default/dwec10418b/zoom/17/17184063_alt2.jpg?sw=150", "unique_id": "08b94624ca2b4a239ed390895974bb81", "trending_score": "0.0", "price": 22.0, "discounted_price": 22.0, "currency": "INR", "product_code": "3a4379c0ac85fab69da9b88e8e890175_bonmarche_co_uk", "affinity_score": 0.0, "brand": null, "store": "bonmarche_co_uk", "streamoid_urls": null}, {"title": "Scarlett & Jo Eva Lace Sleeve Detail Maxi Gown", "gender": "women", "category": "dresses", "color": null, "product_url": "https://www.bonmarche.co.uk/dresses/scarlett-and-jo-eva-lace-sleeve-detail-maxi-gown-750018.html?dwvar_750018_color=07&cgid=womens-dresses", "thumbnail_url": ["http://d1q9qhpdr6ehzh.cloudfront.net/fc85c3fe64aaaa0ab6ec6b37fb39c33f"], "chatbot_image": "https://www.bonmarche.co.uk/dw/image/v2/BBCZ_PRD/on/demandware.static/-/Sites-master-catalog-bonmarche/default/dw95cad5d7/zoom/75/75001807_alt1.jpg?sw=500,https://www.bonmarche.co.uk/dw/image/v2/BBCZ_PRD/on/demandware.static/-/Sites-master-catalog-bonmarche/default/dw01f0b268/zoom/75/75001807_alt3.jpg?sw=500,https://www.bonmarche.co.uk/dw/image/v2/BBCZ_PRD/on/demandware.static/-/Sites-master-catalog-bonmarche/default/dw45abeeb3/zoom/75/75001807_alt2.jpg?sw=500", "unique_id": "4172c767f8e7493abe1ad2ed0c71c1a4", "trending_score": "0.0", "price": 90.0, "discounted_price": 0.0, "currency": "GBP", "product_code": "4172c767f8e7493abe1ad2ed0c71c1a4", "affinity_score": 0.0, "brand": "v_bonmarche_uk_usc", "store": "v_bonmarche_uk_usc", "streamoid_urls": null}], "debug": {"qrm": "", "query_without_qrm": "maxi dresses", "solr_query": "( ( ( (alias:\"maxi\") ) OR ( (meta_type:\"maxi\")^10 ) ) AND ( ( (meta_comprehensive_category:\"dresses\") ) ) )^1 ", "graph": [[[{"alias": ["maxi"], "type": ["maxi^10"]}, {"category": ["dresses"]}]]], "query_without_stopwords": "", "spell_corrected_query": "", "filter": [], "explicit_text": null, "fq": ["availability:1"]}, "numFound": 78, "facets": {"Collar Type": {}, "Ethnicity": {"western": 77, "fusion": 1}, "Fastening": {"none": 36, "unknown": 36, "zip_at_anywhere": 3, "buckle_at_waist": 1, "lace-up_at_front": 1, "other-buttons_at_front": 1, "tie_at_back": 1, "zip_at_back": 1}, "Fit": {"unknown": 51, "regular": 16, "flared": 6, "loose": 1}, "Hemline Length": {"full-length": 47, "above-ankle": 16, "ankle": 11, "midcalf": 3, "above-knee": 1}, "Material": {"unknown": 31, "fabric": 14, "blended": 8, "down": 8, "chiffon": 4, "eva": 4, "lace": 4, "crepe": 3, "polyester": 3, "denim": 2, "mesh": 2, "plisse": 2, "tulle": 2, "art": 1, "glass": 1, "ivory": 1, "leather": 1, "linen-blend": 1, "poplin": 1, "stone": 1}, "Neck Type": {}, "Primary Fibre": {"unknown": 45, "viscose": 15, "cotton": 5, "polyester": 4, "silk": 2, "wool": 2, "linen": 1}, "Print Type": {"solid": 41, "other-floral": 5, "colour-block": 4, "floral": 4, "geometric": 4, "stripes": 3, "tropical": 3, "abstract": 2, "animal": 2, "other-stripes": 2, "hawaiian": 1, "leopard": 1, "ombre": 1, "other-check": 1, "other-flora": 1, "other-geometric": 1, "other-graphic": 1, "zebra": 1}, "Shoulder Type": {"regular": 26, "spaghetti-straps": 18, "one": 7, "other-straps": 6, "extended": 5, "bare": 4, "tank-straps": 4, "dropped": 3, "cold": 2, "off": 2, "broad-straps": 1}, "Silhouette": {"fit-and-flare": 19, "a-line": 18, "straight": 11, "balloon-and-flare": 9, "sheath": 7, "trumpet": 5, "trapeze": 4, "tent": 3, "mermaid": 1}, "Sleeve Length": {"sleeveless": 41, "half": 15, "full": 13, "cap": 5, "three-fourth": 4}, "Treatment": {"ripped": 36, "unknown": 14, "ombre": 11, "twisted": 8, "batik": 1, "brushed": 1, "crinkled": 1, "other-wash": 1, "tie-dye": 1}, "Type": {"maxi": 22, "unknown": 9, "gown": 8, "fit-and-flare": 5, "shirt": 5, "tiered": 5, "midi": 3, "shift": 3, "slip": 3, "a-line": 2, "asymmetric": 2, "halter": 2, "prairie": 2, "sheath": 2, "sheer": 2, "bodycon": 1, "layered": 1, "off-shoulder": 1}, "Color": {"black": 12, "red": 10, "navy": 9, "blue": 7, "mauve": 5, "magenta": 4, "beige": 3, "silver": 3, "white": 3, "maroon": 2, "off-white": 2, "olive": 2, "pink": 2, "bronze": 1, "brown": 1, "dark-brown": 1, "green": 1, "khaki": 1, "lavender": 1, "light-blue": 1, "multi": 1, "nude": 1, "peach": 1, "purple": 1, "teal": 1, "turquoise": 1, "yellow": 1}, "Neck Shape": {"round": 25, "v": 25, "straight": 8, "none": 7, "square": 6, "u": 6, "unknown": 1}, "Neck Style": {"basic": 51, "mock": 5, "sweetheart": 5, "shirt-collar": 4, "surplice": 3, "turtle": 3, "asymmetric": 2, "halter": 2, "notched": 1, "pussy-bow": 1, "spread": 1}, "gender": {"women": 78}, "category": {"dresses": 78}, "occasion type": {"elevated": 30, "beachwear": 28, "special": 11, "party": 6, "everyday": 3}, "Workindustry": {}, "Age": {}, "neck": {}, "arms": {}, "waist": {}, "stomach": {}, "shoulder": {}, "brand": {"v_bonmarche_uk_usc": 24, "forever21": 9, "ALICE + OLIVIA": 4, "SOLACE LONDON": 4, "NANUSHKA": 3, "SELF-PORTRAIT": 3, "asos": 3, "ALEX PERRY": 2, "MATICEVSKI": 2, "ROKSANDA": 2, "3.1 PHILLIP LIM": 1, "AMIRI": 1, "BALENCIAGA": 1, "COMME MOI": 1, "C\u00c3\u0089DRIC CHARLIER": 1, "DRIES VAN NOTEN": 1, "JIL SANDER": 1, "KALITA": 1, "MAGGIE MARILYN": 1, "MAISON MARGIELA": 1, "M\u00c3\u0084RCHEN": 1, "NEEDLE & THREAD": 1, "NINETY PERCENT": 1, "NORMA KAMALI": 1, "TIBI": 1, "ZIMMERMANN": 1, "yours clothing": 1}, "sub_brand": {"forever21": 9}, "Department": {"regular": 74, "plus-size": 3, "maternity": 1}, "activity": {"unknown": 41, "leisure-holiday": 22, "date-night": 20, "social-outing": 19, "brunch": 15, "cocktail-party": 12, "anniversary": 10, "wedding": 10, "black-tie-events": 8, "dinner-party": 4, "hang-outs": 3, "high-street-look": 1}}, "isFashionQuery": true, "spell_corrected_query": "", "query_without_stopwords": "", "final_query": "", "message": ""}