{"products": [{"title": "Belted twill cargo pants", "gender": "men", "category": "trousers", "color": "olive olive olive olive olive olive olive olive olive olive", "product_url": "https://www.lanecrawford.com/pdp/ARJ844", "thumbnail_url": ["http://d1q9qhpdr6ehzh.cloudfront.net/f46ec9d9378c903239303cbfa6d4903a"], "chatbot_image": "http://media.lanecrawford.com/A/R/J/ARJ844_in_xl.jpg,http://media.lanecrawford.com/A/R/J/ARJ844_bk_xl.jpg,http://media.lanecrawford.com/A/R/J/ARJ844_4_xl.jpg,http://media.lanecrawford.com/A/R/J/ARJ844_ro_xl.jpg", "unique_id": "04e01127931f40069824acffb33cfbf6", "trending_score": "0.0", "price": 7000.0, "discounted_price": 7000.0, "currency": "HKD", "product_code": "ARJ844", "affinity_score": 0.0, "brand": "FEAR OF GOD", "store": "v_lane_crawford", "streamoid_urls": null}, {"title": "'M93' drawstring fleece cargo pants", "gender": "men", "category": "trousers", "color": "black black black black black black black black black black", "product_url": "https://www.lanecrawford.com/pdp/AQW817", "thumbnail_url": ["http://d1q9qhpdr6ehzh.cloudfront.net/b92472ddc84bf3ca6df67b17e738a0b3"], "chatbot_image": "http://media.lanecrawford.com/A/Q/W/AQW817_in_xl.jpg,http://media.lanecrawford.com/A/Q/W/AQW817_bk_xl.jpg,http://media.lanecrawford.com/A/Q/W/AQW817_4_xl.jpg,http://media.lanecrawford.com/A/Q/W/AQW817_ro_xl.jpg", "unique_id": "313dfc94136e4e3fa3d0dfa4f343b4c8", "trending_score": "0.0", "price": 2750.0, "discounted_price": 1100.0, "currency": "HKD", "product_code": "AQW817", "affinity_score": 0.0, "brand": "DANIEL PATRICK", "store": "v_lane_crawford", "streamoid_urls": null}, {"title": "Snap button cuff cargo jogging pants", "gender": "men", "category": "trousers", "color": "dark-brown dark-brown dark-brown dark-brown dark-brown dark-brown chocolate chocolate chocolate chocolate", "product_url": "https://www.lanecrawford.com/pdp/ARJ857", "thumbnail_url": ["http://d1q9qhpdr6ehzh.cloudfront.net/250b23bba670763af08ced2944fc052c"], "chatbot_image": "http://media.lanecrawford.com/A/R/J/ARJ857_in_xl.jpg,http://media.lanecrawford.com/A/R/J/ARJ857_bk_xl.jpg,http://media.lanecrawford.com/A/R/J/ARJ857_4_xl.jpg,http://media.lanecrawford.com/A/R/J/ARJ857_ro_xl.jpg", "unique_id": "28c1b007e8c04a1d8094ab23982c53eb", "trending_score": "0.0", "price": 8550.0, "discounted_price": 8550.0, "currency": "HKD", "product_code": "ARJ857", "affinity_score": 0.0, "brand": "FEAR OF GOD", "store": "v_lane_crawford", "streamoid_urls": null}, {"title": "Double waist cargo jogging pants", "gender": "men", "category": "trousers", "color": "black black black black black black black black black black", "product_url": "https://www.lanecrawford.com.cn/pdp/ARJ465", "thumbnail_url": ["http://d1q9qhpdr6ehzh.cloudfront.net/1c20488846deddfb14eb0a4454e8d7ec"], "chatbot_image": "http://media.lanecrawford.com.cn/A/R/J/ARJ465_in_xl.jpg,http://media.lanecrawford.com.cn/A/R/J/ARJ465_bk_xl.jpg,http://media.lanecrawford.com.cn/A/R/J/ARJ465_4_xl.jpg,http://media.lanecrawford.com.cn/A/R/J/ARJ465_ro_xl.jpg", "unique_id": "0b59713be2eb4c34b5d576bb4146fe4c", "trending_score": "0.0", "price": 2350.0, "discounted_price": 940.0, "currency": "RMB", "product_code": "ARJ465", "affinity_score": 0.0, "brand": "INDICE STUDIO", "store": "v_lane_crawford", "streamoid_urls": null}, {"title": "Slim-Fit Cargo Pants", "gender": "men", "category": "trousers", "color": "black black black black black black black black black black", "product_url": "https://www.forever21.in/p/slim-fit-cargo-pants-322969.html", "thumbnail_url": ["http://d1q9qhpdr6ehzh.cloudfront.net/e48505557f2677cf4ca6b4695bdbf5d5"], "chatbot_image": "https://forever21.imgix.net/img/app/product/3/322969-1618247-large.jpg,https://forever21.imgix.net/img/app/product/3/322969-1618248-large.jpg,https://forever21.imgix.net/img/app/product/3/322969-1618249-large.jpg,https://forever21.imgix.net/img/app/product/3/322969-1618250-large.jpg,https://forever21.imgix.net/img/app/product/3/322969-1618251-large.jpg,https://forever21.imgix.net/img/app/product/3/322969-1618246.jpg", "unique_id": "7bbde8d941e74e5081f399003c2ddc81", "trending_score": "0.0", "price": 1539.0, "discounted_price": 1539.0, "currency": "INR", "product_code": "322969", "affinity_score": 0.0, "brand": "forever21", "store": "v_forever21", "streamoid_urls": null}, {"title": "trousers", "gender": "women", "category": "trousers", "color": "copper copper copper copper copper copper chocolate chocolate chocolate chocolate", "product_url": "https://warehouseone.com", "thumbnail_url": ["http://d1q9qhpdr6ehzh.cloudfront.net/thumbnail/2103373df9a0c67bb539f8cc00349590"], "chatbot_image": null, "unique_id": "5407c1dba753432a889c79877a5c36fe", "trending_score": "0.0", "price": 100.0, "discounted_price": 0.0, "currency": "INR", "product_code": "6099", "affinity_score": 0.0, "brand": "asos", "store": "v_website_demo", "streamoid_urls": null}, {"title": "Patch pocket zip button cropped pants", "gender": "women", "category": "trousers", "color": "brown brown brown brown brown brown chocolate chocolate chocolate chocolate", "product_url": "https://www.lanecrawford.com/pdp/AUV222", "thumbnail_url": ["http://d1q9qhpdr6ehzh.cloudfront.net/cb9f41650efb39fb7603898d4a612c66"], "chatbot_image": "http://media.lanecrawford.com/A/U/V/AUV222_in_xl.jpg,http://media.lanecrawford.com/A/U/V/AUV222_bk_xl.jpg,http://media.lanecrawford.com/A/U/V/AUV222_4_xl.jpg,http://media.lanecrawford.com/A/U/V/AUV222_ro_xl.jpg", "unique_id": "2a75801d45a043fdb043ab9e141cf390", "trending_score": "0.0", "price": 4900.0, "discounted_price": 4900.0, "currency": "HKD", "product_code": "AUV222", "affinity_score": 0.0, "brand": "3.1 PHILLIP LIM", "store": "v_lane_crawford", "streamoid_urls": null}, {"title": "High-Waist Cargo Pants", "gender": "women", "category": "trousers", "color": "black black black black black black black black black black", "product_url": "https://www.forever21.in/p/high-waist-cargo-pants-324407.html", "thumbnail_url": ["http://d1q9qhpdr6ehzh.cloudfront.net/189cee42c45b62c7a7fdcf5877ef10f7"], "chatbot_image": "https://forever21.imgix.net/img/app/product/3/324407-1636054-large.jpg,https://forever21.imgix.net/img/app/product/3/324407-1636055-large.jpg,https://forever21.imgix.net/img/app/product/3/324407-1636056-large.jpg,https://forever21.imgix.net/img/app/product/3/324407-1636057-large.jpg,https://forever21.imgix.net/img/app/product/3/324407-1636053.jpg", "unique_id": "27b9f20f49c54cb79a3b7ee4779d90ac", "trending_score": "0.0", "price": 1599.0, "discounted_price": 1599.0, "currency": "INR", "product_code": "324407", "affinity_score": 0.0, "brand": "forever21", "store": "v_forever21", "streamoid_urls": null}, {"title": "Side fold cargo shorts", "gender": "women", "category": "trousers", "color": "off-white off-white off-white off-white off-white off-white off white off white off white off white", "product_url": "https://www.lanecrawford.com/pdp/BKK847", "thumbnail_url": ["http://d1q9qhpdr6ehzh.cloudfront.net/b4f0376b31e390f847101bfdcc9eda38"], "chatbot_image": "http://media.lanecrawford.com/B/K/K/BKK847_in_xl.jpg,http://media.lanecrawford.com/B/K/K/BKK847_bk_xl.jpg,http://media.lanecrawford.com/B/K/K/BKK847_4_xl.jpg,http://media.lanecrawford.com/B/K/K/BKK847_ro_xl.jpg", "unique_id": "2c2440308ecb4fa7b1027c4afb911ca6", "trending_score": "0.0", "price": 6100.0, "discounted_price": 6100.0, "currency": "HKD", "product_code": "BKK847", "affinity_score": 0.0, "brand": "SACAI", "store": "v_lane_crawford", "streamoid_urls": null}, {"title": "Patch pocket tapered pants", "gender": "women", "category": "trousers", "color": "olive olive olive olive olive olive black black black black", "product_url": "https://www.lanecrawford.com/pdp/AUL567", "thumbnail_url": ["http://d1q9qhpdr6ehzh.cloudfront.net/cf32e007134659b7d21e21c503482685"], "chatbot_image": "http://media.lanecrawford.com/A/U/L/AUL567_in_xl.jpg,http://media.lanecrawford.com/A/U/L/AUL567_bk_xl.jpg,http://media.lanecrawford.com/A/U/L/AUL567_ro_xl.jpg", "unique_id": "46120690ab624ed5b73e1b4e7691ef6b", "trending_score": "0.0", "price": 3000.0, "discounted_price": 1500.0, "currency": "HKD", "product_code": "AUL567", "affinity_score": 0.0, "brand": "BARENA", "store": "v_lane_crawford", "streamoid_urls": null}, {"title": "High-Rise Cargo Joggers", "gender": "women", "category": "trousers", "color": "olive olive olive olive olive olive olive olive olive olive", "product_url": "https://www.forever21.in/p/high-rise-cargo-joggers-324325.html", "thumbnail_url": ["http://d1q9qhpdr6ehzh.cloudfront.net/09fdcf2e452287293b8b369f2d968e88"], "chatbot_image": "https://forever21.imgix.net/img/app/product/3/324325-1522458-large.jpg,https://forever21.imgix.net/img/app/product/3/324325-1522459-large.jpg,https://forever21.imgix.net/img/app/product/3/324325-1522460-large.jpg,https://forever21.imgix.net/img/app/product/3/324325-1522461-large.jpg,https://forever21.imgix.net/img/app/product/3/324325-1522457.jpg", "unique_id": "e8706771997c4dd6a0eca97200e41bb8", "trending_score": "0.0", "price": 1399.0, "discounted_price": 1399.0, "currency": "INR", "product_code": "324325", "affinity_score": 0.0, "brand": "forever21", "store": "v_forever21", "streamoid_urls": null}, {"title": "Convertible-to-short cargo pants", "gender": "men", "category": "trousers", "color": "black black black black black black charcoal gray charcoal gray charcoal gray charcoal gray", "product_url": "https://www.lanecrawford.com/pdp/AUK413", "thumbnail_url": ["http://d1q9qhpdr6ehzh.cloudfront.net/077a9384bb32b638353fc24831e5e8fa"], "chatbot_image": "http://media.lanecrawford.com/A/U/K/AUK413_in_xl.jpg,http://media.lanecrawford.com/A/U/K/AUK413_bk_xl.jpg,http://media.lanecrawford.com/A/U/K/AUK413_1_xl.jpg,http://media.lanecrawford.com/A/U/K/AUK413_4_xl.jpg", "unique_id": "176189e400d042b996e5a50c5c8ab488", "trending_score": "0.0", "price": 3150.0, "discounted_price": 3150.0, "currency": "HKD", "product_code": "AUK413", "affinity_score": 0.0, "brand": "INDICE STUDIO", "store": "v_lane_crawford", "streamoid_urls": null}, {"title": "Logo patch drawstring cargo pants", "gender": "men", "category": "trousers", "color": "blue blue blue blue blue blue cobalt cobalt cobalt cobalt", "product_url": "https://www.lanecrawford.com/pdp/BKJ089", "thumbnail_url": ["http://d1q9qhpdr6ehzh.cloudfront.net/8a51bf8c4ea77c053f5a2f2185607c2b"], "chatbot_image": "http://media.lanecrawford.com/B/K/J/BKJ089_in_xl.jpg,http://media.lanecrawford.com/B/K/J/BKJ089_bk_xl.jpg,http://media.lanecrawford.com/B/K/J/BKJ089_4_xl.jpg,http://media.lanecrawford.com/B/K/J/BKJ089_ro_xl.jpg", "unique_id": "3f25f45e9c7048e59c9690e5291f846c", "trending_score": "0.0", "price": 10900.0, "discounted_price": 10900.0, "currency": "HKD", "product_code": "BKJ089", "affinity_score": 0.0, "brand": "GUCCI", "store": "v_lane_crawford", "streamoid_urls": null}, {"title": "Patchwork cargo pants", "gender": "men", "category": "trousers", "color": "olive olive olive olive olive olive chocolate chocolate chocolate chocolate", "product_url": "https://www.lanecrawford.com/pdp/BKK719", "thumbnail_url": ["http://d1q9qhpdr6ehzh.cloudfront.net/85486ab87fdb4630958851958ba5565f"], "chatbot_image": "http://media.lanecrawford.com/B/K/K/BKK719_in_xl.jpg,http://media.lanecrawford.com/B/K/K/BKK719_bk_xl.jpg,http://media.lanecrawford.com/B/K/K/BKK719_4_xl.jpg,http://media.lanecrawford.com/B/K/K/BKK719_ro_xl.jpg", "unique_id": "52552ee3a1214bbe8cb6287e6b4ab28c", "trending_score": "0.0", "price": 8100.0, "discounted_price": 8100.0, "currency": "HKD", "product_code": "BKK719", "affinity_score": 0.0, "brand": "SACAI", "store": "v_lane_crawford", "streamoid_urls": null}, {"title": "Belted foldover waist satin cargo jogging pants", "gender": "women", "category": "trousers", "color": "olive olive olive olive olive olive gray gray gray gray", "product_url": "https://www.lanecrawford.com.cn/pdp/ARG921", "thumbnail_url": ["http://d1q9qhpdr6ehzh.cloudfront.net/d16ba6d10500698ac4cbd54530bfcb7f"], "chatbot_image": "http://media.lanecrawford.com.cn/A/R/G/ARG921_in_xl.jpg,http://media.lanecrawford.com.cn/A/R/G/ARG921_bk_xl.jpg,http://media.lanecrawford.com.cn/A/R/G/ARG921_4_xl.jpg,http://media.lanecrawford.com.cn/A/R/G/ARG921_ro_xl.jpg", "unique_id": "4d9d55b3f75c4dd389e165e967754614", "trending_score": "0.0", "price": 4000.0, "discounted_price": 1600.0, "currency": "RMB", "product_code": "ARG921", "affinity_score": 0.0, "brand": "3.1 PHILLIP LIM", "store": "v_lane_crawford", "streamoid_urls": null}], "debug": {"qrm": "", "query_without_qrm": "cargo trousers", "solr_query": "( ( ( (meta_type:\"cargo\")^10 ) ) AND ( ( (meta_comprehensive_category:\"trousers\") ) ) )^1 ", "graph": [[[{"type": ["cargo^10"]}, {"category": ["trousers"]}]]], "spell_corrected_query": "", "filter": [], "explicit_text": null, "fq": ["availability:1"]}, "numFound": 15, "facets": {"Ethnicity": {"western": 15}, "Fastening": {"unknown": 10, "zip_at_anywhere": 2, "buckle_at_waist": 1, "elastic_at_waist": 1, "hook-and-bar_at_front": 1, "zip_at_front": 1}, "Fit": {"regular": 11, "loose": 2, "fitted": 1, "slim": 1}, "Hemline Length": {"full-length": 7, "ankle": 5, "knee": 2, "above-ankle": 1}, "Material": {"unknown": 13, "fleece": 1}, "Primary Fibre": {"unknown": 10, "cotton": 2, "nylon": 2}, "Print Type": {"solid": 14, "colour-block": 1}, "Silhouette": {"unknown": 14}, "Treatment": {"ripped": 11, "none": 2, "unknown": 1}, "Type": {"cargo": 15}, "Waist Rise": {"mid": 9, "natural": 2, "short": 2, "high": 1, "low": 1}, "Color": {"black": 5, "olive": 5, "blue": 1, "brown": 1, "copper": 1, "dark-brown": 1, "off-white": 1}, "gender": {"men": 8, "women": 7}, "category": {"trousers": 15}, "occasion type": {"elevated": 8, "everyday": 7}, "Workindustry": {}, "Age": {}, "neck": {}, "arms": {}, "waist": {}, "stomach": {}, "shoulder": {}, "brand": {"forever21": 3, "3.1 PHILLIP LIM": 2, "FEAR OF GOD": 2, "INDICE STUDIO": 2, "SACAI": 2, "BARENA": 1, "DANIEL PATRICK": 1, "GUCCI": 1, "asos": 1}, "sub_brand": {"forever21": 3}, "Department": {"regular": 14, "plus-size": 1}, "activity": {"airport-look": 15, "concert": 8, "high-street-look": 8, "college-look": 7, "hang-outs": 7, "adventure-holiday": 6, "errands": 6}}, "isFashionQuery": true, "spell_corrected_query": "", "final_query": "", "message": ""}