{"products": [{"title": "sweatshirts", "gender": "men", "category": "sweatshirts", "color": "black black black black black black black black black black", "product_url": "https://wearecasual.com", "thumbnail_url": ["http://d1q9qhpdr6ehzh.cloudfront.net/thumbnail/327c6dfc808d54cee6e0b466828de75d"], "chatbot_image": null, "unique_id": "de297bd4f06c4c2e97698ef347e586f8", "trending_score": "0.0", "price": 100.0, "discounted_price": 0.0, "currency": "INR", "product_code": "6287", "affinity_score": 0.0, "brand": "all online store", "store": "v_website_demo", "streamoid_urls": null}, {"title": "sweatshirts", "gender": "men", "category": "sweatshirts", "color": "brown brown brown brown brown brown tan tan tan tan", "product_url": "https://bewakoof.com", "thumbnail_url": ["http://d1q9qhpdr6ehzh.cloudfront.net/thumbnail/ad4d4a8f98c9e7f02287ac0a2c397b57"], "chatbot_image": null, "unique_id": "8089584a6ef241dcb94f5b826f183299", "trending_score": "0.0", "price": 100.0, "discounted_price": 0.0, "currency": "INR", "product_code": "6293", "affinity_score": 0.0, "brand": "all online store", "store": "v_website_demo", "streamoid_urls": null}, {"title": "sweatshirts", "gender": "men", "category": "sweatshirts", "color": "brown brown brown brown brown brown khaki khaki khaki khaki", "product_url": "https://bewakoof.com", "thumbnail_url": ["http://d1q9qhpdr6ehzh.cloudfront.net/thumbnail/643cf9fc3fd5c6386dce47d341621f7a"], "chatbot_image": null, "unique_id": "ebaa997df57542b0abcb3712f846e81e", "trending_score": "0.0", "price": 100.0, "discounted_price": 0.0, "currency": "INR", "product_code": "6289", "affinity_score": 0.0, "brand": "all online store", "store": "v_website_demo", "streamoid_urls": null}, {"title": "sweatshirts", "gender": "men", "category": "sweatshirts", "color": "rust rust rust rust rust rust rust rust rust rust", "product_url": "https://allonlinestore.in", "thumbnail_url": ["http://d1q9qhpdr6ehzh.cloudfront.net/thumbnail/750d11ad9b4ab2e3a0ecc02c13c2626c"], "chatbot_image": null, "unique_id": "8a995ff05915409083e1c31589f1b694", "trending_score": "0.0", "price": 100.0, "discounted_price": 0.0, "currency": "INR", "product_code": "6284", "affinity_score": 0.0, "brand": "all online store", "store": "v_website_demo", "streamoid_urls": null}, {"title": "sweatshirts", "gender": "men", "category": "sweatshirts", "color": "light-gray light-gray light-gray light-gray light-gray light-gray light gray light gray light gray light gray", "product_url": "https://allonlinestore.in", "thumbnail_url": ["http://d1q9qhpdr6ehzh.cloudfront.net/thumbnail/a98ad976f035f11182ad7efbcd4b9376"], "chatbot_image": null, "unique_id": "33a5aacde11647ba9c5fa87b410705b5", "trending_score": "0.0", "price": 100.0, "discounted_price": 0.0, "currency": "INR", "product_code": "6285", "affinity_score": 0.0, "brand": "all online store", "store": "v_website_demo", "streamoid_urls": null}, {"title": "sweatshirts", "gender": "men", "category": "sweatshirts", "color": "black black black black black black black black black black", "product_url": "https://adis.ws", "thumbnail_url": ["http://d1q9qhpdr6ehzh.cloudfront.net/thumbnail/82b10c7d42f1603d7a58e0cb263a3160"], "chatbot_image": null, "unique_id": "5c2e28f5354347e3816ebd1eff152507", "trending_score": "0.0", "price": 100.0, "discounted_price": 0.0, "currency": "INR", "product_code": "6290", "affinity_score": 0.0, "brand": "all online store", "store": "v_website_demo", "streamoid_urls": null}, {"title": "sweatshirts", "gender": "men", "category": "sweatshirts", "color": "navy navy navy navy navy navy black black black black", "product_url": "https://wearecasual.com", "thumbnail_url": ["http://d1q9qhpdr6ehzh.cloudfront.net/thumbnail/2f8bccb25fe4fa525782fbe650f5d55d"], "chatbot_image": null, "unique_id": "69d3b54285a946f39909f786dc89f6b5", "trending_score": "0.0", "price": 100.0, "discounted_price": 0.0, "currency": "INR", "product_code": "6286", "affinity_score": 0.0, "brand": "all online store", "store": "v_website_demo", "streamoid_urls": null}, {"title": "sweatshirts", "gender": "men", "category": "sweatshirts", "color": "navy navy navy navy navy navy charcoal gray charcoal gray charcoal gray charcoal gray", "product_url": "https://ajio.com", "thumbnail_url": ["http://d1q9qhpdr6ehzh.cloudfront.net/thumbnail/173beeee04a6e8d27e4f3ac4279834bd"], "chatbot_image": null, "unique_id": "75bc679be2714c788aae742cd58cfe62", "trending_score": "0.0", "price": 100.0, "discounted_price": 0.0, "currency": "INR", "product_code": "6282", "affinity_score": 0.0, "brand": "all online store", "store": "v_website_demo", "streamoid_urls": null}, {"title": "sweatshirts", "gender": "men", "category": "sweatshirts", "color": "navy navy navy navy navy navy black black black black", "product_url": "https://alicdn.com", "thumbnail_url": ["http://d1q9qhpdr6ehzh.cloudfront.net/thumbnail/cf4c3b10b94c52b79e81d0e5777882d2"], "chatbot_image": null, "unique_id": "a8210233386e4957bd57091d87293832", "trending_score": "0.0", "price": 100.0, "discounted_price": 0.0, "currency": "INR", "product_code": "6291", "affinity_score": 0.0, "brand": "all online store", "store": "v_website_demo", "streamoid_urls": null}, {"title": "sweatshirts", "gender": "men", "category": "sweatshirts", "color": "blue blue blue blue blue blue charcoal gray charcoal gray charcoal gray charcoal gray", "product_url": "https://allonlinestore.in", "thumbnail_url": ["http://d1q9qhpdr6ehzh.cloudfront.net/thumbnail/70cdaf2ba5caf17e2dd14120aecdad28"], "chatbot_image": null, "unique_id": "9995d3879bee4f46942edbfc33fa8c37", "trending_score": "0.0", "price": 100.0, "discounted_price": 0.0, "currency": "INR", "product_code": "6292", "affinity_score": 0.0, "brand": "all online store", "store": "v_website_demo", "streamoid_urls": null}, {"title": "sweatshirts", "gender": "men", "category": "sweatshirts", "color": "multicolor off-white off-white off-white off-white off-white off-white light gray light gray light gray", "product_url": "https://allonlinestore.in", "thumbnail_url": ["http://d1q9qhpdr6ehzh.cloudfront.net/thumbnail/9531712ef0f19185099c11fe0b57968d"], "chatbot_image": null, "unique_id": "6ce4412973d64152a9f789e489212cd9", "trending_score": "0.0", "price": 100.0, "discounted_price": 0.0, "currency": "INR", "product_code": "6279", "affinity_score": 0.0, "brand": "all online store", "store": "v_website_demo", "streamoid_urls": null}, {"title": "sweatshirts", "gender": "men", "category": "sweatshirts", "color": "light-blue light-blue light-blue light-blue light-blue light-blue powder blue powder blue powder blue powder blue", "product_url": "https://amazon.com", "thumbnail_url": ["http://d1q9qhpdr6ehzh.cloudfront.net/thumbnail/5bcd45f9d7eea8f72c61b00b2ac086c7"], "chatbot_image": null, "unique_id": "d6549db27ee342f580419c9d61396034", "trending_score": "0.0", "price": 100.0, "discounted_price": 0.0, "currency": "INR", "product_code": "6288", "affinity_score": 0.0, "brand": "all online store", "store": "v_website_demo", "streamoid_urls": null}, {"title": "sweatshirts", "gender": "men", "category": "sweatshirts", "color": "charcoal-gray charcoal-gray charcoal-gray charcoal-gray charcoal-gray charcoal-gray off white off white off white charcoal gray", "product_url": "https://allonlinestore.in", "thumbnail_url": ["http://d1q9qhpdr6ehzh.cloudfront.net/thumbnail/76fc253f241d0c305dac2bc7bc934959"], "chatbot_image": null, "unique_id": "487480979831464bbf0d61f6e0ee0f8d", "trending_score": "0.0", "price": 100.0, "discounted_price": 0.0, "currency": "INR", "product_code": "6283", "affinity_score": 0.0, "brand": "all online store", "store": "v_website_demo", "streamoid_urls": null}, {"title": "sweatshirts", "gender": "men", "category": "sweatshirts", "color": "green green green green green green charcoal gray charcoal gray charcoal gray charcoal gray", "product_url": "https://allonlinestore.in", "thumbnail_url": ["http://d1q9qhpdr6ehzh.cloudfront.net/thumbnail/2d3ab181cf46e48b431a32c34757e3f7"], "chatbot_image": null, "unique_id": "b6474d827ab44f2bbadccc09cda933e7", "trending_score": "0.0", "price": 100.0, "discounted_price": 0.0, "currency": "INR", "product_code": "6280", "affinity_score": 0.0, "brand": "all online store", "store": "v_website_demo", "streamoid_urls": null}, {"title": "sweatshirts", "gender": "men", "category": "sweatshirts", "color": "maroon maroon maroon maroon maroon maroon chocolate chocolate chocolate chocolate", "product_url": "https://allonlinestore.in", "thumbnail_url": ["http://d1q9qhpdr6ehzh.cloudfront.net/thumbnail/57c99ad8e2a37861ac8b7754a7939cac"], "chatbot_image": null, "unique_id": "2e3d2f46360a46a0923cd52ecab6b607", "trending_score": "0.0", "price": 100.0, "discounted_price": 0.0, "currency": "INR", "product_code": "6281", "affinity_score": 0.0, "brand": "all online store", "store": "v_website_demo", "streamoid_urls": null}, {"title": "Cotton Crew Neck Sweatshirt", "gender": "men", "category": "sweatshirts", "color": "rust rust rust rust rust rust crimson red crimson red crimson red crimson red", "product_url": "https://www.marksandspencer.com/cotton-crew-neck-sweatshirt/p/clp60258664?color=CORAL#intid=prodColourId-60456839", "thumbnail_url": ["http://d1q9qhpdr6ehzh.cloudfront.net/9adcbef6062f39de110f78756e2bbde2"], "chatbot_image": "https://asset1.cxnmarksandspencer.com/is/image/mands/Cotton-Crew-Neck-Sweatshirt-1/SD_03_T28_1132M_CJ_X_EC_0?%24PDP_INT_IMAGEGRID_1_LG%24%20%20%20", "unique_id": "51e55d6b29954facb6405b36972b8779", "trending_score": "0.0", "price": 0.0, "discounted_price": 0.0, "currency": "INR", "product_code": "9adcbef6062f39de110f78756e2bbde2_marksandspencer_com", "affinity_score": 0.0, "brand": "M&S Collection", "store": "marksandspencer_com", "streamoid_urls": null}, {"title": "Cotton Crew Neck Sweatshirt", "gender": "men", "category": "sweatshirts", "color": "multicolor navy navy navy navy navy navy black black black", "product_url": "https://www.marksandspencer.com/cotton-crew-neck-sweatshirt/p/clp60258664?color=DARKNAVY#intid=prodColourId-60265596", "thumbnail_url": ["http://d1q9qhpdr6ehzh.cloudfront.net/b4d20a1770ec4238156b45164fd61ab6"], "chatbot_image": "https://asset1.cxnmarksandspencer.com/is/image/mands/Cotton-Crew-Neck-Sweatshirt-1/SD_03_T28_1132M_F3_X_EC_0?%24PDP_INT_IMAGEGRID_1_LG%24%20%20%20", "unique_id": "49aa1463ccb94aea9378440e31c0f24e", "trending_score": "0.0", "price": 0.0, "discounted_price": 0.0, "currency": "INR", "product_code": "b4d20a1770ec4238156b45164fd61ab6_marksandspencer_com", "affinity_score": 0.0, "brand": "M&S Collection", "store": "marksandspencer_com", "streamoid_urls": null}, {"title": "French Fry Graphic Sweatshirt", "gender": "men", "category": "sweatshirts", "color": "light-gray light-gray light-gray light-gray light-gray light-gray off white off white off white off white", "product_url": "https://www.forever21.in/p/french-fry-graphic-sweatshirt-323006.html", "thumbnail_url": ["http://d1q9qhpdr6ehzh.cloudfront.net/9de8d7e167910e0b9535d7f117aec68d"], "chatbot_image": "https://forever21.imgix.net/img/app/product/3/323006-1608337-large.jpg,https://forever21.imgix.net/img/app/product/3/323006-1608338-large.jpg,https://forever21.imgix.net/img/app/product/3/323006-1608339-large.jpg,https://forever21.imgix.net/img/app/product/3/323006-1608340-large.jpg,https://forever21.imgix.net/img/app/product/3/323006-1608341-large.jpg,https://forever21.imgix.net/img/app/product/3/323006-1608336.jpg", "unique_id": "d5d1f02c94e24865bd0dc1f610d150af", "trending_score": "0.0", "price": 1299.0, "discounted_price": 1299.0, "currency": "INR", "product_code": "323006", "affinity_score": 0.0, "brand": "forever21", "store": "v_forever21", "streamoid_urls": null}, {"title": "Cotton Zip Up Hoodie", "gender": "men", "category": "sweatshirts", "color": "black black black black black black black black black black", "product_url": "https://www.marksandspencer.com/cotton-zip-through-hoodie/p/clp60265593?color=BLACK#intid=prodColourId-60445936", "thumbnail_url": ["http://d1q9qhpdr6ehzh.cloudfront.net/16314d525e8c69ee5c3ae208b8fc113c"], "chatbot_image": "https://asset1.cxnmarksandspencer.com/is/image/mands/Cotton-Zip-Up-Hoodie-1/SD_03_T28_1140M_Y0_X_EC_0?%24PDP_INT_IMAGEGRID_1_LG%24%20%20%20,https://asset1.cxnmarksandspencer.com/is/image/mands/Cotton-Zip-Up-Hoodie-4/SD_03_T28_1140M_Y0_X_EC_2?%24PDP_INT_IMAGEGRID_1_LG%24%20%20%20", "unique_id": "d7e4f25f605b42abbeaff37867e39df4", "trending_score": "0.0", "price": 0.0, "discounted_price": 0.0, "currency": "INR", "product_code": "16314d525e8c69ee5c3ae208b8fc113c_marksandspencer_com", "affinity_score": 0.0, "brand": "M&S Collection", "store": "marksandspencer_com", "streamoid_urls": null}, {"title": "'Freak' slogan intarsia fleece hoodie", "gender": "men", "category": "sweatshirts", "color": "black black black black black black black black black black", "product_url": "https://www.lanecrawford.com/pdp/ARL790", "thumbnail_url": ["http://d1q9qhpdr6ehzh.cloudfront.net/8a65bee56f0cf0cb6118fd0d5aed443f"], "chatbot_image": "http://media.lanecrawford.com/A/R/L/ARL790_in_xl.jpg,http://media.lanecrawford.com/A/R/L/ARL790_bk_xl.jpg,http://media.lanecrawford.com/A/R/L/ARL790_4_xl.jpg,http://media.lanecrawford.com/A/R/L/ARL790_ro_xl.jpg", "unique_id": "3b5446caee484fe7bc64ed15116a822a", "trending_score": "0.0", "price": 7700.0, "discounted_price": 7700.0, "currency": "HKD", "product_code": "ARL790", "affinity_score": 0.0, "brand": "MONCLER", "store": "v_lane_crawford", "streamoid_urls": null}, {"title": "Textured drowsy eye print hoodie", "gender": "men", "category": "sweatshirts", "color": "multicolor pink pink pink pink pink pink post box red post box red post box red", "product_url": "https://www.lanecrawford.com.cn/pdp/ARQ006", "thumbnail_url": ["http://d1q9qhpdr6ehzh.cloudfront.net/038cce11d8043e7f0c5d040cf09932bf"], "chatbot_image": "http://media.lanecrawford.com.cn/A/R/Q/ARQ006_in_xl.jpg,http://media.lanecrawford.com.cn/A/R/Q/ARQ006_2_xl.jpg,http://media.lanecrawford.com.cn/A/R/Q/ARQ006_3_xl.jpg,http://media.lanecrawford.com.cn/A/R/Q/ARQ006_4_xl.jpg", "unique_id": "10acbc3660714b48a36068e483361eb7", "trending_score": "0.0", "price": 1650.0, "discounted_price": 1650.0, "currency": "RMB", "product_code": "ARQ006", "affinity_score": 0.0, "brand": "MOSTLY HEARD RARELY SEEN", "store": "v_lane_crawford", "streamoid_urls": null}, {"title": "Longline Side-Zip Hoodie", "gender": "men", "category": "sweatshirts", "color": "mustard mustard mustard mustard mustard mustard camel camel camel camel", "product_url": "https://www.forever21.in/p/longline-side-zip-hoodie-323139.html", "thumbnail_url": ["http://d1q9qhpdr6ehzh.cloudfront.net/264e59f03ee64921bcbcd8d5bcbe9f10"], "chatbot_image": "https://forever21.imgix.net/img/app/product/3/323139-1602801-large.jpg,https://forever21.imgix.net/img/app/product/3/323139-1602802-large.jpg,https://forever21.imgix.net/img/app/product/3/323139-1602803-large.jpg,https://forever21.imgix.net/img/app/product/3/323139-1602800.jpg", "unique_id": "220ce8669e764697817967f87f9ba67e", "trending_score": "0.0", "price": 1799.0, "discounted_price": 1799.0, "currency": "INR", "product_code": "323139", "affinity_score": 0.0, "brand": "forever21", "store": "v_forever21", "streamoid_urls": null}, {"title": "Logo print sweatshirt", "gender": "men", "category": "sweatshirts", "color": "gray gray gray gray gray gray gray gray gray gray", "product_url": "https://www.lanecrawford.com.cn/pdp/ARY710", "thumbnail_url": ["http://d1q9qhpdr6ehzh.cloudfront.net/5581a95a1ba02d0a7bad26d00f3bd37d"], "chatbot_image": "http://media.lanecrawford.com.cn/A/R/Y/ARY710_in_xl.jpg,http://media.lanecrawford.com.cn/A/R/Y/ARY710_bk_xl.jpg,http://media.lanecrawford.com.cn/A/R/Y/ARY710_4_xl.jpg,http://media.lanecrawford.com.cn/A/R/Y/ARY710_ro_xl.jpg", "unique_id": "1c58d74ed1a548f7bf4a01ea485f84cf", "trending_score": "0.0", "price": 4100.0, "discounted_price": 4100.0, "currency": "RMB", "product_code": "ARY710", "affinity_score": 0.0, "brand": "VERSACE", "store": "v_lane_crawford", "streamoid_urls": null}, {"title": "Floral skull print sweatshirt", "gender": "men", "category": "sweatshirts", "color": "black black black black black black black black black black", "product_url": "https://www.lanecrawford.com/pdp/BKI530", "thumbnail_url": ["http://d1q9qhpdr6ehzh.cloudfront.net/63a00be1a6e31321adfe95e5499e4515"], "chatbot_image": "http://media.lanecrawford.com/B/K/I/BKI530_in_xl.jpg,http://media.lanecrawford.com/B/K/I/BKI530_bk_xl.jpg,http://media.lanecrawford.com/B/K/I/BKI530_4_xl.jpg,http://media.lanecrawford.com/B/K/I/BKI530_ro_xl.jpg", "unique_id": "3cdf0313ca8e485ab4f9952a24bb07bc", "trending_score": "0.0", "price": 5900.0, "discounted_price": 5900.0, "currency": "HKD", "product_code": "BKI530", "affinity_score": 0.0, "brand": "ALEXANDER MCQUEEN", "store": "v_lane_crawford", "streamoid_urls": null}, {"title": "Fleece Cowl Neck Pullover", "gender": "men", "category": "sweatshirts", "color": "maroon maroon maroon maroon maroon maroon crimson red crimson red crimson red crimson red", "product_url": "https://www.forever21.in/p/fleece-cowl-neck-pullover-324063.html", "thumbnail_url": ["http://d1q9qhpdr6ehzh.cloudfront.net/238518b8cf325dcfdc8e1faff152f01f"], "chatbot_image": "https://forever21.imgix.net/img/app/product/3/324063-1521636-large.jpg,https://forever21.imgix.net/img/app/product/3/324063-1521637-large.jpg,https://forever21.imgix.net/img/app/product/3/324063-1521638-large.jpg,https://forever21.imgix.net/img/app/product/3/324063-1521639-large.jpg,https://forever21.imgix.net/img/app/product/3/324063-1521635.jpg", "unique_id": "2f527c1173aa410a9e5e0ee46cd831df", "trending_score": "0.0", "price": 1499.0, "discounted_price": 1499.0, "currency": "INR", "product_code": "324063", "affinity_score": 0.0, "brand": "forever21", "store": "v_forever21", "streamoid_urls": null}, {"title": "'Cult Moth Eaten' slogan print raglan sweatshirt", "gender": "men", "category": "sweatshirts", "color": "black black black black black black charcoal gray charcoal gray charcoal gray charcoal gray", "product_url": "https://www.lanecrawford.com/pdp/ALB259", "thumbnail_url": ["http://d1q9qhpdr6ehzh.cloudfront.net/c131795022f0b1a110eff6a479c253e5"], "chatbot_image": "http://media.lanecrawford.com/A/L/B/ALB259_in_xl.jpg,http://media.lanecrawford.com/A/L/B/ALB259_bk_xl.jpg,http://media.lanecrawford.com/A/L/B/ALB259_4_xl.jpg,http://media.lanecrawford.com/A/L/B/ALB259_ro_xl.jpg", "unique_id": "284603392c664a068f3633e3711c3c28", "trending_score": "0.0", "price": 2300.0, "discounted_price": 1150.0, "currency": "HKD", "product_code": "ALB259", "affinity_score": 0.0, "brand": "SATISFY", "store": "v_lane_crawford", "streamoid_urls": null}, {"title": "Tie dye cotton sweatshirt", "gender": "men", "category": "sweatshirts", "color": "multicolor off-white off-white off-white off-white off-white off-white off white off white off white", "product_url": "https://www.lanecrawford.com/pdp/AUO874", "thumbnail_url": ["http://d1q9qhpdr6ehzh.cloudfront.net/5f42f883393291a0510e4e4cb8300e57"], "chatbot_image": "http://media.lanecrawford.com/A/U/O/AUO874_in_xl.jpg,http://media.lanecrawford.com/A/U/O/AUO874_bk_xl.jpg,http://media.lanecrawford.com/A/U/O/AUO874_4_xl.jpg,http://media.lanecrawford.com/A/U/O/AUO874_ro_xl.jpg", "unique_id": "1dae528cf2ed43429fd55ca4f9a3cd48", "trending_score": "0.0", "price": 6450.0, "discounted_price": 6450.0, "currency": "HKD", "product_code": "AUO874", "affinity_score": 0.0, "brand": "AMIRI", "store": "v_lane_crawford", "streamoid_urls": null}, {"title": "'Lebowski Opinion' Hoodie", "gender": "men", "category": "sweatshirts", "color": "black black black black black black black black black black", "product_url": "https://www.lanecrawford.com/pdp/BKK737", "thumbnail_url": ["http://d1q9qhpdr6ehzh.cloudfront.net/f942d5363843102d44182051ae8a02e8"], "chatbot_image": "http://media.lanecrawford.com/B/K/K/BKK737_in_xl.jpg,http://media.lanecrawford.com/B/K/K/BKK737_bk_xl.jpg,http://media.lanecrawford.com/B/K/K/BKK737_4_xl.jpg,http://media.lanecrawford.com/B/K/K/BKK737_ro_xl.jpg", "unique_id": "3af85410665844d8970e5f2c7f1c1a23", "trending_score": "0.0", "price": 3100.0, "discounted_price": 3100.0, "currency": "HKD", "product_code": "BKK737", "affinity_score": 0.0, "brand": "SACAI", "store": "v_lane_crawford", "streamoid_urls": null}, {"title": "Cotton Crew Neck Sweatshirt", "gender": "men", "category": "sweatshirts", "color": "multicolor green green green green green green charcoal gray charcoal gray charcoal gray", "product_url": "https://www.marksandspencer.com/cotton-crew-neck-sweatshirt/p/clp60258664?color=SLATEBLUE#intid=prodColourId-60456840", "thumbnail_url": ["http://d1q9qhpdr6ehzh.cloudfront.net/a99354e407ebe3106f94dbf9a17d035d"], "chatbot_image": "https://asset1.cxnmarksandspencer.com/is/image/mands/Cotton-Crew-Neck-Sweatshirt-1/SD_03_T28_1132M_AH_X_EC_0?%24PDP_INT_IMAGEGRID_1_LG%24%20%20%20,https://asset1.cxnmarksandspencer.com/is/image/mands/Cotton-Crew-Neck-Sweatshirt-4/SD_03_T28_1132M_AH_X_EC_2?%24PDP_INT_IMAGEGRID_1_LG%24%20%20%20", "unique_id": "b94e1eab121142f8bd35fa5facfd6d2d", "trending_score": "0.0", "price": 0.0, "discounted_price": 0.0, "currency": "INR", "product_code": "a99354e407ebe3106f94dbf9a17d035d_marksandspencer_com", "affinity_score": 0.0, "brand": "M&S Collection", "store": "marksandspencer_com", "streamoid_urls": null}, {"title": "'Addicted To Sport' slogan print sweatshirt", "gender": "men", "category": "sweatshirts", "color": "black black black black black black charcoal gray charcoal gray charcoal gray charcoal gray", "product_url": "https://www.lanecrawford.com/pdp/AOY214", "thumbnail_url": ["http://d1q9qhpdr6ehzh.cloudfront.net/db1c61195ff48c9eb3b8186da79e22c6"], "chatbot_image": "http://media.lanecrawford.com/A/O/Y/AOY214_in_xl.jpg,http://media.lanecrawford.com/A/O/Y/AOY214_bk_xl.jpg,http://media.lanecrawford.com/A/O/Y/AOY214_4_xl.jpg,http://media.lanecrawford.com/A/O/Y/AOY214_ro_xl.jpg", "unique_id": "4497dfb87f03485783c717837e730bbc", "trending_score": "0.0", "price": 2900.0, "discounted_price": 1160.0, "currency": "HKD", "product_code": "AOY214", "affinity_score": 0.0, "brand": "BLACKBARRETT", "store": "v_lane_crawford", "streamoid_urls": null}, {"title": "Logo print sweatshirt", "gender": "men", "category": "sweatshirts", "color": "navy navy navy navy navy navy navy navy navy navy", "product_url": "https://www.lanecrawford.com/pdp/AUX931", "thumbnail_url": ["http://d1q9qhpdr6ehzh.cloudfront.net/3d69001b8c64db9b7bc65642198b8c37"], "chatbot_image": "http://media.lanecrawford.com/A/U/X/AUX931_in_xl.jpg,http://media.lanecrawford.com/A/U/X/AUX931_bk_xl.jpg,http://media.lanecrawford.com/A/U/X/AUX931_4_xl.jpg,http://media.lanecrawford.com/A/U/X/AUX931_ro_xl.jpg", "unique_id": "18c27ea8ec1a4d77becf28e6fe112c4b", "trending_score": "0.0", "price": 4100.0, "discounted_price": 4100.0, "currency": "HKD", "product_code": "AUX931", "affinity_score": 0.0, "brand": "BALMAIN", "store": "v_lane_crawford", "streamoid_urls": null}, {"title": "Textured eye beak print hoodie", "gender": "men", "category": "sweatshirts", "color": "turquoise turquoise turquoise turquoise turquoise turquoise turquoise turquoise turquoise turquoise", "product_url": "https://www.lanecrawford.com/pdp/ARQ003", "thumbnail_url": ["http://d1q9qhpdr6ehzh.cloudfront.net/f8a3ecd644c279f60821fdfdd59d1522"], "chatbot_image": "http://media.lanecrawford.com/A/R/Q/ARQ003_in_xl.jpg,http://media.lanecrawford.com/A/R/Q/ARQ003_2_xl.jpg,http://media.lanecrawford.com/A/R/Q/ARQ003_3_xl.jpg,http://media.lanecrawford.com/A/R/Q/ARQ003_4_xl.jpg", "unique_id": "40a8646b03814f4bac7539c50e37eacf", "trending_score": "0.0", "price": 1700.0, "discounted_price": 1700.0, "currency": "HKD", "product_code": "ARQ003", "affinity_score": 0.0, "brand": "MOSTLY HEARD RARELY SEEN", "store": "v_lane_crawford", "streamoid_urls": null}, {"title": "'Gucci Game' satin patch colourblock zip hoodie", "gender": "men", "category": "sweatshirts", "color": "blue blue blue blue blue blue cobalt cobalt cobalt cobalt", "product_url": "https://www.lanecrawford.com/pdp/ARH296", "thumbnail_url": ["http://d1q9qhpdr6ehzh.cloudfront.net/525cf9eb40b3a91cab5dd416c60a98b7"], "chatbot_image": "http://media.lanecrawford.com/A/R/H/ARH296_in_xl.jpg,http://media.lanecrawford.com/A/R/H/ARH296_bk_xl.jpg,http://media.lanecrawford.com/A/R/H/ARH296_4_xl.jpg,http://media.lanecrawford.com/A/R/H/ARH296_ro_xl.jpg", "unique_id": "0704c78ca69a4c90b09258fe957118b0", "trending_score": "0.0", "price": 17200.0, "discounted_price": 17200.0, "currency": "HKD", "product_code": "ARH296", "affinity_score": 0.0, "brand": "GUCCI", "store": "v_lane_crawford", "streamoid_urls": null}, {"title": "Contrast stripe sweatshirt", "gender": "men", "category": "sweatshirts", "color": "blue blue blue blue blue blue cobalt cobalt cobalt cobalt", "product_url": "https://www.lanecrawford.com/pdp/AUQ860", "thumbnail_url": ["http://d1q9qhpdr6ehzh.cloudfront.net/50a2e748daa0b6edd90c732ad53689d2"], "chatbot_image": "http://media.lanecrawford.com/A/U/Q/AUQ860_in_xl.jpg,http://media.lanecrawford.com/A/U/Q/AUQ860_bk_xl.jpg,http://media.lanecrawford.com/A/U/Q/AUQ860_4_xl.jpg,http://media.lanecrawford.com/A/U/Q/AUQ860_ro_xl.jpg", "unique_id": "512488272a5c4f80a66b3c1b16ee4796", "trending_score": "0.0", "price": 1800.0, "discounted_price": 1800.0, "currency": "HKD", "product_code": "AUQ860", "affinity_score": 0.0, "brand": "EQUIL", "store": "v_lane_crawford", "streamoid_urls": null}, {"title": "Fleece Cowl Neck Pullover", "gender": "men", "category": "sweatshirts", "color": "white white white white white white off white off white off white off white", "product_url": "https://www.forever21.in/p/fleece-cowl-neck-pullover-324016.html", "thumbnail_url": ["http://d1q9qhpdr6ehzh.cloudfront.net/8cf6d812a86b23e9773068c3b4a888ed"], "chatbot_image": "https://forever21.imgix.net/img/app/product/3/324016-1521483-large.jpg,https://forever21.imgix.net/img/app/product/3/324016-1521484-large.jpg,https://forever21.imgix.net/img/app/product/3/324016-1521485-large.jpg,https://forever21.imgix.net/img/app/product/3/324016-1521486-large.jpg,https://forever21.imgix.net/img/app/product/3/324016-1521482.jpg", "unique_id": "6f39ceb026a04cb9bd7df16b073ad8bc", "trending_score": "0.0", "price": 1499.0, "discounted_price": 1499.0, "currency": "INR", "product_code": "324016", "affinity_score": 0.0, "brand": "forever21", "store": "v_forever21", "streamoid_urls": null}, {"title": "Dinosaur print colourblocked sweatshirt", "gender": "men", "category": "sweatshirts", "color": "navy navy navy navy navy navy navy navy navy navy", "product_url": "https://www.lanecrawford.com/pdp/AUX463", "thumbnail_url": ["http://d1q9qhpdr6ehzh.cloudfront.net/87edeb2de68ca848c4a8b072d86a465e"], "chatbot_image": "http://media.lanecrawford.com/A/U/X/AUX463_in_xl.jpg,http://media.lanecrawford.com/A/U/X/AUX463_bk_xl.jpg,http://media.lanecrawford.com/A/U/X/AUX463_4_xl.jpg,http://media.lanecrawford.com/A/U/X/AUX463_ro_xl.jpg", "unique_id": "302b9b47e11c4e95b0c8856567919652", "trending_score": "0.0", "price": 1190.0, "discounted_price": 1190.0, "currency": "HKD", "product_code": "AUX463", "affinity_score": 0.0, "brand": "PS PAUL SMITH", "store": "v_lane_crawford", "streamoid_urls": null}, {"title": "Fleece Varsity Hoodie", "gender": "men", "category": "sweatshirts", "color": "navy navy navy navy navy navy navy navy navy navy", "product_url": "https://www.forever21.in/p/fleece-varsity-hoodie-323001.html", "thumbnail_url": ["http://d1q9qhpdr6ehzh.cloudfront.net/f0406e98477470b4f3ad9a1a8bdf0a5b"], "chatbot_image": "https://forever21.imgix.net/img/app/product/3/323001-1518307-large.jpg,https://forever21.imgix.net/img/app/product/3/323001-1518308-large.jpg,https://forever21.imgix.net/img/app/product/3/323001-1518309-large.jpg,https://forever21.imgix.net/img/app/product/3/323001-1518310-large.jpg,https://forever21.imgix.net/img/app/product/3/323001-1518311-large.jpg,https://forever21.imgix.net/img/app/product/3/323001-1518312-large.jpg,https://forever21.imgix.net/img/app/product/3/323001-1518306.jpg", "unique_id": "4ac73b7f738c40c79a7017c55ff79281", "trending_score": "0.0", "price": 1699.0, "discounted_price": 680.0, "currency": "INR", "product_code": "323001", "affinity_score": 0.0, "brand": "forever21", "store": "v_forever21", "streamoid_urls": null}, {"title": "Sold Out Graphic Hoodie", "gender": "men", "category": "sweatshirts", "color": "red red red red red red coral coral coral coral", "product_url": "https://www.forever21.in/p/sold-out-graphic-hoodie-324190.html", "thumbnail_url": ["http://d1q9qhpdr6ehzh.cloudfront.net/459f9ad96c1ccc250f330caa4c77ac0f"], "chatbot_image": "https://forever21.imgix.net/img/app/product/3/324190-1522028-large.jpg,https://forever21.imgix.net/img/app/product/3/324190-1522029-large.jpg,https://forever21.imgix.net/img/app/product/3/324190-1522030-large.jpg,https://forever21.imgix.net/img/app/product/3/324190-1522031-large.jpg,https://forever21.imgix.net/img/app/product/3/324190-1522032-large.jpg,https://forever21.imgix.net/img/app/product/3/324190-1522033-large.jpg,https://forever21.imgix.net/img/app/product/3/324190-1522027.jpg", "unique_id": "fa424336bf60479fb8cff788981fd128", "trending_score": "0.0", "price": 1499.0, "discounted_price": 600.0, "currency": "INR", "product_code": "324190", "affinity_score": 0.0, "brand": "forever21", "store": "v_forever21", "streamoid_urls": null}, {"title": "Standard paint splatter hoodie", "gender": "men", "category": "sweatshirts", "color": "light-gray light-gray light-gray light-gray light-gray light-gray gray gray gray gray", "product_url": "https://www.lanecrawford.com/pdp/AUX731", "thumbnail_url": ["http://d1q9qhpdr6ehzh.cloudfront.net/e31b38606996890aaa7ba29088fa2496"], "chatbot_image": "http://media.lanecrawford.com/A/U/X/AUX731_in_xl.jpg,http://media.lanecrawford.com/A/U/X/AUX731_bk_xl.jpg,http://media.lanecrawford.com/A/U/X/AUX731_4_xl.jpg,http://media.lanecrawford.com/A/U/X/AUX731_ro_xl.jpg", "unique_id": "28d71957ea6749f8898dc71f8e23a70e", "trending_score": "0.0", "price": 2750.0, "discounted_price": 2750.0, "currency": "HKD", "product_code": "AUX731", "affinity_score": 0.0, "brand": "HELMUT LANG", "store": "v_lane_crawford", "streamoid_urls": null}, {"title": "Heart print tie dye hoodie", "gender": "men", "category": "sweatshirts", "color": "turquoise turquoise turquoise turquoise turquoise turquoise cyan cyan charcoal gray charcoal gray", "product_url": "https://www.lanecrawford.com/pdp/AUO683", "thumbnail_url": ["http://d1q9qhpdr6ehzh.cloudfront.net/730f9d09896603a835ca41240017d99b"], "chatbot_image": "http://media.lanecrawford.com/A/U/O/AUO683_in_xl.jpg,http://media.lanecrawford.com/A/U/O/AUO683_bk_xl.jpg,http://media.lanecrawford.com/A/U/O/AUO683_4_xl.jpg,http://media.lanecrawford.com/A/U/O/AUO683_ro_xl.jpg", "unique_id": "3bbd02759deb474789e0f0c5390811d4", "trending_score": "0.0", "price": 7750.0, "discounted_price": 7750.0, "currency": "HKD", "product_code": "AUO683", "affinity_score": 0.0, "brand": "AMIRI", "store": "v_lane_crawford", "streamoid_urls": null}, {"title": "Stripe back zip hoodie", "gender": "men", "category": "sweatshirts", "color": "light-gray light-gray light-gray light-gray light-gray light-gray gray gray gray gray", "product_url": "https://www.lanecrawford.com.cn/pdp/AOR751", "thumbnail_url": ["http://d1q9qhpdr6ehzh.cloudfront.net/3cc564fd9fc00cf1559c022a6009a967"], "chatbot_image": "http://media.lanecrawford.com.cn/A/O/R/AOR751_in_xl.jpg,http://media.lanecrawford.com.cn/A/O/R/AOR751_bk_xl.jpg,http://media.lanecrawford.com.cn/A/O/R/AOR751_4_xl.jpg,http://media.lanecrawford.com.cn/A/O/R/AOR751_ro_xl.jpg", "unique_id": "51c17d9d856b44058b615e3753481779", "trending_score": "0.0", "price": 7400.0, "discounted_price": 7400.0, "currency": "RMB", "product_code": "AOR751", "affinity_score": 0.0, "brand": "THOM BROWNE", "store": "v_lane_crawford", "streamoid_urls": null}, {"title": "Underground Generation Pullover", "gender": "men", "category": "sweatshirts", "color": "black black black black black black seaweed seaweed seaweed seaweed", "product_url": "https://www.forever21.in/p/underground-generation-pullover-323343.html", "thumbnail_url": ["http://d1q9qhpdr6ehzh.cloudfront.net/d93df4ac274f15feb2a4f3e47b862a9e"], "chatbot_image": "https://forever21.imgix.net/img/app/product/3/323343-1625086-large.jpg,https://forever21.imgix.net/img/app/product/3/323343-1625087-large.jpg,https://forever21.imgix.net/img/app/product/3/323343-1625088-large.jpg,https://forever21.imgix.net/img/app/product/3/323343-1625089-large.jpg,https://forever21.imgix.net/img/app/product/3/323343-1625090-large.jpg,https://forever21.imgix.net/img/app/product/3/323343-1625091-large.jpg,https://forever21.imgix.net/img/app/product/3/323343-1625092-large.jpg,https://forever21.imgix.net/img/app/product/3/323343-1625085.jpg", "unique_id": "d2ffc9d6d7814e519eb7fbd00c3ba54b", "trending_score": "0.0", "price": 1549.0, "discounted_price": 1549.0, "currency": "INR", "product_code": "323343", "affinity_score": 0.0, "brand": "forever21", "store": "v_forever21", "streamoid_urls": null}, {"title": "Textured creature with knife print hoodie", "gender": "men", "category": "sweatshirts", "color": "red red red red red red post box red post box red post box red post box red", "product_url": "https://www.lanecrawford.com.cn/pdp/ARO962", "thumbnail_url": ["http://d1q9qhpdr6ehzh.cloudfront.net/cb0b0adc988f3b0ea36b555d3512460a"], "chatbot_image": "http://media.lanecrawford.com.cn/A/R/O/ARO962_in_xl.jpg,http://media.lanecrawford.com.cn/A/R/O/ARO962_2_xl.jpg,http://media.lanecrawford.com.cn/A/R/O/ARO962_3_xl.jpg,http://media.lanecrawford.com.cn/A/R/O/ARO962_4_xl.jpg", "unique_id": "05107ef87f1d451eba3786c3c6098f0a", "trending_score": "0.0", "price": 1650.0, "discounted_price": 1650.0, "currency": "RMB", "product_code": "ARO962", "affinity_score": 0.0, "brand": "MOSTLY HEARD RARELY SEEN", "store": "v_lane_crawford", "streamoid_urls": null}, {"title": "Logo embroidered sweatshirt", "gender": "men", "category": "sweatshirts", "color": "orange orange orange orange orange orange orange orange orange orange", "product_url": "https://www.lanecrawford.com/pdp/ARU782", "thumbnail_url": ["http://d1q9qhpdr6ehzh.cloudfront.net/947058c262e5180a72d1b8e27bdaa7a6"], "chatbot_image": "http://media.lanecrawford.com/A/R/U/ARU782_in_xl.jpg,http://media.lanecrawford.com/A/R/U/ARU782_fr_xl.jpg,http://media.lanecrawford.com/A/R/U/ARU782_bk_xl.jpg,http://media.lanecrawford.com/A/R/U/ARU782_4_xl.jpg,http://media.lanecrawford.com/A/R/U/ARU782_ro_xl.jpg", "unique_id": "2c6aa95917474d838f51de82b3dd3f9d", "trending_score": "0.0", "price": 2900.0, "discounted_price": 1450.0, "currency": "HKD", "product_code": "ARU782", "affinity_score": 0.0, "brand": "MARTINE ROSE", "store": "v_lane_crawford", "streamoid_urls": null}, {"title": "Fleece Cowl Neck Pullover", "gender": "men", "category": "sweatshirts", "color": "black black black black black black black black black black", "product_url": "https://www.forever21.in/p/fleece-cowl-neck-pullover-323969.html", "thumbnail_url": ["http://d1q9qhpdr6ehzh.cloudfront.net/d9251036d0bbd1772628f62c3bf60e70"], "chatbot_image": "https://forever21.imgix.net/img/app/product/3/323969-1521331-large.jpg,https://forever21.imgix.net/img/app/product/3/323969-1521332-large.jpg,https://forever21.imgix.net/img/app/product/3/323969-1521333-large.jpg,https://forever21.imgix.net/img/app/product/3/323969-1521334-large.jpg,https://forever21.imgix.net/img/app/product/3/323969-1521330.jpg", "unique_id": "e6d14ac709a44eeb91bb83ede424eb67", "trending_score": "0.0", "price": 1499.0, "discounted_price": 1499.0, "currency": "INR", "product_code": "323969", "affinity_score": 0.0, "brand": "forever21", "store": "v_forever21", "streamoid_urls": null}, {"title": "Textured kicking fighter print unisex hoodie", "gender": "men", "category": "sweatshirts", "color": "black black black black black black black black black black", "product_url": "https://www.lanecrawford.com/pdp/ARQ047", "thumbnail_url": ["http://d1q9qhpdr6ehzh.cloudfront.net/e65414e02e66d33beef00ad699514ace"], "chatbot_image": "http://media.lanecrawford.com/A/R/Q/ARQ047_in_xl.jpg,http://media.lanecrawford.com/A/R/Q/ARQ047_fr_xl.jpg,http://media.lanecrawford.com/A/R/Q/ARQ047_bk_xl.jpg,http://media.lanecrawford.com/A/R/Q/ARQ047_ro_xl.jpg", "unique_id": "5402debc6a01485f8e81cf1f95830ac0", "trending_score": "0.0", "price": 1700.0, "discounted_price": 1700.0, "currency": "HKD", "product_code": "ARQ047", "affinity_score": 0.0, "brand": "MOSTLY HEARD RARELY SEEN", "store": "v_lane_crawford", "streamoid_urls": null}, {"title": "Cotton Crew Neck Sweatshirt", "gender": "men", "category": "sweatshirts", "color": "black black black black black black black black black black", "product_url": "https://www.marksandspencer.com/cotton-crew-neck-sweatshirt/p/clp60258664?color=BLACKMIX#intid=prodColourId-60456835", "thumbnail_url": ["http://d1q9qhpdr6ehzh.cloudfront.net/3bd0c029ef4b6f93b008e5fd9f115ae8"], "chatbot_image": "https://asset1.cxnmarksandspencer.com/is/image/mands/Cotton-Crew-Neck-Sweatshirt-1/SD_03_T28_1132M_Y4_X_EC_0?%24PDP_INT_IMAGEGRID_1_LG%24%20%20%20", "unique_id": "e64546729ea84f18abdc257aa93a299b", "trending_score": "0.0", "price": 0.0, "discounted_price": 0.0, "currency": "INR", "product_code": "3bd0c029ef4b6f93b008e5fd9f115ae8_marksandspencer_com", "affinity_score": 0.0, "brand": "M&S Collection", "store": "marksandspencer_com", "streamoid_urls": null}, {"title": "Slogan appliqu\u00c3\u00a9 tie-dye hoodie", "gender": "men", "category": "sweatshirts", "color": "purple purple purple purple purple purple mauve mauve mauve mauve", "product_url": "https://www.lanecrawford.com/pdp/AQW665", "thumbnail_url": ["http://d1q9qhpdr6ehzh.cloudfront.net/5a3f6e5dbb211746a9dc2b8b9ef1404d"], "chatbot_image": "http://media.lanecrawford.com/A/Q/W/AQW665_in_xl.jpg,http://media.lanecrawford.com/A/Q/W/AQW665_bk_xl.jpg,http://media.lanecrawford.com/A/Q/W/AQW665_ro_xl.jpg", "unique_id": "138b3366a1074db19644f9fb2d98ebd5", "trending_score": "0.0", "price": 6450.0, "discounted_price": 1935.0, "currency": "HKD", "product_code": "AQW665", "affinity_score": 0.0, "brand": "JUST DON", "store": "v_lane_crawford", "streamoid_urls": null}, {"title": "Colorblock Fleece Hoodie", "gender": "men", "category": "sweatshirts", "color": "navy navy navy navy navy navy navy navy navy navy", "product_url": "https://www.forever21.in/p/colorblock-fleece-hoodie-322986.html", "thumbnail_url": ["http://d1q9qhpdr6ehzh.cloudfront.net/1828e743f8edbe186c7116121a68b60f"], "chatbot_image": "https://forever21.imgix.net/img/app/product/3/322986-1636242-large.jpg,https://forever21.imgix.net/img/app/product/3/322986-1636241.jpg", "unique_id": "3845d7b1af7c42c696cf81a4229c2cfe", "trending_score": "0.0", "price": 1299.0, "discounted_price": 1299.0, "currency": "INR", "product_code": "322986", "affinity_score": 0.0, "brand": "forever21", "store": "v_forever21", "streamoid_urls": null}, {"title": "Logo embroidered cotton sweatshirt", "gender": "men", "category": "sweatshirts", "color": "light-gray light-gray light-gray light-gray light-gray light-gray light gray light gray light gray light gray", "product_url": "https://www.lanecrawford.com/pdp/AVO418", "thumbnail_url": ["http://d1q9qhpdr6ehzh.cloudfront.net/434aded25b5d47ea3db867aac76d8d65"], "chatbot_image": "http://media.lanecrawford.com/A/V/O/AVO418_in_xl.jpg,http://media.lanecrawford.com/A/V/O/AVO418_bk_xl.jpg,http://media.lanecrawford.com/A/V/O/AVO418_4_xl.jpg,http://media.lanecrawford.com/A/V/O/AVO418_ro_xl.jpg", "unique_id": "4ca8c482bd7d45f09d7c8dbe546b47f5", "trending_score": "0.0", "price": 1150.0, "discounted_price": 1150.0, "currency": "HKD", "product_code": "AVO418", "affinity_score": 0.0, "brand": "AFFIX", "store": "v_lane_crawford", "streamoid_urls": null}, {"title": "Colourblock paneled sweatshirt", "gender": "men", "category": "sweatshirts", "color": "navy navy navy navy navy navy navy navy navy navy", "product_url": "https://www.lanecrawford.com/pdp/AUX469", "thumbnail_url": ["http://d1q9qhpdr6ehzh.cloudfront.net/95193f6397d2286badc2ca4823b866b4"], "chatbot_image": "http://media.lanecrawford.com/A/U/X/AUX469_in_xl.jpg,http://media.lanecrawford.com/A/U/X/AUX469_bk_xl.jpg,http://media.lanecrawford.com/A/U/X/AUX469_4_xl.jpg,http://media.lanecrawford.com/A/U/X/AUX469_ro_xl.jpg", "unique_id": "1a6006631d34441b857332915c4217a6", "trending_score": "0.0", "price": 1290.0, "discounted_price": 1290.0, "currency": "HKD", "product_code": "AUX469", "affinity_score": 0.0, "brand": "PS PAUL SMITH", "store": "v_lane_crawford", "streamoid_urls": null}, {"title": "Stripe sleeve sweatshirt", "gender": "men", "category": "sweatshirts", "color": "light-gray light-gray light-gray light-gray light-gray light-gray light gray light gray light gray light gray", "product_url": "https://www.lanecrawford.com.cn/pdp/AGL615", "thumbnail_url": ["http://d1q9qhpdr6ehzh.cloudfront.net/c06215905f575a4aa2d100907b28fa6e"], "chatbot_image": "http://media.lanecrawford.com.cn/A/G/L/AGL615_in_xl.jpg,http://media.lanecrawford.com.cn/A/G/L/AGL615_bk_xl.jpg,http://media.lanecrawford.com.cn/A/G/L/AGL615_1_xl.jpg,http://media.lanecrawford.com.cn/A/G/L/AGL615_ro_xl.jpg", "unique_id": "152fbef891a346f1af1b56df4407affd", "trending_score": "0.0", "price": 4800.0, "discounted_price": 4800.0, "currency": "RMB", "product_code": "AGL615", "affinity_score": 0.0, "brand": "THOM BROWNE", "store": "v_lane_crawford", "streamoid_urls": null}, {"title": "Thunderbolt graphic print sweatshirt", "gender": "men", "category": "sweatshirts", "color": "white white white white white white off white off white off white off white", "product_url": "https://www.lanecrawford.com/pdp/AUY005", "thumbnail_url": ["http://d1q9qhpdr6ehzh.cloudfront.net/578ba99d6360542d0f0f469b8b7ecddb"], "chatbot_image": "http://media.lanecrawford.com/A/U/Y/AUY005_in_xl.jpg,http://media.lanecrawford.com/A/U/Y/AUY005_bk_xl.jpg,http://media.lanecrawford.com/A/U/Y/AUY005_4_xl.jpg,http://media.lanecrawford.com/A/U/Y/AUY005_ro_xl.jpg", "unique_id": "180c76c628504b67a6496c10f7d9df7e", "trending_score": "0.0", "price": 3500.0, "discounted_price": 3500.0, "currency": "HKD", "product_code": "AUY005", "affinity_score": 0.0, "brand": "NEIL BARRETT", "store": "v_lane_crawford", "streamoid_urls": null}, {"title": "Textured sluggish eye print hoodie", "gender": "men", "category": "sweatshirts", "color": "black black black black black black black black black black", "product_url": "https://www.lanecrawford.com.cn/pdp/ARQ004", "thumbnail_url": ["http://d1q9qhpdr6ehzh.cloudfront.net/eaca6e6774e451cf5dbd77cd0cfa7a91"], "chatbot_image": "http://media.lanecrawford.com.cn/A/R/Q/ARQ004_in_xl.jpg,http://media.lanecrawford.com.cn/A/R/Q/ARQ004_2_xl.jpg,http://media.lanecrawford.com.cn/A/R/Q/ARQ004_3_xl.jpg,http://media.lanecrawford.com.cn/A/R/Q/ARQ004_4_xl.jpg", "unique_id": "1da8ad6fef42467bb28e19171dab941a", "trending_score": "0.0", "price": 1650.0, "discounted_price": 1650.0, "currency": "RMB", "product_code": "ARQ004", "affinity_score": 0.0, "brand": "MOSTLY HEARD RARELY SEEN", "store": "v_lane_crawford", "streamoid_urls": null}, {"title": "Longline Hooded Pullover", "gender": "men", "category": "sweatshirts", "color": "light-gray light-gray light-gray light-gray light-gray light-gray off white off white off white off white", "product_url": "https://www.forever21.in/p/longline-hooded-pullover-323731.html", "thumbnail_url": ["http://d1q9qhpdr6ehzh.cloudfront.net/9278c8b193fae38183d62353a1202651"], "chatbot_image": "https://forever21.imgix.net/img/app/product/3/323731-1520580-large.jpg,https://forever21.imgix.net/img/app/product/3/323731-1520581-large.jpg,https://forever21.imgix.net/img/app/product/3/323731-1520582-large.jpg,https://forever21.imgix.net/img/app/product/3/323731-1520583-large.jpg,https://forever21.imgix.net/img/app/product/3/323731-1520584-large.jpg,https://forever21.imgix.net/img/app/product/3/323731-1520579.jpg", "unique_id": "333c63578239484fb4b91c92b72d7a82", "trending_score": "0.0", "price": 1699.0, "discounted_price": 850.0, "currency": "INR", "product_code": "323731", "affinity_score": 0.0, "brand": "forever21", "store": "v_forever21", "streamoid_urls": null}, {"title": "Longline Hooded Pullover", "gender": "men", "category": "sweatshirts", "color": "orange orange orange orange orange orange white white white off white", "product_url": "https://www.forever21.in/p/longline-hooded-pullover-323777.html", "thumbnail_url": ["http://d1q9qhpdr6ehzh.cloudfront.net/9781295d76d6335f0d4c7759ca20d91d"], "chatbot_image": "https://forever21.imgix.net/img/app/product/3/323777-1520718-large.jpg,https://forever21.imgix.net/img/app/product/3/323777-1520719-large.jpg,https://forever21.imgix.net/img/app/product/3/323777-1520720-large.jpg,https://forever21.imgix.net/img/app/product/3/323777-1520721-large.jpg,https://forever21.imgix.net/img/app/product/3/323777-1520717.jpg", "unique_id": "bc72b4fdc34548a5ac27e8f0001d7609", "trending_score": "0.0", "price": 1699.0, "discounted_price": 1699.0, "currency": "INR", "product_code": "323777", "affinity_score": 0.0, "brand": "forever21", "store": "v_forever21", "streamoid_urls": null}, {"title": "'Clues' print hoodie", "gender": "men", "category": "sweatshirts", "color": "nude nude nude nude nude nude peach peach peach peach", "product_url": "https://www.lanecrawford.com/pdp/AUK414", "thumbnail_url": ["http://d1q9qhpdr6ehzh.cloudfront.net/b02166867ec56847dca995fedc8fb9d8"], "chatbot_image": "http://media.lanecrawford.com/A/U/K/AUK414_in_xl.jpg,http://media.lanecrawford.com/A/U/K/AUK414_bk_xl.jpg,http://media.lanecrawford.com/A/U/K/AUK414_4_xl.jpg,http://media.lanecrawford.com/A/U/K/AUK414_ro_xl.jpg", "unique_id": "014972a67b6d4666bf7ce015d4440e0c", "trending_score": "0.0", "price": 3200.0, "discounted_price": 3200.0, "currency": "HKD", "product_code": "AUK414", "affinity_score": 0.0, "brand": "INDICE STUDIO", "store": "v_lane_crawford", "streamoid_urls": null}, {"title": "Cashmere wool blend zip hoodie", "gender": "men", "category": "sweatshirts", "color": "light-gray light-gray light-gray light-gray light-gray light-gray gray gray gray gray", "product_url": "https://www.lanecrawford.com/pdp/AUQ893", "thumbnail_url": ["http://d1q9qhpdr6ehzh.cloudfront.net/28f37e56dc9906475a8fef0dcc8e0c0f"], "chatbot_image": "http://media.lanecrawford.com/A/U/Q/AUQ893_in_xl.jpg,http://media.lanecrawford.com/A/U/Q/AUQ893_bk_xl.jpg,http://media.lanecrawford.com/A/U/Q/AUQ893_4_xl.jpg,http://media.lanecrawford.com/A/U/Q/AUQ893_ro_xl.jpg", "unique_id": "2ebb0eec69cd406ca50391bc85b6463d", "trending_score": "0.0", "price": 3300.0, "discounted_price": 3300.0, "currency": "HKD", "product_code": "AUQ893", "affinity_score": 0.0, "brand": "EQUIL", "store": "v_lane_crawford", "streamoid_urls": null}, {"title": "Textured man with claw print hoodie", "gender": "men", "category": "sweatshirts", "color": "black black black black black black black black black black", "product_url": "https://www.lanecrawford.com/pdp/ARO961", "thumbnail_url": ["http://d1q9qhpdr6ehzh.cloudfront.net/4fe9f4a114d993ab610337cb3353c4a9"], "chatbot_image": "http://media.lanecrawford.com/A/R/O/ARO961_in_xl.jpg,http://media.lanecrawford.com/A/R/O/ARO961_2_xl.jpg,http://media.lanecrawford.com/A/R/O/ARO961_3_xl.jpg,http://media.lanecrawford.com/A/R/O/ARO961_4_xl.jpg", "unique_id": "2ceee8f49bfb426c83ac45e594f575df", "trending_score": "0.0", "price": 1700.0, "discounted_price": 1700.0, "currency": "HKD", "product_code": "ARO961", "affinity_score": 0.0, "brand": "MOSTLY HEARD RARELY SEEN", "store": "v_lane_crawford", "streamoid_urls": null}, {"title": "Abstract watercolour print hoodie", "gender": "men", "category": "sweatshirts", "color": "off-white off-white off-white off-white off-white off-white off white off white off white charcoal gray", "product_url": "https://www.lanecrawford.com/pdp/ARK527", "thumbnail_url": ["http://d1q9qhpdr6ehzh.cloudfront.net/6e4b6260417a545e97fc23baca4152c3"], "chatbot_image": "http://media.lanecrawford.com/A/R/K/ARK527_in_xl.jpg,http://media.lanecrawford.com/A/R/K/ARK527_bk_xl.jpg,http://media.lanecrawford.com/A/R/K/ARK527_4_xl.jpg,http://media.lanecrawford.com/A/R/K/ARK527_ro_xl.jpg", "unique_id": "0c61e5d8101e483a8efa82fda7a5f1b4", "trending_score": "0.0", "price": 3300.0, "discounted_price": 1320.0, "currency": "HKD", "product_code": "ARK527", "affinity_score": 0.0, "brand": "FENG CHEN WANG", "store": "v_lane_crawford", "streamoid_urls": null}, {"title": "Colorblock Fleece Hoodie", "gender": "men", "category": "sweatshirts", "color": "light-gray light-gray light-gray light-gray light-gray light-gray light gray light gray light gray light gray", "product_url": "https://www.forever21.in/p/colorblock-fleece-hoodie-323075.html", "thumbnail_url": ["http://d1q9qhpdr6ehzh.cloudfront.net/9db88526383314ba02dd3adf9f9b5cb7"], "chatbot_image": "https://forever21.imgix.net/img/app/product/3/323075-1518521-large.jpg,https://forever21.imgix.net/img/app/product/3/323075-1518522-large.jpg,https://forever21.imgix.net/img/app/product/3/323075-1518523-large.jpg,https://forever21.imgix.net/img/app/product/3/323075-1518524-large.jpg,https://forever21.imgix.net/img/app/product/3/323075-1518520.jpg", "unique_id": "6958ae5bbb4d415faf3b3544e72cdcc8", "trending_score": "0.0", "price": 1399.0, "discounted_price": 1399.0, "currency": "INR", "product_code": "323075", "affinity_score": 0.0, "brand": "forever21", "store": "v_forever21", "streamoid_urls": null}, {"title": "Stripe sleeve crewneck sweatshirt", "gender": "men", "category": "sweatshirts", "color": "gray gray gray gray gray gray gray gray gray gray", "product_url": "https://www.lanecrawford.com/pdp/BLI822", "thumbnail_url": ["http://d1q9qhpdr6ehzh.cloudfront.net/5cfd3d7d81568f6abc40790b5f550149"], "chatbot_image": "http://media.lanecrawford.com/B/L/I/BLI822_in_xl.jpg,http://media.lanecrawford.com/B/L/I/BLI822_bk_xl.jpg,http://media.lanecrawford.com/B/L/I/BLI822_4_xl.jpg,http://media.lanecrawford.com/B/L/I/BLI822_ro_xl.jpg", "unique_id": "207b9b3c2a494f4c99cbc53b6772a404", "trending_score": "0.0", "price": 4600.0, "discounted_price": 4600.0, "currency": "HKD", "product_code": "BLI822", "affinity_score": 0.0, "brand": "THOM BROWNE", "store": "v_lane_crawford", "streamoid_urls": null}, {"title": "Every FG Pullover Hoodie", "gender": "men", "category": "sweatshirts", "color": "black black black black black black charcoal gray charcoal gray charcoal gray charcoal gray", "product_url": "https://www.lanecrawford.com/pdp/AUR915", "thumbnail_url": ["http://d1q9qhpdr6ehzh.cloudfront.net/38a4a00eb28341fa18a263b006699bae"], "chatbot_image": "http://media.lanecrawford.com/A/U/R/AUR915_in_xl.jpg,http://media.lanecrawford.com/A/U/R/AUR915_bk_xl.jpg,http://media.lanecrawford.com/A/U/R/AUR915_4_xl.jpg,http://media.lanecrawford.com/A/U/R/AUR915_ro_xl.jpg", "unique_id": "00af940c7d454280b3a8443f798989b6", "trending_score": "0.0", "price": 6550.0, "discounted_price": 6550.0, "currency": "HKD", "product_code": "AUR915", "affinity_score": 0.0, "brand": "FEAR OF GOD", "store": "v_lane_crawford", "streamoid_urls": null}, {"title": "Logo embroidered hoodie", "gender": "men", "category": "sweatshirts", "color": "black black black black black black black black black black", "product_url": "https://www.lanecrawford.com/pdp/AUL612", "thumbnail_url": ["http://d1q9qhpdr6ehzh.cloudfront.net/0c309f3f9cf07ee9d29e0d0a88ece9c9"], "chatbot_image": "http://media.lanecrawford.com/A/U/L/AUL612_in_xl.jpg,http://media.lanecrawford.com/A/U/L/AUL612_bk_xl.jpg,http://media.lanecrawford.com/A/U/L/AUL612_1_xl.jpg,http://media.lanecrawford.com/A/U/L/AUL612_4_xl.jpg,http://media.lanecrawford.com/A/U/L/AUL612_ro_xl.jpg", "unique_id": "1e61a4113f1e49c18cdf69de1f93a478", "trending_score": "0.0", "price": 3700.0, "discounted_price": 1480.0, "currency": "HKD", "product_code": "AUL612", "affinity_score": 0.0, "brand": "MINOTAUR", "store": "v_lane_crawford", "streamoid_urls": null}, {"title": "Logo slogan print hoodie", "gender": "men", "category": "sweatshirts", "color": "blue blue blue blue blue blue sky blue sky blue sky blue sky blue", "product_url": "https://www.lanecrawford.com.cn/pdp/ARJ497", "thumbnail_url": ["http://d1q9qhpdr6ehzh.cloudfront.net/5c9080476a2d981762f2a78c2d894f65"], "chatbot_image": "http://media.lanecrawford.com.cn/A/R/J/ARJ497_in_xl.jpg,http://media.lanecrawford.com.cn/A/R/J/ARJ497_bk_xl.jpg,http://media.lanecrawford.com.cn/A/R/J/ARJ497_4_xl.jpg,http://media.lanecrawford.com.cn/A/R/J/ARJ497_ro_xl.jpg", "unique_id": "1af7cc66e17d4945b6114d277531589c", "trending_score": "0.0", "price": 2600.0, "discounted_price": 1300.0, "currency": "RMB", "product_code": "ARJ497", "affinity_score": 0.0, "brand": "WOOYOUNGMI", "store": "v_lane_crawford", "streamoid_urls": null}, {"title": "Neon stitch drop shoulder hoodie", "gender": "men", "category": "sweatshirts", "color": "white white white white white white off white off white off white off white", "product_url": "https://www.lanecrawford.com/pdp/AVJ015", "thumbnail_url": ["http://d1q9qhpdr6ehzh.cloudfront.net/9ac6186942ed8354841e16012ad14db0"], "chatbot_image": "http://media.lanecrawford.com/A/V/J/AVJ015_in_xl.jpg,http://media.lanecrawford.com/A/V/J/AVJ015_bk_xl.jpg,http://media.lanecrawford.com/A/V/J/AVJ015_4_xl.jpg,http://media.lanecrawford.com/A/V/J/AVJ015_ro_xl.jpg", "unique_id": "1caa928230bc4b4ba54291d94c26c221", "trending_score": "0.0", "price": 3470.0, "discounted_price": 3470.0, "currency": "HKD", "product_code": "AVJ015", "affinity_score": 0.0, "brand": "WOOYOUNGMI", "store": "v_lane_crawford", "streamoid_urls": null}, {"title": "Cotton Crew Neck Sweatshirt", "gender": "men", "category": "sweatshirts", "color": "light-gray light-gray light-gray light-gray light-gray light-gray silver silver silver silver", "product_url": "https://www.marksandspencer.com/cotton-crew-neck-sweatshirt/p/clp60258664?color=GREY#intid=prodColourId-60265596", "thumbnail_url": ["http://d1q9qhpdr6ehzh.cloudfront.net/40dc2940eaec4e754a7a36e9d6f26bab"], "chatbot_image": "https://asset1.cxnmarksandspencer.com/is/image/mands/Cotton-Crew-Neck-Sweatshirt-1/SD_03_T28_1132M_T0_X_EC_0?%24PDP_INT_IMAGEGRID_1_LG%24%20%20%20,https://asset1.cxnmarksandspencer.com/is/image/mands/Cotton-Crew-Neck-Sweatshirt-4/SD_03_T28_1132M_T0_X_EC_2?%24PDP_INT_IMAGEGRID_1_LG%24%20%20%20", "unique_id": "1c166e5d31864cb783a26862035bc2ec", "trending_score": "0.0", "price": 0.0, "discounted_price": 0.0, "currency": "INR", "product_code": "40dc2940eaec4e754a7a36e9d6f26bab_marksandspencer_com", "affinity_score": 0.0, "brand": "M&S Collection", "store": "marksandspencer_com", "streamoid_urls": null}, {"title": "Colorblock Varsity Striped Pullover", "gender": "men", "category": "sweatshirts", "color": "multicolor red red red red red red post box red post box red post box red", "product_url": "https://www.forever21.in/p/colorblock-varsity-striped-pullover-323450.html", "thumbnail_url": ["http://d1q9qhpdr6ehzh.cloudfront.net/f315264b1970214bbb1bff47a83e3d0c"], "chatbot_image": "https://forever21.imgix.net/img/app/product/3/323450-1519694-large.jpg,https://forever21.imgix.net/img/app/product/3/323450-1519695-large.jpg,https://forever21.imgix.net/img/app/product/3/323450-1519696-large.jpg,https://forever21.imgix.net/img/app/product/3/323450-1519697-large.jpg,https://forever21.imgix.net/img/app/product/3/323450-1519693.jpg", "unique_id": "2a3827450c064770989faaa6389b75cd", "trending_score": "0.0", "price": 1999.0, "discounted_price": 1999.0, "currency": "INR", "product_code": "323450", "affinity_score": 0.0, "brand": "forever21", "store": "v_forever21", "streamoid_urls": null}, {"title": "'Birdseye' contrast border wool-cashmere sweatshirt", "gender": "men", "category": "sweatshirts", "color": "mauve mauve mauve mauve mauve mauve mauve mauve mauve mauve", "product_url": "https://www.lanecrawford.com/pdp/AVJ025", "thumbnail_url": ["http://d1q9qhpdr6ehzh.cloudfront.net/743ff87c0f816c4cf6a7c25c424955ac"], "chatbot_image": "http://media.lanecrawford.com/A/V/J/AVJ025_in_xl.jpg,http://media.lanecrawford.com/A/V/J/AVJ025_bk_xl.jpg,http://media.lanecrawford.com/A/V/J/AVJ025_4_xl.jpg,http://media.lanecrawford.com/A/V/J/AVJ025_ro_xl.jpg", "unique_id": "126cd55c636049fdb6060a6d8e989fe3", "trending_score": "0.0", "price": 2150.0, "discounted_price": 2150.0, "currency": "HKD", "product_code": "AVJ025", "affinity_score": 0.0, "brand": "VINCE", "store": "v_lane_crawford", "streamoid_urls": null}, {"title": "'Temperature Control' logo print hoodie", "gender": "men", "category": "sweatshirts", "color": "black black black black black black black black black black", "product_url": "https://www.lanecrawford.com/pdp/AUL613", "thumbnail_url": ["http://d1q9qhpdr6ehzh.cloudfront.net/b4630c86a41bda4797307a32e18e4ffe"], "chatbot_image": "http://media.lanecrawford.com/A/U/L/AUL613_in_xl.jpg,http://media.lanecrawford.com/A/U/L/AUL613_bk_xl.jpg,http://media.lanecrawford.com/A/U/L/AUL613_4_xl.jpg,http://media.lanecrawford.com/A/U/L/AUL613_ro_xl.jpg", "unique_id": "0ba0809cdff44ae9a24115b23ac48891", "trending_score": "0.0", "price": 2050.0, "discounted_price": 820.0, "currency": "HKD", "product_code": "AUL613", "affinity_score": 0.0, "brand": "MINOTAUR", "store": "v_lane_crawford", "streamoid_urls": null}, {"title": "Lion embroidered coordinate print sweatshirt", "gender": "men", "category": "sweatshirts", "color": "dark-brown dark-brown dark-brown dark-brown dark-brown dark-brown black black black black", "product_url": "https://www.lanecrawford.com.cn/pdp/AQW380", "thumbnail_url": ["http://d1q9qhpdr6ehzh.cloudfront.net/96ec38d5b67a85bdffe6fa6e3d42dd8d"], "chatbot_image": "http://media.lanecrawford.com.cn/A/Q/W/AQW380_in_xl.jpg,http://media.lanecrawford.com.cn/A/Q/W/AQW380_bk_xl.jpg,http://media.lanecrawford.com.cn/A/Q/W/AQW380_4_xl.jpg,http://media.lanecrawford.com.cn/A/Q/W/AQW380_ro_xl.jpg", "unique_id": "2f1d4fcdd1464241a674815b66e5094c", "trending_score": "0.0", "price": 1700.0, "discounted_price": 680.0, "currency": "RMB", "product_code": "AQW380", "affinity_score": 0.0, "brand": "DENHAM", "store": "v_lane_crawford", "streamoid_urls": null}, {"title": "'Amherst' contrast panel knit hoodie", "gender": "men", "category": "sweatshirts", "color": "black black black black black black black black black black", "product_url": "https://www.lanecrawford.com/pdp/ARU467", "thumbnail_url": ["http://d1q9qhpdr6ehzh.cloudfront.net/0b0a3e2909570c3683c20a4040453720"], "chatbot_image": "http://media.lanecrawford.com/A/R/U/ARU467_in_xl.jpg,http://media.lanecrawford.com/A/R/U/ARU467_bk_xl.jpg,http://media.lanecrawford.com/A/R/U/ARU467_4_xl.jpg,http://media.lanecrawford.com/A/R/U/ARU467_ro_xl.jpg", "unique_id": "3afcef593cf6424ca88e6a2152bf4ff4", "trending_score": "0.0", "price": 3400.0, "discounted_price": 3400.0, "currency": "HKD", "product_code": "ARU467", "affinity_score": 0.0, "brand": "CANADA GOOSE", "store": "v_lane_crawford", "streamoid_urls": null}, {"title": "'Vintage' Supima\u00c2\u00ae cotton zip hoodie", "gender": "men", "category": "sweatshirts", "color": "black black black black black black black black black black", "product_url": "https://www.lanecrawford.com/pdp/ALE659", "thumbnail_url": ["http://d1q9qhpdr6ehzh.cloudfront.net/abd5e625ffc6c3ce551e66b89048507f"], "chatbot_image": "http://media.lanecrawford.com/A/L/E/ALE659_in_xl.jpg,http://media.lanecrawford.com/A/L/E/ALE659_bk_xl.jpg,http://media.lanecrawford.com/A/L/E/ALE659_4_xl.jpg,http://media.lanecrawford.com/A/L/E/ALE659_ro_xl.jpg", "unique_id": "1d6b6797bdd8415997dabe91ded1c738", "trending_score": "0.0", "price": 1700.0, "discounted_price": 1700.0, "currency": "HKD", "product_code": "ALE659", "affinity_score": 0.0, "brand": "JAMES PERSE", "store": "v_lane_crawford", "streamoid_urls": null}, {"title": "Cotton Crew Neck Sweatshirt", "gender": "men", "category": "sweatshirts", "color": "beige beige beige beige beige beige beige beige beige beige", "product_url": "https://www.marksandspencer.com/cotton-crew-neck-sweatshirt/p/clp60258664?color=WINTERWHITE#intid=prodColourId-60456840", "thumbnail_url": ["http://d1q9qhpdr6ehzh.cloudfront.net/ff7831823f4562731cd0e4800d08a3e1"], "chatbot_image": "https://asset1.cxnmarksandspencer.com/is/image/mands/Cotton-Crew-Neck-Sweatshirt-1/SD_03_T28_1132M_SW_X_EC_0?%24PDP_INT_IMAGEGRID_1_LG%24%20%20%20,https://asset1.cxnmarksandspencer.com/is/image/mands/Cotton-Crew-Neck-Sweatshirt-4/SD_03_T28_1132M_SW_X_EC_2?%24PDP_INT_IMAGEGRID_1_LG%24%20%20%20", "unique_id": "b98af59ee5224985aa69f48db60d1af0", "trending_score": "0.0", "price": 0.0, "discounted_price": 0.0, "currency": "INR", "product_code": "ff7831823f4562731cd0e4800d08a3e1_marksandspencer_com", "affinity_score": 0.0, "brand": "M&S Collection", "store": "marksandspencer_com", "streamoid_urls": null}, {"title": "Slogan sunglasses embroidered organic cotton unisex sweatshirt", "gender": "men", "category": "sweatshirts", "color": "white white white white white white light gray light gray light gray light gray", "product_url": "https://www.lanecrawford.com.cn/pdp/ARK056", "thumbnail_url": ["http://d1q9qhpdr6ehzh.cloudfront.net/5f1d1d37441fd1b7cffd1ca3089c2c34"], "chatbot_image": "http://media.lanecrawford.com.cn/A/R/K/ARK056_in_xl.jpg,http://media.lanecrawford.com.cn/A/R/K/ARK056_2_xl.jpg,http://media.lanecrawford.com.cn/A/R/K/ARK056_3_xl.jpg,http://media.lanecrawford.com.cn/A/R/K/ARK056_4_xl.jpg", "unique_id": "28bf773ac946453ea06732ca944b4562", "trending_score": "0.0", "price": 1550.0, "discounted_price": 465.0, "currency": "RMB", "product_code": "ARK056", "affinity_score": 0.0, "brand": "YEAH RIGHT NYC", "store": "v_lane_crawford", "streamoid_urls": null}, {"title": "Logo print cotton sweatshirt", "gender": "men", "category": "sweatshirts", "color": "blue blue blue blue blue blue powder blue powder blue powder blue powder blue", "product_url": "https://www.lanecrawford.com/pdp/AVO413", "thumbnail_url": ["http://d1q9qhpdr6ehzh.cloudfront.net/c48e10d891c71e6961924928fd6fea01"], "chatbot_image": "http://media.lanecrawford.com/A/V/O/AVO413_in_xl.jpg,http://media.lanecrawford.com/A/V/O/AVO413_bk_xl.jpg,http://media.lanecrawford.com/A/V/O/AVO413_4_xl.jpg,http://media.lanecrawford.com/A/V/O/AVO413_ro_xl.jpg", "unique_id": "4bbabef9f42c4fd89f588f2a9d38ac8b", "trending_score": "0.0", "price": 1300.0, "discounted_price": 1300.0, "currency": "HKD", "product_code": "AVO413", "affinity_score": 0.0, "brand": "AFFIX", "store": "v_lane_crawford", "streamoid_urls": null}, {"title": "'The Face' print knit hoodie", "gender": "men", "category": "sweatshirts", "color": "gray gray gray gray gray gray gray gray gray gray", "product_url": "https://www.lanecrawford.com/pdp/ARH233", "thumbnail_url": ["http://d1q9qhpdr6ehzh.cloudfront.net/400a40eb2463559eb1d1e9262df3f8b3"], "chatbot_image": "http://media.lanecrawford.com/A/R/H/ARH233_in_xl.jpg,http://media.lanecrawford.com/A/R/H/ARH233_bk_xl.jpg,http://media.lanecrawford.com/A/R/H/ARH233_4_xl.jpg,http://media.lanecrawford.com/A/R/H/ARH233_ro_xl.jpg", "unique_id": "0f8cdc477bef45c2b1b33fc119965ab1", "trending_score": "0.0", "price": 11200.0, "discounted_price": 11200.0, "currency": "HKD", "product_code": "ARH233", "affinity_score": 0.0, "brand": "GUCCI", "store": "v_lane_crawford", "streamoid_urls": null}, {"title": "'Malibu' slogan print hoodie", "gender": "men", "category": "sweatshirts", "color": "khaki khaki khaki khaki khaki khaki tan tan tan tan", "product_url": "https://www.lanecrawford.com/pdp/BKK883", "thumbnail_url": ["http://d1q9qhpdr6ehzh.cloudfront.net/fc7a85d0aa53fb5d7e40a8ea52d452ef"], "chatbot_image": "http://media.lanecrawford.com/B/K/K/BKK883_in_xl.jpg,http://media.lanecrawford.com/B/K/K/BKK883_bk_xl.jpg,http://media.lanecrawford.com/B/K/K/BKK883_4_xl.jpg,http://media.lanecrawford.com/B/K/K/BKK883_ro_xl.jpg", "unique_id": "0d96fa10268248d19e3fc4a6d4eeb625", "trending_score": "0.0", "price": 6290.0, "discounted_price": 6290.0, "currency": "HKD", "product_code": "BKK883", "affinity_score": 0.0, "brand": "SAINT LAURENT", "store": "v_lane_crawford", "streamoid_urls": null}, {"title": "Velour raglan sweatshirt", "gender": "men", "category": "sweatshirts", "color": "gray gray gray gray gray gray gray gray gray gray", "product_url": "https://www.lanecrawford.com.cn/pdp/ARO603", "thumbnail_url": ["http://d1q9qhpdr6ehzh.cloudfront.net/930ef195feeec1260c1017a01717e44c"], "chatbot_image": "http://media.lanecrawford.com.cn/A/R/O/ARO603_in_xl.jpg,http://media.lanecrawford.com.cn/A/R/O/ARO603_bk_xl.jpg,http://media.lanecrawford.com.cn/A/R/O/ARO603_4_xl.jpg,http://media.lanecrawford.com.cn/A/R/O/ARO603_ro_xl.jpg", "unique_id": "4856252fc75f4be084a2358f0867f816", "trending_score": "0.0", "price": 2900.0, "discounted_price": 1450.0, "currency": "RMB", "product_code": "ARO603", "affinity_score": 0.0, "brand": "3.1 PHILLIP LIM", "store": "v_lane_crawford", "streamoid_urls": null}, {"title": "Contrast border sweatshirt", "gender": "men", "category": "sweatshirts", "color": "multicolor light-gray light-gray light-gray light-gray light-gray light-gray slate gray slate gray slate gray", "product_url": "https://www.lanecrawford.com/pdp/AQX618", "thumbnail_url": ["http://d1q9qhpdr6ehzh.cloudfront.net/52b40cf84ac7d0f855f37ad429302fba"], "chatbot_image": "http://media.lanecrawford.com/A/Q/X/AQX618_in_xl.jpg,http://media.lanecrawford.com/A/Q/X/AQX618_bk_xl.jpg,http://media.lanecrawford.com/A/Q/X/AQX618_ro_xl.jpg", "unique_id": "109d62c330b54d4fa4b5c29d51350849", "trending_score": "0.0", "price": 3700.0, "discounted_price": 1110.0, "currency": "HKD", "product_code": "AQX618", "affinity_score": 0.0, "brand": "CHRISTIAN KIMBER", "store": "v_lane_crawford", "streamoid_urls": null}, {"title": "UFO colourblock panel sweatshirt", "gender": "men", "category": "sweatshirts", "color": "blue blue blue blue blue blue powder blue powder blue powder blue powder blue", "product_url": "https://www.lanecrawford.com/pdp/AUX456", "thumbnail_url": ["http://d1q9qhpdr6ehzh.cloudfront.net/a0cb8bcf6cc11bcd9deae6a99904e644"], "chatbot_image": "http://media.lanecrawford.com/A/U/X/AUX456_in_xl.jpg,http://media.lanecrawford.com/A/U/X/AUX456_bk_xl.jpg,http://media.lanecrawford.com/A/U/X/AUX456_4_xl.jpg,http://media.lanecrawford.com/A/U/X/AUX456_ro_xl.jpg", "unique_id": "25d868f9bad2474a97891de1dc5fbf76", "trending_score": "0.0", "price": 1990.0, "discounted_price": 1990.0, "currency": "HKD", "product_code": "AUX456", "affinity_score": 0.0, "brand": "PS PAUL SMITH", "store": "v_lane_crawford", "streamoid_urls": null}, {"title": "Interlock logo print hoodie", "gender": "men", "category": "sweatshirts", "color": "beige beige beige beige beige beige beige beige beige beige", "product_url": "https://www.lanecrawford.com.cn/pdp/BKJ050", "thumbnail_url": ["http://d1q9qhpdr6ehzh.cloudfront.net/62f1193631e736cb0efe4fd141a61381"], "chatbot_image": "http://media.lanecrawford.com.cn/B/K/J/BKJ050_in_xl.jpg,http://media.lanecrawford.com.cn/B/K/J/BKJ050_bk_xl.jpg,http://media.lanecrawford.com.cn/B/K/J/BKJ050_4_xl.jpg,http://media.lanecrawford.com.cn/B/K/J/BKJ050_ro_xl.jpg", "unique_id": "11cc7d2fb42d486d9a5913423f40607a", "trending_score": "0.0", "price": 9000.0, "discounted_price": 9000.0, "currency": "RMB", "product_code": "BKJ050", "affinity_score": 0.0, "brand": "GUCCI", "store": "v_lane_crawford", "streamoid_urls": null}, {"title": "Cotton Zip Up Hoodie", "gender": "men", "category": "sweatshirts", "color": "light-gray light-gray light-gray light-gray light-gray light-gray gray gray gray", "product_url": "https://www.marksandspencer.com/cotton-zip-through-hoodie/p/clp60265593?color=GREYMIX#intid=prodColourId-60265593", "thumbnail_url": ["http://d1q9qhpdr6ehzh.cloudfront.net/e14786aef2932f1fff58521ed0683fbc"], "chatbot_image": "https://asset1.cxnmarksandspencer.com/is/image/mands/Cotton-Zip-Up-Hoodie-1/SD_03_T28_1140M_T4_X_EC_0?%24PDP_INT_IMAGEGRID_1_LG%24%20%20%20", "unique_id": "6ffcfdda267e4846bb2449d30cac7cc1", "trending_score": "0.0", "price": 0.0, "discounted_price": 0.0, "currency": "INR", "product_code": "e14786aef2932f1fff58521ed0683fbc_marksandspencer_com", "affinity_score": 0.0, "brand": "M&S Collection", "store": "marksandspencer_com", "streamoid_urls": null}, {"title": "Cotton Crew Neck Sweatshirt", "gender": "men", "category": "sweatshirts", "color": "rust rust rust rust rust rust rust rust rust rust", "product_url": "https://www.marksandspencer.com/cotton-crew-neck-sweatshirt/p/clp60258664?color=ORANGE#intid=prodColourId-60456836", "thumbnail_url": ["http://d1q9qhpdr6ehzh.cloudfront.net/ac26ebdd203958fac98c74683d1b3de5"], "chatbot_image": "https://asset1.cxnmarksandspencer.com/is/image/mands/Cotton-Crew-Neck-Sweatshirt-1/SD_03_T28_1132M_P0_X_EC_0?%24PDP_INT_IMAGEGRID_1_LG%24%20%20%20", "unique_id": "7b89cbfa2e6a42cc93d2a7b29af38465", "trending_score": "0.0", "price": 0.0, "discounted_price": 0.0, "currency": "INR", "product_code": "ac26ebdd203958fac98c74683d1b3de5_marksandspencer_com", "affinity_score": 0.0, "brand": "M&S Collection", "store": "marksandspencer_com", "streamoid_urls": null}, {"title": "Cotton Crew Neck Sweatshirt", "gender": "men", "category": "sweatshirts", "color": "navy navy navy navy navy navy navy navy navy navy", "product_url": "https://www.marksandspencer.com/cotton-crew-neck-sweatshirt/p/clp60258664?color=NAVY#intid=prodColourId-60456835", "thumbnail_url": ["http://d1q9qhpdr6ehzh.cloudfront.net/c10cf2bda5b47fe208df8caf5969e5bd"], "chatbot_image": "https://asset1.cxnmarksandspencer.com/is/image/mands/Cotton-Crew-Neck-Sweatshirt-1/SD_03_T28_1132M_F0_X_EC_0?%24PDP_INT_IMAGEGRID_1_LG%24%20%20%20,https://asset1.cxnmarksandspencer.com/is/image/mands/Cotton-Crew-Neck-Sweatshirt-4/SD_03_T28_1132M_F0_X_EC_2?%24PDP_INT_IMAGEGRID_1_LG%24%20%20%20", "unique_id": "bf17c7931b11400c950f381df262c7f0", "trending_score": "0.0", "price": 0.0, "discounted_price": 0.0, "currency": "INR", "product_code": "c10cf2bda5b47fe208df8caf5969e5bd_marksandspencer_com", "affinity_score": 0.0, "brand": "M&S Collection", "store": "marksandspencer_com", "streamoid_urls": null}, {"title": "Cotton Zip Up Hoodie", "gender": "men", "category": "sweatshirts", "color": "navy navy navy navy navy navy navy navy navy navy", "product_url": "https://www.marksandspencer.com/cotton-zip-through-hoodie/p/clp60265593?color=NAVY#intid=prodColourId-60265593", "thumbnail_url": ["http://d1q9qhpdr6ehzh.cloudfront.net/606aa3f66a936795840a5344dc0af1d5"], "chatbot_image": "https://asset1.cxnmarksandspencer.com/is/image/mands/Cotton-Zip-Up-Hoodie-1/SD_03_T28_1140M_F0_X_EC_0?%24PDP_INT_IMAGEGRID_1_LG%24%20%20%20,https://asset1.cxnmarksandspencer.com/is/image/mands/Cotton-Zip-Up-Hoodie-4/SD_03_T28_1140M_F0_X_EC_1?%24PDP_INT_IMAGEGRID_1_LG%24%20%20%20", "unique_id": "ae57f93b00484381869bb806ef7dc3fe", "trending_score": "0.0", "price": 0.0, "discounted_price": 0.0, "currency": "INR", "product_code": "606aa3f66a936795840a5344dc0af1d5_marksandspencer_com", "affinity_score": 0.0, "brand": "M&S Collection", "store": "marksandspencer_com", "streamoid_urls": null}, {"title": "Drawstring hoodie", "gender": "men", "category": "sweatshirts", "color": "blue blue blue blue blue blue cobalt cobalt cobalt cobalt", "product_url": "https://www.lanecrawford.com/pdp/AUQ854", "thumbnail_url": ["http://d1q9qhpdr6ehzh.cloudfront.net/7aefa675533a30be66e1f6c0da9df62d"], "chatbot_image": "http://media.lanecrawford.com/A/U/Q/AUQ854_in_xl.jpg,http://media.lanecrawford.com/A/U/Q/AUQ854_bk_xl.jpg,http://media.lanecrawford.com/A/U/Q/AUQ854_4_xl.jpg,http://media.lanecrawford.com/A/U/Q/AUQ854_ro_xl.jpg", "unique_id": "4fea416eff954a8d9a8c0205f72cc443", "trending_score": "0.0", "price": 2200.0, "discounted_price": 2200.0, "currency": "HKD", "product_code": "AUQ854", "affinity_score": 0.0, "brand": "EQUIL", "store": "v_lane_crawford", "streamoid_urls": null}, {"title": "Yinyang rat print sweatshirt", "gender": "men", "category": "sweatshirts", "color": "black black black black black black black black black black", "product_url": "https://www.lanecrawford.com/pdp/AVI980", "thumbnail_url": ["http://d1q9qhpdr6ehzh.cloudfront.net/323558fad346410e1da7e164b83e1fc7"], "chatbot_image": "http://media.lanecrawford.com/A/V/I/AVI980_in_xl.jpg,http://media.lanecrawford.com/A/V/I/AVI980_bk_xl.jpg,http://media.lanecrawford.com/A/V/I/AVI980_4_xl.jpg,http://media.lanecrawford.com/A/V/I/AVI980_ro_xl.jpg", "unique_id": "1b3026d62c39430486101c984916eb7b", "trending_score": "0.0", "price": 3050.0, "discounted_price": 3050.0, "currency": "HKD", "product_code": "AVI980", "affinity_score": 0.0, "brand": "RAG & BONE", "store": "v_lane_crawford", "streamoid_urls": null}, {"title": "Lord of the Flies graphic print hoodie", "gender": "men", "category": "sweatshirts", "color": "black black black black black black black black black black", "product_url": "https://www.lanecrawford.com/pdp/AVL500", "thumbnail_url": ["http://d1q9qhpdr6ehzh.cloudfront.net/6122a866cc73a98df43644685d1a9e33"], "chatbot_image": "http://media.lanecrawford.com/A/V/L/AVL500_in_xl.jpg,http://media.lanecrawford.com/A/V/L/AVL500_bk_xl.jpg,http://media.lanecrawford.com/A/V/L/AVL500_4_xl.jpg,http://media.lanecrawford.com/A/V/L/AVL500_ro_xl.jpg", "unique_id": "538bf7487c924b88b4238ca1d2d9c372", "trending_score": "0.0", "price": 6450.0, "discounted_price": 6450.0, "currency": "HKD", "product_code": "AVL500", "affinity_score": 0.0, "brand": "LOEWE", "store": "v_lane_crawford", "streamoid_urls": null}, {"title": "'Team of the Future' jacquard sweater", "gender": "men", "category": "sweatshirts", "color": "black black black black black black black black black black", "product_url": "https://www.lanecrawford.com/pdp/AQW671", "thumbnail_url": ["http://d1q9qhpdr6ehzh.cloudfront.net/36da2ade4ea59b4c43edcc1d20c2e453"], "chatbot_image": "http://media.lanecrawford.com/A/Q/W/AQW671_in_xl.jpg,http://media.lanecrawford.com/A/Q/W/AQW671_bk_xl.jpg,http://media.lanecrawford.com/A/Q/W/AQW671_ro_xl.jpg", "unique_id": "11d9c226529b41a0a59f83d9060685d8", "trending_score": "0.0", "price": 7700.0, "discounted_price": 2310.0, "currency": "HKD", "product_code": "AQW671", "affinity_score": 0.0, "brand": "JUST DON", "store": "v_lane_crawford", "streamoid_urls": null}, {"title": "Logo embossed sweatshirt", "gender": "men", "category": "sweatshirts", "color": "black black black black black black black black black black", "product_url": "https://www.lanecrawford.com/pdp/ALE526", "thumbnail_url": ["http://d1q9qhpdr6ehzh.cloudfront.net/72502a422aea52d10a6cd1b6b69cfee9"], "chatbot_image": "http://media.lanecrawford.com/A/L/E/ALE526_in_xl.jpg,http://media.lanecrawford.com/A/L/E/ALE526_bk_xl.jpg,http://media.lanecrawford.com/A/L/E/ALE526_4_xl.jpg,http://media.lanecrawford.com/A/L/E/ALE526_ro_xl.jpg", "unique_id": "406c3d960a7242878356d8d9268c6435", "trending_score": "0.0", "price": 5400.0, "discounted_price": 5400.0, "currency": "HKD", "product_code": "ALE526", "affinity_score": 0.0, "brand": "VALENTINO", "store": "v_lane_crawford", "streamoid_urls": null}, {"title": "'Star Wars' Stormtrooper print hoodie", "gender": "men", "category": "sweatshirts", "color": "black black black black black black black black black black", "product_url": "https://www.lanecrawford.com/pdp/AVJ443", "thumbnail_url": ["http://d1q9qhpdr6ehzh.cloudfront.net/00006bea6ea29ca094f6008073064b9b"], "chatbot_image": "http://media.lanecrawford.com/A/V/J/AVJ443_in_xl.jpg,http://media.lanecrawford.com/A/V/J/AVJ443_2_xl.jpg,http://media.lanecrawford.com/A/V/J/AVJ443_3_xl.jpg,http://media.lanecrawford.com/A/V/J/AVJ443_4_xl.jpg", "unique_id": "021828793d3a4321b150dc5788a12c55", "trending_score": "0.0", "price": 1850.0, "discounted_price": 1850.0, "currency": "HKD", "product_code": "AVJ443", "affinity_score": 0.0, "brand": "MOSTLY HEARD RARELY SEEN", "store": "v_lane_crawford", "streamoid_urls": null}, {"title": "Postcard print sweatshirt", "gender": "men", "category": "sweatshirts", "color": "black black black black black black black black black black", "product_url": "https://www.lanecrawford.com/pdp/AVJ249", "thumbnail_url": ["http://d1q9qhpdr6ehzh.cloudfront.net/5ab52a4936868adead551614f0238e7b"], "chatbot_image": "http://media.lanecrawford.com/A/V/J/AVJ249_in_xl.jpg,http://media.lanecrawford.com/A/V/J/AVJ249_bk_xl.jpg,http://media.lanecrawford.com/A/V/J/AVJ249_4_xl.jpg,http://media.lanecrawford.com/A/V/J/AVJ249_ro_xl.jpg", "unique_id": "539d74d7843d4a4bbb9b9ba868a0bca6", "trending_score": "0.0", "price": 3690.0, "discounted_price": 3690.0, "currency": "HKD", "product_code": "AVJ249", "affinity_score": 0.0, "brand": "3.1 PHILLIP LIM", "store": "v_lane_crawford", "streamoid_urls": null}, {"title": "Logo print hoodie", "gender": "men", "category": "sweatshirts", "color": "light-gray light-gray light-gray light-gray light-gray light-gray light gray light gray light gray light gray", "product_url": "https://www.lanecrawford.com/pdp/ARH253", "thumbnail_url": ["http://d1q9qhpdr6ehzh.cloudfront.net/fdf23080cd830003587164c86ede5da1"], "chatbot_image": "http://media.lanecrawford.com/A/R/H/ARH253_in_xl.jpg,http://media.lanecrawford.com/A/R/H/ARH253_bk_xl.jpg,http://media.lanecrawford.com/A/R/H/ARH253_4_xl.jpg,http://media.lanecrawford.com/A/R/H/ARH253_ro_xl.jpg", "unique_id": "22b0c33ed2754df79d98264beacb6f61", "trending_score": "0.0", "price": 4950.0, "discounted_price": 1980.0, "currency": "HKD", "product_code": "ARH253", "affinity_score": 0.0, "brand": "BEN TAVERNITI UNRAVEL PROJECT ", "store": "v_lane_crawford", "streamoid_urls": null}, {"title": "Deer GG logo appliqu\u00c3\u00a9 washed hoodie", "gender": "men", "category": "sweatshirts", "color": "off-white off-white off-white off-white off-white off-white light gray light gray light gray light gray", "product_url": "https://www.lanecrawford.com.cn/pdp/ARH240", "thumbnail_url": ["http://d1q9qhpdr6ehzh.cloudfront.net/d765cbcb518406e917af221b4ac1274e"], "chatbot_image": "http://media.lanecrawford.com.cn/A/R/H/ARH240_in_xl.jpg,http://media.lanecrawford.com.cn/A/R/H/ARH240_bk_xl.jpg,http://media.lanecrawford.com.cn/A/R/H/ARH240_4_xl.jpg,http://media.lanecrawford.com.cn/A/R/H/ARH240_ro_xl.jpg", "unique_id": "402c09e248b94e2485d9720e253b62de", "trending_score": "0.0", "price": 10200.0, "discounted_price": 10200.0, "currency": "RMB", "product_code": "ARH240", "affinity_score": 0.0, "brand": "GUCCI", "store": "v_lane_crawford", "streamoid_urls": null}, {"title": "'Birdseye' contrast border wool-cashmere sweatshirt", "gender": "men", "category": "sweatshirts", "color": "charcoal-gray charcoal-gray charcoal-gray charcoal-gray charcoal-gray charcoal-gray black black black black", "product_url": "https://www.lanecrawford.com.cn/pdp/AUB213", "thumbnail_url": ["http://d1q9qhpdr6ehzh.cloudfront.net/3430936190a19da55ced01867308ca05"], "chatbot_image": "http://media.lanecrawford.com.cn/A/U/B/AUB213_in_xl.jpg,http://media.lanecrawford.com.cn/A/U/B/AUB213_bk_xl.jpg,http://media.lanecrawford.com.cn/A/U/B/AUB213_4_xl.jpg,http://media.lanecrawford.com.cn/A/U/B/AUB213_ro_xl.jpg", "unique_id": "29f7a99ac25d4738a2a70da31ecff1c9", "trending_score": "0.0", "price": 2250.0, "discounted_price": 1125.0, "currency": "RMB", "product_code": "AUB213", "affinity_score": 0.0, "brand": "VINCE", "store": "v_lane_crawford", "streamoid_urls": null}], "debug": {"qrm": "", "query_without_qrm": "sweatshirts for men", "solr_query": "( ( ( (meta_comprehensive_category:\"sweatshirts\") ) ) AND ( ( (meta_gender:\"men\") ) ) AND ( ( (meta_department:\"maternity\") OR (meta_department:\"petite\") OR (meta_department:\"plus-size\") OR (meta_department:\"regular\") OR (meta_department:\"tall\") OR (meta_department:\"unknown\") ) ) )^1 ", "graph": [[[{"category": ["sweatshirts"]}, {"gender": ["men"]}, {"department": ["maternity", "petite", "plus-size", "regular", "tall", "unknown"]}]]], "query_without_stopwords": "", "spell_corrected_query": "", "filter": [], "explicit_text": null, "fq": ["availability:1"]}, "numFound": 96, "facets": {"Collar Type": {}, "Ethnicity": {"western": 96}, "Fastening": {"unknown": 52, "zip_at_anywhere": 16, "none": 15, "drawstring_at_back": 10, "drawstring_at_front": 10, "buckle_at_waist": 3, "elastic_at_front": 1, "elastic_at_waist": 1, "zip_at_front": 1}, "Fit": {"regular": 85, "slim": 9, "loose": 2}, "Hemline Length": {"hip": 85, "below-hip": 7, "unknown": 4}, "Material": {"unknown": 50, "cotton": 11, "fleece": 10, "terry": 8, "jacquard": 1, "velour": 1}, "Neck Type": {}, "Primary Fibre": {"cotton": 43, "unknown": 34, "wool": 4}, "Print Type": {"solid": 30, "other-graphic": 26, "graphic": 16, "colour-block": 9, "other-stripes": 3, "stripes": 3, "abstract": 2, "branding": 2, "conversational": 2, "tie-dye": 2, "camo": 1}, "Shoulder Type": {"regular": 72, "dropped": 20, "extended": 4}, "Silhouette": {"unknown": 81}, "Sleeve Length": {"full": 92, "sleeveless": 2, "three-fourth": 1, "unknown": 1}, "Treatment": {"ripped": 56, "unknown": 24, "other-wash": 1}, "Type": {"basic": 36, "basic-hoodie": 36, "zip-front-hoodie": 15, "pullover": 4, "zip-front": 3, "open-front": 2}, "Color": {"black": 25, "light-gray": 13, "navy": 11, "blue": 7, "gray": 4, "off-white": 4, "white": 4, "red": 3, "rust": 3, "beige": 2, "brown": 2, "charcoal-gray": 2, "green": 2, "maroon": 2, "orange": 2, "turquoise": 2, "dark-brown": 1, "khaki": 1, "light-blue": 1, "mauve": 1, "mustard": 1, "nude": 1, "pink": 1, "purple": 1}, "Neck Shape": {"none": 58, "round": 37, "v": 1}, "Neck Style": {"hood": 51, "crew": 37, "button-down": 3, "cowl": 3, "baseball": 2}, "gender": {"men": 96}, "category": {"sweatshirts": 96}, "occasion type": {"everyday": 93, "elevated": 2, "activewear": 1}, "Workindustry": {}, "Age": {}, "neck": {}, "arms": {}, "waist": {}, "stomach": {}, "shoulder": {}, "brand": {"all online store": 15, "forever21": 13, "M&S Collection": 11, "MOSTLY HEARD RARELY SEEN": 7, "GUCCI": 4, "EQUIL": 3, "PS PAUL SMITH": 3, "THOM BROWNE": 3, "3.1 PHILLIP LIM": 2, "AFFIX": 2, "AMIRI": 2, "JUST DON": 2, "MINOTAUR": 2, "VINCE": 2, "WOOYOUNGMI": 2, "ALEXANDER MCQUEEN": 1, "BALMAIN": 1, "BEN TAVERNITI UNRAVEL PROJECT ": 1, "BLACKBARRETT": 1, "CANADA GOOSE": 1, "CHRISTIAN KIMBER": 1, "DENHAM": 1, "FEAR OF GOD": 1, "FENG CHEN WANG": 1, "HELMUT LANG": 1, "INDICE STUDIO": 1, "JAMES PERSE": 1, "LOEWE": 1, "MARTINE ROSE": 1, "MONCLER": 1, "NEIL BARRETT": 1, "RAG & BONE": 1, "SACAI": 1, "SAINT LAURENT": 1, "SATISFY": 1, "VALENTINO": 1, "VERSACE": 1, "YEAH RIGHT NYC": 1}, "sub_brand": {"forever21": 13}, "Department": {"regular": 81, "plus-size": 15}, "activity": {"college-look": 93, "airport-look": 60, "hang-outs": 59, "adventure-holiday": 58, "errands": 58, "lounging": 58, "work-from-home": 58, "leisure-holiday": 42, "concert": 2, "high-street-look": 2, "gym-and-running": 1, "tennis": 1, "yoga": 1}}, "isFashionQuery": true, "spell_corrected_query": "", "query_without_stopwords": "", "final_query": "", "message": ""}