{"products": [{"title": "Marble Effect Square Sunglasses", "gender": "unknown", "category": "unknown", "color": "unknown unknown unknown unknown unknown unknown pearl pearl pearl pearl", "product_url": "https://www.forever21.in/p/marble-effect-square-sunglasses-322954.html", "thumbnail_url": ["http://d1q9qhpdr6ehzh.cloudfront.net/9b60d744bcd01bda591a744e35df58e4"], "chatbot_image": "https://forever21.imgix.net/img/app/product/3/322954-1597713-large.jpg,https://forever21.imgix.net/img/app/product/3/322954-1597714-large.jpg,https://forever21.imgix.net/img/app/product/3/322954-1597715-large.jpg,https://forever21.imgix.net/img/app/product/3/322954-1597716-large.jpg,https://forever21.imgix.net/img/app/product/3/322954-1597712.jpg", "unique_id": "7237643529c648b396cd5d5dbc0eec73", "trending_score": "0.0", "price": 699.0, "discounted_price": 350.0, "currency": "INR", "product_code": "322954", "affinity_score": 0.0, "brand": "forever21", "store": "v_forever21", "streamoid_urls": null}, {"title": "Round Ombre Sunglasses", "gender": "unknown", "category": "unknown", "color": "unknown unknown unknown unknown unknown unknown pearl pearl pearl pearl", "product_url": "https://www.forever21.in/p/round-ombre-sunglasses-323117.html", "thumbnail_url": ["http://d1q9qhpdr6ehzh.cloudfront.net/321e1dd75ec9aed759b4027ecd4de4b5"], "chatbot_image": "https://forever21.imgix.net/img/app/product/3/323117-1638978-large.jpg,https://forever21.imgix.net/img/app/product/3/323117-1638979-large.jpg,https://forever21.imgix.net/img/app/product/3/323117-1638980-large.jpg,https://forever21.imgix.net/img/app/product/3/323117-1638981-large.jpg,https://forever21.imgix.net/img/app/product/3/323117-1638982-large.jpg,https://forever21.imgix.net/img/app/product/3/323117-1638977.jpg", "unique_id": "29d957a643af4fe8b72d0e326f944a18", "trending_score": "0.0", "price": 499.0, "discounted_price": 499.0, "currency": "INR", "product_code": "323117", "affinity_score": 0.0, "brand": "forever21", "store": "v_forever21", "streamoid_urls": null}, {"title": "Capped Cateye Sunglasses", "gender": "unknown", "category": "unknown", "color": "multicolor unknown unknown unknown unknown unknown unknown hazelnut hazelnut hazelnut", "product_url": "https://www.forever21.in/p/capped-cateye-sunglasses-323669.html", "thumbnail_url": ["http://d1q9qhpdr6ehzh.cloudfront.net/d0276d724214db1ae4fa99a45a4888fd"], "chatbot_image": "https://forever21.imgix.net/img/app/product/3/323669-1623988-large.jpg,https://forever21.imgix.net/img/app/product/3/323669-1623989-large.jpg,https://forever21.imgix.net/img/app/product/3/323669-1623990-large.jpg,https://forever21.imgix.net/img/app/product/3/323669-1623991-large.jpg,https://forever21.imgix.net/img/app/product/3/323669-1623992-large.jpg,https://forever21.imgix.net/img/app/product/3/323669-1623987.jpg", "unique_id": "aa5a2b49519a4e68afb5e4d32cbf72d0", "trending_score": "0.0", "price": 799.0, "discounted_price": 400.0, "currency": "INR", "product_code": "323669", "affinity_score": 0.0, "brand": "forever21", "store": "v_forever21", "streamoid_urls": null}, {"title": "Round Cateye Sunglasses", "gender": "unknown", "category": "unknown", "color": "unknown unknown unknown unknown unknown unknown black black black black", "product_url": "https://www.forever21.in/p/round-cateye-sunglasses-323747.html", "thumbnail_url": ["http://d1q9qhpdr6ehzh.cloudfront.net/2ac4091cfa49337b27e282d67b281687"], "chatbot_image": "https://forever21.imgix.net/img/app/product/3/323747-1607121-large.jpg,https://forever21.imgix.net/img/app/product/3/323747-1607122-large.jpg,https://forever21.imgix.net/img/app/product/3/323747-1607123-large.jpg,https://forever21.imgix.net/img/app/product/3/323747-1607124-large.jpg,https://forever21.imgix.net/img/app/product/3/323747-1607125-large.jpg,https://forever21.imgix.net/img/app/product/3/323747-1607126-large.jpg,https://forever21.imgix.net/img/app/product/3/323747-1607120.jpg", "unique_id": "8a319164ef0349ada917798af836f35e", "trending_score": "0.0", "price": 799.0, "discounted_price": 799.0, "currency": "INR", "product_code": "323747", "affinity_score": 0.0, "brand": "forever21", "store": "v_forever21", "streamoid_urls": null}, {"title": "Cat Eye Mirrored Sunglasses", "gender": "unknown", "category": "unknown", "color": "unknown unknown unknown unknown unknown unknown chocolate chocolate chocolate chocolate", "product_url": "https://www.forever21.in/p/cat-eye-mirrored-sunglasses-323619.html", "thumbnail_url": ["http://d1q9qhpdr6ehzh.cloudfront.net/91d81e274ae14954e1af2ce261f08d97"], "chatbot_image": "https://forever21.imgix.net/img/app/product/3/323619-1620692-large.jpg,https://forever21.imgix.net/img/app/product/3/323619-1620693-large.jpg,https://forever21.imgix.net/img/app/product/3/323619-1620694-large.jpg,https://forever21.imgix.net/img/app/product/3/323619-1620695-large.jpg,https://forever21.imgix.net/img/app/product/3/323619-1620696-large.jpg,https://forever21.imgix.net/img/app/product/3/323619-1620691.jpg", "unique_id": "9553fa931c2c4b029f11845e724e0058", "trending_score": "0.0", "price": 699.0, "discounted_price": 350.0, "currency": "INR", "product_code": "323619", "affinity_score": 0.0, "brand": "forever21", "store": "v_forever21", "streamoid_urls": null}, {"title": "Round Ombre Sunglasses", "gender": "unknown", "category": "unknown", "color": "unknown unknown unknown unknown unknown unknown black black black black", "product_url": "https://www.forever21.in/p/round-ombre-sunglasses-323071.html", "thumbnail_url": ["http://d1q9qhpdr6ehzh.cloudfront.net/e65a2f23626e23d4496cfd8bf8a85741"], "chatbot_image": "https://forever21.imgix.net/img/app/product/3/323071-1638972-large.jpg,https://forever21.imgix.net/img/app/product/3/323071-1638973-large.jpg,https://forever21.imgix.net/img/app/product/3/323071-1638974-large.jpg,https://forever21.imgix.net/img/app/product/3/323071-1638975-large.jpg,https://forever21.imgix.net/img/app/product/3/323071-1638976-large.jpg,https://forever21.imgix.net/img/app/product/3/323071-1638971.jpg", "unique_id": "c16814246895443f84405f220e27efec", "trending_score": "0.0", "price": 499.0, "discounted_price": 499.0, "currency": "INR", "product_code": "323071", "affinity_score": 0.0, "brand": "forever21", "store": "v_forever21", "streamoid_urls": null}, {"title": "Round Tortoiseshell Sunglasses", "gender": "unknown", "category": "unknown", "color": "unknown unknown unknown unknown unknown unknown black black black black", "product_url": "https://www.forever21.in/p/round-tortoiseshell-sunglasses-323140.html", "thumbnail_url": ["http://d1q9qhpdr6ehzh.cloudfront.net/73b5302c3669d539130ca50079674c97"], "chatbot_image": "https://forever21.imgix.net/img/app/product/3/323140-1602962-large.jpg,https://forever21.imgix.net/img/app/product/3/323140-1602964-large.jpg,https://forever21.imgix.net/img/app/product/3/323140-1602967-large.jpg,https://forever21.imgix.net/img/app/product/3/323140-1602969-large.jpg,https://forever21.imgix.net/img/app/product/3/323140-1602972-large.jpg,https://forever21.imgix.net/img/app/product/3/323140-1602961.jpg", "unique_id": "b55c5b7115804a569f314b3cd21f5055", "trending_score": "0.0", "price": 599.0, "discounted_price": 599.0, "currency": "INR", "product_code": "323140", "affinity_score": 0.0, "brand": "forever21", "store": "v_forever21", "streamoid_urls": null}, {"title": "Cat-Eye Sunglasses", "gender": "unknown", "category": "unknown", "color": "multicolor unknown unknown unknown unknown unknown unknown pearl pearl champagne", "product_url": "https://www.forever21.in/p/cat-eye-sunglasses-323643.html", "thumbnail_url": ["http://d1q9qhpdr6ehzh.cloudfront.net/e4389aeecd64316452944cc83a10619f"], "chatbot_image": "https://forever21.imgix.net/img/app/product/3/323643-1520321-large.jpg,https://forever21.imgix.net/img/app/product/3/323643-1520322-large.jpg,https://forever21.imgix.net/img/app/product/3/323643-1520323-large.jpg,https://forever21.imgix.net/img/app/product/3/323643-1520324-large.jpg,https://forever21.imgix.net/img/app/product/3/323643-1520325-large.jpg,https://forever21.imgix.net/img/app/product/3/323643-1520320.jpg", "unique_id": "a188d8cbe0a14fc793707bc314379688", "trending_score": "0.0", "price": 499.0, "discounted_price": 499.0, "currency": "INR", "product_code": "323643", "affinity_score": 0.0, "brand": "forever21", "store": "v_forever21", "streamoid_urls": null}, {"title": "Mirrored Round Sunglasses", "gender": "unknown", "category": "unknown", "color": "unknown unknown unknown unknown unknown unknown pearl pearl pearl beige", "product_url": "https://www.forever21.in/p/mirrored-round-sunglasses-323658.html", "thumbnail_url": ["http://d1q9qhpdr6ehzh.cloudfront.net/a428063efeaaa33cfe0e5ec3c2a773ee"], "chatbot_image": "https://forever21.imgix.net/img/app/product/3/323658-1610800-large.jpg,https://forever21.imgix.net/img/app/product/3/323658-1610801-large.jpg,https://forever21.imgix.net/img/app/product/3/323658-1610802-large.jpg,https://forever21.imgix.net/img/app/product/3/323658-1610803-large.jpg,https://forever21.imgix.net/img/app/product/3/323658-1610804-large.jpg,https://forever21.imgix.net/img/app/product/3/323658-1610799.jpg", "unique_id": "b7718ebfc18048b5ab938966c531036d", "trending_score": "0.0", "price": 699.0, "discounted_price": 699.0, "currency": "INR", "product_code": "323658", "affinity_score": 0.0, "brand": "forever21", "store": "v_forever21", "streamoid_urls": null}, {"title": "Gradient Aviator Sunglasses", "gender": "unknown", "category": "unknown", "color": "multicolor unknown unknown unknown unknown unknown unknown chocolate chocolate navy", "product_url": "https://www.forever21.in/p/gradient-aviator-sunglasses-323572.html", "thumbnail_url": ["http://d1q9qhpdr6ehzh.cloudfront.net/dcbb0b3a3c03c7b502c2c3371872927a"], "chatbot_image": "https://forever21.imgix.net/img/app/product/3/323572-1620686-large.jpg,https://forever21.imgix.net/img/app/product/3/323572-1620687-large.jpg,https://forever21.imgix.net/img/app/product/3/323572-1620688-large.jpg,https://forever21.imgix.net/img/app/product/3/323572-1620689-large.jpg,https://forever21.imgix.net/img/app/product/3/323572-1620690-large.jpg,https://forever21.imgix.net/img/app/product/3/323572-1620685.jpg", "unique_id": "baa9487b3b624178a1fcfabf0bca6d52", "trending_score": "0.0", "price": 499.0, "discounted_price": 499.0, "currency": "INR", "product_code": "323572", "affinity_score": 0.0, "brand": "forever21", "store": "v_forever21", "streamoid_urls": null}, {"title": "Mirrored Square Sunglasses", "gender": "unknown", "category": "unknown", "color": "unknown unknown unknown unknown unknown unknown champagne champagne champagne champagne", "product_url": "https://www.forever21.in/p/mirrored-square-sunglasses-322931.html", "thumbnail_url": ["http://d1q9qhpdr6ehzh.cloudfront.net/21f7c4f9e32243f7cc3a4c6f0d39c5fb"], "chatbot_image": "https://forever21.imgix.net/img/app/product/3/322931-1633250-large.jpg,https://forever21.imgix.net/img/app/product/3/322931-1633251-large.jpg,https://forever21.imgix.net/img/app/product/3/322931-1633252-large.jpg,https://forever21.imgix.net/img/app/product/3/322931-1633253-large.jpg,https://forever21.imgix.net/img/app/product/3/322931-1633254-large.jpg,https://forever21.imgix.net/img/app/product/3/322931-1633249.jpg", "unique_id": "62a39962ef8646f0bc34468e6ce9e896", "trending_score": "0.0", "price": 799.0, "discounted_price": 400.0, "currency": "INR", "product_code": "322931", "affinity_score": 0.0, "brand": "forever21", "store": "v_forever21", "streamoid_urls": null}, {"title": "Mirrored Square Sunglasses", "gender": "unknown", "category": "unknown", "color": "multicolor unknown unknown unknown unknown unknown unknown baby pink baby pink baby pink", "product_url": "https://www.forever21.in/p/mirrored-square-sunglasses-322980.html", "thumbnail_url": ["http://d1q9qhpdr6ehzh.cloudfront.net/c2130fc5aa2523a945b7c01901d98574"], "chatbot_image": "https://forever21.imgix.net/img/app/product/3/322980-1633256-large.jpg,https://forever21.imgix.net/img/app/product/3/322980-1633257-large.jpg,https://forever21.imgix.net/img/app/product/3/322980-1633258-large.jpg,https://forever21.imgix.net/img/app/product/3/322980-1633259-large.jpg,https://forever21.imgix.net/img/app/product/3/322980-1633260-large.jpg,https://forever21.imgix.net/img/app/product/3/322980-1633255.jpg", "unique_id": "7f4161622bd045ae8d1b5aee1246ebe3", "trending_score": "0.0", "price": 799.0, "discounted_price": 799.0, "currency": "INR", "product_code": "322980", "affinity_score": 0.0, "brand": "forever21", "store": "v_forever21", "streamoid_urls": null}, {"title": "Mirrored Aviator Sunglasses", "gender": "unknown", "category": "unknown", "color": "unknown unknown unknown unknown unknown unknown charcoal gray charcoal gray charcoal gray charcoal gray", "product_url": "https://www.forever21.in/p/mirrored-aviator-sunglasses-323842.html", "thumbnail_url": ["http://d1q9qhpdr6ehzh.cloudfront.net/9683e50ffb3bed3a78ffaf521b178f2d"], "chatbot_image": "https://forever21.imgix.net/img/app/product/3/323842-1607134-large.jpg,https://forever21.imgix.net/img/app/product/3/323842-1607135-large.jpg,https://forever21.imgix.net/img/app/product/3/323842-1607136-large.jpg,https://forever21.imgix.net/img/app/product/3/323842-1607137-large.jpg,https://forever21.imgix.net/img/app/product/3/323842-1607138-large.jpg,https://forever21.imgix.net/img/app/product/3/323842-1607139-large.jpg,https://forever21.imgix.net/img/app/product/3/323842-1607133.jpg", "unique_id": "5b6d89da5bed4b7ab97aa979f2ea0d17", "trending_score": "0.0", "price": 699.0, "discounted_price": 699.0, "currency": "INR", "product_code": "323842", "affinity_score": 0.0, "brand": "forever21", "store": "v_forever21", "streamoid_urls": null}, {"title": "Round Brow Bar Sunglasses", "gender": "unknown", "category": "unknown", "color": "unknown unknown unknown unknown unknown unknown white white white", "product_url": "https://www.forever21.in/p/round-brow-bar-sunglasses-323702.html", "thumbnail_url": ["http://d1q9qhpdr6ehzh.cloudfront.net/68598e664ae5e332b374510e7b58dea9"], "chatbot_image": "https://forever21.imgix.net/img/app/product/3/323702-1607114-large.jpg,https://forever21.imgix.net/img/app/product/3/323702-1607115-large.jpg,https://forever21.imgix.net/img/app/product/3/323702-1607116-large.jpg,https://forever21.imgix.net/img/app/product/3/323702-1607117-large.jpg,https://forever21.imgix.net/img/app/product/3/323702-1607118-large.jpg,https://forever21.imgix.net/img/app/product/3/323702-1607119-large.jpg,https://forever21.imgix.net/img/app/product/3/323702-1607113.jpg", "unique_id": "d711517147c145b7a70b2d251d4e169b", "trending_score": "0.0", "price": 699.0, "discounted_price": 699.0, "currency": "INR", "product_code": "323702", "affinity_score": 0.0, "brand": "forever21", "store": "v_forever21", "streamoid_urls": null}, {"title": "Oversized Square Sunglasses", "gender": "unknown", "category": "unknown", "color": "unknown unknown unknown unknown unknown unknown black black black black", "product_url": "https://www.forever21.in/p/oversized-square-sunglasses-323889.html", "thumbnail_url": ["http://d1q9qhpdr6ehzh.cloudfront.net/c73a17e5fe15a31a07344b7eaf80f35d"], "chatbot_image": "https://forever21.imgix.net/img/app/product/3/323889-1607141-large.jpg,https://forever21.imgix.net/img/app/product/3/323889-1607142-large.jpg,https://forever21.imgix.net/img/app/product/3/323889-1607143-large.jpg,https://forever21.imgix.net/img/app/product/3/323889-1607144-large.jpg,https://forever21.imgix.net/img/app/product/3/323889-1607145-large.jpg,https://forever21.imgix.net/img/app/product/3/323889-1607146-large.jpg,https://forever21.imgix.net/img/app/product/3/323889-1607140.jpg", "unique_id": "f440cbb885374619971d6f20e49c9ca2", "trending_score": "0.0", "price": 699.0, "discounted_price": 699.0, "currency": "INR", "product_code": "323889", "affinity_score": 0.0, "brand": "forever21", "store": "v_forever21", "streamoid_urls": null}, {"title": "Classic Aviator Sunglasses", "gender": "unknown", "category": "unknown", "color": "unknown unknown unknown unknown unknown unknown chocolate chocolate chocolate black", "product_url": "https://www.forever21.in/p/classic-aviator-sunglasses-323981.html", "thumbnail_url": ["http://d1q9qhpdr6ehzh.cloudfront.net/13a5dd088958dab67c2f85c0e83b9ced"], "chatbot_image": "https://forever21.imgix.net/img/app/product/3/323981-1609591-large.jpg,https://forever21.imgix.net/img/app/product/3/323981-1609592-large.jpg,https://forever21.imgix.net/img/app/product/3/323981-1609593-large.jpg,https://forever21.imgix.net/img/app/product/3/323981-1609594-large.jpg,https://forever21.imgix.net/img/app/product/3/323981-1609595-large.jpg,https://forever21.imgix.net/img/app/product/3/323981-1609596-large.jpg,https://forever21.imgix.net/img/app/product/3/323981-1609590.jpg", "unique_id": "361d551fd8d348888aba8c81edcfe4a5", "trending_score": "0.0", "price": 699.0, "discounted_price": 350.0, "currency": "INR", "product_code": "323981", "affinity_score": 0.0, "brand": "forever21", "store": "v_forever21", "streamoid_urls": null}, {"title": "Cat-Eye Sunglasses", "gender": "unknown", "category": "unknown", "color": "unknown unknown unknown unknown unknown unknown champagne champagne sun flower yellow lemon", "product_url": "https://www.forever21.in/p/cat-eye-sunglasses-323596.html", "thumbnail_url": ["http://d1q9qhpdr6ehzh.cloudfront.net/2bb5799067c0ffafecddafd25ec666c2"], "chatbot_image": "https://forever21.imgix.net/img/app/product/3/323596-1520169-large.jpg,https://forever21.imgix.net/img/app/product/3/323596-1520170-large.jpg,https://forever21.imgix.net/img/app/product/3/323596-1520171-large.jpg,https://forever21.imgix.net/img/app/product/3/323596-1520172-large.jpg,https://forever21.imgix.net/img/app/product/3/323596-1520173-large.jpg,https://forever21.imgix.net/img/app/product/3/323596-1520174-large.jpg,https://forever21.imgix.net/img/app/product/3/323596-1520168.jpg", "unique_id": "263dafccadd941afaa05b882976905b6", "trending_score": "0.0", "price": 499.0, "discounted_price": 499.0, "currency": "INR", "product_code": "323596", "affinity_score": 0.0, "brand": "forever21", "store": "v_forever21", "streamoid_urls": null}, {"title": "Mirrored Cateye Sunglasses", "gender": "unknown", "category": "unknown", "color": "multicolor unknown unknown unknown unknown unknown unknown powder blue powder blue hazelnut", "product_url": "https://www.forever21.in/p/mirrored-cateye-sunglasses-324026.html", "thumbnail_url": ["http://d1q9qhpdr6ehzh.cloudfront.net/450c450e52ceae3fdd34cd391c32bc7e"], "chatbot_image": "https://forever21.imgix.net/img/app/product/3/324026-1607159-large.jpg,https://forever21.imgix.net/img/app/product/3/324026-1607160-large.jpg,https://forever21.imgix.net/img/app/product/3/324026-1607161-large.jpg,https://forever21.imgix.net/img/app/product/3/324026-1607162-large.jpg,https://forever21.imgix.net/img/app/product/3/324026-1607163-large.jpg,https://forever21.imgix.net/img/app/product/3/324026-1607164-large.jpg,https://forever21.imgix.net/img/app/product/3/324026-1607158.jpg", "unique_id": "3fbe25434a5e4e0386ae4576fb1870b2", "trending_score": "0.0", "price": 599.0, "discounted_price": 599.0, "currency": "INR", "product_code": "324026", "affinity_score": 0.0, "brand": "forever21", "store": "v_forever21", "streamoid_urls": null}, {"title": "Classic Aviator Sunglasses", "gender": "unknown", "category": "unknown", "color": "multicolor unknown unknown unknown unknown unknown unknown chocolate light gray powder blue", "product_url": "https://www.forever21.in/p/classic-aviator-sunglasses-323936.html", "thumbnail_url": ["http://d1q9qhpdr6ehzh.cloudfront.net/5ef89ae0c62747ae4f5a0fb2a5e7016c"], "chatbot_image": "https://forever21.imgix.net/img/app/product/3/323936-1609584-large.jpg,https://forever21.imgix.net/img/app/product/3/323936-1609585-large.jpg,https://forever21.imgix.net/img/app/product/3/323936-1609586-large.jpg,https://forever21.imgix.net/img/app/product/3/323936-1609587-large.jpg,https://forever21.imgix.net/img/app/product/3/323936-1609588-large.jpg,https://forever21.imgix.net/img/app/product/3/323936-1609589-large.jpg,https://forever21.imgix.net/img/app/product/3/323936-1609583.jpg", "unique_id": "859cc56c0d7546d0b2b7c20c226cc7d9", "trending_score": "0.0", "price": 699.0, "discounted_price": 699.0, "currency": "INR", "product_code": "323936", "affinity_score": 0.0, "brand": "forever21", "store": "v_forever21", "streamoid_urls": null}, {"title": "Mock Cutout Cateye Sunglasses", "gender": "unknown", "category": "unknown", "color": "unknown unknown unknown unknown unknown unknown navy navy navy navy", "product_url": "https://www.forever21.in/p/mock-cutout-cateye-sunglasses-323424.html", "thumbnail_url": ["http://d1q9qhpdr6ehzh.cloudfront.net/10fa18aed920ea8e8460e77048ea09f1"], "chatbot_image": "https://forever21.imgix.net/img/app/product/3/323424-1608372-large.jpg,https://forever21.imgix.net/img/app/product/3/323424-1608373-large.jpg,https://forever21.imgix.net/img/app/product/3/323424-1608374-large.jpg,https://forever21.imgix.net/img/app/product/3/323424-1608375-large.jpg,https://forever21.imgix.net/img/app/product/3/323424-1608376-large.jpg,https://forever21.imgix.net/img/app/product/3/323424-1608377-large.jpg,https://forever21.imgix.net/img/app/product/3/323424-1608371.jpg", "unique_id": "d1146f3792a548c9a10956613be42461", "trending_score": "0.0", "price": 799.0, "discounted_price": 799.0, "currency": "INR", "product_code": "323424", "affinity_score": 0.0, "brand": "forever21", "store": "v_forever21", "streamoid_urls": null}, {"title": "Slippers", "gender": "women", "category": "slippers", "color": "gold gold gold gold gold gold black black black", "product_url": "https://image.shutterstock.com/image-photo/tropical-sandals-purse-sunglasses-suitcase-600w-597692258.jpg", "thumbnail_url": ["http://d1q9qhpdr6ehzh.cloudfront.net/d3ceb86ec98638f55b5a7f7b861ab821"], "chatbot_image": null, "unique_id": "152624f12b854396ac27befd516b9425", "trending_score": "0.0", "price": 499.0, "discounted_price": 59.0, "currency": "INR", "product_code": "201", "affinity_score": 0.0, "brand": "def", "store": "v_demo_custom_1", "streamoid_urls": null}, {"title": "'D' tortoiseshell effect polycarbonate kids sunglasses", "gender": "unknown", "category": "unknown", "color": "unknown unknown unknown unknown unknown unknown white white white white", "product_url": "https://www.lanecrawford.com/pdp/AUK630", "thumbnail_url": ["http://d1q9qhpdr6ehzh.cloudfront.net/86b15d21a3a337a6a72f32a49f2b2f9a"], "chatbot_image": "http://media.lanecrawford.com/A/U/K/AUK630_in_xl.jpg,http://media.lanecrawford.com/A/U/K/AUK630_1_xl.jpg,http://media.lanecrawford.com/A/U/K/AUK630_2_xl.jpg,http://media.lanecrawford.com/A/U/K/AUK630_ro_xl.jpg", "unique_id": "21bb6ac79fc345d1aac2f3d6e4bf22b1", "trending_score": "0.0", "price": 320.0, "discounted_price": 320.0, "currency": "HKD", "product_code": "AUK630", "affinity_score": 0.0, "brand": "IZIPIZI", "store": "v_lane_crawford", "streamoid_urls": null}, {"title": "'Rocky II' mirror acetate aviator kids sunglasses", "gender": "unknown", "category": "unknown", "color": "unknown unknown unknown unknown unknown unknown white white white white", "product_url": "https://www.lanecrawford.com/pdp/ARL258", "thumbnail_url": ["http://d1q9qhpdr6ehzh.cloudfront.net/f40f9e347a4ebab50de4f7177e45bef0"], "chatbot_image": "http://media.lanecrawford.com/A/R/L/ARL258_in_xl.jpg,http://media.lanecrawford.com/A/R/L/ARL258_1_xl.jpg,http://media.lanecrawford.com/A/R/L/ARL258_4_xl.jpg,http://media.lanecrawford.com/A/R/L/ARL258_ro_xl.jpg", "unique_id": "350bd15ed54d47b7b66e25891e871f0d", "trending_score": "0.0", "price": 790.0, "discounted_price": 553.0, "currency": "HKD", "product_code": "ARL258", "affinity_score": 0.0, "brand": "SONS + DAUGHTERS", "store": "v_lane_crawford", "streamoid_urls": null}, {"title": "'XO' frame acetate kids sunglasses", "gender": "unknown", "category": "unknown", "color": "unknown unknown unknown unknown unknown unknown white white white white", "product_url": "https://www.lanecrawford.com/pdp/ARL263", "thumbnail_url": ["http://d1q9qhpdr6ehzh.cloudfront.net/06be2d0128f5335f452df34adabc304b"], "chatbot_image": "http://media.lanecrawford.com/A/R/L/ARL263_in_xl.jpg,http://media.lanecrawford.com/A/R/L/ARL263_1_xl.jpg,http://media.lanecrawford.com/A/R/L/ARL263_2_xl.jpg,http://media.lanecrawford.com/A/R/L/ARL263_ro_xl.jpg", "unique_id": "3ef42a6175724202a686f7499712a6d0", "trending_score": "0.0", "price": 790.0, "discounted_price": 474.0, "currency": "HKD", "product_code": "ARL263", "affinity_score": 0.0, "brand": "SONS + DAUGHTERS", "store": "v_lane_crawford", "streamoid_urls": null}, {"title": "'RJ9506S' metal aviator junior sunglasses", "gender": "unknown", "category": "unknown", "color": "unknown unknown unknown unknown unknown unknown white white white white", "product_url": "https://www.lanecrawford.com/pdp/AVI985", "thumbnail_url": ["http://d1q9qhpdr6ehzh.cloudfront.net/78948486dd7707fb069adb53e4887688"], "chatbot_image": "http://media.lanecrawford.com/A/V/I/AVI985_in_xl.jpg,http://media.lanecrawford.com/A/V/I/AVI985_1_xl.jpg,http://media.lanecrawford.com/A/V/I/AVI985_2_xl.jpg,http://media.lanecrawford.com/A/V/I/AVI985_ro_xl.jpg", "unique_id": "0f543e5858c541adb160d3d95ba1198a", "trending_score": "0.0", "price": 700.0, "discounted_price": 700.0, "currency": "HKD", "product_code": "AVI985", "affinity_score": 0.0, "brand": "RAY-BAN", "store": "v_lane_crawford", "streamoid_urls": null}, {"title": "'Flak XS' rubber temple mirror acetate square kids sunglasses", "gender": "unknown", "category": "unknown", "color": "unknown unknown unknown unknown unknown unknown white white white white", "product_url": "https://www.lanecrawford.com/pdp/ARG115", "thumbnail_url": ["http://d1q9qhpdr6ehzh.cloudfront.net/4ad12a9fd98f4430e8487f23c4375224"], "chatbot_image": "http://media.lanecrawford.com/A/R/G/ARG115_in_xl.jpg,http://media.lanecrawford.com/A/R/G/ARG115_1_xl.jpg,http://media.lanecrawford.com/A/R/G/ARG115_ro_xl.jpg", "unique_id": "2148b2437ce24dba902b79f2411061a4", "trending_score": "0.0", "price": 1350.0, "discounted_price": 540.0, "currency": "HKD", "product_code": "ARG115", "affinity_score": 0.0, "brand": "OAKLEY", "store": "v_lane_crawford", "streamoid_urls": null}, {"title": "'D' polycarbonate kids sunglasses", "gender": "unknown", "category": "unknown", "color": "unknown unknown unknown unknown unknown unknown white white white white", "product_url": "https://www.lanecrawford.com/pdp/AUK631", "thumbnail_url": ["http://d1q9qhpdr6ehzh.cloudfront.net/07305d3680e72f4d7cef6467f8cbe707"], "chatbot_image": "http://media.lanecrawford.com/A/U/K/AUK631_in_xl.jpg,http://media.lanecrawford.com/A/U/K/AUK631_1_xl.jpg,http://media.lanecrawford.com/A/U/K/AUK631_2_xl.jpg,http://media.lanecrawford.com/A/U/K/AUK631_ro_xl.jpg", "unique_id": "4b2a35b367444c948e29f783b3ca74f3", "trending_score": "0.0", "price": 320.0, "discounted_price": 320.0, "currency": "HKD", "product_code": "AUK631", "affinity_score": 0.0, "brand": "IZIPIZI", "store": "v_lane_crawford", "streamoid_urls": null}, {"title": "'Lola' heart frame acetate mirror kids sunglasses", "gender": "unknown", "category": "unknown", "color": "unknown unknown unknown unknown unknown unknown white white white white", "product_url": "https://www.lanecrawford.com.cn/pdp/AIG089", "thumbnail_url": ["http://d1q9qhpdr6ehzh.cloudfront.net/268d53d0a2d6480ebdc66ebfb15765cd"], "chatbot_image": "http://media.lanecrawford.com.cn/A/I/G/AIG089_in_xl.jpg,http://media.lanecrawford.com.cn/A/I/G/AIG089_1_xl.jpg,http://media.lanecrawford.com.cn/A/I/G/AIG089_2_xl.jpg,http://media.lanecrawford.com.cn/A/I/G/AIG089_ro_xl.jpg", "unique_id": "0e7e6fabd8fa45d78395d92ed56f55ee", "trending_score": "0.0", "price": 790.0, "discounted_price": 553.0, "currency": "RMB", "product_code": "AIG089", "affinity_score": 0.0, "brand": "SONS + DAUGHTERS", "store": "v_lane_crawford", "streamoid_urls": null}, {"title": "'Pixie' glitter acetate flower frame kids sunglasses", "gender": "unknown", "category": "unknown", "color": "unknown unknown unknown unknown unknown unknown white white white white", "product_url": "https://www.lanecrawford.com/pdp/AOW506", "thumbnail_url": ["http://d1q9qhpdr6ehzh.cloudfront.net/e7ccdf7ee5ea06ea693fb41b374ce38a"], "chatbot_image": "http://media.lanecrawford.com/A/O/W/AOW506_in_xl.jpg,http://media.lanecrawford.com/A/O/W/AOW506_1_xl.jpg,http://media.lanecrawford.com/A/O/W/AOW506_2_xl.jpg,http://media.lanecrawford.com/A/O/W/AOW506_4_xl.jpg,http://media.lanecrawford.com/A/O/W/AOW506_ro_xl.jpg", "unique_id": "24c023c0166c4e89b56027aed4d31fde", "trending_score": "0.0", "price": 790.0, "discounted_price": 553.0, "currency": "HKD", "product_code": "AOW506", "affinity_score": 0.0, "brand": "SONS + DAUGHTERS", "store": "v_lane_crawford", "streamoid_urls": null}, {"title": "Flat Aviator Readers", "gender": "unknown", "category": "unknown", "color": "unknown unknown unknown unknown unknown unknown indigo indigo indigo indigo", "product_url": "https://www.forever21.in/p/flat-aviator-readers-323794.html", "thumbnail_url": ["http://d1q9qhpdr6ehzh.cloudfront.net/96b766eeda362e5e0b90ff1f48fff360"], "chatbot_image": "https://forever21.imgix.net/img/app/product/3/323794-1607128-large.jpg,https://forever21.imgix.net/img/app/product/3/323794-1607129-large.jpg,https://forever21.imgix.net/img/app/product/3/323794-1607130-large.jpg,https://forever21.imgix.net/img/app/product/3/323794-1607131-large.jpg,https://forever21.imgix.net/img/app/product/3/323794-1607132-large.jpg,https://forever21.imgix.net/img/app/product/3/323794-1607127.jpg", "unique_id": "af9164205558430c99f04340afd1602d", "trending_score": "0.0", "price": 599.0, "discounted_price": 599.0, "currency": "INR", "product_code": "323794", "affinity_score": 0.0, "brand": "forever21", "store": "v_forever21", "streamoid_urls": null}, {"title": "Brow Bar Round Readers", "gender": "unknown", "category": "unknown", "color": "unknown unknown unknown unknown unknown unknown camel camel camel champagne", "product_url": "https://www.forever21.in/p/brow-bar-round-readers-323620.html", "thumbnail_url": ["http://d1q9qhpdr6ehzh.cloudfront.net/9af22f4c4d285970048ab8c0d20141d3"], "chatbot_image": "https://forever21.imgix.net/img/app/product/3/323620-1621911-large.jpg,https://forever21.imgix.net/img/app/product/3/323620-1621912-large.jpg,https://forever21.imgix.net/img/app/product/3/323620-1621913-large.jpg,https://forever21.imgix.net/img/app/product/3/323620-1621914-large.jpg,https://forever21.imgix.net/img/app/product/3/323620-1621915-large.jpg,https://forever21.imgix.net/img/app/product/3/323620-1621910.jpg", "unique_id": "54d91ed32dfa44c88bd2e0f3282addeb", "trending_score": "0.0", "price": 599.0, "discounted_price": 599.0, "currency": "INR", "product_code": "323620", "affinity_score": 0.0, "brand": "forever21", "store": "v_forever21", "streamoid_urls": null}, {"title": "Clear Aviator Readers", "gender": "unknown", "category": "unknown", "color": "unknown unknown unknown unknown unknown unknown charcoal gray charcoal gray charcoal gray slate gray", "product_url": "https://www.forever21.in/p/clear-aviator-readers-322925.html", "thumbnail_url": ["http://d1q9qhpdr6ehzh.cloudfront.net/cc8afa0f40d503b037efbf38f49c7759"], "chatbot_image": "https://forever21.imgix.net/img/app/product/3/322925-1623927-large.jpg,https://forever21.imgix.net/img/app/product/3/322925-1623928-large.jpg,https://forever21.imgix.net/img/app/product/3/322925-1623929-large.jpg,https://forever21.imgix.net/img/app/product/3/322925-1623930-large.jpg,https://forever21.imgix.net/img/app/product/3/322925-1623926.jpg", "unique_id": "a464751140ca45a284bea8eeb6c4b00d", "trending_score": "0.0", "price": 699.0, "discounted_price": 350.0, "currency": "INR", "product_code": "322925", "affinity_score": 0.0, "brand": "forever21", "store": "v_forever21", "streamoid_urls": null}, {"title": "Aviator Reader Glasses", "gender": "unknown", "category": "unknown", "color": "multicolor unknown unknown unknown unknown unknown unknown post box red post box red post box red", "product_url": "https://www.forever21.in/p/aviator-reader-glasses-323436.html", "thumbnail_url": ["http://d1q9qhpdr6ehzh.cloudfront.net/140608b251e534510fe2c2b83f6b5d0a"], "chatbot_image": "https://forever21.imgix.net/img/app/product/3/323436-1622939-large.jpg,https://forever21.imgix.net/img/app/product/3/323436-1622940-large.jpg,https://forever21.imgix.net/img/app/product/3/323436-1622941-large.jpg,https://forever21.imgix.net/img/app/product/3/323436-1622942-large.jpg,https://forever21.imgix.net/img/app/product/3/323436-1622943-large.jpg,https://forever21.imgix.net/img/app/product/3/323436-1622938.jpg", "unique_id": "0e1efad8114245beb1bcb0c95891f7e3", "trending_score": "0.0", "price": 699.0, "discounted_price": 699.0, "currency": "INR", "product_code": "323436", "affinity_score": 0.0, "brand": "forever21", "store": "v_forever21", "streamoid_urls": null}, {"title": "Aviator Reader Glasses", "gender": "unknown", "category": "unknown", "color": "unknown unknown unknown unknown unknown unknown post box red post box red post box red post box red", "product_url": "https://www.forever21.in/p/aviator-reader-glasses-323482.html", "thumbnail_url": ["http://d1q9qhpdr6ehzh.cloudfront.net/d5609ce9fcd5c6aa7b890bb915f9c56a"], "chatbot_image": "https://forever21.imgix.net/img/app/product/3/323482-1622945-large.jpg,https://forever21.imgix.net/img/app/product/3/323482-1622946-large.jpg,https://forever21.imgix.net/img/app/product/3/323482-1622947-large.jpg,https://forever21.imgix.net/img/app/product/3/323482-1622948-large.jpg,https://forever21.imgix.net/img/app/product/3/323482-1622949-large.jpg,https://forever21.imgix.net/img/app/product/3/323482-1622944.jpg", "unique_id": "37a88d78aee24db4a690ec5b56d430f1", "trending_score": "0.0", "price": 699.0, "discounted_price": 350.0, "currency": "INR", "product_code": "323482", "affinity_score": 0.0, "brand": "forever21", "store": "v_forever21", "streamoid_urls": null}, {"title": "Aviator Reader Glasses", "gender": "unknown", "category": "unknown", "color": "unknown unknown unknown unknown unknown unknown white white white white", "product_url": "https://www.forever21.in/p/aviator-reader-glasses-324211.html", "thumbnail_url": ["http://d1q9qhpdr6ehzh.cloudfront.net/1ae4ce3172087cf7b5e4138b48c54b71"], "chatbot_image": "https://forever21.imgix.net/img/app/product/3/324211-1610860-large.jpg,https://forever21.imgix.net/img/app/product/3/324211-1610861-large.jpg,https://forever21.imgix.net/img/app/product/3/324211-1610862-large.jpg,https://forever21.imgix.net/img/app/product/3/324211-1610863-large.jpg,https://forever21.imgix.net/img/app/product/3/324211-1610864-large.jpg,https://forever21.imgix.net/img/app/product/3/324211-1610865-large.jpg,https://forever21.imgix.net/img/app/product/3/324211-1610859.jpg", "unique_id": "e37d405fdf014a79b4577968778300e2", "trending_score": "0.0", "price": 699.0, "discounted_price": 699.0, "currency": "INR", "product_code": "324211", "affinity_score": 0.0, "brand": "forever21", "store": "v_forever21", "streamoid_urls": null}, {"title": "Metallic Aviator Readers", "gender": "unknown", "category": "unknown", "color": "unknown unknown unknown unknown unknown unknown powder blue powder blue powder blue", "product_url": "https://www.forever21.in/p/metallic-aviator-readers-323891.html", "thumbnail_url": ["http://d1q9qhpdr6ehzh.cloudfront.net/f904457e6934f47169a0aa8603c779e0"], "chatbot_image": "https://forever21.imgix.net/img/app/product/3/323891-1609578-large.jpg,https://forever21.imgix.net/img/app/product/3/323891-1609579-large.jpg,https://forever21.imgix.net/img/app/product/3/323891-1609580-large.jpg,https://forever21.imgix.net/img/app/product/3/323891-1609581-large.jpg,https://forever21.imgix.net/img/app/product/3/323891-1609582-large.jpg,https://forever21.imgix.net/img/app/product/3/323891-1609577.jpg", "unique_id": "9e94dd62fe1c47c39e1e07c8d91996fc", "trending_score": "0.0", "price": 599.0, "discounted_price": 599.0, "currency": "INR", "product_code": "323891", "affinity_score": 0.0, "brand": "forever21", "store": "v_forever21", "streamoid_urls": null}, {"title": "Aviator Reader Glasses", "gender": "unknown", "category": "unknown", "color": "unknown unknown unknown unknown unknown unknown post box red post box red post box red post box red", "product_url": "https://www.forever21.in/p/aviator-reader-glasses-323528.html", "thumbnail_url": ["http://d1q9qhpdr6ehzh.cloudfront.net/ee30f595c04c4320f1cfb99f77e6b49a"], "chatbot_image": "https://forever21.imgix.net/img/app/product/3/323528-1622951-large.jpg,https://forever21.imgix.net/img/app/product/3/323528-1622952-large.jpg,https://forever21.imgix.net/img/app/product/3/323528-1622953-large.jpg,https://forever21.imgix.net/img/app/product/3/323528-1622954-large.jpg,https://forever21.imgix.net/img/app/product/3/323528-1622955-large.jpg,https://forever21.imgix.net/img/app/product/3/323528-1622950.jpg", "unique_id": "6741f72e120b4305912b71fc74eb2c34", "trending_score": "0.0", "price": 699.0, "discounted_price": 699.0, "currency": "INR", "product_code": "323528", "affinity_score": 0.0, "brand": "forever21", "store": "v_forever21", "streamoid_urls": null}, {"title": "'Sunglasses' diamond quartz pearl 18k yellow gold pendant necklace", "gender": "women", "category": "necklaces", "color": "white white white white white white white white white white", "product_url": "https://www.lanecrawford.com.cn/pdp/RQK509", "thumbnail_url": ["http://d1q9qhpdr6ehzh.cloudfront.net/2943871f96f1a220cd43c9da858598ce"], "chatbot_image": "http://media.lanecrawford.com.cn/R/Q/K/RQK509_in_xl.jpg,http://media.lanecrawford.com.cn/R/Q/K/RQK509_ro_xl.jpg", "unique_id": "1c48bb4688b743a2b41ea7c347ff56de", "trending_score": "0.0", "price": 8900.0, "discounted_price": 8900.0, "currency": "RMB", "product_code": "RQK509", "affinity_score": 0.0, "brand": "BAO BAO WAN", "store": "v_lane_crawford", "streamoid_urls": null}, {"title": "Slogan sunglasses embroidered organic cotton unisex sweatshirt", "gender": "men", "category": "sweatshirts", "color": "white white white white white white light gray light gray light gray light gray", "product_url": "https://www.lanecrawford.com.cn/pdp/ARK056", "thumbnail_url": ["http://d1q9qhpdr6ehzh.cloudfront.net/5f1d1d37441fd1b7cffd1ca3089c2c34"], "chatbot_image": "http://media.lanecrawford.com.cn/A/R/K/ARK056_in_xl.jpg,http://media.lanecrawford.com.cn/A/R/K/ARK056_2_xl.jpg,http://media.lanecrawford.com.cn/A/R/K/ARK056_3_xl.jpg,http://media.lanecrawford.com.cn/A/R/K/ARK056_4_xl.jpg", "unique_id": "28bf773ac946453ea06732ca944b4562", "trending_score": "0.0", "price": 1550.0, "discounted_price": 465.0, "currency": "RMB", "product_code": "ARK056", "affinity_score": 0.0, "brand": "YEAH RIGHT NYC", "store": "v_lane_crawford", "streamoid_urls": null}, {"title": "Hanky Hem Dress", "gender": "women", "category": "dresses", "color": null, "product_url": "https://www.bonmarche.co.uk/swim-and-beachwear/hanky-hem-dress-171820.html?dwvar_171820_color=53&cgid=womens-swimwear-beach-cover-ups", "thumbnail_url": ["http://d1q9qhpdr6ehzh.cloudfront.net/0ce26f2d26d9b72b70c97ccebd676d6b"], "chatbot_image": "https://www.bonmarche.co.uk/dw/image/v2/BBCZ_PRD/on/demandware.static/-/Sites-master-catalog-bonmarche/default/dwd8960072/zoom/17/17182053_default.jpg?sw=150,https://www.bonmarche.co.uk/dw/image/v2/BBCZ_PRD/on/demandware.static/-/Sites-master-catalog-bonmarche/default/dw9c0a6804/zoom/17/17182053_alt2.jpg?sw=150", "unique_id": "5a9e81ddc53a42fb9ab38fba2b2fe2b5", "trending_score": "0.0", "price": 22.0, "discounted_price": 22.0, "currency": "INR", "product_code": "0ce26f2d26d9b72b70c97ccebd676d6b_bonmarche_co_uk", "affinity_score": 0.0, "brand": null, "store": "bonmarche_co_uk", "streamoid_urls": null}, {"title": "Crochet Back Dress", "gender": "women", "category": "dresses", "color": null, "product_url": "https://www.bonmarche.co.uk/swim-and-beachwear/crochet-back-dress-171829.html?dwvar_171829_color=69&cgid=womens-swimwear-beach-cover-ups", "thumbnail_url": ["http://d1q9qhpdr6ehzh.cloudfront.net/3d147a4cee9f2518c4a4e6628ebba4b9"], "chatbot_image": "https://www.bonmarche.co.uk/dw/image/v2/BBCZ_PRD/on/demandware.static/-/Sites-master-catalog-bonmarche/default/dwaaeb6353/zoom/17/17182969_default.jpg?sw=150,https://www.bonmarche.co.uk/dw/image/v2/BBCZ_PRD/on/demandware.static/-/Sites-master-catalog-bonmarche/default/dw916258df/zoom/17/17182969_alt2.jpg?sw=150", "unique_id": "983fdd4b5bf642f18d77c0daae62f938", "trending_score": "0.0", "price": 18.0, "discounted_price": 18.0, "currency": "INR", "product_code": "3d147a4cee9f2518c4a4e6628ebba4b9_bonmarche_co_uk", "affinity_score": 0.0, "brand": null, "store": "bonmarche_co_uk", "streamoid_urls": null}, {"title": "Lace Up Beach Dress", "gender": "women", "category": "dresses", "color": null, "product_url": "https://www.bonmarche.co.uk/swim-and-beachwear/lace-up-beach-dress-171837.html?dwvar_171837_color=09&cgid=womens-swimwear-beach-cover-ups", "thumbnail_url": ["http://d1q9qhpdr6ehzh.cloudfront.net/1d92981ba9269f7057b9b0d777c79e44"], "chatbot_image": "https://www.bonmarche.co.uk/dw/image/v2/BBCZ_PRD/on/demandware.static/-/Sites-master-catalog-bonmarche/default/dw6a45627c/zoom/17/17183709_default.jpg?sw=150,https://www.bonmarche.co.uk/dw/image/v2/BBCZ_PRD/on/demandware.static/-/Sites-master-catalog-bonmarche/default/dw4d5980b9/zoom/17/17183709_alt2.jpg?sw=150", "unique_id": "1f8ff868dc15460ab861364cdeee9e57", "trending_score": "0.0", "price": 18.0, "discounted_price": 18.0, "currency": "INR", "product_code": "1d92981ba9269f7057b9b0d777c79e44_bonmarche_co_uk", "affinity_score": 0.0, "brand": null, "store": "bonmarche_co_uk", "streamoid_urls": null}, {"title": "Bandeau Playsuit", "gender": "women", "category": "playsuits", "color": null, "product_url": "https://www.bonmarche.co.uk/swim-and-beachwear/bandeau-playsuit-171821.html?dwvar_171821_color=53&cgid=womens-swimwear-beach-cover-ups", "thumbnail_url": ["http://d1q9qhpdr6ehzh.cloudfront.net/61c2bc3622587a8a2f51192f38e9c659"], "chatbot_image": "https://www.bonmarche.co.uk/dw/image/v2/BBCZ_PRD/on/demandware.static/-/Sites-master-catalog-bonmarche/default/dwbbf92133/zoom/17/17182153_default.jpg?sw=150,https://www.bonmarche.co.uk/dw/image/v2/BBCZ_PRD/on/demandware.static/-/Sites-master-catalog-bonmarche/default/dwf34ac565/zoom/17/17182153_alt2.jpg?sw=150", "unique_id": "57812eebed574df5bbe67f8a225ca8e6", "trending_score": "0.0", "price": 20.0, "discounted_price": 20.0, "currency": "INR", "product_code": "61c2bc3622587a8a2f51192f38e9c659_bonmarche_co_uk", "affinity_score": 0.0, "brand": null, "store": "bonmarche_co_uk", "streamoid_urls": null}, {"title": "Plain Bandeau Frill Swimsuit", "gender": "women", "category": "innerwear-one-piece", "color": null, "product_url": "https://www.bonmarche.co.uk/swim-and-beachwear/plain-bandeau-frill-swimsuit-171537.html?dwvar_171537_color=07&cgid=womens-swimwear-swimsuits", "thumbnail_url": ["http://d1q9qhpdr6ehzh.cloudfront.net/defcde5b30c2de8fdccd33000bf8e98c"], "chatbot_image": "https://www.bonmarche.co.uk/dw/image/v2/BBCZ_PRD/on/demandware.static/-/Sites-master-catalog-bonmarche/default/dwcfb6f266/zoom/17/17153707_alt1.jpg?sw=150,https://www.bonmarche.co.uk/dw/image/v2/BBCZ_PRD/on/demandware.static/-/Sites-master-catalog-bonmarche/default/dw8e2db86f/zoom/17/17153707_default.jpg?sw=150,https://www.bonmarche.co.uk/dw/image/v2/BBCZ_PRD/on/demandware.static/-/Sites-master-catalog-bonmarche/default/dwc0ace48a/zoom/17/17153707_alt2.jpg?sw=150,https://www.bonmarche.co.uk/dw/image/v2/BBCZ_PRD/on/demandware.static/-/Sites-master-catalog-bonmarche/default/dw2df30b65/zoom/17/17153707_alt3.jpg?sw=150", "unique_id": "181e053585f1420a9a574a45c8349975", "trending_score": "0.0", "price": 22.0, "discounted_price": 22.0, "currency": "INR", "product_code": "defcde5b30c2de8fdccd33000bf8e98c_bonmarche_co_uk", "affinity_score": 0.0, "brand": null, "store": "bonmarche_co_uk", "streamoid_urls": null}, {"title": "Plain Wrap Swimsuit with Ring Detail", "gender": "women", "category": "innerwear-one-piece", "color": null, "product_url": "https://www.bonmarche.co.uk/swim-and-beachwear/plain-wrap-swimsuit-with-ring-detail-171718.html?dwvar_171718_color=53&cgid=womens-swimwear-swimsuits", "thumbnail_url": ["http://d1q9qhpdr6ehzh.cloudfront.net/cfd9a74890fdd892b37dee64a9f970fe"], "chatbot_image": "https://www.bonmarche.co.uk/dw/image/v2/BBCZ_PRD/on/demandware.static/-/Sites-master-catalog-bonmarche/default/dwcbae1d81/zoom/17/17171853_alt1.jpg?sw=150,https://www.bonmarche.co.uk/dw/image/v2/BBCZ_PRD/on/demandware.static/-/Sites-master-catalog-bonmarche/default/dweccede95/zoom/17/17171853_default.jpg?sw=150,https://www.bonmarche.co.uk/dw/image/v2/BBCZ_PRD/on/demandware.static/-/Sites-master-catalog-bonmarche/default/dw44c29796/zoom/17/17171853_alt2.jpg?sw=150,https://www.bonmarche.co.uk/dw/image/v2/BBCZ_PRD/on/demandware.static/-/Sites-master-catalog-bonmarche/default/dw6791e332/zoom/17/17171853_alt3.jpg?sw=150", "unique_id": "103c5b9d652f46758a268d436f97bae9", "trending_score": "0.0", "price": 22.0, "discounted_price": 22.0, "currency": "INR", "product_code": "cfd9a74890fdd892b37dee64a9f970fe_bonmarche_co_uk", "affinity_score": 0.0, "brand": null, "store": "bonmarche_co_uk", "streamoid_urls": null}, {"title": "Textured Swimsuit with Contrast Band", "gender": "women", "category": "innerwear-one-piece", "color": null, "product_url": "https://www.bonmarche.co.uk/swim-and-beachwear/textured-swimsuit-with-contrast-band-171727.html?dwvar_171727_color=93&cgid=womens-swimwear-swimsuits", "thumbnail_url": ["http://d1q9qhpdr6ehzh.cloudfront.net/855c798fbca37c33cae9cf2c4134b582"], "chatbot_image": "https://www.bonmarche.co.uk/dw/image/v2/BBCZ_PRD/on/demandware.static/-/Sites-master-catalog-bonmarche/default/dwcabb4260/zoom/17/17172793_alt1.jpg?sw=150,https://www.bonmarche.co.uk/dw/image/v2/BBCZ_PRD/on/demandware.static/-/Sites-master-catalog-bonmarche/default/dwd87a5350/zoom/17/17172793_default.jpg?sw=150,https://www.bonmarche.co.uk/dw/image/v2/BBCZ_PRD/on/demandware.static/-/Sites-master-catalog-bonmarche/default/dw495773d4/zoom/17/17172793_alt2.jpg?sw=150,https://www.bonmarche.co.uk/dw/image/v2/BBCZ_PRD/on/demandware.static/-/Sites-master-catalog-bonmarche/default/dwcfaf47a1/zoom/17/17172793_alt3.jpg?sw=150", "unique_id": "500b2878c7d640a998514149dddd4b86", "trending_score": "0.0", "price": 25.0, "discounted_price": 25.0, "currency": "INR", "product_code": "855c798fbca37c33cae9cf2c4134b582_bonmarche_co_uk", "affinity_score": 0.0, "brand": null, "store": "bonmarche_co_uk", "streamoid_urls": null}, {"title": "Contrast Wrap Swimsuit", "gender": "women", "category": "innerwear-one-piece", "color": null, "product_url": "https://www.bonmarche.co.uk/swim-and-beachwear/contrast-wrap-swimsuit-171711.html?dwvar_171711_color=53&cgid=womens-swimwear-swimsuits", "thumbnail_url": ["http://d1q9qhpdr6ehzh.cloudfront.net/d7767c671a8274e17a22eed2e086e8a0"], "chatbot_image": "https://www.bonmarche.co.uk/dw/image/v2/BBCZ_PRD/on/demandware.static/-/Sites-master-catalog-bonmarche/default/dw6ad69ca7/zoom/17/17171153_alt1.jpg?sw=150,https://www.bonmarche.co.uk/dw/image/v2/BBCZ_PRD/on/demandware.static/-/Sites-master-catalog-bonmarche/default/dw2f8f39a3/zoom/17/17171153_default.jpg?sw=150,https://www.bonmarche.co.uk/dw/image/v2/BBCZ_PRD/on/demandware.static/-/Sites-master-catalog-bonmarche/default/dwab9d89aa/zoom/17/17171153_alt2.jpg?sw=150", "unique_id": "8653dd1cb50d4d519725014b4ca0bcaf", "trending_score": "0.0", "price": 18.0, "discounted_price": 18.0, "currency": "INR", "product_code": "d7767c671a8274e17a22eed2e086e8a0_bonmarche_co_uk", "affinity_score": 0.0, "brand": null, "store": "bonmarche_co_uk", "streamoid_urls": null}, {"title": "Crochet Back Linen Blend Dress", "gender": "women", "category": "dresses", "color": null, "product_url": "https://www.bonmarche.co.uk/dresses/crochet-back-linen-blend-dress-031415.html?dwvar_031415_color=39&cgid=womens-dresses", "thumbnail_url": ["http://d1q9qhpdr6ehzh.cloudfront.net/bfcb51ce05b43048b5a91146eeddec1a"], "chatbot_image": "https://www.bonmarche.co.uk/dw/image/v2/BBCZ_PRD/on/demandware.static/-/Sites-master-catalog-bonmarche/default/dw105a27c9/zoom/03/03141539_alt1.jpg?sw=500,https://www.bonmarche.co.uk/dw/image/v2/BBCZ_PRD/on/demandware.static/-/Sites-master-catalog-bonmarche/default/dweedc6891/zoom/03/03141539_alt3.jpg?sw=500,https://www.bonmarche.co.uk/dw/image/v2/BBCZ_PRD/on/demandware.static/-/Sites-master-catalog-bonmarche/default/dw3ddfe78b/zoom/03/03141539_alt2.jpg?sw=500", "unique_id": "8a6870d143bd4e0894e9d8207ea36c7d", "trending_score": "0.0", "price": 24.0, "discounted_price": 0.0, "currency": "GBP", "product_code": "8a6870d143bd4e0894e9d8207ea36c7d", "affinity_score": 0.0, "brand": "v_bonmarche_uk_usc", "store": "v_bonmarche_uk_usc", "streamoid_urls": null}, {"title": "Isla & Rose Tie Dye Tassel Playsuit", "gender": "women", "category": "playsuits", "color": null, "product_url": "https://www.bonmarche.co.uk/dresses/isla-and-rose-tie-dye-tassel-playsuit-431365.html?dwvar_431365_color=07&cgid=womens-swimwear-beach-cover-ups", "thumbnail_url": ["http://d1q9qhpdr6ehzh.cloudfront.net/bf51a28bbac4cbe87e26d1a7c39235e3"], "chatbot_image": "https://www.bonmarche.co.uk/dw/image/v2/BBCZ_PRD/on/demandware.static/-/Sites-master-catalog-bonmarche/default/dw076bba62/zoom/43/43136507_alt1.jpg?sw=150,https://www.bonmarche.co.uk/dw/image/v2/BBCZ_PRD/on/demandware.static/-/Sites-master-catalog-bonmarche/default/dw90f48acc/zoom/43/43136507_default.jpg?sw=150,https://www.bonmarche.co.uk/dw/image/v2/BBCZ_PRD/on/demandware.static/-/Sites-master-catalog-bonmarche/default/dwa4325aa2/zoom/43/43136507_alt2.jpg?sw=150,https://www.bonmarche.co.uk/dw/image/v2/BBCZ_PRD/on/demandware.static/-/Sites-master-catalog-bonmarche/default/dw058c3d29/zoom/43/43136507_alt3.jpg?sw=150", "unique_id": "8b24aa5fae4543afb4730f7ffd083be7", "trending_score": "0.0", "price": 17.0, "discounted_price": 17.0, "currency": "INR", "product_code": "bf51a28bbac4cbe87e26d1a7c39235e3_bonmarche_co_uk", "affinity_score": 0.0, "brand": null, "store": "bonmarche_co_uk", "streamoid_urls": null}, {"title": "Lace Up Beach Dress", "gender": "women", "category": "dresses", "color": null, "product_url": "https://www.bonmarche.co.uk/swim-and-beachwear/lace-up-beach-dress-171823.html?dwvar_171823_color=31&cgid=womens-swimwear-beach-cover-ups", "thumbnail_url": ["http://d1q9qhpdr6ehzh.cloudfront.net/e188fccf15107bd53d2ba335d52e4b03"], "chatbot_image": "https://www.bonmarche.co.uk/dw/image/v2/BBCZ_PRD/on/demandware.static/-/Sites-master-catalog-bonmarche/default/dw98844ff0/zoom/17/17182331_alt1.jpg?sw=150,https://www.bonmarche.co.uk/dw/image/v2/BBCZ_PRD/on/demandware.static/-/Sites-master-catalog-bonmarche/default/dw0a367c2d/zoom/17/17182331_default.jpg?sw=150,https://www.bonmarche.co.uk/dw/image/v2/BBCZ_PRD/on/demandware.static/-/Sites-master-catalog-bonmarche/default/dw20721a11/zoom/17/17182331_alt2.jpg?sw=150,https://www.bonmarche.co.uk/dw/image/v2/BBCZ_PRD/on/demandware.static/-/Sites-master-catalog-bonmarche/default/dwe84a9f4e/zoom/17/17182331_alt3.jpg?sw=150", "unique_id": "d0cfa4f563d64d00888a68af7492f23a", "trending_score": "0.0", "price": 18.0, "discounted_price": 18.0, "currency": "INR", "product_code": "e188fccf15107bd53d2ba335d52e4b03_bonmarche_co_uk", "affinity_score": 0.0, "brand": null, "store": "bonmarche_co_uk", "streamoid_urls": null}, {"title": "Stripe Wrap Tie Side Swimdress", "gender": "women", "category": "innerwear-one-piece", "color": "navy navy navy navy navy navy navy navy navy navy", "product_url": "https://www.bonmarche.co.uk/swim-and-beachwear/stripe-wrap-tie-side-swimdress-171509.html?dwvar_171509_color=53&cgid=womens-swimwear", "thumbnail_url": ["http://d1q9qhpdr6ehzh.cloudfront.net/c561bf92bebbc842ea98addb1208cdb2"], "chatbot_image": "https://www.bonmarche.co.uk/dw/image/v2/BBCZ_PRD/on/demandware.static/-/Sites-master-catalog-bonmarche/default/dw75daf48d/zoom/17/17150953_alt1.jpg?sw=500,https://www.bonmarche.co.uk/dw/image/v2/BBCZ_PRD/on/demandware.static/-/Sites-master-catalog-bonmarche/default/dw69673e99/zoom/17/17150953_alt3.jpg?sw=500,https://www.bonmarche.co.uk/dw/image/v2/BBCZ_PRD/on/demandware.static/-/Sites-master-catalog-bonmarche/default/dw50acbae2/zoom/17/17150953_alt2.jpg?sw=500", "unique_id": "a9f77a35ec5645349bfcbcb8f38fe7cc", "trending_score": "0.0", "price": 25.0, "discounted_price": 0.0, "currency": "GBP", "product_code": "a9f77a35ec5645349bfcbcb8f38fe7cc", "affinity_score": 0.0, "brand": "v_bonmarche_uk_usc", "store": "v_bonmarche_uk_usc", "streamoid_urls": null}], "debug": {"message": "We couldn't find exactly what you're looking for, here are some other products you might be interested in.", "final_query": "", "solr_query": "_text_:(sunglasses)", "spell_corrected_query": "", "filter": [], "explicit_text": null, "fq": ["availability:1"]}, "numFound": 51, "facets": {"gender": {"unknown": 36, "women": 14, "men": 1}, "category": {"unknown": 36, "dresses": 5, "innerwear-one-piece": 5, "playsuits": 2, "necklaces": 1, "slippers": 1, "sweatshirts": 1}, "occasion type": {"beachwear": 6, "swimwear": 5, "everyday": 4}, "Workindustry": {}, "Age": {}, "neck": {}, "arms": {}, "waist": {}, "stomach": {}, "shoulder": {}, "brand": {"forever21": 28, "SONS + DAUGHTERS": 4, "IZIPIZI": 2, "v_bonmarche_uk_usc": 2, "BAO BAO WAN": 1, "OAKLEY": 1, "RAY-BAN": 1, "YEAH RIGHT NYC": 1, "def": 1}, "sub_brand": {"forever21": 28}, "Department": {"regular": 15}, "activity": {"unknown": 11, "hang-outs": 4, "leisure-holiday": 4, "college-look": 2, "airport-look": 1}}, "isFashionQuery": true, "spell_corrected_query": "", "final_query": "", "message": "We couldn't find exactly what you're looking for, here are some other products you might be interested in."}