{"products": [{"title": "Popcorn Knit Dolman Cardigan", "gender": "women", "category": "cardigans", "color": "nude nude nude nude nude nude black black black khaki", "product_url": "https://www.forever21.in/p/popcorn-knit-dolman-cardigan-323758.html", "thumbnail_url": ["http://d1q9qhpdr6ehzh.cloudfront.net/909de98dd341df1406943e496922da04"], "chatbot_image": "https://forever21.imgix.net/img/app/product/3/323758-1620709-large.jpg,https://forever21.imgix.net/img/app/product/3/323758-1620710-large.jpg,https://forever21.imgix.net/img/app/product/3/323758-1620711-large.jpg,https://forever21.imgix.net/img/app/product/3/323758-1620712-large.jpg,https://forever21.imgix.net/img/app/product/3/323758-1620713-large.jpg,https://forever21.imgix.net/img/app/product/3/323758-1620708.jpg", "unique_id": "fbb1341168834794959d89bd47a065a9", "trending_score": "0.0", "price": 1799.0, "discounted_price": 1799.0, "currency": "INR", "product_code": "323758", "affinity_score": 0.0, "brand": "forever21", "store": "v_forever21", "streamoid_urls": null}, {"title": "Alpaca blend kids cardigan", "gender": "women", "category": "cardigans", "color": "beige beige beige beige beige beige beige beige beige beige", "product_url": "https://www.lanecrawford.com/pdp/AUW632", "thumbnail_url": ["http://d1q9qhpdr6ehzh.cloudfront.net/81503e5943ab4f9d7ea28326268b7a26"], "chatbot_image": "http://media.lanecrawford.com/A/U/W/AUW632_in_xl.jpg,http://media.lanecrawford.com/A/U/W/AUW632_fr_xl.jpg,http://media.lanecrawford.com/A/U/W/AUW632_1_xl.jpg,http://media.lanecrawford.com/A/U/W/AUW632_2_xl.jpg,http://media.lanecrawford.com/A/U/W/AUW632_ro_xl.jpg", "unique_id": "2472a964b4d1445ba8f81eb55c372681", "trending_score": "0.0", "price": 1000.0, "discounted_price": 1000.0, "currency": "HKD", "product_code": "AUW632", "affinity_score": 0.0, "brand": "BONTON", "store": "v_lane_crawford", "streamoid_urls": null}, {"title": "'Raya' long open cardigan", "gender": "women", "category": "cardigans", "color": "gray gray gray gray gray gray gray gray gray gray", "product_url": "https://www.lanecrawford.com/pdp/ARE771", "thumbnail_url": ["http://d1q9qhpdr6ehzh.cloudfront.net/53022d7264f1aba921781fbf700862b6"], "chatbot_image": "http://media.lanecrawford.com/A/R/E/ARE771_in_xl.jpg,http://media.lanecrawford.com/A/R/E/ARE771_bk_xl.jpg,http://media.lanecrawford.com/A/R/E/ARE771_4_xl.jpg,http://media.lanecrawford.com/A/R/E/ARE771_ro_xl.jpg", "unique_id": "01d2d6fda53a4fa5a17b19f1d9aa17fd", "trending_score": "0.0", "price": 3400.0, "discounted_price": 3400.0, "currency": "HKD", "product_code": "ARE771", "affinity_score": 0.0, "brand": "ACNE STUDIOS", "store": "v_lane_crawford", "streamoid_urls": null}, {"title": "Leopard knit cardigan", "gender": "women", "category": "cardigans", "color": "multicolor copper copper copper copper copper copper khaki khaki khaki", "product_url": "https://www.lanecrawford.com/pdp/AUU021", "thumbnail_url": ["http://d1q9qhpdr6ehzh.cloudfront.net/cebd8b85573c9a6bf4309e7567794874"], "chatbot_image": "http://media.lanecrawford.com/A/U/U/AUU021_in_xl.jpg,http://media.lanecrawford.com/A/U/U/AUU021_bk_xl.jpg,http://media.lanecrawford.com/A/U/U/AUU021_4_xl.jpg,http://media.lanecrawford.com/A/U/U/AUU021_ro_xl.jpg", "unique_id": "339c4eb89d344020b83d5e9b67c77f6b", "trending_score": "0.0", "price": 8600.0, "discounted_price": 8600.0, "currency": "HKD", "product_code": "AUU021", "affinity_score": 0.0, "brand": "R13", "store": "v_lane_crawford", "streamoid_urls": null}, {"title": "Stripe sleeve French terry cardigan", "gender": "men", "category": "cardigans", "color": "gray gray gray gray gray gray gray gray gray gray", "product_url": "https://www.lanecrawford.com/pdp/ARH733", "thumbnail_url": ["http://d1q9qhpdr6ehzh.cloudfront.net/8caf5d2de8c187cf2395f0fe9800ce01"], "chatbot_image": "http://media.lanecrawford.com/A/R/H/ARH733_in_xl.jpg,http://media.lanecrawford.com/A/R/H/ARH733_bk_xl.jpg,http://media.lanecrawford.com/A/R/H/ARH733_4_xl.jpg,http://media.lanecrawford.com/A/R/H/ARH733_ro_xl.jpg", "unique_id": "3aa57e6506e64197aa003e7fd07d0ef7", "trending_score": "0.0", "price": 6600.0, "discounted_price": 6600.0, "currency": "HKD", "product_code": "ARH733", "affinity_score": 0.0, "brand": "THOM BROWNE", "store": "v_lane_crawford", "streamoid_urls": null}, {"title": "Signature bar stripe cardigan", "gender": "men", "category": "cardigans", "color": "gray gray gray gray gray gray gray gray gray gray", "product_url": "https://www.lanecrawford.com/pdp/BKV777", "thumbnail_url": ["http://d1q9qhpdr6ehzh.cloudfront.net/9025cf04d112e9d2b4fce76322ccbb24"], "chatbot_image": "http://media.lanecrawford.com/B/K/V/BKV777_in_xl.jpg,http://media.lanecrawford.com/B/K/V/BKV777_bk_xl.jpg,http://media.lanecrawford.com/B/K/V/BKV777_4_xl.jpg,http://media.lanecrawford.com/B/K/V/BKV777_ro_xl.jpg", "unique_id": "447fbf3c61c0445f805054d14486c672", "trending_score": "0.0", "price": 6600.0, "discounted_price": 6600.0, "currency": "HKD", "product_code": "BKV777", "affinity_score": 0.0, "brand": "THOM BROWNE", "store": "v_lane_crawford", "streamoid_urls": null}, {"title": "Sylvie Web stripe border GG wool-silk knit long cardigan", "gender": "women", "category": "cardigans", "color": "white white white white white white light gray light gray light gray light gray", "product_url": "https://www.lanecrawford.com.cn/pdp/ARH303", "thumbnail_url": ["http://d1q9qhpdr6ehzh.cloudfront.net/8a4679b6d2ec61aea96f6575eebefa54"], "chatbot_image": "http://media.lanecrawford.com.cn/A/R/H/ARH303_in_xl.jpg,http://media.lanecrawford.com.cn/A/R/H/ARH303_bk_xl.jpg,http://media.lanecrawford.com.cn/A/R/H/ARH303_4_xl.jpg,http://media.lanecrawford.com.cn/A/R/H/ARH303_ro_xl.jpg", "unique_id": "06d08f2032cf43c19a7b877753637421", "trending_score": "0.0", "price": 16900.0, "discounted_price": 16900.0, "currency": "RMB", "product_code": "ARH303", "affinity_score": 0.0, "brand": "GUCCI", "store": "v_lane_crawford", "streamoid_urls": null}, {"title": "Letter patch oversized cardigan", "gender": "women", "category": "cardigans", "color": "beige beige beige beige beige beige beige beige beige beige", "product_url": "https://www.lanecrawford.com/pdp/AUU752", "thumbnail_url": ["http://d1q9qhpdr6ehzh.cloudfront.net/a48264c03ab5dcf0a67229f95ad788bb"], "chatbot_image": "http://media.lanecrawford.com/A/U/U/AUU752_in_xl.jpg,http://media.lanecrawford.com/A/U/U/AUU752_bk_xl.jpg,http://media.lanecrawford.com/A/U/U/AUU752_4_xl.jpg,http://media.lanecrawford.com/A/U/U/AUU752_ro_xl.jpg", "unique_id": "3f097da5c74f481ab669a769a8957f10", "trending_score": "0.0", "price": 6200.0, "discounted_price": 2480.0, "currency": "HKD", "product_code": "AUU752", "affinity_score": 0.0, "brand": "MRZ", "store": "v_lane_crawford", "streamoid_urls": null}, {"title": "Dolphin intarsia merino wool cardigan", "gender": "men", "category": "cardigans", "color": "black black black black black black black black black black", "product_url": "https://www.lanecrawford.com/pdp/BKV761", "thumbnail_url": ["http://d1q9qhpdr6ehzh.cloudfront.net/133aef211a00c1ca5e5e3053e77e6215"], "chatbot_image": "http://media.lanecrawford.com/B/K/V/BKV761_in_xl.jpg,http://media.lanecrawford.com/B/K/V/BKV761_bk_xl.jpg,http://media.lanecrawford.com/B/K/V/BKV761_4_xl.jpg,http://media.lanecrawford.com/B/K/V/BKV761_ro_xl.jpg", "unique_id": "4b02ad9b680f449eae6afcf3ba29e2c3", "trending_score": "0.0", "price": 11300.0, "discounted_price": 11300.0, "currency": "HKD", "product_code": "BKV761", "affinity_score": 0.0, "brand": "THOM BROWNE", "store": "v_lane_crawford", "streamoid_urls": null}, {"title": "Check tweed cardigan", "gender": "women", "category": "cardigans", "color": "red red red red red red black black black black", "product_url": "https://www.lanecrawford.com/pdp/BKK497", "thumbnail_url": ["http://d1q9qhpdr6ehzh.cloudfront.net/7e265ba80407514b43a47a60cfaedeea"], "chatbot_image": "http://media.lanecrawford.com/B/K/K/BKK497_in_xl.jpg,http://media.lanecrawford.com/B/K/K/BKK497_bk_xl.jpg,http://media.lanecrawford.com/B/K/K/BKK497_4_xl.jpg,http://media.lanecrawford.com/B/K/K/BKK497_ro_xl.jpg", "unique_id": "4f7f158144e3446d8402c867141a036c", "trending_score": "0.0", "price": 25000.0, "discounted_price": 25000.0, "currency": "HKD", "product_code": "BKK497", "affinity_score": 0.0, "brand": "MIU MIU", "store": "v_lane_crawford", "streamoid_urls": null}, {"title": "Rat motif long cardigan", "gender": "women", "category": "cardigans", "color": "red red red red red red post box red post box red post box red post box red", "product_url": "https://www.lanecrawford.com/pdp/BKO806", "thumbnail_url": ["http://d1q9qhpdr6ehzh.cloudfront.net/ecffe61bf3f831231328b5bea87cad32"], "chatbot_image": "http://media.lanecrawford.com/B/K/O/BKO806_in_xl.jpg,http://media.lanecrawford.com/B/K/O/BKO806_bk_xl.jpg,http://media.lanecrawford.com/B/K/O/BKO806_4_xl.jpg,http://media.lanecrawford.com/B/K/O/BKO806_ro_xl.jpg", "unique_id": "2bc982dd4ce5403d8a9da455920d77c5", "trending_score": "0.0", "price": 3850.0, "discounted_price": 3850.0, "currency": "HKD", "product_code": "BKO806", "affinity_score": 0.0, "brand": "PH5", "store": "v_lane_crawford", "streamoid_urls": null}, {"title": "Dolphin print stripe sleeve cardigan", "gender": "women", "category": "cardigans", "color": "black black black black black black black black black black", "product_url": "https://www.lanecrawford.com/pdp/BKW178", "thumbnail_url": ["http://d1q9qhpdr6ehzh.cloudfront.net/8e8e70b3e04fa8adac43899dd985ab3d"], "chatbot_image": "http://media.lanecrawford.com/B/K/W/BKW178_in_xl.jpg,http://media.lanecrawford.com/B/K/W/BKW178_bk_xl.jpg,http://media.lanecrawford.com/B/K/W/BKW178_4_xl.jpg,http://media.lanecrawford.com/B/K/W/BKW178_ro_xl.jpg", "unique_id": "1e0915e5da574a118bdffd618eb0fd8c", "trending_score": "0.0", "price": 11800.0, "discounted_price": 11800.0, "currency": "HKD", "product_code": "BKW178", "affinity_score": 0.0, "brand": "THOM BROWNE", "store": "v_lane_crawford", "streamoid_urls": null}, {"title": "Horizontal Stripe embroidered wool cardigan", "gender": "men", "category": "cardigans", "color": "navy navy navy navy navy navy navy navy navy navy", "product_url": "https://www.lanecrawford.com/pdp/ARR019", "thumbnail_url": ["http://d1q9qhpdr6ehzh.cloudfront.net/2195c76677bed9d890716c83a6dcee73"], "chatbot_image": "http://media.lanecrawford.com/A/R/R/ARR019_in_xl.jpg,http://media.lanecrawford.com/A/R/R/ARR019_bk_xl.jpg,http://media.lanecrawford.com/A/R/R/ARR019_4_xl.jpg,http://media.lanecrawford.com/A/R/R/ARR019_ro_xl.jpg", "unique_id": "0a29272f557449438d0c528f6db6efbd", "trending_score": "0.0", "price": 4800.0, "discounted_price": 2880.0, "currency": "HKD", "product_code": "ARR019", "affinity_score": 0.0, "brand": "COMME DES GAR\u00c3\u0087ONS HOMME", "store": "v_lane_crawford", "streamoid_urls": null}, {"title": "Wool blend V-neck cardigan", "gender": "women", "category": "cardigans", "color": "black black black black black black black black black black", "product_url": "https://www.lanecrawford.com/pdp/ALY515", "thumbnail_url": ["http://d1q9qhpdr6ehzh.cloudfront.net/4433d2e74955b24f4986c708f579993a"], "chatbot_image": "http://media.lanecrawford.com/A/L/Y/ALY515_in_xl.jpg,http://media.lanecrawford.com/A/L/Y/ALY515_bk_xl.jpg,http://media.lanecrawford.com/A/L/Y/ALY515_4_xl.jpg,http://media.lanecrawford.com/A/L/Y/ALY515_ro_xl.jpg", "unique_id": "2ab2262c5b36442592db16f551a733d6", "trending_score": "0.0", "price": 2700.0, "discounted_price": 2700.0, "currency": "HKD", "product_code": "ALY515", "affinity_score": 0.0, "brand": "THEORY", "store": "v_lane_crawford", "streamoid_urls": null}, {"title": "Zebra print panelled cardigan", "gender": "women", "category": "cardigans", "color": "black black black black black black black black black black", "product_url": "https://www.lanecrawford.com/pdp/BKK799", "thumbnail_url": ["http://d1q9qhpdr6ehzh.cloudfront.net/f005614360be6befea20a6a99b538046"], "chatbot_image": "http://media.lanecrawford.com/B/K/K/BKK799_in_xl.jpg,http://media.lanecrawford.com/B/K/K/BKK799_bk_xl.jpg,http://media.lanecrawford.com/B/K/K/BKK799_4_xl.jpg,http://media.lanecrawford.com/B/K/K/BKK799_ro_xl.jpg", "unique_id": "2a1f29cacbfd4e7892b991caa09e7754", "trending_score": "0.0", "price": 5700.0, "discounted_price": 5700.0, "currency": "HKD", "product_code": "BKK799", "affinity_score": 0.0, "brand": "SACAI", "store": "v_lane_crawford", "streamoid_urls": null}, {"title": "Marled Longline Cardigan", "gender": "men", "category": "cardigans", "color": "gray gray gray gray gray gray light gray light gray light gray gray", "product_url": "https://www.forever21.in/p/marled-longline-cardigan-324150.html", "thumbnail_url": ["http://d1q9qhpdr6ehzh.cloudfront.net/5df165798d989d88af162272b7055bef"], "chatbot_image": "https://forever21.imgix.net/img/app/product/3/324150-1521913-large.jpg,https://forever21.imgix.net/img/app/product/3/324150-1521914-large.jpg,https://forever21.imgix.net/img/app/product/3/324150-1521915-large.jpg,https://forever21.imgix.net/img/app/product/3/324150-1521916-large.jpg,https://forever21.imgix.net/img/app/product/3/324150-1521917-large.jpg,https://forever21.imgix.net/img/app/product/3/324150-1521912.jpg", "unique_id": "f2a627b3e86a490e8783424632c46107", "trending_score": "0.0", "price": 1499.0, "discounted_price": 1499.0, "currency": "INR", "product_code": "324150", "affinity_score": 0.0, "brand": "forever21", "store": "v_forever21", "streamoid_urls": null}, {"title": "Pinstriped Button-Front Cardigan", "gender": "women", "category": "cardigans", "color": "mustard mustard mustard mustard mustard mustard camel camel camel camel", "product_url": "https://www.forever21.in/p/pinstriped-button-front-cardigan-323551.html", "thumbnail_url": ["http://d1q9qhpdr6ehzh.cloudfront.net/acfbfb46aba51995d1aa8d3755ff3a89"], "chatbot_image": "https://forever21.imgix.net/img/app/product/3/323551-1520026-large.jpg,https://forever21.imgix.net/img/app/product/3/323551-1520027-large.jpg,https://forever21.imgix.net/img/app/product/3/323551-1520028-large.jpg,https://forever21.imgix.net/img/app/product/3/323551-1520029-large.jpg,https://forever21.imgix.net/img/app/product/3/323551-1520025.jpg", "unique_id": "b715d05d76cb4108a9c7a4b1d85654e8", "trending_score": "0.0", "price": 1399.0, "discounted_price": 840.0, "currency": "INR", "product_code": "323551", "affinity_score": 0.0, "brand": "forever21", "store": "v_forever21", "streamoid_urls": null}, {"title": "Wool blend cardigan", "gender": "women", "category": "cardigans", "color": "white white white white white white light gray light gray light gray light gray", "product_url": "https://www.lanecrawford.com/pdp/ALY517", "thumbnail_url": ["http://d1q9qhpdr6ehzh.cloudfront.net/8f64df823f661d67110e10a5a85d53fc"], "chatbot_image": "http://media.lanecrawford.com/A/L/Y/ALY517_in_xl.jpg,http://media.lanecrawford.com/A/L/Y/ALY517_bk_xl.jpg,http://media.lanecrawford.com/A/L/Y/ALY517_4_xl.jpg,http://media.lanecrawford.com/A/L/Y/ALY517_ro_xl.jpg", "unique_id": "3c453e5fae5341228b2209f18cde3c06", "trending_score": "0.0", "price": 2700.0, "discounted_price": 2700.0, "currency": "HKD", "product_code": "ALY517", "affinity_score": 0.0, "brand": "THEORY", "store": "v_lane_crawford", "streamoid_urls": null}, {"title": "Contrast stitch anagram wool cardigan", "gender": "women", "category": "cardigans", "color": "charcoal-gray charcoal-gray charcoal-gray charcoal-gray charcoal-gray charcoal-gray charcoal gray charcoal gray charcoal gray charcoal gray", "product_url": "https://www.lanecrawford.com/pdp/AVL431", "thumbnail_url": ["http://d1q9qhpdr6ehzh.cloudfront.net/fd5c0c761cd1a5911cd45f7871b604bb"], "chatbot_image": "http://media.lanecrawford.com/A/V/L/AVL431_in_xl.jpg,http://media.lanecrawford.com/A/V/L/AVL431_bk_xl.jpg,http://media.lanecrawford.com/A/V/L/AVL431_4_xl.jpg,http://media.lanecrawford.com/A/V/L/AVL431_ro_xl.jpg", "unique_id": "02f6b5f4a129492584d8d9cae91cbeac", "trending_score": "0.0", "price": 8200.0, "discounted_price": 8200.0, "currency": "HKD", "product_code": "AVL431", "affinity_score": 0.0, "brand": "LOEWE", "store": "v_lane_crawford", "streamoid_urls": null}, {"title": "Pinstriped Button-Front Cardigan", "gender": "women", "category": "cardigans", "color": "multicolor navy navy navy navy navy navy charcoal gray charcoal gray charcoal gray", "product_url": "https://www.forever21.in/p/pinstriped-button-front-cardigan-323505.html", "thumbnail_url": ["http://d1q9qhpdr6ehzh.cloudfront.net/c33ef10143c36c8019e52219c052623d"], "chatbot_image": "https://forever21.imgix.net/img/app/product/3/323505-1519884-large.jpg,https://forever21.imgix.net/img/app/product/3/323505-1519885-large.jpg,https://forever21.imgix.net/img/app/product/3/323505-1519886-large.jpg,https://forever21.imgix.net/img/app/product/3/323505-1519887-large.jpg,https://forever21.imgix.net/img/app/product/3/323505-1519883.jpg", "unique_id": "1e21c52cea534df99ad64da8f7bfab51", "trending_score": "0.0", "price": 1399.0, "discounted_price": 900.0, "currency": "INR", "product_code": "323505", "affinity_score": 0.0, "brand": "forever21", "store": "v_forever21", "streamoid_urls": null}, {"title": "Hooded Longline Cardigan", "gender": "men", "category": "cardigans", "color": "black black black black black black black black black black", "product_url": "https://www.forever21.in/p/hooded-longline-cardigan-324389.html", "thumbnail_url": ["http://d1q9qhpdr6ehzh.cloudfront.net/1606ede3ec853d5ea1362b50743d2d42"], "chatbot_image": "https://forever21.imgix.net/img/app/product/3/324389-1614668-large.jpg,https://forever21.imgix.net/img/app/product/3/324389-1614669-large.jpg,https://forever21.imgix.net/img/app/product/3/324389-1614670-large.jpg,https://forever21.imgix.net/img/app/product/3/324389-1614667.jpg", "unique_id": "2b9ea8d8b58a4c48a097d3f51c425fec", "trending_score": "0.0", "price": 1999.0, "discounted_price": 1999.0, "currency": "INR", "product_code": "324389", "affinity_score": 0.0, "brand": "forever21", "store": "v_forever21", "streamoid_urls": null}, {"title": "Braided trim wool check plaid cardigan", "gender": "women", "category": "cardigans", "color": "maroon maroon maroon maroon maroon maroon black black black", "product_url": "https://www.lanecrawford.com/pdp/ARH312", "thumbnail_url": ["http://d1q9qhpdr6ehzh.cloudfront.net/8ca14137642fecc9e4f3e9f931b6a181"], "chatbot_image": "http://media.lanecrawford.com/A/R/H/ARH312_in_xl.jpg,http://media.lanecrawford.com/A/R/H/ARH312_bk_xl.jpg,http://media.lanecrawford.com/A/R/H/ARH312_4_xl.jpg,http://media.lanecrawford.com/A/R/H/ARH312_ro_xl.jpg", "unique_id": "0f16e056c3284fbbae7a362f4e273dfa", "trending_score": "0.0", "price": 21500.0, "discounted_price": 21500.0, "currency": "HKD", "product_code": "ARH312", "affinity_score": 0.0, "brand": "GUCCI", "store": "v_lane_crawford", "streamoid_urls": null}, {"title": "Lace hem paneled cardigan", "gender": "women", "category": "cardigans", "color": "black black black black black black black black black black", "product_url": "https://www.lanecrawford.com/pdp/BKK808", "thumbnail_url": ["http://d1q9qhpdr6ehzh.cloudfront.net/398a0a4d6e9907bafad99d1eb63b7477"], "chatbot_image": "http://media.lanecrawford.com/B/K/K/BKK808_in_xl.jpg,http://media.lanecrawford.com/B/K/K/BKK808_bk_xl.jpg,http://media.lanecrawford.com/B/K/K/BKK808_4_xl.jpg,http://media.lanecrawford.com/B/K/K/BKK808_ro_xl.jpg", "unique_id": "1f58338aff0544ddaa73fe10831b53c8", "trending_score": "0.0", "price": 4500.0, "discounted_price": 4500.0, "currency": "HKD", "product_code": "BKK808", "affinity_score": 0.0, "brand": "SACAI", "store": "v_lane_crawford", "streamoid_urls": null}, {"title": "Button up cashmere cardigan", "gender": "men", "category": "cardigans", "color": "gray gray gray gray gray gray slate gray slate gray slate gray slate gray", "product_url": "https://www.lanecrawford.com/pdp/BKL745", "thumbnail_url": ["http://d1q9qhpdr6ehzh.cloudfront.net/09259ccae2a2fd1d58a8fc3b68baf9a2"], "chatbot_image": "http://media.lanecrawford.com/B/K/L/BKL745_in_xl.jpg,http://media.lanecrawford.com/B/K/L/BKL745_bk_xl.jpg,http://media.lanecrawford.com/B/K/L/BKL745_4_xl.jpg,http://media.lanecrawford.com/B/K/L/BKL745_ro_xl.jpg", "unique_id": "0140183cca6c416988e4bd543ade2b3b", "trending_score": "0.0", "price": 3550.0, "discounted_price": 3550.0, "currency": "HKD", "product_code": "BKL745", "affinity_score": 0.0, "brand": "DREYDEN", "store": "v_lane_crawford", "streamoid_urls": null}, {"title": "Button side cropped wool wrap cardigan", "gender": "women", "category": "cardigans", "color": "beige beige beige beige beige beige beige beige beige beige", "product_url": "https://www.lanecrawford.com/pdp/AQW745", "thumbnail_url": ["http://d1q9qhpdr6ehzh.cloudfront.net/45ec38acd74d2185abe9e7f84f91297d"], "chatbot_image": "http://media.lanecrawford.com/A/Q/W/AQW745_in_xl.jpg,http://media.lanecrawford.com/A/Q/W/AQW745_bk_xl.jpg,http://media.lanecrawford.com/A/Q/W/AQW745_4_xl.jpg,http://media.lanecrawford.com/A/Q/W/AQW745_ro_xl.jpg", "unique_id": "1c88b55a68774eb9b78271e2715c5e92", "trending_score": "0.0", "price": 8000.0, "discounted_price": 8000.0, "currency": "HKD", "product_code": "AQW745", "affinity_score": 0.0, "brand": "BOTTEGA VENETA", "store": "v_lane_crawford", "streamoid_urls": null}, {"title": "'Atlantic' baggy A-line cardigan", "gender": "women", "category": "cardigans", "color": "nude nude nude nude nude nude peach peach peach", "product_url": "https://www.lanecrawford.com.cn/pdp/AUW843", "thumbnail_url": ["http://d1q9qhpdr6ehzh.cloudfront.net/62bc7a2a6f385b1ba3e8419e130e2f10"], "chatbot_image": "http://media.lanecrawford.com.cn/A/U/W/AUW843_in_xl.jpg,http://media.lanecrawford.com.cn/A/U/W/AUW843_bk_xl.jpg,http://media.lanecrawford.com.cn/A/U/W/AUW843_4_xl.jpg,http://media.lanecrawford.com.cn/A/U/W/AUW843_ro_xl.jpg", "unique_id": "513e8faa91ef4902a387b22d9d8b9b52", "trending_score": "0.0", "price": 6900.0, "discounted_price": 6900.0, "currency": "RMB", "product_code": "AUW843", "affinity_score": 0.0, "brand": "ROLAND MOURET", "store": "v_lane_crawford", "streamoid_urls": null}, {"title": "Satin lapel layered cardigan", "gender": "women", "category": "cardigans", "color": "off-white off-white off-white off-white off-white off-white off white off white off white off white", "product_url": "https://www.lanecrawford.com/pdp/BKK816", "thumbnail_url": ["http://d1q9qhpdr6ehzh.cloudfront.net/7ec3014952d7981800d3d4d8e363937d"], "chatbot_image": "http://media.lanecrawford.com/B/K/K/BKK816_in_xl.jpg,http://media.lanecrawford.com/B/K/K/BKK816_bk_xl.jpg,http://media.lanecrawford.com/B/K/K/BKK816_4_xl.jpg,http://media.lanecrawford.com/B/K/K/BKK816_ro_xl.jpg", "unique_id": "49c60ac6110246e58b1d1309a2f6bf20", "trending_score": "0.0", "price": 7800.0, "discounted_price": 7800.0, "currency": "HKD", "product_code": "BKK816", "affinity_score": 0.0, "brand": "SACAI", "store": "v_lane_crawford", "streamoid_urls": null}, {"title": "Contrast stripe Merino wool cardigan", "gender": "men", "category": "cardigans", "color": "black black black black black black black black black black", "product_url": "https://www.lanecrawford.com/pdp/AUG069", "thumbnail_url": ["http://d1q9qhpdr6ehzh.cloudfront.net/fbcef9a508be84b72512b44396ca7a2c"], "chatbot_image": "http://media.lanecrawford.com/A/U/G/AUG069_in_xl.jpg,http://media.lanecrawford.com/A/U/G/AUG069_bk_xl.jpg,http://media.lanecrawford.com/A/U/G/AUG069_4_xl.jpg,http://media.lanecrawford.com/A/U/G/AUG069_ro_xl.jpg", "unique_id": "1ae13ec16cef40748e572a459b2ef96d", "trending_score": "0.0", "price": 5500.0, "discounted_price": 2750.0, "currency": "HKD", "product_code": "AUG069", "affinity_score": 0.0, "brand": "DRIES VAN NOTEN", "store": "v_lane_crawford", "streamoid_urls": null}, {"title": "Contrast seam wool cardigan", "gender": "men", "category": "cardigans", "color": "navy navy navy navy navy navy black black black black", "product_url": "https://www.lanecrawford.com/pdp/AUX812", "thumbnail_url": ["http://d1q9qhpdr6ehzh.cloudfront.net/faded25137752c5fe7a1b6d044e1f760"], "chatbot_image": "http://media.lanecrawford.com/A/U/X/AUX812_in_xl.jpg,http://media.lanecrawford.com/A/U/X/AUX812_bk_xl.jpg,http://media.lanecrawford.com/A/U/X/AUX812_4_xl.jpg,http://media.lanecrawford.com/A/U/X/AUX812_ro_xl.jpg", "unique_id": "0fdbb8253ba741f392d43787e2a5be6a", "trending_score": "0.0", "price": 6980.0, "discounted_price": 6980.0, "currency": "HKD", "product_code": "AUX812", "affinity_score": 0.0, "brand": "MARNI", "store": "v_lane_crawford", "streamoid_urls": null}, {"title": "Silk-cotton blend cardigan", "gender": "women", "category": "cardigans", "color": "light-gray light-gray light-gray light-gray light-gray light-gray light gray light gray light gray light gray", "product_url": "https://www.lanecrawford.com/pdp/AVK955", "thumbnail_url": ["http://d1q9qhpdr6ehzh.cloudfront.net/6fe8876bca0455f85da0e1e0b9d96bda"], "chatbot_image": "http://media.lanecrawford.com/A/V/K/AVK955_in_xl.jpg,http://media.lanecrawford.com/A/V/K/AVK955_bk_xl.jpg,http://media.lanecrawford.com/A/V/K/AVK955_4_xl.jpg,http://media.lanecrawford.com/A/V/K/AVK955_ro_xl.jpg", "unique_id": "529d9e802e8c446d9607ce8edc98b17d", "trending_score": "0.0", "price": 3500.0, "discounted_price": 3500.0, "currency": "HKD", "product_code": "AVK955", "affinity_score": 0.0, "brand": "CRUSH COLLECTION", "store": "v_lane_crawford", "streamoid_urls": null}, {"title": "ACIDE fox appliqu\u00c3\u00a9 virgin wool unisex cardigan", "gender": "men", "category": "cardigans", "color": "gray gray gray gray gray gray gray gray gray gray", "product_url": "https://www.lanecrawford.com.cn/pdp/AKX875", "thumbnail_url": ["http://d1q9qhpdr6ehzh.cloudfront.net/3cd1d6d40d80a6fed1a7dc724203dc06"], "chatbot_image": "http://media.lanecrawford.com.cn/A/K/X/AKX875_in_xl.jpg,http://media.lanecrawford.com.cn/A/K/X/AKX875_fr_xl.jpg,http://media.lanecrawford.com.cn/A/K/X/AKX875_bk_xl.jpg,http://media.lanecrawford.com.cn/A/K/X/AKX875_1_xl.jpg,http://media.lanecrawford.com.cn/A/K/X/AKX875_2_xl.jpg,http://media.lanecrawford.com.cn/A/K/X/AKX875_3_xl.jpg,http://media.lanecrawford.com.cn/A/K/X/AKX875_4_xl.jpg", "unique_id": "33a660bcb2614b8b827e3eeea32786b8", "trending_score": "0.0", "price": 2400.0, "discounted_price": 2400.0, "currency": "RMB", "product_code": "AKX875", "affinity_score": 0.0, "brand": "MAISON KITSUN\u00c3\u0089", "store": "v_lane_crawford", "streamoid_urls": null}, {"title": "Logo embroidered cable knit cardigan", "gender": "women", "category": "cardigans", "color": "blue blue blue blue blue blue indigo indigo indigo indigo", "product_url": "https://www.lanecrawford.com/pdp/BKJ210", "thumbnail_url": ["http://d1q9qhpdr6ehzh.cloudfront.net/72d8c1353c292f00484dc9de639189ba"], "chatbot_image": "http://media.lanecrawford.com/B/K/J/BKJ210_in_xl.jpg,http://media.lanecrawford.com/B/K/J/BKJ210_bk_xl.jpg,http://media.lanecrawford.com/B/K/J/BKJ210_4_xl.jpg,http://media.lanecrawford.com/B/K/J/BKJ210_ro_xl.jpg", "unique_id": "1bf0782de14d44879aa1b12ce2b12ae5", "trending_score": "0.0", "price": 10900.0, "discounted_price": 10900.0, "currency": "HKD", "product_code": "BKJ210", "affinity_score": 0.0, "brand": "GUCCI", "store": "v_lane_crawford", "streamoid_urls": null}, {"title": "Marled Longline Cardigan", "gender": "men", "category": "cardigans", "color": "maroon maroon maroon maroon maroon maroon wine wine wine black", "product_url": "https://www.forever21.in/p/marled-longline-cardigan-324194.html", "thumbnail_url": ["http://d1q9qhpdr6ehzh.cloudfront.net/a9927e23582066d1e6fa79368187d2a1"], "chatbot_image": "https://forever21.imgix.net/img/app/product/3/324194-1522049-large.jpg,https://forever21.imgix.net/img/app/product/3/324194-1522050-large.jpg,https://forever21.imgix.net/img/app/product/3/324194-1522051-large.jpg,https://forever21.imgix.net/img/app/product/3/324194-1522052-large.jpg,https://forever21.imgix.net/img/app/product/3/324194-1522053-large.jpg,https://forever21.imgix.net/img/app/product/3/324194-1522048.jpg", "unique_id": "c52c7f2fcd3a46109624c489fdb7e9e5", "trending_score": "0.0", "price": 1499.0, "discounted_price": 1499.0, "currency": "INR", "product_code": "324194", "affinity_score": 0.0, "brand": "forever21", "store": "v_forever21", "streamoid_urls": null}, {"title": "'Cozette' alpaca wool blend cardigan", "gender": "women", "category": "cardigans", "color": "peach peach peach peach peach peach beige beige beige beige", "product_url": "https://www.lanecrawford.com/pdp/AUO101", "thumbnail_url": ["http://d1q9qhpdr6ehzh.cloudfront.net/0c90ff1062ec1c8250194e5d7c5dd3ab"], "chatbot_image": "http://media.lanecrawford.com/A/U/O/AUO101_in_xl.jpg,http://media.lanecrawford.com/A/U/O/AUO101_bk_xl.jpg,http://media.lanecrawford.com/A/U/O/AUO101_4_xl.jpg,http://media.lanecrawford.com/A/U/O/AUO101_ro_xl.jpg", "unique_id": "0ac574fd70a84ce1bebf2ca4b5a4bef1", "trending_score": "0.0", "price": 4765.0, "discounted_price": 4765.0, "currency": "HKD", "product_code": "AUO101", "affinity_score": 0.0, "brand": "TIBI", "store": "v_lane_crawford", "streamoid_urls": null}, {"title": "Dolman sleeve linen blend cardigan", "gender": "women", "category": "cardigans", "color": "brown brown brown brown brown brown tan tan tan tan", "product_url": "https://www.lanecrawford.com.cn/pdp/ARA763", "thumbnail_url": ["http://d1q9qhpdr6ehzh.cloudfront.net/eff543e22cb2e1c242c40460d0aaa3c3"], "chatbot_image": "http://media.lanecrawford.com.cn/A/R/A/ARA763_in_xl.jpg,http://media.lanecrawford.com.cn/A/R/A/ARA763_bk_xl.jpg,http://media.lanecrawford.com.cn/A/R/A/ARA763_4_xl.jpg,http://media.lanecrawford.com.cn/A/R/A/ARA763_ro_xl.jpg", "unique_id": "17c4b7ed16bd46fe8b2c44aca6ff3da0", "trending_score": "0.0", "price": 3200.0, "discounted_price": 3200.0, "currency": "RMB", "product_code": "ARA763", "affinity_score": 0.0, "brand": "THEORY", "store": "v_lane_crawford", "streamoid_urls": null}, {"title": "Longline Open Front Jacket", "gender": "women", "category": "cardigans", "color": "multicolor light-gray light-gray light-gray light-gray light-gray light-gray light gray light gray light gray", "product_url": "https://www.forever21.in/p/longline-open-front-jacket-323366.html", "thumbnail_url": ["http://d1q9qhpdr6ehzh.cloudfront.net/673bf7902c04bd764e67681d583cb23d"], "chatbot_image": "https://forever21.imgix.net/img/app/product/3/323366-1519451-large.jpg,https://forever21.imgix.net/img/app/product/3/323366-1519452-large.jpg,https://forever21.imgix.net/img/app/product/3/323366-1519453-large.jpg,https://forever21.imgix.net/img/app/product/3/323366-1519454-large.jpg,https://forever21.imgix.net/img/app/product/3/323366-1519450.jpg", "unique_id": "27459375279d486485bf5d1ab9f5942c", "trending_score": "0.0", "price": 1599.0, "discounted_price": 1599.0, "currency": "INR", "product_code": "323366", "affinity_score": 0.0, "brand": "forever21", "store": "v_forever21", "streamoid_urls": null}, {"title": "Ribbed Hooded Cardigan", "gender": "women", "category": "cardigans", "color": "multicolor olive olive olive olive olive olive off white off white olive", "product_url": "https://www.forever21.in/p/ribbed-hooded-cardigan-323696.html", "thumbnail_url": ["http://d1q9qhpdr6ehzh.cloudfront.net/c376b4a8a86ee6e199a6beb456d36b0b"], "chatbot_image": "https://forever21.imgix.net/img/app/product/3/323696-1597810-large.jpg,https://forever21.imgix.net/img/app/product/3/323696-1597811-large.jpg,https://forever21.imgix.net/img/app/product/3/323696-1597812-large.jpg,https://forever21.imgix.net/img/app/product/3/323696-1597813-large.jpg,https://forever21.imgix.net/img/app/product/3/323696-1597809.jpg", "unique_id": "654c05f6c8a84a05bd2a57913a2223c8", "trending_score": "0.0", "price": 1499.0, "discounted_price": 1499.0, "currency": "INR", "product_code": "323696", "affinity_score": 0.0, "brand": "forever21", "store": "v_forever21", "streamoid_urls": null}, {"title": "Ribbed Dolman-Sleeve Cardigan", "gender": "women", "category": "cardigans", "color": "multicolor tan tan tan tan tan tan powder blue black hazelnut", "product_url": "https://www.forever21.in/p/ribbed-dolman-sleeve-cardigan-323929.html", "thumbnail_url": ["http://d1q9qhpdr6ehzh.cloudfront.net/40749e390b53e2762ea06c664ad7ea9d"], "chatbot_image": "https://forever21.imgix.net/img/app/product/3/323929-1599200-large.jpg,https://forever21.imgix.net/img/app/product/3/323929-1599202-large.jpg,https://forever21.imgix.net/img/app/product/3/323929-1599204-large.jpg,https://forever21.imgix.net/img/app/product/3/323929-1599199.jpg", "unique_id": "11cd7f12350148c692ae44582ae1ebb2", "trending_score": "0.0", "price": 1599.0, "discounted_price": 1599.0, "currency": "INR", "product_code": "323929", "affinity_score": 0.0, "brand": "forever21", "store": "v_forever21", "streamoid_urls": null}, {"title": "Drape panel boucl\u00c3\u00a9 cardigan", "gender": "women", "category": "cardigans", "color": "brown brown brown brown brown brown tan tan tan tan", "product_url": "https://www.lanecrawford.com.cn/pdp/ARR658", "thumbnail_url": ["http://d1q9qhpdr6ehzh.cloudfront.net/80701a74ba7c6d00e1ad06959b8de3ab"], "chatbot_image": "http://media.lanecrawford.com.cn/A/R/R/ARR658_in_xl.jpg,http://media.lanecrawford.com.cn/A/R/R/ARR658_bk_xl.jpg,http://media.lanecrawford.com.cn/A/R/R/ARR658_ro_xl.jpg", "unique_id": "3827927654144c989e78ed75efee5c98", "trending_score": "0.0", "price": 6700.0, "discounted_price": 2680.0, "currency": "RMB", "product_code": "ARR658", "affinity_score": 0.0, "brand": "THEORY", "store": "v_lane_crawford", "streamoid_urls": null}, {"title": "Popcorn Knit Dolman Cardigan", "gender": "women", "category": "cardigans", "color": "multicolor mustard mustard mustard mustard mustard mustard camel camel pearl", "product_url": "https://www.forever21.in/p/popcorn-knit-dolman-cardigan-323713.html", "thumbnail_url": ["http://d1q9qhpdr6ehzh.cloudfront.net/48775535ea3469a759dd6fffe4e71310"], "chatbot_image": "https://forever21.imgix.net/img/app/product/3/323713-1620704-large.jpg,https://forever21.imgix.net/img/app/product/3/323713-1620705-large.jpg,https://forever21.imgix.net/img/app/product/3/323713-1620706-large.jpg,https://forever21.imgix.net/img/app/product/3/323713-1620707-large.jpg,https://forever21.imgix.net/img/app/product/3/323713-1620703.jpg", "unique_id": "2e50f738521b4c0686fc9624cb8c9ea9", "trending_score": "0.0", "price": 1799.0, "discounted_price": 1799.0, "currency": "INR", "product_code": "323713", "affinity_score": 0.0, "brand": "forever21", "store": "v_forever21", "streamoid_urls": null}, {"title": "Contemporary Hooded Cardigan", "gender": "women", "category": "cardigans", "color": "multicolor gray gray gray gray gray gray black light gray off white", "product_url": "https://www.forever21.in/p/contemporary-hooded-cardigan-323579.html", "thumbnail_url": ["http://d1q9qhpdr6ehzh.cloudfront.net/db0f15371c45ca6c74248b32d699c462"], "chatbot_image": "https://forever21.imgix.net/img/app/product/3/323579-1630185-large.jpg,https://forever21.imgix.net/img/app/product/3/323579-1630186-large.jpg,https://forever21.imgix.net/img/app/product/3/323579-1630187-large.jpg,https://forever21.imgix.net/img/app/product/3/323579-1630188-large.jpg,https://forever21.imgix.net/img/app/product/3/323579-1630184.jpg", "unique_id": "0c7c1d4963574b9f9fad9dc05dfe3d46", "trending_score": "0.0", "price": 1699.0, "discounted_price": 1699.0, "currency": "INR", "product_code": "323579", "affinity_score": 0.0, "brand": "forever21", "store": "v_forever21", "streamoid_urls": null}, {"title": "Floral knit open cardigan", "gender": "women", "category": "cardigans", "color": "multicolor mauve mauve mauve mauve mauve mauve beige beige peach", "product_url": "https://www.lanecrawford.com/pdp/AWE215", "thumbnail_url": ["http://d1q9qhpdr6ehzh.cloudfront.net/dc8428f79c56e8dd42c4a8379be5e7ec"], "chatbot_image": "http://media.lanecrawford.com/A/W/E/AWE215_in_xl.jpg,http://media.lanecrawford.com/A/W/E/AWE215_bk_xl.jpg,http://media.lanecrawford.com/A/W/E/AWE215_4_xl.jpg,http://media.lanecrawford.com/A/W/E/AWE215_ro_xl.jpg", "unique_id": "2be5d44d3fe04569b3252303b31b4d12", "trending_score": "0.0", "price": 32500.0, "discounted_price": 32500.0, "currency": "HKD", "product_code": "AWE215", "affinity_score": 0.0, "brand": "VALENTINO", "store": "v_lane_crawford", "streamoid_urls": null}, {"title": "Pocket Duster Cardigan", "gender": "women", "category": "cardigans", "color": "orange orange orange orange orange orange rust rust rust rust", "product_url": "https://www.forever21.in/p/pocket-duster-cardigan-322995.html", "thumbnail_url": ["http://d1q9qhpdr6ehzh.cloudfront.net/fdd84544441c1b8b4c79f2331692e399"], "chatbot_image": "https://forever21.imgix.net/img/app/product/3/322995-1518286-large.jpg,https://forever21.imgix.net/img/app/product/3/322995-1518287-large.jpg,https://forever21.imgix.net/img/app/product/3/322995-1518288-large.jpg,https://forever21.imgix.net/img/app/product/3/322995-1518289-large.jpg,https://forever21.imgix.net/img/app/product/3/322995-1518285.jpg", "unique_id": "7f54789e7b6742cb8e9249bd6d78abc9", "trending_score": "0.0", "price": 1299.0, "discounted_price": 1299.0, "currency": "INR", "product_code": "322995", "affinity_score": 0.0, "brand": "forever21", "store": "v_forever21", "streamoid_urls": null}, {"title": "Ribbed Longline Open-Front Cardigan", "gender": "women", "category": "cardigans", "color": "mustard mustard mustard mustard mustard mustard brown brown brown", "product_url": "https://www.forever21.in/p/ribbed-longline-open-front-cardigan-323635.html", "thumbnail_url": ["http://d1q9qhpdr6ehzh.cloudfront.net/714a62f7dcb2a5e2859777b9accc417d"], "chatbot_image": "https://forever21.imgix.net/img/app/product/3/323635-1520280-large.jpg,https://forever21.imgix.net/img/app/product/3/323635-1520281-large.jpg,https://forever21.imgix.net/img/app/product/3/323635-1520282-large.jpg,https://forever21.imgix.net/img/app/product/3/323635-1520283-large.jpg,https://forever21.imgix.net/img/app/product/3/323635-1520279.jpg", "unique_id": "90a981d8c2cc40e690cb47aa81061f62", "trending_score": "0.0", "price": 2249.0, "discounted_price": 2249.0, "currency": "INR", "product_code": "323635", "affinity_score": 0.0, "brand": "forever21", "store": "v_forever21", "streamoid_urls": null}, {"title": "Pocket Duster Cardigan", "gender": "women", "category": "cardigans", "color": "white white white white white white off white off white off white off white", "product_url": "https://www.forever21.in/p/pocket-duster-cardigan-322949.html", "thumbnail_url": ["http://d1q9qhpdr6ehzh.cloudfront.net/a8598243ee24adc741be7689a5c14821"], "chatbot_image": "https://forever21.imgix.net/img/app/product/3/322949-1518149-large.jpg,https://forever21.imgix.net/img/app/product/3/322949-1518150-large.jpg,https://forever21.imgix.net/img/app/product/3/322949-1518151-large.jpg,https://forever21.imgix.net/img/app/product/3/322949-1518152-large.jpg,https://forever21.imgix.net/img/app/product/3/322949-1518148.jpg", "unique_id": "1b182b2d9330466492df74fe319745b3", "trending_score": "0.0", "price": 1299.0, "discounted_price": 1299.0, "currency": "INR", "product_code": "322949", "affinity_score": 0.0, "brand": "forever21", "store": "v_forever21", "streamoid_urls": null}, {"title": "Hooded Longline Cardigan", "gender": "men", "category": "cardigans", "color": "multicolor maroon maroon maroon maroon maroon maroon black black black", "product_url": "https://www.forever21.in/p/hooded-longline-cardigan-324434.html", "thumbnail_url": ["http://d1q9qhpdr6ehzh.cloudfront.net/4be4fb91b6715636768ccf028e92b29e"], "chatbot_image": "https://forever21.imgix.net/img/app/product/3/324434-1614672-large.jpg,https://forever21.imgix.net/img/app/product/3/324434-1614673-large.jpg,https://forever21.imgix.net/img/app/product/3/324434-1614674-large.jpg,https://forever21.imgix.net/img/app/product/3/324434-1614671.jpg", "unique_id": "ccde6b8987f34e509c4928a4d7b4e687", "trending_score": "0.0", "price": 1999.0, "discounted_price": 1999.0, "currency": "INR", "product_code": "324434", "affinity_score": 0.0, "brand": "forever21", "store": "v_forever21", "streamoid_urls": null}, {"title": "Floral lace panel chenille cardigan", "gender": "women", "category": "cardigans", "color": "black black black black black black black black black black", "product_url": "https://www.lanecrawford.com.cn/pdp/ARL540", "thumbnail_url": ["http://d1q9qhpdr6ehzh.cloudfront.net/fc463362084c239178d01a94f7810c3e"], "chatbot_image": "http://media.lanecrawford.com.cn/A/R/L/ARL540_in_xl.jpg,http://media.lanecrawford.com.cn/A/R/L/ARL540_bk_xl.jpg,http://media.lanecrawford.com.cn/A/R/L/ARL540_ro_xl.jpg", "unique_id": "1f02d034efaf4916a86077038bdee111", "trending_score": "0.0", "price": 5600.0, "discounted_price": 2240.0, "currency": "RMB", "product_code": "ARL540", "affinity_score": 0.0, "brand": "PHILOSOPHY DI LORENZO SERAFINI", "store": "v_lane_crawford", "streamoid_urls": null}, {"title": "'Ruthy' heart patch cardigan", "gender": "women", "category": "cardigans", "color": "black black black black black black black black black black", "product_url": "https://www.lanecrawford.com/pdp/BKK952", "thumbnail_url": ["http://d1q9qhpdr6ehzh.cloudfront.net/824a827629f93431117e35e4071946a8"], "chatbot_image": "http://media.lanecrawford.com/B/K/K/BKK952_in_xl.jpg,http://media.lanecrawford.com/B/K/K/BKK952_bk_xl.jpg,http://media.lanecrawford.com/B/K/K/BKK952_4_xl.jpg,http://media.lanecrawford.com/B/K/K/BKK952_ro_xl.jpg", "unique_id": "11b7b1a8d86840d2a3994aabc255bf18", "trending_score": "0.0", "price": 3790.0, "discounted_price": 3790.0, "currency": "HKD", "product_code": "BKK952", "affinity_score": 0.0, "brand": "ALICE + OLIVIA", "store": "v_lane_crawford", "streamoid_urls": null}, {"title": "Contrast border stripe cardigan", "gender": "men", "category": "cardigans", "color": "navy navy navy navy navy navy navy navy navy navy", "product_url": "https://www.lanecrawford.com.cn/pdp/ARI670", "thumbnail_url": ["http://d1q9qhpdr6ehzh.cloudfront.net/21d1eb673d81e1b551a0f9df6ca6fbd9"], "chatbot_image": "http://media.lanecrawford.com.cn/A/R/I/ARI670_in_xl.jpg,http://media.lanecrawford.com.cn/A/R/I/ARI670_bk_xl.jpg,http://media.lanecrawford.com.cn/A/R/I/ARI670_4_xl.jpg,http://media.lanecrawford.com.cn/A/R/I/ARI670_ro_xl.jpg", "unique_id": "340e9fb349af457996d5ec8a649347c6", "trending_score": "0.0", "price": 5600.0, "discounted_price": 3360.0, "currency": "RMB", "product_code": "ARI670", "affinity_score": 0.0, "brand": "MARNI", "store": "v_lane_crawford", "streamoid_urls": null}, {"title": "Signature bar stripe cardigan", "gender": "men", "category": "cardigans", "color": "navy navy navy navy navy navy navy navy navy navy", "product_url": "https://www.lanecrawford.com/pdp/BKV778", "thumbnail_url": ["http://d1q9qhpdr6ehzh.cloudfront.net/e169c527f07ad7fb20621acd2c5d7649"], "chatbot_image": "http://media.lanecrawford.com/B/K/V/BKV778_in_xl.jpg,http://media.lanecrawford.com/B/K/V/BKV778_bk_xl.jpg,http://media.lanecrawford.com/B/K/V/BKV778_4_xl.jpg,http://media.lanecrawford.com/B/K/V/BKV778_ro_xl.jpg", "unique_id": "3f50456ed4184b7eb65eaacafd08fd77", "trending_score": "0.0", "price": 6600.0, "discounted_price": 6600.0, "currency": "HKD", "product_code": "BKV778", "affinity_score": 0.0, "brand": "THOM BROWNE", "store": "v_lane_crawford", "streamoid_urls": null}, {"title": "Chunky rib knit cinched cardigan", "gender": "women", "category": "cardigans", "color": "dark-brown dark-brown dark-brown dark-brown dark-brown dark-brown black black black black", "product_url": "https://www.lanecrawford.com/pdp/AWJ763", "thumbnail_url": ["http://d1q9qhpdr6ehzh.cloudfront.net/bad27c01ac572210d6282cadf4c6751d"], "chatbot_image": "http://media.lanecrawford.com/A/W/J/AWJ763_in_xl.jpg,http://media.lanecrawford.com/A/W/J/AWJ763_bk_xl.jpg,http://media.lanecrawford.com/A/W/J/AWJ763_4_xl.jpg,http://media.lanecrawford.com/A/W/J/AWJ763_ro_xl.jpg", "unique_id": "0a5f5238bd494e589f85491897f0d4dc", "trending_score": "0.0", "price": 10800.0, "discounted_price": 10800.0, "currency": "HKD", "product_code": "AWJ763", "affinity_score": 0.0, "brand": "ALEXANDER MCQUEEN", "store": "v_lane_crawford", "streamoid_urls": null}, {"title": "'The Capital' shawl collar cable knit cashmere cardigan", "gender": "men", "category": "cardigans", "color": "charcoal-gray charcoal-gray charcoal-gray charcoal-gray charcoal-gray charcoal-gray charcoal gray charcoal gray charcoal gray charcoal gray", "product_url": "https://www.lanecrawford.com/pdp/AUQ207", "thumbnail_url": ["http://d1q9qhpdr6ehzh.cloudfront.net/d69191bc26b23ac3890bd72bf17d89f5"], "chatbot_image": "http://media.lanecrawford.com/A/U/Q/AUQ207_in_xl.jpg,http://media.lanecrawford.com/A/U/Q/AUQ207_2_xl.jpg,http://media.lanecrawford.com/A/U/Q/AUQ207_3_xl.jpg,http://media.lanecrawford.com/A/U/Q/AUQ207_4_xl.jpg", "unique_id": "40cfda072d9e4141af59820ae4fff29e", "trending_score": "0.0", "price": 3500.0, "discounted_price": 3500.0, "currency": "HKD", "product_code": "AUQ207", "affinity_score": 0.0, "brand": "DREYDEN", "store": "v_lane_crawford", "streamoid_urls": null}, {"title": "Contrast gauge stripe cardigan", "gender": "men", "category": "cardigans", "color": "charcoal-gray charcoal-gray charcoal-gray charcoal-gray charcoal-gray charcoal-gray charcoal gray charcoal gray charcoal gray charcoal gray", "product_url": "https://www.lanecrawford.com.cn/pdp/ARO815", "thumbnail_url": ["http://d1q9qhpdr6ehzh.cloudfront.net/6ca8021c247ab7fe62cc42e80b565b56"], "chatbot_image": "http://media.lanecrawford.com.cn/A/R/O/ARO815_in_xl.jpg,http://media.lanecrawford.com.cn/A/R/O/ARO815_bk_xl.jpg,http://media.lanecrawford.com.cn/A/R/O/ARO815_4_xl.jpg,http://media.lanecrawford.com.cn/A/R/O/ARO815_ro_xl.jpg", "unique_id": "206e70f89f854c108e2b134b156d3fb0", "trending_score": "0.0", "price": 9900.0, "discounted_price": 6930.0, "currency": "RMB", "product_code": "ARO815", "affinity_score": 0.0, "brand": "BRUNELLO CUCINELLI", "store": "v_lane_crawford", "streamoid_urls": null}, {"title": "'Keda' fluffy stripe alpaca blend long cardigan", "gender": "women", "category": "cardigans", "color": "yellow yellow yellow yellow yellow yellow cream cream", "product_url": "https://www.lanecrawford.com/pdp/AVL301", "thumbnail_url": ["http://d1q9qhpdr6ehzh.cloudfront.net/65b64d7ade150386f49f3d86e90d8de8"], "chatbot_image": "http://media.lanecrawford.com/A/V/L/AVL301_in_xl.jpg,http://media.lanecrawford.com/A/V/L/AVL301_bk_xl.jpg,http://media.lanecrawford.com/A/V/L/AVL301_4_xl.jpg,http://media.lanecrawford.com/A/V/L/AVL301_ro_xl.jpg", "unique_id": "10933f2bd87443e79c853f205ff4e473", "trending_score": "0.0", "price": 4200.0, "discounted_price": 4200.0, "currency": "HKD", "product_code": "AVL301", "affinity_score": 0.0, "brand": "ACNE STUDIOS", "store": "v_lane_crawford", "streamoid_urls": null}], "debug": {"qrm": "", "query_without_qrm": "cardigans", "solr_query": "( ( ( (meta_comprehensive_category:\"cardigans\") ) ) )^1 ", "graph": [[[{"category": ["cardigans"]}]]], "spell_corrected_query": "", "filter": [], "explicit_text": null, "fq": ["availability:1"]}, "numFound": 54, "facets": {"Collar Type": {}, "Ethnicity": {"western": 54}, "Fastening": {"unknown": 49, "none": 4, "hook-and-eye_at_waist": 1}, "Fit": {"regular": 46, "loose": 7, "fitted": 1}, "Hemline Length": {"hip": 32, "knee": 6, "upper-thigh": 4, "midcalf": 3, "above-knee": 2, "below-hip": 2, "mid-thigh": 2, "above-waist": 1, "ankle": 1, "below-knee": 1}, "Material": {"unknown": 48, "lace": 2, "boucle": 1, "fleece": 1, "terry": 1, "tweed": 1}, "Neck Type": {}, "Primary Fibre": {"unknown": 33, "wool": 16, "cotton": 3, "linen": 1, "nylon": 1}, "Print Type": {"solid": 33, "other-stripes": 11, "other-graphic": 2, "stripes": 2, "conversational": 1, "leopard": 1, "ombre": 1, "other-check": 1, "other-floral": 1, "tartan": 1}, "Shoulder Type": {"regular": 37, "dropped": 12, "extended": 4, "unknown": 1}, "Silhouette": {"unknown": 54}, "Sleeve Length": {"full": 48, "extended": 2, "three-fourth": 2, "below-elbow": 1, "unknown": 1}, "Treatment": {"ripped": 38, "unknown": 15, "none": 1}, "Type": {"classic": 26, "longline": 11, "unknown": 7, "award": 5, "open-front": 4, "single-breasted-blazer": 1}, "Color": {"black": 9, "gray": 7, "navy": 5, "beige": 3, "charcoal-gray": 3, "maroon": 3, "mustard": 3, "white": 3, "brown": 2, "light-gray": 2, "nude": 2, "red": 2, "blue": 1, "copper": 1, "dark-brown": 1, "mauve": 1, "off-white": 1, "olive": 1, "orange": 1, "peach": 1, "tan": 1, "yellow": 1}, "Neck Shape": {"none": 32, "v": 19, "round": 3}, "Neck Style": {"basic": 30, "collarless": 14, "hood": 4, "notched": 2, "shawl": 2, "surplice": 1, "unknown": 1}, "gender": {"women": 38, "men": 16}, "category": {"cardigans": 54}, "occasion type": {"everyday": 44, "elevated": 10}, "Workindustry": {}, "Age": {}, "neck": {}, "arms": {}, "waist": {}, "stomach": {}, "shoulder": {}, "brand": {"forever21": 15, "THOM BROWNE": 5, "THEORY": 4, "GUCCI": 3, "SACAI": 3, "ACNE STUDIOS": 2, "DREYDEN": 2, "MARNI": 2, "ALEXANDER MCQUEEN": 1, "ALICE + OLIVIA": 1, "BONTON": 1, "BOTTEGA VENETA": 1, "BRUNELLO CUCINELLI": 1, "COMME DES GAR\u00c3\u0087ONS HOMME": 1, "CRUSH COLLECTION": 1, "DRIES VAN NOTEN": 1, "LOEWE": 1, "MAISON KITSUN\u00c3\u0089": 1, "MIU MIU": 1, "MRZ": 1, "PH5": 1, "PHILOSOPHY DI LORENZO SERAFINI": 1, "R13": 1, "ROLAND MOURET": 1, "TIBI": 1, "VALENTINO": 1}, "sub_brand": {"forever21": 15}, "Department": {"regular": 53, "kidswear": 1}, "activity": {"college-look": 41, "hang-outs": 38, "errands": 27, "lounging": 26, "work-from-home": 26, "leisure-holiday": 16, "airport-look": 15, "high-street-look": 10, "brunch": 6, "date-night": 3, "adventure-holiday": 1, "unknown": 1}}, "isFashionQuery": true, "spell_corrected_query": "", "final_query": "", "message": ""}