{"products": [{"title": "Oversized Denim Tote", "gender": "women", "category": "bags", "color": "blue blue blue blue blue blue white white white white", "product_url": "https://www.forever21.in/p/oversized-denim-tote-323600.html", "thumbnail_url": ["http://d1q9qhpdr6ehzh.cloudfront.net/2b11f6608aeb2c58d53b76f7fd7d44ff"], "chatbot_image": "https://forever21.imgix.net/img/app/product/3/323600-1520191-large.jpg,https://forever21.imgix.net/img/app/product/3/323600-1520192-large.jpg,https://forever21.imgix.net/img/app/product/3/323600-1520190.jpg", "unique_id": "6ac50e0b0053450fb49cc39b606ddf99", "trending_score": "0.0", "price": 749.0, "discounted_price": 749.0, "currency": "INR", "product_code": "323600", "affinity_score": 0.0, "brand": "forever21", "store": "v_forever21", "streamoid_urls": null}, {"title": "'City East West' sailing rope neoprene tote", "gender": "women", "category": "bags", "color": "olive olive olive olive olive olive khaki khaki khaki khaki", "product_url": "https://www.lanecrawford.com/pdp/BKV144", "thumbnail_url": ["http://d1q9qhpdr6ehzh.cloudfront.net/80371ddd8fb20ca79ccd13a0d6301b78"], "chatbot_image": "http://media.lanecrawford.com/B/K/V/BKV144_in_xl.jpg,http://media.lanecrawford.com/B/K/V/BKV144_1_xl.jpg,http://media.lanecrawford.com/B/K/V/BKV144_2_xl.jpg,http://media.lanecrawford.com/B/K/V/BKV144_ro_xl.jpg", "unique_id": "4b3a218149724045bcb0f5fe2b188fff", "trending_score": "0.0", "price": 2490.0, "discounted_price": 2490.0, "currency": "HKD", "product_code": "BKV144", "affinity_score": 0.0, "brand": "STATE OF ESCAPE", "store": "v_lane_crawford", "streamoid_urls": null}, {"title": "'Roxy' small logo quilted tote", "gender": "women", "category": "bags", "color": "silver silver silver silver silver silver white white white white", "product_url": "https://www.lanecrawford.com/pdp/ARW085", "thumbnail_url": ["http://d1q9qhpdr6ehzh.cloudfront.net/80936d35b22d09c5289042072d9bcc2d"], "chatbot_image": "http://media.lanecrawford.com/A/R/W/ARW085_in_xl.jpg,http://media.lanecrawford.com/A/R/W/ARW085_1_xl.jpg,http://media.lanecrawford.com/A/R/W/ARW085_2_xl.jpg,http://media.lanecrawford.com/A/R/W/ARW085_ro_xl.jpg", "unique_id": "03afa2322c1940fcbf48b6275e49031f", "trending_score": "0.0", "price": 4300.0, "discounted_price": 1720.0, "currency": "HKD", "product_code": "ARW085", "affinity_score": 0.0, "brand": "ALEXANDER WANG", "store": "v_lane_crawford", "streamoid_urls": null}, {"title": "Fortune Cookie Print Tote Bag", "gender": "women", "category": "bags", "color": "blue blue blue blue blue blue white white white white", "product_url": "https://www.forever21.in/p/fortune-cookie-print-tote-bag-324450.html", "thumbnail_url": ["http://d1q9qhpdr6ehzh.cloudfront.net/4e27934aeb45f4e60d7cb0093ce4efa9"], "chatbot_image": "https://forever21.imgix.net/img/app/product/3/324450-1635278-large.jpg,https://forever21.imgix.net/img/app/product/3/324450-1635279-large.jpg,https://forever21.imgix.net/img/app/product/3/324450-1635280-large.jpg,https://forever21.imgix.net/img/app/product/3/324450-1635277.jpg", "unique_id": "418a50a5907145f482436ad450c7d45b", "trending_score": "0.0", "price": 199.0, "discounted_price": 199.0, "currency": "INR", "product_code": "324450", "affinity_score": 0.0, "brand": "forever21", "store": "v_forever21", "streamoid_urls": null}, {"title": "Have A Nice Day Graphic Tote", "gender": "women", "category": "bags", "color": "white white white white white white black black black black", "product_url": "https://www.forever21.in/p/have-a-nice-day-graphic-tote-322977.html", "thumbnail_url": ["http://d1q9qhpdr6ehzh.cloudfront.net/752d491ae8da23b0d0b6ac155ef6190f"], "chatbot_image": "https://forever21.imgix.net/img/app/product/3/322977-1627367-large.jpg,https://forever21.imgix.net/img/app/product/3/322977-1627368-large.jpg,https://forever21.imgix.net/img/app/product/3/322977-1627369-large.jpg,https://forever21.imgix.net/img/app/product/3/322977-1627359.jpg", "unique_id": "51068031d26e47608c850310967d171c", "trending_score": "0.0", "price": 499.0, "discounted_price": 499.0, "currency": "INR", "product_code": "322977", "affinity_score": 0.0, "brand": "forever21", "store": "v_forever21", "streamoid_urls": null}, {"title": "Cat Print Canvas Tote Bag", "gender": "women", "category": "bags", "color": "white white white white white white white white white white", "product_url": "https://www.forever21.in/p/cat-print-canvas-tote-bag-324405.html", "thumbnail_url": ["http://d1q9qhpdr6ehzh.cloudfront.net/a8bb395a438921dd3a3f5e669becee55"], "chatbot_image": "https://forever21.imgix.net/img/app/product/3/324405-1635274-large.jpg,https://forever21.imgix.net/img/app/product/3/324405-1635275-large.jpg,https://forever21.imgix.net/img/app/product/3/324405-1635276-large.jpg,https://forever21.imgix.net/img/app/product/3/324405-1635273.jpg", "unique_id": "18fa0dc309fd47c29570781990d7e89a", "trending_score": "0.0", "price": 299.0, "discounted_price": 299.0, "currency": "INR", "product_code": "324405", "affinity_score": 0.0, "brand": "forever21", "store": "v_forever21", "streamoid_urls": null}, {"title": "I Love You Graphic Tote Bag", "gender": "women", "category": "bags", "color": "white white white white white white coral coral coral coral", "product_url": "https://www.forever21.in/p/i-love-you-graphic-tote-bag-323088.html", "thumbnail_url": ["http://d1q9qhpdr6ehzh.cloudfront.net/326d88b1885dff487396a5536f40e7ec"], "chatbot_image": "https://forever21.imgix.net/img/app/product/3/323088-1518584-large.jpg,https://forever21.imgix.net/img/app/product/3/323088-1518585-large.jpg,https://forever21.imgix.net/img/app/product/3/323088-1518583.jpg", "unique_id": "33d9c624ba9445eca8ac47f13de0348d", "trending_score": "0.0", "price": 249.0, "discounted_price": 249.0, "currency": "INR", "product_code": "323088", "affinity_score": 0.0, "brand": "forever21", "store": "v_forever21", "streamoid_urls": null}, {"title": "I Love You Graphic Tote Bag", "gender": "women", "category": "bags", "color": "white white white white white white black black black black", "product_url": "https://www.forever21.in/p/i-love-you-graphic-tote-bag-323133.html", "thumbnail_url": ["http://d1q9qhpdr6ehzh.cloudfront.net/26614ede35a2e05f354115e8880ca143"], "chatbot_image": "https://forever21.imgix.net/img/app/product/3/323133-1518719-large.jpg,https://forever21.imgix.net/img/app/product/3/323133-1518720-large.jpg,https://forever21.imgix.net/img/app/product/3/323133-1518718.jpg", "unique_id": "012937543331406bbfc2ea0c798cc7d9", "trending_score": "0.0", "price": 249.0, "discounted_price": 249.0, "currency": "INR", "product_code": "323133", "affinity_score": 0.0, "brand": "forever21", "store": "v_forever21", "streamoid_urls": null}, {"title": "'Open' leather trim canvas tote", "gender": "men", "category": "bags", "color": "navy navy navy navy navy navy navy navy navy navy", "product_url": "https://www.lanecrawford.com/pdp/ARX308", "thumbnail_url": ["http://d1q9qhpdr6ehzh.cloudfront.net/54f9f0391ca0f897071266cfca1bfde2"], "chatbot_image": "http://media.lanecrawford.com/A/R/X/ARX308_in_xl.jpg,http://media.lanecrawford.com/A/R/X/ARX308_1_xl.jpg,http://media.lanecrawford.com/A/R/X/ARX308_2_xl.jpg,http://media.lanecrawford.com/A/R/X/ARX308_ro_xl.jpg", "unique_id": "4b86a9b3c9a1456e943362c5098981a4", "trending_score": "0.0", "price": 3450.0, "discounted_price": 3450.0, "currency": "HKD", "product_code": "ARX308", "affinity_score": 0.0, "brand": "TRUNK", "store": "v_lane_crawford", "streamoid_urls": null}, {"title": "Bags", "gender": "men", "category": "bags", "color": "multicolor silver silver silver silver silver silver silver silver mauve", "product_url": "https://i.pinimg.com/564x/0e/c3/e5/0ec3e568ba01df0eb2929770245ebf4d.jpg", "thumbnail_url": ["http://d1q9qhpdr6ehzh.cloudfront.net/f79dbd22a4480ecb1d9ad6a31b87e80e"], "chatbot_image": null, "unique_id": "c379c1f483764fd4bb90108a8eb004c0", "trending_score": "0.0", "price": 499.0, "discounted_price": 59.0, "currency": "INR", "product_code": "139", "affinity_score": 0.0, "brand": "def", "store": "v_demo_custom_1", "streamoid_urls": null}, {"title": "Bags", "gender": "women", "category": "bags", "color": "blue blue blue blue blue blue white white white", "product_url": "https://images.yaoota.com/dPvtFevx1IuJ4nOAWwEhsC3pAPw=/trim/yaootaweb-production-ke/media/crawledproductimages/d74e3e9125421c92e4cd3cc480857d98496d8bb7.jpg", "thumbnail_url": ["http://d1q9qhpdr6ehzh.cloudfront.net/e51eaa6bd46dccbc8848381f73431f54"], "chatbot_image": null, "unique_id": "e2ec3a56754f4e2e97652d40abb4787f", "trending_score": "0.0", "price": 499.0, "discounted_price": 59.0, "currency": "INR", "product_code": "224", "affinity_score": 0.0, "brand": "def", "store": "v_demo_custom_1", "streamoid_urls": null}, {"title": "Mahalo Graphic Tote Bag", "gender": "women", "category": "bags", "color": "white white white white white white baby pink baby pink baby pink coral", "product_url": "https://www.forever21.in/p/mahalo-graphic-tote-bag-323104.html", "thumbnail_url": ["http://d1q9qhpdr6ehzh.cloudfront.net/d0892b8d8f333a8bddecff7c72737a17"], "chatbot_image": "https://forever21.imgix.net/img/app/product/3/323104-1616962-large.jpg,https://forever21.imgix.net/img/app/product/3/323104-1616963-large.jpg,https://forever21.imgix.net/img/app/product/3/323104-1616964-large.jpg,https://forever21.imgix.net/img/app/product/3/323104-1616961.jpg", "unique_id": "9e639d051b054c32916b28b91f0d51a7", "trending_score": "0.0", "price": 399.0, "discounted_price": 399.0, "currency": "INR", "product_code": "323104", "affinity_score": 0.0, "brand": "forever21", "store": "v_forever21", "streamoid_urls": null}, {"title": "Logo geometric graphic print canvas beach bag", "gender": "men", "category": "bags", "color": "off-white off-white off-white off-white off-white off-white white white white white", "product_url": "https://www.lanecrawford.com/pdp/AUB505", "thumbnail_url": ["http://d1q9qhpdr6ehzh.cloudfront.net/f4733024fb1c3d11b6c8cda1c6d70d1b"], "chatbot_image": "http://media.lanecrawford.com/A/U/B/AUB505_in_xl.jpg,http://media.lanecrawford.com/A/U/B/AUB505_1_xl.jpg,http://media.lanecrawford.com/A/U/B/AUB505_2_xl.jpg,http://media.lanecrawford.com/A/U/B/AUB505_ro_xl.jpg", "unique_id": "1853a2de6164498dbaaf6f29b66e5d4b", "trending_score": "0.0", "price": 8000.0, "discounted_price": 8000.0, "currency": "HKD", "product_code": "AUB505", "affinity_score": 0.0, "brand": "CONNOLLY", "store": "v_lane_crawford", "streamoid_urls": null}, {"title": "'Nousnous' straw panel large canvas tote", "gender": "women", "category": "bags", "color": "charcoal-gray charcoal-gray charcoal-gray charcoal-gray charcoal-gray charcoal-gray charcoal gray charcoal gray charcoal gray charcoal gray", "product_url": "https://www.lanecrawford.com/pdp/ARO615", "thumbnail_url": ["http://d1q9qhpdr6ehzh.cloudfront.net/c21c0699d2cdfe48388d9b623d8b5e71"], "chatbot_image": "http://media.lanecrawford.com/A/R/O/ARO615_in_xl.jpg,http://media.lanecrawford.com/A/R/O/ARO615_1_xl.jpg,http://media.lanecrawford.com/A/R/O/ARO615_2_xl.jpg,http://media.lanecrawford.com/A/R/O/ARO615_ro_xl.jpg", "unique_id": "0254b76f38e24e919f8d89f79fa607ea", "trending_score": "0.0", "price": 1650.0, "discounted_price": 825.0, "currency": "HKD", "product_code": "ARO615", "affinity_score": 0.0, "brand": "WARANG WAYAN", "store": "v_lane_crawford", "streamoid_urls": null}, {"title": "'Piano' pleated leather tote", "gender": "men", "category": "bags", "color": "dark-brown dark-brown dark-brown dark-brown dark-brown dark-brown chocolate chocolate chocolate chocolate", "product_url": "https://www.lanecrawford.com/pdp/AUR453", "thumbnail_url": ["http://d1q9qhpdr6ehzh.cloudfront.net/355c96a1d39fdf76bbe6b9906433c076"], "chatbot_image": "http://media.lanecrawford.com/A/U/R/AUR453_in_xl.jpg,http://media.lanecrawford.com/A/U/R/AUR453_1_xl.jpg,http://media.lanecrawford.com/A/U/R/AUR453_2_xl.jpg,http://media.lanecrawford.com/A/U/R/AUR453_ro_xl.jpg", "unique_id": "2993f3cf974f4e02a50183646f050276", "trending_score": "0.0", "price": 3450.0, "discounted_price": 3450.0, "currency": "HKD", "product_code": "AUR453", "affinity_score": 0.0, "brand": "HENDER SCHEME", "store": "v_lane_crawford", "streamoid_urls": null}, {"title": "'Piano' pleated leather tote", "gender": "men", "category": "bags", "color": "black black black black black black black black black black", "product_url": "https://www.lanecrawford.com.cn/pdp/AUX895", "thumbnail_url": ["http://d1q9qhpdr6ehzh.cloudfront.net/cb449509899a82441e191787a3b6aad2"], "chatbot_image": "http://media.lanecrawford.com.cn/A/U/X/AUX895_in_xl.jpg,http://media.lanecrawford.com.cn/A/U/X/AUX895_1_xl.jpg,http://media.lanecrawford.com.cn/A/U/X/AUX895_2_xl.jpg,http://media.lanecrawford.com.cn/A/U/X/AUX895_ro_xl.jpg", "unique_id": "435c912e7f9f41e59a6353125516afc5", "trending_score": "0.0", "price": 3500.0, "discounted_price": 3500.0, "currency": "RMB", "product_code": "AUX895", "affinity_score": 0.0, "brand": "HENDER SCHEME", "store": "v_lane_crawford", "streamoid_urls": null}, {"title": "Bags", "gender": "men", "category": "bags", "color": "multicolor blue blue blue blue blue blue indigo slate gray navy", "product_url": "https://i.pinimg.com/564x/36/31/5f/36315f64301e0cf218bd213f13a4fc9a.jpg", "thumbnail_url": ["http://d1q9qhpdr6ehzh.cloudfront.net/6e16eb7cbbf2c884349fb895cc187708"], "chatbot_image": null, "unique_id": "06e5bcc2ef364a30804a7dccd4c6efa1", "trending_score": "0.0", "price": 499.0, "discounted_price": 59.0, "currency": "INR", "product_code": "140", "affinity_score": 0.0, "brand": "def", "store": "v_demo_custom_1", "streamoid_urls": null}, {"title": "'Flying Solo' sailing rope handle neoprene tote", "gender": "women", "category": "bags", "color": "light-gray light-gray light-gray light-gray light-gray light-gray light gray light gray light gray light gray", "product_url": "https://www.lanecrawford.com.cn/pdp/AQE867", "thumbnail_url": ["http://d1q9qhpdr6ehzh.cloudfront.net/de46ad7f58f247584426b16ab4d65406"], "chatbot_image": "http://media.lanecrawford.com.cn/A/Q/E/AQE867_in_xl.jpg,http://media.lanecrawford.com.cn/A/Q/E/AQE867_1_xl.jpg,http://media.lanecrawford.com.cn/A/Q/E/AQE867_2_xl.jpg,http://media.lanecrawford.com.cn/A/Q/E/AQE867_3_xl.jpg,http://media.lanecrawford.com.cn/A/Q/E/AQE867_ro_xl.jpg", "unique_id": "1a76d4c2823342a7b4786e0d440cc0bf", "trending_score": "0.0", "price": 2190.0, "discounted_price": 2190.0, "currency": "RMB", "product_code": "AQE867", "affinity_score": 0.0, "brand": "STATE OF ESCAPE", "store": "v_lane_crawford", "streamoid_urls": null}, {"title": "'Open' leather trim canvas tote", "gender": "men", "category": "bags", "color": "multicolor mustard mustard mustard mustard mustard mustard white white white", "product_url": "https://www.lanecrawford.com/pdp/ARX309", "thumbnail_url": ["http://d1q9qhpdr6ehzh.cloudfront.net/7291ae30cfa3f403ecf6b8dac4a93a02"], "chatbot_image": "http://media.lanecrawford.com/A/R/X/ARX309_in_xl.jpg,http://media.lanecrawford.com/A/R/X/ARX309_1_xl.jpg,http://media.lanecrawford.com/A/R/X/ARX309_2_xl.jpg,http://media.lanecrawford.com/A/R/X/ARX309_ro_xl.jpg", "unique_id": "2306c36858034c30b57e965555d567de", "trending_score": "0.0", "price": 3450.0, "discounted_price": 3450.0, "currency": "HKD", "product_code": "ARX309", "affinity_score": 0.0, "brand": "TRUNK", "store": "v_lane_crawford", "streamoid_urls": null}, {"title": "x Paula's Ibiza colourblock fringe leather tote", "gender": "women", "category": "bags", "color": "mustard mustard mustard mustard mustard mustard white white white", "product_url": "https://www.lanecrawford.com/pdp/AQR227", "thumbnail_url": ["http://d1q9qhpdr6ehzh.cloudfront.net/40d30504b100701d08fe803aba2e4f90"], "chatbot_image": "http://media.lanecrawford.com/A/Q/R/AQR227_in_xl.jpg,http://media.lanecrawford.com/A/Q/R/AQR227_1_xl.jpg,http://media.lanecrawford.com/A/Q/R/AQR227_2_xl.jpg,http://media.lanecrawford.com/A/Q/R/AQR227_ro_xl.jpg", "unique_id": "15c0eabe4c064c93bfe90c09c25b0e46", "trending_score": "0.0", "price": 17500.0, "discounted_price": 12250.0, "currency": "HKD", "product_code": "AQR227", "affinity_score": 0.0, "brand": "LOEWE", "store": "v_lane_crawford", "streamoid_urls": null}], "debug": {"qrm": "", "query_without_qrm": "tote bags", "solr_query": "( ( ( (meta_type:\"tote\")^10 ) ) AND ( ( (meta_comprehensive_category:\"bags\") ) ) )^1 ", "graph": [[[{"type": ["tote^10"]}, {"category": ["bags"]}]]], "spell_corrected_query": "", "filter": [], "explicit_text": null, "fq": ["availability:1"]}, "numFound": 20, "facets": {"Bag Style": {}, "Ethnicity": {"western": 19, "unknown": 1}, "Fastening": {"unknown": 15, "twist-closure_at_front": 2, "zip_at_anywhere": 2, "none": 1}, "Material": {"unknown": 7, "canvas": 6, "leather": 5, "denim": 1, "straw": 1}, "Print Type": {"solid": 5, "colour-block": 4, "graphic": 3, "conversational": 2, "other-graphic": 2, "geometric": 1, "other-geometric": 1, "other-stripes": 1, "tropical": 1}, "Treatment": {"ripped": 10, "unknown": 10}, "Type": {"tote": 20, "hand-bag": 1}, "Color": {"white": 5, "blue": 4, "mustard": 2, "silver": 2, "black": 1, "charcoal-gray": 1, "dark-brown": 1, "light-gray": 1, "navy": 1, "off-white": 1, "olive": 1}, "gender": {"women": 13, "men": 7}, "category": {"bags": 20}, "occasion type": {"everyday": 16, "beachwear": 3, "elevated": 1}, "Workindustry": {}, "Age": {}, "neck": {}, "arms": {}, "waist": {}, "stomach": {}, "shoulder": {}, "brand": {"forever21": 7, "def": 3, "HENDER SCHEME": 2, "STATE OF ESCAPE": 2, "TRUNK": 2, "ALEXANDER WANG": 1, "CONNOLLY": 1, "LOEWE": 1, "WARANG WAYAN": 1}, "sub_brand": {"forever21": 7}, "Department": {"regular": 20}, "activity": {"airport-look": 17, "leisure-holiday": 17, "college-look": 16, "errands": 16, "hang-outs": 16, "unknown": 3, "brunch": 1, "date-night": 1, "high-street-look": 1, "social-outing": 1}}, "isFashionQuery": true, "spell_corrected_query": "", "final_query": "", "message": ""}