{"products": [{"title": "High-Rise Flare Jeans", "gender": "women", "category": "jeans", "color": "blue blue blue blue blue blue white white white charcoal gray", "product_url": "https://www.forever21.in/p/high-rise-flare-jeans-324363.html", "thumbnail_url": ["http://d1q9qhpdr6ehzh.cloudfront.net/0e483bfafbb7df4ec08661b9fba64a1f"], "chatbot_image": "https://forever21.imgix.net/img/app/product/3/324363-1522560-large.jpg,https://forever21.imgix.net/img/app/product/3/324363-1522561-large.jpg,https://forever21.imgix.net/img/app/product/3/324363-1522562-large.jpg,https://forever21.imgix.net/img/app/product/3/324363-1522563-large.jpg,https://forever21.imgix.net/img/app/product/3/324363-1522559.jpg", "unique_id": "e87669192be74854bdb58ed5f1f08932", "trending_score": "0.0", "price": 1899.0, "discounted_price": 1899.0, "currency": "INR", "product_code": "324363", "affinity_score": 0.0, "brand": "forever21", "store": "v_forever21", "streamoid_urls": null}, {"title": "Folded side denim culottes", "gender": "women", "category": "jeans", "color": "blue blue blue blue blue blue powder blue powder blue powder blue powder blue", "product_url": "https://www.lanecrawford.com/pdp/ARI291", "thumbnail_url": ["http://d1q9qhpdr6ehzh.cloudfront.net/ace53c5698395499c0bbd7af7cfb26c9"], "chatbot_image": "http://media.lanecrawford.com/A/R/I/ARI291_in_xl.jpg,http://media.lanecrawford.com/A/R/I/ARI291_bk_xl.jpg,http://media.lanecrawford.com/A/R/I/ARI291_4_xl.jpg,http://media.lanecrawford.com/A/R/I/ARI291_ro_xl.jpg", "unique_id": "4c48ec6e11874a6d922a67ab7e2a2b81", "trending_score": "0.0", "price": 6450.0, "discounted_price": 6450.0, "currency": "HKD", "product_code": "ARI291", "affinity_score": 0.0, "brand": "LOEWE", "store": "v_lane_crawford", "streamoid_urls": null}, {"title": "Wide-Leg Cargo Jeans", "gender": "women", "category": "jeans", "color": "blue blue blue blue blue blue powder blue powder blue powder blue powder blue", "product_url": "https://www.forever21.in/p/wide-leg-cargo-jeans-324101.html", "thumbnail_url": ["http://d1q9qhpdr6ehzh.cloudfront.net/2217fa1cec711917fb349c7a14ee4e9c"], "chatbot_image": "https://forever21.imgix.net/img/app/product/3/324101-1521744-large.jpg,https://forever21.imgix.net/img/app/product/3/324101-1521745-large.jpg,https://forever21.imgix.net/img/app/product/3/324101-1521746-large.jpg,https://forever21.imgix.net/img/app/product/3/324101-1521747-large.jpg,https://forever21.imgix.net/img/app/product/3/324101-1521743.jpg", "unique_id": "475e1bd1339a4dbfbe6d1d3a8f746824", "trending_score": "0.0", "price": 2199.0, "discounted_price": 2199.0, "currency": "INR", "product_code": "324101", "affinity_score": 0.0, "brand": "forever21", "store": "v_forever21", "streamoid_urls": null}, {"title": "Wide-Leg Cargo Jeans", "gender": "women", "category": "jeans", "color": "blue blue blue blue blue blue indigo indigo indigo indigo", "product_url": "https://www.forever21.in/p/wide-leg-cargo-jeans-324145.html", "thumbnail_url": ["http://d1q9qhpdr6ehzh.cloudfront.net/c67af277a9e3cfb82f6d63fd74a015cb"], "chatbot_image": "https://forever21.imgix.net/img/app/product/3/324145-1521884-large.jpg,https://forever21.imgix.net/img/app/product/3/324145-1521885-large.jpg,https://forever21.imgix.net/img/app/product/3/324145-1521886-large.jpg,https://forever21.imgix.net/img/app/product/3/324145-1521887-large.jpg,https://forever21.imgix.net/img/app/product/3/324145-1521883.jpg", "unique_id": "c46687c61f5e427fbc9ef7d60ceb674a", "trending_score": "0.0", "price": 2199.0, "discounted_price": 2199.0, "currency": "INR", "product_code": "324145", "affinity_score": 0.0, "brand": "forever21", "store": "v_forever21", "streamoid_urls": null}, {"title": "Zip pocket contrast stitch flare jeans", "gender": "women", "category": "jeans", "color": "blue blue blue blue blue blue indigo indigo indigo indigo", "product_url": "https://www.lanecrawford.com/pdp/BKJ751", "thumbnail_url": ["http://d1q9qhpdr6ehzh.cloudfront.net/98993a8f847cb0e32878ddded42e0cdd"], "chatbot_image": "http://media.lanecrawford.com/B/K/J/BKJ751_in_xl.jpg,http://media.lanecrawford.com/B/K/J/BKJ751_ro_xl.jpg", "unique_id": "2df224f8ec9547c8997185afff237d32", "trending_score": "0.0", "price": 1700.0, "discounted_price": 1700.0, "currency": "HKD", "product_code": "BKJ751", "affinity_score": 0.0, "brand": "CHLO\u00c3\u0089", "store": "v_lane_crawford", "streamoid_urls": null}, {"title": "'Ren' wide leg jeans", "gender": "women", "category": "jeans", "color": "blue blue blue blue blue blue indigo indigo indigo powder blue", "product_url": "https://www.lanecrawford.com/pdp/AWH248", "thumbnail_url": ["http://d1q9qhpdr6ehzh.cloudfront.net/7cb7d163974aa1705f1a6979034fd96a"], "chatbot_image": "http://media.lanecrawford.com/A/W/H/AWH248_in_xl.jpg,http://media.lanecrawford.com/A/W/H/AWH248_bk_xl.jpg,http://media.lanecrawford.com/A/W/H/AWH248_4_xl.jpg,http://media.lanecrawford.com/A/W/H/AWH248_ro_xl.jpg", "unique_id": "28458d2375ad4e8e9758dfcc62f52dd1", "trending_score": "0.0", "price": 1750.0, "discounted_price": 1750.0, "currency": "HKD", "product_code": "AWH248", "affinity_score": 0.0, "brand": "AGOLDE", "store": "v_lane_crawford", "streamoid_urls": null}, {"title": "'Joan' stripe outseam wide leg jeans", "gender": "women", "category": "jeans", "color": "blue blue blue blue blue blue navy navy navy navy", "product_url": "https://www.lanecrawford.com/pdp/ARJ421", "thumbnail_url": ["http://d1q9qhpdr6ehzh.cloudfront.net/20085bddb0da1eb01c9cc26a75e30b2f"], "chatbot_image": "http://media.lanecrawford.com/A/R/J/ARJ421_in_xl.jpg,http://media.lanecrawford.com/A/R/J/ARJ421_bk_xl.jpg,http://media.lanecrawford.com/A/R/J/ARJ421_4_xl.jpg,http://media.lanecrawford.com/A/R/J/ARJ421_ro_xl.jpg", "unique_id": "4a0c1150174b4231aa47e955f46c42d2", "trending_score": "0.0", "price": 2200.0, "discounted_price": 660.0, "currency": "HKD", "product_code": "ARJ421", "affinity_score": 0.0, "brand": "J BRAND", "store": "v_lane_crawford", "streamoid_urls": null}, {"title": "'Joplin' flare jeans", "gender": "women", "category": "jeans", "color": "black black black black black black black black black black", "product_url": "https://www.lanecrawford.com/pdp/AUO806", "thumbnail_url": ["http://d1q9qhpdr6ehzh.cloudfront.net/3207e79e68d6397e9664b8a2641e6439"], "chatbot_image": "http://media.lanecrawford.com/A/U/O/AUO806_in_xl.jpg,http://media.lanecrawford.com/A/U/O/AUO806_bk_xl.jpg,http://media.lanecrawford.com/A/U/O/AUO806_4_xl.jpg,http://media.lanecrawford.com/A/U/O/AUO806_ro_xl.jpg", "unique_id": "054cbe6901a3438aa21b7b4c8b62dd73", "trending_score": "0.0", "price": 2300.0, "discounted_price": 2300.0, "currency": "HKD", "product_code": "AUO806", "affinity_score": 0.0, "brand": "L'AGENCE", "store": "v_lane_crawford", "streamoid_urls": null}, {"title": "'10 Inch Stovepipe' staggered cuff jeans", "gender": "women", "category": "jeans", "color": "navy navy navy navy navy navy navy navy navy navy", "product_url": "https://www.lanecrawford.com/pdp/AJK048", "thumbnail_url": ["http://d1q9qhpdr6ehzh.cloudfront.net/1a6a6ac35627bf7ea68a9ab6d3bc1642"], "chatbot_image": "http://media.lanecrawford.com/A/J/K/AJK048_in_xl.jpg,http://media.lanecrawford.com/A/J/K/AJK048_fr_xl.jpg,http://media.lanecrawford.com/A/J/K/AJK048_bk_xl.jpg,http://media.lanecrawford.com/A/J/K/AJK048_ro_xl.jpg", "unique_id": "122239e80e9444a7aa0c89b9f22a794c", "trending_score": "0.0", "price": 1950.0, "discounted_price": 1950.0, "currency": "HKD", "product_code": "AJK048", "affinity_score": 0.0, "brand": "RAG & BONE/JEAN", "store": "v_lane_crawford", "streamoid_urls": null}, {"title": "'The Hustler' frayed cuff flared jeans", "gender": "women", "category": "jeans", "color": "navy navy navy navy navy navy navy navy navy navy", "product_url": "https://www.lanecrawford.com/pdp/AUO731", "thumbnail_url": ["http://d1q9qhpdr6ehzh.cloudfront.net/092e24841a987754cb32db27abcfebf1"], "chatbot_image": "http://media.lanecrawford.com/A/U/O/AUO731_in_xl.jpg,http://media.lanecrawford.com/A/U/O/AUO731_bk_xl.jpg,http://media.lanecrawford.com/A/U/O/AUO731_4_xl.jpg,http://media.lanecrawford.com/A/U/O/AUO731_ro_xl.jpg", "unique_id": "3456fab5032b43f99a356ffb009ddb3e", "trending_score": "0.0", "price": 1700.0, "discounted_price": 1700.0, "currency": "HKD", "product_code": "AUO731", "affinity_score": 0.0, "brand": "MOTHER", "store": "v_lane_crawford", "streamoid_urls": null}, {"title": "'Selena' frayed cuff cropped boot cut jeans", "gender": "women", "category": "jeans", "color": "light-blue light-blue light-blue light-blue light-blue light-blue powder blue powder blue powder blue powder blue", "product_url": "https://www.lanecrawford.com.cn/pdp/ARJ313", "thumbnail_url": ["http://d1q9qhpdr6ehzh.cloudfront.net/1ba6dd80f0cbe345414ec8011860c9f9"], "chatbot_image": "http://media.lanecrawford.com.cn/A/R/J/ARJ313_in_xl.jpg,http://media.lanecrawford.com.cn/A/R/J/ARJ313_bk_xl.jpg,http://media.lanecrawford.com.cn/A/R/J/ARJ313_4_xl.jpg,http://media.lanecrawford.com.cn/A/R/J/ARJ313_ro_xl.jpg", "unique_id": "3fb11a227f2a4dbd849e4b7b7e2cb2aa", "trending_score": "0.0", "price": 2100.0, "discounted_price": 1050.0, "currency": "RMB", "product_code": "ARJ313", "affinity_score": 0.0, "brand": "J BRAND", "store": "v_lane_crawford", "streamoid_urls": null}, {"title": "'Le Crop Flare' jeans", "gender": "women", "category": "jeans", "color": "blue blue blue blue blue blue indigo indigo indigo indigo", "product_url": "https://www.lanecrawford.com/pdp/AQY953", "thumbnail_url": ["http://d1q9qhpdr6ehzh.cloudfront.net/e18c580258ddd7ea8dbd314d6b82d81d"], "chatbot_image": "http://media.lanecrawford.com/A/Q/Y/AQY953_in_xl.jpg,http://media.lanecrawford.com/A/Q/Y/AQY953_bk_xl.jpg,http://media.lanecrawford.com/A/Q/Y/AQY953_4_xl.jpg,http://media.lanecrawford.com/A/Q/Y/AQY953_ro_xl.jpg", "unique_id": "4e8d4347a5ac4f0185193cc45d39076a", "trending_score": "0.0", "price": 1900.0, "discounted_price": 760.0, "currency": "HKD", "product_code": "AQY953", "affinity_score": 0.0, "brand": "FRAME DENIM", "store": "v_lane_crawford", "streamoid_urls": null}, {"title": "'Le Crop Mini Boot' jeans", "gender": "women", "category": "jeans", "color": "navy navy navy navy navy navy navy navy navy navy", "product_url": "https://www.lanecrawford.com/pdp/AKG740", "thumbnail_url": ["http://d1q9qhpdr6ehzh.cloudfront.net/8bb8b364ef68df4bb457a4fc25c044b5"], "chatbot_image": "http://media.lanecrawford.com/A/K/G/AKG740_in_xl.jpg,http://media.lanecrawford.com/A/K/G/AKG740_fr_xl.jpg,http://media.lanecrawford.com/A/K/G/AKG740_bk_xl.jpg,http://media.lanecrawford.com/A/K/G/AKG740_4_xl.jpg,http://media.lanecrawford.com/A/K/G/AKG740_ro_xl.jpg", "unique_id": "4f008f023dfb413193421f4bcf4c2b5a", "trending_score": "0.0", "price": 1850.0, "discounted_price": 1850.0, "currency": "HKD", "product_code": "AKG740", "affinity_score": 0.0, "brand": "FRAME DENIM", "store": "v_lane_crawford", "streamoid_urls": null}, {"title": "'Fisherman' jetted pocket cropped washed jeans", "gender": "women", "category": "jeans", "color": "white white white white white white pearl pearl pearl pearl", "product_url": "https://www.lanecrawford.com/pdp/ARI258", "thumbnail_url": ["http://d1q9qhpdr6ehzh.cloudfront.net/301c720a3b1530745d7885eb5399968a"], "chatbot_image": "http://media.lanecrawford.com/A/R/I/ARI258_in_xl.jpg,http://media.lanecrawford.com/A/R/I/ARI258_bk_xl.jpg,http://media.lanecrawford.com/A/R/I/ARI258_4_xl.jpg,http://media.lanecrawford.com/A/R/I/ARI258_ro_xl.jpg", "unique_id": "2ae8d07a189342fd95361c40172facbb", "trending_score": "0.0", "price": 5950.0, "discounted_price": 5950.0, "currency": "HKD", "product_code": "ARI258", "affinity_score": 0.0, "brand": "LOEWE", "store": "v_lane_crawford", "streamoid_urls": null}, {"title": "Staggered cuff jeans", "gender": "women", "category": "jeans", "color": "black black black black black black black black black black", "product_url": "https://www.lanecrawford.com.cn/pdp/ABU467", "thumbnail_url": ["http://d1q9qhpdr6ehzh.cloudfront.net/a995033cc274442cdaa2d1850f9e8520"], "chatbot_image": "http://media.lanecrawford.com.cn/A/B/U/ABU467_in_xl.jpg,http://media.lanecrawford.com.cn/A/B/U/ABU467_fr_xl.jpg,http://media.lanecrawford.com.cn/A/B/U/ABU467_bk_xl.jpg,http://media.lanecrawford.com.cn/A/B/U/ABU467_4_xl.jpg,http://media.lanecrawford.com.cn/A/B/U/ABU467_ro_xl.jpg", "unique_id": "10abf5738a7f4d87ae0ce3c0fb5fb044", "trending_score": "0.0", "price": 1600.0, "discounted_price": 1600.0, "currency": "RMB", "product_code": "ABU467", "affinity_score": 0.0, "brand": "RAG & BONE/JEAN", "store": "v_lane_crawford", "streamoid_urls": null}, {"title": "'Colette' raw hem cropped flared jeans", "gender": "women", "category": "jeans", "color": "multicolor blue blue blue blue blue blue indigo indigo indigo", "product_url": "https://www.lanecrawford.com/pdp/AUY364", "thumbnail_url": ["http://d1q9qhpdr6ehzh.cloudfront.net/b781659c6c8218fbb02385b81ceb136b"], "chatbot_image": "http://media.lanecrawford.com/A/U/Y/AUY364_in_xl.jpg,http://media.lanecrawford.com/A/U/Y/AUY364_bk_xl.jpg,http://media.lanecrawford.com/A/U/Y/AUY364_4_xl.jpg,http://media.lanecrawford.com/A/U/Y/AUY364_ro_xl.jpg", "unique_id": "3c41ee8f3d4145aea2d405d9b8825d10", "trending_score": "0.0", "price": 2150.0, "discounted_price": 2150.0, "currency": "HKD", "product_code": "AUY364", "affinity_score": 0.0, "brand": "TRAVE", "store": "v_lane_crawford", "streamoid_urls": null}, {"title": "jeans", "gender": "men", "category": "jeans", "color": "light-blue light-blue light-blue light-blue light-blue light-blue powder blue powder blue powder blue powder blue", "product_url": "https://bewakoof.com", "thumbnail_url": ["http://d1q9qhpdr6ehzh.cloudfront.net/thumbnail/5b2fb998ee6175033e4983c86dce1d8d"], "chatbot_image": null, "unique_id": "dbf71bb0eb834429a916d54f02d08a2e", "trending_score": "0.0", "price": 100.0, "discounted_price": 0.0, "currency": "INR", "product_code": "6259", "affinity_score": 0.0, "brand": "all online store", "store": "v_website_demo", "streamoid_urls": null}, {"title": "jeans", "gender": "men", "category": "jeans", "color": "blue blue blue blue blue blue indigo indigo indigo indigo", "product_url": "https://bdcthumb.imgix.net", "thumbnail_url": ["http://d1q9qhpdr6ehzh.cloudfront.net/thumbnail/190bdf6fa6a1764e05d7b7684899eec4"], "chatbot_image": null, "unique_id": "6ef9dd28307d410d9914767c8c03064a", "trending_score": "0.0", "price": 100.0, "discounted_price": 0.0, "currency": "INR", "product_code": "6254", "affinity_score": 0.0, "brand": "all online store", "store": "v_website_demo", "streamoid_urls": null}, {"title": "Hand treated roll up cuff jeans", "gender": "men", "category": "jeans", "color": "navy navy navy navy navy navy navy navy navy slate gray", "product_url": "https://www.lanecrawford.com.cn/pdp/AUO202", "thumbnail_url": ["http://d1q9qhpdr6ehzh.cloudfront.net/45bebc67e4fc9e933793b31b874284cf"], "chatbot_image": "http://media.lanecrawford.com.cn/A/U/O/AUO202_in_xl.jpg,http://media.lanecrawford.com.cn/A/U/O/AUO202_bk_xl.jpg,http://media.lanecrawford.com.cn/A/U/O/AUO202_4_xl.jpg,http://media.lanecrawford.com.cn/A/U/O/AUO202_ro_xl.jpg", "unique_id": "39d6948187c6409a8da9af543e3e20f1", "trending_score": "0.0", "price": 3000.0, "discounted_price": 3000.0, "currency": "RMB", "product_code": "AUO202", "affinity_score": 0.0, "brand": "PRONOUNCE", "store": "v_lane_crawford", "streamoid_urls": null}, {"title": "jeans", "gender": "women", "category": "jeans", "color": "navy navy navy navy navy navy navy navy navy navy", "product_url": "https://nymag.com", "thumbnail_url": ["http://d1q9qhpdr6ehzh.cloudfront.net/thumbnail/9ec865321c00e04e47f03c8d295816b8"], "chatbot_image": null, "unique_id": "82f3b3f99baa4d25a2ac63e5a547906b", "trending_score": "0.0", "price": 100.0, "discounted_price": 0.0, "currency": "INR", "product_code": "6122", "affinity_score": 0.0, "brand": "asos", "store": "v_website_demo", "streamoid_urls": null}, {"title": "jeans", "gender": "men", "category": "jeans", "color": "light-blue light-blue light-blue light-blue light-blue light-blue powder blue powder blue powder blue powder blue", "product_url": "https://bewakoof.com", "thumbnail_url": ["http://d1q9qhpdr6ehzh.cloudfront.net/thumbnail/5b2fb998ee6175033e4983c86dce1d8d"], "chatbot_image": null, "unique_id": "a4ad0e6b4e7f483cb7d7a1c5897318d5", "trending_score": "0.0", "price": 100.0, "discounted_price": 0.0, "currency": "INR", "product_code": "6260", "affinity_score": 0.0, "brand": "all online store", "store": "v_website_demo", "streamoid_urls": null}, {"title": "jeans", "gender": "men", "category": "jeans", "color": "multicolor blue blue blue blue blue blue charcoal gray charcoal gray charcoal gray", "product_url": "https://bewakoof.com", "thumbnail_url": ["http://d1q9qhpdr6ehzh.cloudfront.net/thumbnail/a03d92d21588a17cbaf5ccecbbd1b674"], "chatbot_image": null, "unique_id": "c5c17bdede51403b92907cd8bb259474", "trending_score": "0.0", "price": 100.0, "discounted_price": 0.0, "currency": "INR", "product_code": "6258", "affinity_score": 0.0, "brand": "all online store", "store": "v_website_demo", "streamoid_urls": null}, {"title": "jeans", "gender": "men", "category": "jeans", "color": "blue blue blue blue blue blue navy navy navy indigo", "product_url": "https://ajio.com", "thumbnail_url": ["http://d1q9qhpdr6ehzh.cloudfront.net/thumbnail/73526388a2dd6eb83f843abcf453172d"], "chatbot_image": null, "unique_id": "ebf32f7a26934358a5add8331878c9e1", "trending_score": "0.0", "price": 100.0, "discounted_price": 0.0, "currency": "INR", "product_code": "6261", "affinity_score": 0.0, "brand": "all online store", "store": "v_website_demo", "streamoid_urls": null}, {"title": "jeans", "gender": "men", "category": "jeans", "color": "blue blue blue blue blue blue powder blue powder blue powder blue powder blue", "product_url": "https://ajio.com", "thumbnail_url": ["http://d1q9qhpdr6ehzh.cloudfront.net/thumbnail/b3de8bf711bbb3b183af64404e52018d"], "chatbot_image": null, "unique_id": "a72e2a4094dd4414ad433add5a9c6ab4", "trending_score": "0.0", "price": 100.0, "discounted_price": 0.0, "currency": "INR", "product_code": "6262", "affinity_score": 0.0, "brand": "all online store", "store": "v_website_demo", "streamoid_urls": null}, {"title": "High-Rise Frayed Jeans", "gender": "women", "category": "jeans", "color": "charcoal-gray charcoal-gray charcoal-gray charcoal-gray charcoal-gray charcoal-gray black black black black", "product_url": "https://www.forever21.in/p/high-rise-frayed-jeans-323495.html", "thumbnail_url": ["http://d1q9qhpdr6ehzh.cloudfront.net/4a7f9787398e6f8a7693cd85c328c73c"], "chatbot_image": "https://forever21.imgix.net/img/app/product/3/323495-1519834-large.jpg,https://forever21.imgix.net/img/app/product/3/323495-1519835-large.jpg,https://forever21.imgix.net/img/app/product/3/323495-1519836-large.jpg,https://forever21.imgix.net/img/app/product/3/323495-1519837-large.jpg,https://forever21.imgix.net/img/app/product/3/323495-1519833.jpg", "unique_id": "24fa271661da44da9406bc7a732e8c93", "trending_score": "0.0", "price": 1999.0, "discounted_price": 1999.0, "currency": "INR", "product_code": "323495", "affinity_score": 0.0, "brand": "forever21", "store": "v_forever21", "streamoid_urls": null}, {"title": "jeans", "gender": "men", "category": "jeans", "color": "navy navy navy navy navy navy navy navy navy navy", "product_url": "https://i.pinimg.com", "thumbnail_url": ["http://d1q9qhpdr6ehzh.cloudfront.net/thumbnail/b5fe2408ffd4df35a7bba59d7452308e"], "chatbot_image": null, "unique_id": "213c62730ca5436ca3886159df692e57", "trending_score": "0.0", "price": 100.0, "discounted_price": 0.0, "currency": "INR", "product_code": "6249", "affinity_score": 0.0, "brand": "all online store", "store": "v_website_demo", "streamoid_urls": null}, {"title": "jeans", "gender": "men", "category": "jeans", "color": "blue blue blue blue blue blue slate gray slate gray slate gray slate gray", "product_url": "https://allonlinestore.in", "thumbnail_url": ["http://d1q9qhpdr6ehzh.cloudfront.net/thumbnail/1a5db10d937ec4182fa7a665e9497510"], "chatbot_image": null, "unique_id": "545387c37da849a6993ebd34400508fc", "trending_score": "0.0", "price": 100.0, "discounted_price": 0.0, "currency": "INR", "product_code": "6257", "affinity_score": 0.0, "brand": "all online store", "store": "v_website_demo", "streamoid_urls": null}, {"title": "jeans", "gender": "men", "category": "jeans", "color": "light-blue light-blue light-blue light-blue light-blue light-blue powder blue powder blue powder blue powder blue", "product_url": "https://allonlinestore.in", "thumbnail_url": ["http://d1q9qhpdr6ehzh.cloudfront.net/thumbnail/084e26c834162aba74bce9ecd1f74dd9"], "chatbot_image": null, "unique_id": "cefa1c689fd344449cd7a837a6b84977", "trending_score": "0.0", "price": 100.0, "discounted_price": 0.0, "currency": "INR", "product_code": "6256", "affinity_score": 0.0, "brand": "all online store", "store": "v_website_demo", "streamoid_urls": null}], "debug": {"qrm": "", "query_without_qrm": "wide leg jeans", "solr_query": "( ( ( (alias:\"wide leg\") ) OR ( (meta_type:\"boot-cut\")^10 OR (meta_type:\"wide-leg\")^10 OR (meta_type:\"bell-bottom\")^10 ) ) AND ( ( (meta_comprehensive_category:\"jeans\") ) ) )^1 ", "graph": [[[{"alias": ["wide leg"], "type": ["boot-cut^10", "wide-leg^10", "bell-bottom^10"]}, {"category": ["jeans"]}]]], "query_without_stopwords": "", "spell_corrected_query": "", "filter": [], "explicit_text": null, "fq": ["availability:1"]}, "numFound": 28, "facets": {"Ethnicity": {"western": 28}, "Fastening": {"zip_at_anywhere": 17, "unknown": 5, "buckle_at_waist": 4, "drawstring_at_waist": 2}, "Fit": {"loose": 17, "regular": 11}, "Hemline Length": {"full-length": 17, "ankle": 9, "above-ankle": 1, "knee": 1}, "Material": {"denim": 13, "unknown": 5}, "Primary Fibre": {"cotton": 9, "unknown": 9}, "Print Type": {"solid": 17, "abstract": 1}, "Silhouette": {"unknown": 18}, "Treatment": {"stone-wash": 11, "whiskered": 11, "none": 4, "acid-wash": 1, "frayed": 1}, "Type": {"basic": 9, "boot-cut": 9, "wide-leg": 6, "bell-bottom": 1, "mom": 1, "ripped": 1, "skinny": 1}, "Waist Rise": {"mid": 12, "high": 11, "low": 2, "natural": 2, "short": 1}, "Color": {"blue": 14, "navy": 6, "light-blue": 4, "black": 2, "charcoal-gray": 1, "white": 1}, "gender": {"women": 18, "men": 10}, "category": {"jeans": 28}, "occasion type": {"everyday": 25, "elevated": 3}, "Workindustry": {}, "Age": {}, "neck": {}, "arms": {}, "waist": {}, "stomach": {}, "shoulder": {}, "brand": {"all online store": 9, "forever21": 4, "FRAME DENIM": 2, "J BRAND": 2, "LOEWE": 2, "RAG & BONE/JEAN": 2, "AGOLDE": 1, "CHLO\u00c3\u0089": 1, "L'AGENCE": 1, "MOTHER": 1, "PRONOUNCE": 1, "TRAVE": 1, "asos": 1}, "sub_brand": {"forever21": 4}, "Department": {"regular": 18, "plus-size": 10}, "activity": {"leisure-holiday": 28, "college-look": 25, "hang-outs": 25, "airport-look": 17, "work-from-home": 12, "errands": 11, "brunch": 3, "concert": 3, "date-night": 3, "girls-night-out": 3, "high-street-look": 3, "social-outing": 3}}, "isFashionQuery": true, "spell_corrected_query": "", "query_without_stopwords": "", "final_query": "", "message": ""}