{"products": [{"title": "PRETTYLITTLETHING Tonal Baby Pink Sports Bra", "gender": "women", "category": "innerwear-tops", "color": "unknown unknown unknown unknown unknown unknown hazelnut hazelnut hazelnut hazelnut", "product_url": "https://www.prettylittlething.com/prettylittlething-tonal-baby-pink-sports-bra.html", "thumbnail_url": ["http://d1q9qhpdr6ehzh.cloudfront.net/5c09fe7525da3f5df9d1f35d990cf80f"], "chatbot_image": "https://cdn-img.prettylittlething.com/d/f/5/8/df58212a18ab4384ab99584c534408a6e43b7578_clz9391_1.jpg", "unique_id": "510a710c369940689b6cbeeaad30f012", "trending_score": "0.0", "price": 0.0, "discounted_price": 0.0, "currency": "GBP", "product_code": "510a710c369940689b6cbeeaad30f012", "affinity_score": 0.0, "brand": "v_prettylittlething_usc", "store": "v_prettylittlething_usc", "streamoid_urls": null}, {"title": "PRETTYLITTLETHING Breathable Scuba Sports Bralet", "gender": "women", "category": "innerwear-tops", "color": "unknown unknown unknown unknown unknown unknown off white off white off white off white", "product_url": "https://www.prettylittlething.com/prettylittlething-breathable-scuba-sports-bralet.html", "thumbnail_url": ["http://d1q9qhpdr6ehzh.cloudfront.net/2c6e9485019fb2966d2804e03a409a8c"], "chatbot_image": "https://cdn-img.prettylittlething.com/5/a/1/9/5a19915ec153fdea54549019c347290b9719e17d_CLY8416_1.jpg", "unique_id": "194a5b3d5f0846478fd6051dc76e128c", "trending_score": "0.0", "price": 0.0, "discounted_price": 0.0, "currency": "GBP", "product_code": "194a5b3d5f0846478fd6051dc76e128c", "affinity_score": 0.0, "brand": "v_prettylittlething_usc", "store": "v_prettylittlething_usc", "streamoid_urls": null}, {"title": "PRETTYLITTLETHING Camel Sports Bra", "gender": "women", "category": "innerwear-tops", "color": "unknown unknown unknown unknown unknown unknown tan tan tan hazelnut", "product_url": "https://www.prettylittlething.com/prettylittlething-camel-sports-bra.html", "thumbnail_url": ["http://d1q9qhpdr6ehzh.cloudfront.net/d8fee4486d1e74e4eb0fc5e8a05ac6f6"], "chatbot_image": "https://cdn-img.prettylittlething.com/0/9/e/5/09e5783497798c5dac1fa0c33c0d241e7869780d_clz6874_1.jpg", "unique_id": "447c98b3f6974f808d2d3c16b8427bb8", "trending_score": "0.0", "price": 0.0, "discounted_price": 0.0, "currency": "GBP", "product_code": "447c98b3f6974f808d2d3c16b8427bb8", "affinity_score": 0.0, "brand": "v_prettylittlething_usc", "store": "v_prettylittlething_usc", "streamoid_urls": null}, {"title": "Plus Black Caged Contrast Sports Bra", "gender": "women", "category": "innerwear-tops", "color": "unknown unknown unknown unknown unknown unknown black black black black", "product_url": "https://www.prettylittlething.com/plus-black-caged-contrast-sports-bra.html", "thumbnail_url": ["http://d1q9qhpdr6ehzh.cloudfront.net/3209afb7c07493e20cac47eb2b018cf5"], "chatbot_image": "https://cdn-img.prettylittlething.com/d/4/6/1/d4618f3bd2c64b4604edcdb103ae274dc887a20d_clz0779_1.jpg", "unique_id": "1f91f372697945c6907c9b9b4fface93", "trending_score": "0.0", "price": 0.0, "discounted_price": 0.0, "currency": "GBP", "product_code": "1f91f372697945c6907c9b9b4fface93", "affinity_score": 0.0, "brand": "v_prettylittlething_usc", "store": "v_prettylittlething_usc", "streamoid_urls": null}, {"title": "White Monochrome Sports Bra", "gender": "women", "category": "innerwear-tops", "color": "unknown unknown unknown unknown unknown unknown black black black black", "product_url": "https://www.prettylittlething.com/white-monochrome-crop-top.html", "thumbnail_url": ["http://d1q9qhpdr6ehzh.cloudfront.net/de54c367592e79ae7839b16eab8970e4"], "chatbot_image": "https://cdn-img.prettylittlething.com/8/0/7/1/807182d08052a7e629a88ae6a2db1ab4be68e5d3_CLT3866_1.JPG", "unique_id": "2c52c107b419481c8e02c869eed5fbe3", "trending_score": "0.0", "price": 0.0, "discounted_price": 0.0, "currency": "GBP", "product_code": "2c52c107b419481c8e02c869eed5fbe3", "affinity_score": 0.0, "brand": "v_prettylittlething_usc", "store": "v_prettylittlething_usc", "streamoid_urls": null}, {"title": "Plus Grey Caged Contrast Sports Bra", "gender": "women", "category": "innerwear-tops", "color": "multicolor unknown unknown unknown unknown unknown unknown gray gray gray", "product_url": "https://www.prettylittlething.com/plus-grey-caged-contrast-sports-bra.html", "thumbnail_url": ["http://d1q9qhpdr6ehzh.cloudfront.net/62960dd7b4f3b277af70da8a092da182"], "chatbot_image": "https://cdn-img.prettylittlething.com/b/7/6/5/b765156960a16bef34321882f72fd625c0bb99d9_clz0781_1.jpg", "unique_id": "4f359751bb69447d93a55f36fab97df6", "trending_score": "0.0", "price": 0.0, "discounted_price": 0.0, "currency": "GBP", "product_code": "4f359751bb69447d93a55f36fab97df6", "affinity_score": 0.0, "brand": "v_prettylittlething_usc", "store": "v_prettylittlething_usc", "streamoid_urls": null}, {"title": "Charcoal Seamless Padded 2 in 1 Sports Bra", "gender": "women", "category": "innerwear-tops", "color": "unknown unknown unknown unknown unknown unknown black black black black", "product_url": "https://www.prettylittlething.com/charcoal-seamless-padded-2-in-1-sports-bra.html", "thumbnail_url": ["http://d1q9qhpdr6ehzh.cloudfront.net/d470d329b2b04c3b728143569622715c"], "chatbot_image": "https://cdn-img.prettylittlething.com/2/2/9/9/2299c4da9749a33f1a9d423f77913d385cd8069a_cma0403_1.jpg", "unique_id": "0ef782aa96b5413e8b1f87b20ba263f3", "trending_score": "0.0", "price": 0.0, "discounted_price": 0.0, "currency": "GBP", "product_code": "0ef782aa96b5413e8b1f87b20ba263f3", "affinity_score": 0.0, "brand": "v_prettylittlething_usc", "store": "v_prettylittlething_usc", "streamoid_urls": null}, {"title": "Low Impact - Sports Bra", "gender": "women", "category": "innerwear-tops", "color": "peach peach peach peach peach peach peach peach peach peach", "product_url": "https://www.forever21.in/p/low-impact-sports-bra-323222.html", "thumbnail_url": ["http://d1q9qhpdr6ehzh.cloudfront.net/18b50ab6008dc3e8270cfe5f5689d89e"], "chatbot_image": "https://forever21.imgix.net/img/app/product/3/323222-1518992-large.jpg,https://forever21.imgix.net/img/app/product/3/323222-1518993-large.jpg,https://forever21.imgix.net/img/app/product/3/323222-1518994-large.jpg,https://forever21.imgix.net/img/app/product/3/323222-1518995-large.jpg,https://forever21.imgix.net/img/app/product/3/323222-1518996-large.jpg,https://forever21.imgix.net/img/app/product/3/323222-1518991.jpg", "unique_id": "e37f46ecfd2e40ff8f1377827a423286", "trending_score": "0.0", "price": 949.0, "discounted_price": 949.0, "currency": "INR", "product_code": "323222", "affinity_score": 0.0, "brand": "forever21", "store": "v_forever21", "streamoid_urls": null}, {"title": "Medium Impact - Sports Bra", "gender": "women", "category": "innerwear-tops", "color": "black black black black black black black black black black", "product_url": "https://www.forever21.in/p/medium-impact-sports-bra-322983.html", "thumbnail_url": ["http://d1q9qhpdr6ehzh.cloudfront.net/0e2e024eca6a18db8e40b913903a59b1"], "chatbot_image": "https://forever21.imgix.net/img/app/product/3/322983-1518228-large.jpg,https://forever21.imgix.net/img/app/product/3/322983-1518229-large.jpg,https://forever21.imgix.net/img/app/product/3/322983-1518230-large.jpg,https://forever21.imgix.net/img/app/product/3/322983-1518231-large.jpg,https://forever21.imgix.net/img/app/product/3/322983-1518227.jpg", "unique_id": "ca5e0df03dfc4d7986a1685d50e9350f", "trending_score": "0.0", "price": 949.0, "discounted_price": 949.0, "currency": "INR", "product_code": "322983", "affinity_score": 0.0, "brand": "forever21", "store": "v_forever21", "streamoid_urls": null}, {"title": "'Dominion' star print panelled logo performance sports bra", "gender": "women", "category": "innerwear-tops", "color": "multicolor navy navy navy navy navy navy charcoal gray charcoal gray peach", "product_url": "https://www.lanecrawford.com/pdp/AUW865", "thumbnail_url": ["http://d1q9qhpdr6ehzh.cloudfront.net/dfdccf1a943f9a950d604f92f41eb502"], "chatbot_image": "http://media.lanecrawford.com/A/U/W/AUW865_in_xl.jpg,http://media.lanecrawford.com/A/U/W/AUW865_bk_xl.jpg,http://media.lanecrawford.com/A/U/W/AUW865_4_xl.jpg,http://media.lanecrawford.com/A/U/W/AUW865_ro_xl.jpg", "unique_id": "0ba8911c986c4966a97b3d1e9e139d4a", "trending_score": "0.0", "price": 950.0, "discounted_price": 950.0, "currency": "HKD", "product_code": "AUW865", "affinity_score": 0.0, "brand": "P.E NATION", "store": "v_lane_crawford", "streamoid_urls": null}, {"title": "Low Impact - Sports Bra", "gender": "women", "category": "innerwear-tops", "color": "mauve mauve mauve mauve mauve mauve peach peach peach peach", "product_url": "https://www.forever21.in/p/low-impact-sports-bra-323642.html", "thumbnail_url": ["http://d1q9qhpdr6ehzh.cloudfront.net/66f78b557d33c386b1769aae890ed507"], "chatbot_image": "https://forever21.imgix.net/img/app/product/3/323642-1520317-large.jpg,https://forever21.imgix.net/img/app/product/3/323642-1520318-large.jpg,https://forever21.imgix.net/img/app/product/3/323642-1520319-large.jpg,https://forever21.imgix.net/img/app/product/3/323642-1520316.jpg", "unique_id": "a940c92f4ab94ca29d77863240a6bc7e", "trending_score": "0.0", "price": 949.0, "discounted_price": 949.0, "currency": "INR", "product_code": "323642", "affinity_score": 0.0, "brand": "forever21", "store": "v_forever21", "streamoid_urls": null}, {"title": "Low Impact - Sports Bra", "gender": "women", "category": "innerwear-tops", "color": "maroon maroon maroon maroon maroon maroon wine wine wine wine", "product_url": "https://www.forever21.in/p/low-impact-sports-bra-324416.html", "thumbnail_url": ["http://d1q9qhpdr6ehzh.cloudfront.net/9ea4d4fc0da077aa528284114234ef59"], "chatbot_image": "https://forever21.imgix.net/img/app/product/3/324416-1522725-large.jpg,https://forever21.imgix.net/img/app/product/3/324416-1522726-large.jpg,https://forever21.imgix.net/img/app/product/3/324416-1522727-large.jpg,https://forever21.imgix.net/img/app/product/3/324416-1522728-large.jpg,https://forever21.imgix.net/img/app/product/3/324416-1522724.jpg", "unique_id": "1550044f28b64dd68e88459893c0de1d", "trending_score": "0.0", "price": 1049.0, "discounted_price": 1049.0, "currency": "INR", "product_code": "324416", "affinity_score": 0.0, "brand": "forever21", "store": "v_forever21", "streamoid_urls": null}, {"title": "Medium Impact - Sports Bra", "gender": "women", "category": "innerwear-tops", "color": "black black black black black black charcoal gray charcoal gray charcoal gray charcoal gray", "product_url": "https://www.forever21.in/p/medium-impact-sports-bra-322966.html", "thumbnail_url": ["http://d1q9qhpdr6ehzh.cloudfront.net/fb3db0be9c866014408a30081f09e749"], "chatbot_image": "https://forever21.imgix.net/img/app/product/3/322966-1614516-large.jpg,https://forever21.imgix.net/img/app/product/3/322966-1614517-large.jpg,https://forever21.imgix.net/img/app/product/3/322966-1614518-large.jpg,https://forever21.imgix.net/img/app/product/3/322966-1614515.jpg", "unique_id": "61572a7ee9324d388424c904ffaee691", "trending_score": "0.0", "price": 1099.0, "discounted_price": 1099.0, "currency": "INR", "product_code": "322966", "affinity_score": 0.0, "brand": "forever21", "store": "v_forever21", "streamoid_urls": null}, {"title": "Sports bra", "gender": "women", "category": "innerwear-tops", "color": "black black black black black black black black black black", "product_url": "https://www.lanecrawford.com/pdp/ARY887", "thumbnail_url": ["http://d1q9qhpdr6ehzh.cloudfront.net/27fe1e977248152c74eef38f4e6d54c1"], "chatbot_image": "http://media.lanecrawford.com/A/R/Y/ARY887_in_xl.jpg,http://media.lanecrawford.com/A/R/Y/ARY887_bk_xl.jpg,http://media.lanecrawford.com/A/R/Y/ARY887_4_xl.jpg,http://media.lanecrawford.com/A/R/Y/ARY887_ro_xl.jpg", "unique_id": "3ef73946f3574f95a4eaab6a3d25d99f", "trending_score": "0.0", "price": 1300.0, "discounted_price": 1300.0, "currency": "HKD", "product_code": "ARY887", "affinity_score": 0.0, "brand": "WONE", "store": "v_lane_crawford", "streamoid_urls": null}, {"title": "Low Impact - Sports Bra", "gender": "women", "category": "innerwear-tops", "color": "maroon maroon maroon maroon maroon maroon wine wine wine champagne", "product_url": "https://www.forever21.in/p/low-impact-sports-bra-323638.html", "thumbnail_url": ["http://d1q9qhpdr6ehzh.cloudfront.net/bdbd91c3919c279de73a64948543041f"], "chatbot_image": "https://forever21.imgix.net/img/app/product/3/323638-1520295-large.jpg,https://forever21.imgix.net/img/app/product/3/323638-1520296-large.jpg,https://forever21.imgix.net/img/app/product/3/323638-1520297-large.jpg,https://forever21.imgix.net/img/app/product/3/323638-1520298-large.jpg,https://forever21.imgix.net/img/app/product/3/323638-1520294.jpg", "unique_id": "5a367ede3c254f3282e65272b60738f0", "trending_score": "0.0", "price": 999.0, "discounted_price": 999.0, "currency": "INR", "product_code": "323638", "affinity_score": 0.0, "brand": "forever21", "store": "v_forever21", "streamoid_urls": null}, {"title": "Medium Impact - Sports Bra", "gender": "women", "category": "innerwear-tops", "color": "maroon maroon maroon maroon maroon maroon wine wine wine wine", "product_url": "https://www.forever21.in/p/medium-impact-sports-bra-324241.html", "thumbnail_url": ["http://d1q9qhpdr6ehzh.cloudfront.net/6f2f72b195fdffc20fa0de0120a7e09a"], "chatbot_image": "https://forever21.imgix.net/img/app/product/3/324241-1522203-large.jpg,https://forever21.imgix.net/img/app/product/3/324241-1522204-large.jpg,https://forever21.imgix.net/img/app/product/3/324241-1522205-large.jpg,https://forever21.imgix.net/img/app/product/3/324241-1522202.jpg", "unique_id": "ba0d211f63914075afb8db0cd628bd4d", "trending_score": "0.0", "price": 1049.0, "discounted_price": 1049.0, "currency": "INR", "product_code": "324241", "affinity_score": 0.0, "brand": "forever21", "store": "v_forever21", "streamoid_urls": null}, {"title": "Low Impact - Sports Bra", "gender": "women", "category": "innerwear-tops", "color": "black black black black black black black black black black", "product_url": "https://www.forever21.in/p/low-impact-sports-bra-323499.html", "thumbnail_url": ["http://d1q9qhpdr6ehzh.cloudfront.net/32d500bd30ea29a01b4f5e605b4a0049"], "chatbot_image": "https://forever21.imgix.net/img/app/product/3/323499-1519855-large.jpg,https://forever21.imgix.net/img/app/product/3/323499-1519856-large.jpg,https://forever21.imgix.net/img/app/product/3/323499-1519857-large.jpg,https://forever21.imgix.net/img/app/product/3/323499-1519854.jpg", "unique_id": "bb2df034145e49f0ac716f745b8a3b34", "trending_score": "0.0", "price": 999.0, "discounted_price": 999.0, "currency": "INR", "product_code": "323499", "affinity_score": 0.0, "brand": "forever21", "store": "v_forever21", "streamoid_urls": null}, {"title": "'Flex It' colourblocked performance sports bra", "gender": "women", "category": "innerwear-tops", "color": "navy navy navy navy navy navy navy navy navy navy", "product_url": "https://www.lanecrawford.com/pdp/AUW873", "thumbnail_url": ["http://d1q9qhpdr6ehzh.cloudfront.net/fe45895b6ef39f2b8287c528a3dcd422"], "chatbot_image": "http://media.lanecrawford.com/A/U/W/AUW873_in_xl.jpg,http://media.lanecrawford.com/A/U/W/AUW873_bk_xl.jpg,http://media.lanecrawford.com/A/U/W/AUW873_4_xl.jpg,http://media.lanecrawford.com/A/U/W/AUW873_ro_xl.jpg", "unique_id": "4c06cdf4a0214b0c8d987adb64f8759c", "trending_score": "0.0", "price": 950.0, "discounted_price": 950.0, "currency": "HKD", "product_code": "AUW873", "affinity_score": 0.0, "brand": "P.E NATION", "store": "v_lane_crawford", "streamoid_urls": null}, {"title": "'Life Your Spirits' sports bra", "gender": "women", "category": "innerwear-tops", "color": "multicolor charcoal-gray charcoal-gray charcoal-gray charcoal-gray charcoal-gray charcoal-gray charcoal gray charcoal gray charcoal gray", "product_url": "https://www.lanecrawford.com/pdp/ARK500", "thumbnail_url": ["http://d1q9qhpdr6ehzh.cloudfront.net/cb4ffbb6faac79be0bfc784527eac7ec"], "chatbot_image": "http://media.lanecrawford.com/A/R/K/ARK500_in_xl.jpg,http://media.lanecrawford.com/A/R/K/ARK500_bk_xl.jpg,http://media.lanecrawford.com/A/R/K/ARK500_4_xl.jpg,http://media.lanecrawford.com/A/R/K/ARK500_ro_xl.jpg", "unique_id": "14aaebed6de6480eac902ba80b5c5045", "trending_score": "0.0", "price": 500.0, "discounted_price": 250.0, "currency": "HKD", "product_code": "ARK500", "affinity_score": 0.0, "brand": "BEYOND YOGA", "store": "v_lane_crawford", "streamoid_urls": null}, {"title": "'True' colourblock sports bra", "gender": "women", "category": "innerwear-tops", "color": "multicolor turquoise turquoise turquoise turquoise turquoise turquoise cyan cyan khaki", "product_url": "https://www.lanecrawford.com/pdp/ARK492", "thumbnail_url": ["http://d1q9qhpdr6ehzh.cloudfront.net/712b3fae7750e8f1ea3cfde848605a2f"], "chatbot_image": "http://media.lanecrawford.com/A/R/K/ARK492_in_xl.jpg,http://media.lanecrawford.com/A/R/K/ARK492_bk_xl.jpg,http://media.lanecrawford.com/A/R/K/ARK492_4_xl.jpg,http://media.lanecrawford.com/A/R/K/ARK492_ro_xl.jpg", "unique_id": "39c1138a6bb64982a26daabebb7957d8", "trending_score": "0.0", "price": 550.0, "discounted_price": 275.0, "currency": "HKD", "product_code": "ARK492", "affinity_score": 0.0, "brand": "BEYOND YOGA", "store": "v_lane_crawford", "streamoid_urls": null}, {"title": "Medium Impact - Sports Bra", "gender": "women", "category": "innerwear-tops", "color": "gray gray gray gray gray gray peach peach peach", "product_url": "https://www.forever21.in/p/medium-impact-sports-bra-324351.html", "thumbnail_url": ["http://d1q9qhpdr6ehzh.cloudfront.net/59114b227b1bbc238f3d0664ee00484d"], "chatbot_image": "https://forever21.imgix.net/img/app/product/3/324351-1624043-large.jpg,https://forever21.imgix.net/img/app/product/3/324351-1624044-large.jpg,https://forever21.imgix.net/img/app/product/3/324351-1624045-large.jpg,https://forever21.imgix.net/img/app/product/3/324351-1624046-large.jpg,https://forever21.imgix.net/img/app/product/3/324351-1624042.jpg", "unique_id": "fa23f06be3d94313832738f0bffe6b0a", "trending_score": "0.0", "price": 1049.0, "discounted_price": 1049.0, "currency": "INR", "product_code": "324351", "affinity_score": 0.0, "brand": "forever21", "store": "v_forever21", "streamoid_urls": null}, {"title": "Low Impact - Sports Bra", "gender": "women", "category": "innerwear-tops", "color": "light-gray light-gray light-gray light-gray light-gray light-gray gray gray gray gray", "product_url": "https://www.forever21.in/p/low-impact-sports-bra-324293.html", "thumbnail_url": ["http://d1q9qhpdr6ehzh.cloudfront.net/587ed011318b2e3b995bcca3b3a19a4f"], "chatbot_image": "https://forever21.imgix.net/img/app/product/3/324293-1603197-large.jpg,https://forever21.imgix.net/img/app/product/3/324293-1603198-large.jpg,https://forever21.imgix.net/img/app/product/3/324293-1603200-large.jpg,https://forever21.imgix.net/img/app/product/3/324293-1603202-large.jpg,https://forever21.imgix.net/img/app/product/3/324293-1603196.jpg", "unique_id": "33abc33d0b8a44ff9eca1605ce2236ae", "trending_score": "0.0", "price": 949.0, "discounted_price": 949.0, "currency": "INR", "product_code": "324293", "affinity_score": 0.0, "brand": "forever21", "store": "v_forever21", "streamoid_urls": null}, {"title": "logo print paneled mesh sports bra", "gender": "women", "category": "innerwear-tops", "color": "black black black black black black black black black charcoal gray", "product_url": "https://www.lanecrawford.com/pdp/BKK375", "thumbnail_url": ["http://d1q9qhpdr6ehzh.cloudfront.net/46f8a16f682fa43e59acc47e98f73144"], "chatbot_image": "http://media.lanecrawford.com/B/K/K/BKK375_in_xl.jpg,http://media.lanecrawford.com/B/K/K/BKK375_bk_xl.jpg,http://media.lanecrawford.com/B/K/K/BKK375_4_xl.jpg,http://media.lanecrawford.com/B/K/K/BKK375_ro_xl.jpg", "unique_id": "474123aa26d64676a20bd5888729e935", "trending_score": "0.0", "price": 890.0, "discounted_price": 890.0, "currency": "HKD", "product_code": "BKK375", "affinity_score": 0.0, "brand": "PUMA", "store": "v_lane_crawford", "streamoid_urls": null}, {"title": "High Impact - Sports Bra", "gender": "women", "category": "innerwear-tops", "color": "gray gray gray gray gray gray charcoal gray charcoal gray charcoal gray charcoal gray", "product_url": "https://www.forever21.in/p/high-impact-sports-bra-324365.html", "thumbnail_url": ["http://d1q9qhpdr6ehzh.cloudfront.net/89853452f177d4cae4ada85ebe770af3"], "chatbot_image": "https://forever21.imgix.net/img/app/product/3/324365-1522570-large.jpg,https://forever21.imgix.net/img/app/product/3/324365-1522571-large.jpg,https://forever21.imgix.net/img/app/product/3/324365-1522572-large.jpg,https://forever21.imgix.net/img/app/product/3/324365-1522573-large.jpg,https://forever21.imgix.net/img/app/product/3/324365-1522569.jpg", "unique_id": "21c783abd31e4bde8227cfc0f1e6a8d9", "trending_score": "0.0", "price": 1049.0, "discounted_price": 1049.0, "currency": "INR", "product_code": "324365", "affinity_score": 0.0, "brand": "forever21", "store": "v_forever21", "streamoid_urls": null}, {"title": "'Jungle Sophie' camoflage print sports bra", "gender": "women", "category": "innerwear-tops", "color": "multicolor black black black black black black beige beige beige", "product_url": "https://www.lanecrawford.com/pdp/ARR906", "thumbnail_url": ["http://d1q9qhpdr6ehzh.cloudfront.net/fb94f2297061d1dcf1484caf0a24c24a"], "chatbot_image": "http://media.lanecrawford.com/A/R/R/ARR906_in_xl.jpg,http://media.lanecrawford.com/A/R/R/ARR906_bk_xl.jpg,http://media.lanecrawford.com/A/R/R/ARR906_4_xl.jpg,http://media.lanecrawford.com/A/R/R/ARR906_ro_xl.jpg", "unique_id": "23b04d9cafb140e9be88c1100fc4efc2", "trending_score": "0.0", "price": 700.0, "discounted_price": 280.0, "currency": "HKD", "product_code": "ARR906", "affinity_score": 0.0, "brand": "THE UPSIDE", "store": "v_lane_crawford", "streamoid_urls": null}, {"title": "'Spacer Laser' racerback sports bra", "gender": "women", "category": "innerwear-tops", "color": "black black black black black black charcoal gray charcoal gray charcoal gray charcoal gray", "product_url": "https://www.lanecrawford.com/pdp/AUB729", "thumbnail_url": ["http://d1q9qhpdr6ehzh.cloudfront.net/65d3ab45775291e38c17fadac7b9a051"], "chatbot_image": "http://media.lanecrawford.com/A/U/B/AUB729_in_xl.jpg,http://media.lanecrawford.com/A/U/B/AUB729_bk_xl.jpg,http://media.lanecrawford.com/A/U/B/AUB729_4_xl.jpg,http://media.lanecrawford.com/A/U/B/AUB729_ro_xl.jpg", "unique_id": "4831bf4420da4d4fb11227759287cf6d", "trending_score": "0.0", "price": 750.0, "discounted_price": 375.0, "currency": "HKD", "product_code": "AUB729", "affinity_score": 0.0, "brand": "CALVIN KLEIN PERFORMANCE", "store": "v_lane_crawford", "streamoid_urls": null}, {"title": "Low Impact - Floral Sports Bra", "gender": "women", "category": "innerwear-tops", "color": "multicolor gray gray gray gray gray gray charcoal gray charcoal gray black", "product_url": "https://www.forever21.in/p/low-impact-floral-sports-bra-323291.html", "thumbnail_url": ["http://d1q9qhpdr6ehzh.cloudfront.net/1e3b1d6544c041f0ee78cefdccf51f13"], "chatbot_image": "https://forever21.imgix.net/img/app/product/3/323291-1618279-large.jpg,https://forever21.imgix.net/img/app/product/3/323291-1618280-large.jpg,https://forever21.imgix.net/img/app/product/3/323291-1618281-large.jpg,https://forever21.imgix.net/img/app/product/3/323291-1618278.jpg", "unique_id": "9269c80d012e47eb990309d25bd5da04", "trending_score": "0.0", "price": 1049.0, "discounted_price": 735.0, "currency": "INR", "product_code": "323291", "affinity_score": 0.0, "brand": "forever21", "store": "v_forever21", "streamoid_urls": null}, {"title": "Colourblock knit performance bralet", "gender": "women", "category": "innerwear-tops", "color": "red red red red red red navy navy navy navy", "product_url": "https://www.lanecrawford.com/pdp/AUW909", "thumbnail_url": ["http://d1q9qhpdr6ehzh.cloudfront.net/3255341a6b0273996592157a4672a277"], "chatbot_image": "http://media.lanecrawford.com/A/U/W/AUW909_in_xl.jpg,http://media.lanecrawford.com/A/U/W/AUW909_bk_xl.jpg,http://media.lanecrawford.com/A/U/W/AUW909_4_xl.jpg,http://media.lanecrawford.com/A/U/W/AUW909_ro_xl.jpg", "unique_id": "3f88f37772ad494fb42d496aa51117e5", "trending_score": "0.0", "price": 1550.0, "discounted_price": 1550.0, "currency": "HKD", "product_code": "AUW909", "affinity_score": 0.0, "brand": "NAGNATA", "store": "v_lane_crawford", "streamoid_urls": null}, {"title": "Grey Marl Hooded Sports Bra", "gender": "women", "category": "innerwear-tops", "color": "multicolor unknown unknown unknown unknown unknown unknown hazelnut hazelnut slate gray", "product_url": "https://www.prettylittlething.com/red-marl-hooded-sports-bra.html", "thumbnail_url": ["http://d1q9qhpdr6ehzh.cloudfront.net/a6c31794226a09b3126921c26aa5cb49"], "chatbot_image": "https://cdn-img.prettylittlething.com/e/4/f/d/e4fd331b07620dfa6cf026bcc512ca717046b9b5_cma0396_1.jpg", "unique_id": "2a93e8656ce94e3da45fd97885799f4d", "trending_score": "0.0", "price": 0.0, "discounted_price": 0.0, "currency": "GBP", "product_code": "2a93e8656ce94e3da45fd97885799f4d", "affinity_score": 0.0, "brand": "v_prettylittlething_usc", "store": "v_prettylittlething_usc", "streamoid_urls": null}, {"title": "PRETTYLITTLETHING Maroon Tonal Sports Bra", "gender": "women", "category": "innerwear-tops", "color": "unknown unknown unknown unknown unknown unknown maroon maroon maroon maroon", "product_url": "https://www.prettylittlething.com/prettylittlething-maroon-tonal-sports-bra.html", "thumbnail_url": ["http://d1q9qhpdr6ehzh.cloudfront.net/9815a39aa7532df1abd7fd291ea93aff"], "chatbot_image": "https://cdn-img.prettylittlething.com/9/2/9/d/929d5ba12d56360c825363b41ee6e5fc00158b73_cly6015_1.jpg", "unique_id": "4832c546bf134ffcac36b0d390cb27d9", "trending_score": "0.0", "price": 0.0, "discounted_price": 0.0, "currency": "GBP", "product_code": "4832c546bf134ffcac36b0d390cb27d9", "affinity_score": 0.0, "brand": "v_prettylittlething_usc", "store": "v_prettylittlething_usc", "streamoid_urls": null}, {"title": "White Cross Strap Sports Bra", "gender": "women", "category": "innerwear-tops", "color": "unknown unknown unknown unknown unknown unknown light gray light gray light gray light gray", "product_url": "https://www.prettylittlething.com/white-cross-strap-sports-bra.html", "thumbnail_url": ["http://d1q9qhpdr6ehzh.cloudfront.net/ddbd67f4821e694d38ead89939b964f2"], "chatbot_image": "https://cdn-img.prettylittlething.com/f/8/3/a/f83aa3685998ed8519aca0545f4fc74ae20d5973_CLY8415_1.jpg", "unique_id": "45ace6ae24bb4458983bf35f9d8c09d5", "trending_score": "0.0", "price": 0.0, "discounted_price": 0.0, "currency": "GBP", "product_code": "45ace6ae24bb4458983bf35f9d8c09d5", "affinity_score": 0.0, "brand": "v_prettylittlething_usc", "store": "v_prettylittlething_usc", "streamoid_urls": null}, {"title": "Black Caged Back Contrast Sports Bra", "gender": "women", "category": "innerwear-tops", "color": "unknown unknown unknown unknown unknown unknown black black black black", "product_url": "https://www.prettylittlething.com/black-caged-back-contrast-sports-bra.html", "thumbnail_url": ["http://d1q9qhpdr6ehzh.cloudfront.net/c6f85d48cac6eac493cd0a86676ffe46"], "chatbot_image": "https://cdn-img.prettylittlething.com/f/7/a/5/f7a54cbed363dadc99df0d1ebc9ca670f563eeee_CLT3843_1.JPG", "unique_id": "4f30cbf5e02a45629cab2cc214f5f0c0", "trending_score": "0.0", "price": 0.0, "discounted_price": 0.0, "currency": "GBP", "product_code": "4f30cbf5e02a45629cab2cc214f5f0c0", "affinity_score": 0.0, "brand": "v_prettylittlething_usc", "store": "v_prettylittlething_usc", "streamoid_urls": null}, {"title": "Grey Zip Front Padded Sports Bra", "gender": "women", "category": "innerwear-tops", "color": "unknown unknown unknown unknown unknown unknown slate gray slate gray slate gray slate gray", "product_url": "https://www.prettylittlething.com/grey-zip-front-padded-sports-bra.html", "thumbnail_url": ["http://d1q9qhpdr6ehzh.cloudfront.net/e2a84a6af90dc0ea7f27cadbd6e08bca"], "chatbot_image": "https://cdn-img.prettylittlething.com/4/7/5/4/47544609e3dcbe3e9cbb45278cd69ef0639aa492_cma0400_1.jpg", "unique_id": "167e886af5a54f2db07937f2e97cc2dd", "trending_score": "0.0", "price": 0.0, "discounted_price": 0.0, "currency": "GBP", "product_code": "167e886af5a54f2db07937f2e97cc2dd", "affinity_score": 0.0, "brand": "v_prettylittlething_usc", "store": "v_prettylittlething_usc", "streamoid_urls": null}, {"title": "PRETTYLITTLETHING Khaki Sports Bra", "gender": "women", "category": "innerwear-tops", "color": "multicolor unknown unknown unknown unknown unknown unknown hazelnut hazelnut olive", "product_url": "https://www.prettylittlething.com/prettylittlething-khaki-sports-bra.html", "thumbnail_url": ["http://d1q9qhpdr6ehzh.cloudfront.net/d2fd8d6af6ff02c628d02a5ba87e6229"], "chatbot_image": "https://cdn-img.prettylittlething.com/5/6/a/7/56a786e01d3cd08bf68c7a207a089fc4382902be_clz7106_1.jpg", "unique_id": "257d83f36a9f4bd681aea9f95cca6171", "trending_score": "0.0", "price": 0.0, "discounted_price": 0.0, "currency": "GBP", "product_code": "257d83f36a9f4bd681aea9f95cca6171", "affinity_score": 0.0, "brand": "v_prettylittlething_usc", "store": "v_prettylittlething_usc", "streamoid_urls": null}, {"title": "'Galaxy' mesh back panelled sports bra", "gender": "women", "category": "innerwear-tops", "color": "maroon maroon maroon maroon maroon maroon chocolate chocolate chocolate chocolate", "product_url": "https://www.lanecrawford.com/pdp/AWH202", "thumbnail_url": ["http://d1q9qhpdr6ehzh.cloudfront.net/cf7a9d5ee58cc4d0d9a0e0f7a9229364"], "chatbot_image": "http://media.lanecrawford.com/A/W/H/AWH202_in_xl.jpg,http://media.lanecrawford.com/A/W/H/AWH202_bk_xl.jpg,http://media.lanecrawford.com/A/W/H/AWH202_4_xl.jpg,http://media.lanecrawford.com/A/W/H/AWH202_ro_xl.jpg", "unique_id": "0a2a8111a1d14e43937bf7889c84b4a1", "trending_score": "0.0", "price": 690.0, "discounted_price": 690.0, "currency": "HKD", "product_code": "AWH202", "affinity_score": 0.0, "brand": "CALVIN KLEIN PERFORMANCE", "store": "v_lane_crawford", "streamoid_urls": null}], "debug": {"qrm": "", "query_without_qrm": "sports bra", "solr_query": "( ( ( (meta_type:\"sports-bra\")^10 ) ) )^1 ", "graph": [[[{"type": ["sports-bra^10"]}]]], "spell_corrected_query": "", "filter": [], "explicit_text": null, "fq": ["availability:1"]}, "numFound": 35, "facets": {"gender": {"women": 35}, "category": {"innerwear-tops": 35}, "occasion type": {"activewear": 35}, "Workindustry": {}, "Age": {}, "neck": {}, "arms": {}, "waist": {}, "stomach": {}, "shoulder": {}, "brand": {"v_prettylittlething_usc": 13, "forever21": 12, "BEYOND YOGA": 2, "CALVIN KLEIN PERFORMANCE": 2, "P.E NATION": 2, "NAGNATA": 1, "PUMA": 1, "THE UPSIDE": 1, "WONE": 1}, "sub_brand": {"forever21": 12}, "Department": {"regular": 33, "plus-size": 2}, "activity": {"gym-and-running": 35, "tennis": 35, "yoga": 35}}, "isFashionQuery": true, "spell_corrected_query": "", "final_query": "", "message": ""}