{"products": [{"title": "overcoats", "gender": "men", "category": "overcoats", "color": null, "product_url": "https://dhresource.com", "thumbnail_url": ["http://d1q9qhpdr6ehzh.cloudfront.net/thumbnail/ed69c2a6b3d0d69aec48c52ab2477335"], "chatbot_image": null, "unique_id": "f5842b0d0e054d4998d26c3c7deb3474", "trending_score": "0.0", "price": 100.0, "discounted_price": 0.0, "currency": "INR", "product_code": "5103", "affinity_score": 0.0, "brand": "lystit", "store": "v_website_demo", "streamoid_urls": null}, {"title": "overcoats", "gender": "men", "category": "overcoats", "color": null, "product_url": "https://i.pinimg.com", "thumbnail_url": ["http://d1q9qhpdr6ehzh.cloudfront.net/thumbnail/c008071f1b287cee2ebdacc95f68e01e"], "chatbot_image": null, "unique_id": "704310d5edef4dc2b7a59c6337e7d3ec", "trending_score": "0.0", "price": 100.0, "discounted_price": 0.0, "currency": "INR", "product_code": "5092", "affinity_score": 0.0, "brand": "lystit", "store": "v_website_demo", "streamoid_urls": null}, {"title": "Scarf detail wrap around cashmere cape", "gender": "women", "category": "overcoats", "color": "beige beige beige beige beige beige beige beige beige beige", "product_url": "https://www.lanecrawford.com/pdp/AUB310", "thumbnail_url": ["http://d1q9qhpdr6ehzh.cloudfront.net/a47972a206dc955d45a13c20683704d6"], "chatbot_image": "http://media.lanecrawford.com/A/U/B/AUB310_in_xl.jpg,http://media.lanecrawford.com/A/U/B/AUB310_bk_xl.jpg,http://media.lanecrawford.com/A/U/B/AUB310_1_xl.jpg,http://media.lanecrawford.com/A/U/B/AUB310_4_xl.jpg,http://media.lanecrawford.com/A/U/B/AUB310_ro_xl.jpg", "unique_id": "19fda9feb62f4e16806a520aa8c486d8", "trending_score": "0.0", "price": 9500.0, "discounted_price": 9500.0, "currency": "HKD", "product_code": "AUB310", "affinity_score": 0.0, "brand": "EQUIL", "store": "v_lane_crawford", "streamoid_urls": null}, {"title": "Distressed scoop neck coat", "gender": "women", "category": "overcoats", "color": "orange orange orange orange orange orange hazelnut hazelnut hazelnut hazelnut", "product_url": "https://www.lanecrawford.com/pdp/AQW731", "thumbnail_url": ["http://d1q9qhpdr6ehzh.cloudfront.net/6685030a7d46eebb5ea3b09ad639550d"], "chatbot_image": "http://media.lanecrawford.com/A/Q/W/AQW731_in_xl.jpg,http://media.lanecrawford.com/A/Q/W/AQW731_bk_xl.jpg,http://media.lanecrawford.com/A/Q/W/AQW731_4_xl.jpg,http://media.lanecrawford.com/A/Q/W/AQW731_ro_xl.jpg", "unique_id": "3a114b8b90c1449e8276321fc1f431a8", "trending_score": "0.0", "price": 23500.0, "discounted_price": 23500.0, "currency": "HKD", "product_code": "AQW731", "affinity_score": 0.0, "brand": "BOTTEGA VENETA", "store": "v_lane_crawford", "streamoid_urls": null}, {"title": "overcoats", "gender": "women", "category": "overcoats", "color": null, "product_url": "https://fashiontrendyshop.com", "thumbnail_url": ["http://d1q9qhpdr6ehzh.cloudfront.net/thumbnail/b822974e19d11d04179fb7e1d56f14f5"], "chatbot_image": null, "unique_id": "8e95ab9c642c4d6f9c076771b23a806e", "trending_score": "0.0", "price": 100.0, "discounted_price": 0.0, "currency": "INR", "product_code": "5015", "affinity_score": 0.0, "brand": "lystit", "store": "v_website_demo", "streamoid_urls": null}, {"title": "Whipstitch open coat", "gender": "women", "category": "overcoats", "color": "beige beige beige beige beige beige beige beige beige beige", "product_url": "https://www.lanecrawford.com.cn/pdp/ARR662", "thumbnail_url": ["http://d1q9qhpdr6ehzh.cloudfront.net/135c7a4dba4a7dc9ac70b23ae394e90f"], "chatbot_image": "http://media.lanecrawford.com.cn/A/R/R/ARR662_in_xl.jpg,http://media.lanecrawford.com.cn/A/R/R/ARR662_bk_xl.jpg,http://media.lanecrawford.com.cn/A/R/R/ARR662_4_xl.jpg,http://media.lanecrawford.com.cn/A/R/R/ARR662_ro_xl.jpg", "unique_id": "05647c947b0644dfba9dcbbdb876af62", "trending_score": "0.0", "price": 5750.0, "discounted_price": 2300.0, "currency": "RMB", "product_code": "ARR662", "affinity_score": 0.0, "brand": "THEORY", "store": "v_lane_crawford", "streamoid_urls": null}, {"title": "overcoats", "gender": "men", "category": "overcoats", "color": null, "product_url": "https://shopify.com", "thumbnail_url": ["http://d1q9qhpdr6ehzh.cloudfront.net/thumbnail/7713a2a4ff709eb37e2d9b9584c9e5c7"], "chatbot_image": null, "unique_id": "c671eca9cb6e4651a5c6bad4eb205235", "trending_score": "0.0", "price": 100.0, "discounted_price": 0.0, "currency": "INR", "product_code": "5065", "affinity_score": 0.0, "brand": "lystit", "store": "v_website_demo", "streamoid_urls": null}, {"title": "overcoats", "gender": "men", "category": "overcoats", "color": null, "product_url": "https://asos-https://media.com", "thumbnail_url": ["http://d1q9qhpdr6ehzh.cloudfront.net/thumbnail/86699443e59f9306c7011a6bd14e65c8"], "chatbot_image": null, "unique_id": "ae9171e2fe96495cb3a084712fd9630b", "trending_score": "0.0", "price": 100.0, "discounted_price": 0.0, "currency": "INR", "product_code": "5096", "affinity_score": 0.0, "brand": "lystit", "store": "v_website_demo", "streamoid_urls": null}, {"title": "overcoats", "gender": "men", "category": "overcoats", "color": null, "product_url": "https://windows.net", "thumbnail_url": ["http://d1q9qhpdr6ehzh.cloudfront.net/thumbnail/f6abca9e24d0bd89acd04ea212ff4c33"], "chatbot_image": null, "unique_id": "fa722e86dba54c6f8a3be657f1e885ef", "trending_score": "0.0", "price": 100.0, "discounted_price": 0.0, "currency": "INR", "product_code": "5069", "affinity_score": 0.0, "brand": "lystit", "store": "v_website_demo", "streamoid_urls": null}, {"title": "overcoats", "gender": "men", "category": "overcoats", "color": null, "product_url": "https://feissifur.com", "thumbnail_url": ["http://d1q9qhpdr6ehzh.cloudfront.net/thumbnail/c7a82328cd15aa16a269d976b6133d92"], "chatbot_image": null, "unique_id": "bf7b58d1882e4c5596eb1f069cfa9ba0", "trending_score": "0.0", "price": 100.0, "discounted_price": 0.0, "currency": "INR", "product_code": "5109", "affinity_score": 0.0, "brand": "lystit", "store": "v_website_demo", "streamoid_urls": null}, {"title": "overcoats", "gender": "women", "category": "overcoats", "color": null, "product_url": "https://lystit.com", "thumbnail_url": ["http://d1q9qhpdr6ehzh.cloudfront.net/thumbnail/84858d7dbe1239eae94a3114c43b0b2c"], "chatbot_image": null, "unique_id": "d103c176895c4b3db01db92490c5fb89", "trending_score": "0.0", "price": 100.0, "discounted_price": 0.0, "currency": "INR", "product_code": "5007", "affinity_score": 0.0, "brand": "lystit", "store": "v_website_demo", "streamoid_urls": null}, {"title": "overcoats", "gender": "women", "category": "overcoats", "color": null, "product_url": "https://www.darkincloset.com", "thumbnail_url": ["http://d1q9qhpdr6ehzh.cloudfront.net/thumbnail/590066e16f4148b7581a29cfa045af7b"], "chatbot_image": null, "unique_id": "e2119335c07e4901ad94171698b83883", "trending_score": "0.0", "price": 100.0, "discounted_price": 0.0, "currency": "INR", "product_code": "5001", "affinity_score": 0.0, "brand": "lystit", "store": "v_website_demo", "streamoid_urls": null}, {"title": "'Westminster' double breasted trench coat", "gender": "men", "category": "overcoats", "color": "black black black black black black black black black black", "product_url": "https://www.lanecrawford.com/pdp/BKL088", "thumbnail_url": ["http://d1q9qhpdr6ehzh.cloudfront.net/78764c40f69075989ddad8e8cddbc9aa"], "chatbot_image": "http://media.lanecrawford.com/B/K/L/BKL088_in_xl.jpg,http://media.lanecrawford.com/B/K/L/BKL088_bk_xl.jpg,http://media.lanecrawford.com/B/K/L/BKL088_4_xl.jpg,http://media.lanecrawford.com/B/K/L/BKL088_ro_xl.jpg", "unique_id": "07280dc6761b417ea6feb281d39e2114", "trending_score": "0.0", "price": 19500.0, "discounted_price": 19500.0, "currency": "HKD", "product_code": "BKL088", "affinity_score": 0.0, "brand": "BURBERRY", "store": "v_lane_crawford", "streamoid_urls": null}, {"title": "'Hourglass' check plaid double breasted virgin wool blazer coat", "gender": "women", "category": "overcoats", "color": "multicolor blue blue blue blue blue blue indigo seaweed navy", "product_url": "https://www.lanecrawford.com.cn/pdp/ARB001", "thumbnail_url": ["http://d1q9qhpdr6ehzh.cloudfront.net/524843f75e6c9abafc1c8957e1354358"], "chatbot_image": "http://media.lanecrawford.com.cn/A/R/B/ARB001_in_xl.jpg,http://media.lanecrawford.com.cn/A/R/B/ARB001_bk_xl.jpg,http://media.lanecrawford.com.cn/A/R/B/ARB001_4_xl.jpg,http://media.lanecrawford.com.cn/A/R/B/ARB001_ro_xl.jpg", "unique_id": "3157473093224f569832087e16ee4c8d", "trending_score": "0.0", "price": 24100.0, "discounted_price": 24100.0, "currency": "RMB", "product_code": "ARB001", "affinity_score": 0.0, "brand": "BALENCIAGA", "store": "v_lane_crawford", "streamoid_urls": null}, {"title": "'Rabbe' double breasted peaked lapel wool coat", "gender": "men", "category": "overcoats", "color": "charcoal-gray charcoal-gray charcoal-gray charcoal-gray charcoal-gray charcoal-gray charcoal gray charcoal gray charcoal gray charcoal gray", "product_url": "https://www.lanecrawford.com/pdp/AUG059", "thumbnail_url": ["http://d1q9qhpdr6ehzh.cloudfront.net/bdc47316b3ca6dca5fadc5bea277bebd"], "chatbot_image": "http://media.lanecrawford.com/A/U/G/AUG059_in_xl.jpg,http://media.lanecrawford.com/A/U/G/AUG059_bk_xl.jpg,http://media.lanecrawford.com/A/U/G/AUG059_4_xl.jpg,http://media.lanecrawford.com/A/U/G/AUG059_ro_xl.jpg", "unique_id": "35de8e3c8e1f4fec8524a3507bcba4d8", "trending_score": "0.0", "price": 16500.0, "discounted_price": 8250.0, "currency": "HKD", "product_code": "AUG059", "affinity_score": 0.0, "brand": "DRIES VAN NOTEN", "store": "v_lane_crawford", "streamoid_urls": null}, {"title": "Concealed placket coat", "gender": "men", "category": "overcoats", "color": "navy navy navy navy navy navy charcoal gray charcoal gray charcoal gray charcoal gray", "product_url": "https://www.lanecrawford.com.cn/pdp/ARB015", "thumbnail_url": ["http://d1q9qhpdr6ehzh.cloudfront.net/f187f1bfccef89e235d5cf3fb0d11af6"], "chatbot_image": "http://media.lanecrawford.com.cn/A/R/B/ARB015_in_xl.jpg,http://media.lanecrawford.com.cn/A/R/B/ARB015_bk_xl.jpg,http://media.lanecrawford.com.cn/A/R/B/ARB015_4_xl.jpg,http://media.lanecrawford.com.cn/A/R/B/ARB015_ro_xl.jpg", "unique_id": "517987c7dfda49b7a707397cbcb541f3", "trending_score": "0.0", "price": 17600.0, "discounted_price": 8800.0, "currency": "RMB", "product_code": "ARB015", "affinity_score": 0.0, "brand": "BALENCIAGA", "store": "v_lane_crawford", "streamoid_urls": null}, {"title": "Double breasted belted cashmere coat", "gender": "women", "category": "overcoats", "color": "beige beige beige beige beige beige beige beige beige beige", "product_url": "https://www.lanecrawford.com/pdp/AUB311", "thumbnail_url": ["http://d1q9qhpdr6ehzh.cloudfront.net/8bd0e8c7d5cb15522364cb4d4dbb768f"], "chatbot_image": "http://media.lanecrawford.com/A/U/B/AUB311_in_xl.jpg,http://media.lanecrawford.com/A/U/B/AUB311_bk_xl.jpg,http://media.lanecrawford.com/A/U/B/AUB311_4_xl.jpg,http://media.lanecrawford.com/A/U/B/AUB311_ro_xl.jpg", "unique_id": "34948eafcac34139833977e220f61c48", "trending_score": "0.0", "price": 9500.0, "discounted_price": 9500.0, "currency": "HKD", "product_code": "AUB311", "affinity_score": 0.0, "brand": "EQUIL", "store": "v_lane_crawford", "streamoid_urls": null}, {"title": "Belted double breasted coat", "gender": "women", "category": "overcoats", "color": "black black black black black black black black black black", "product_url": "https://www.lanecrawford.com.cn/pdp/ARI788", "thumbnail_url": ["http://d1q9qhpdr6ehzh.cloudfront.net/c265d33a2348e4746e5cf42dcaed093f"], "chatbot_image": "http://media.lanecrawford.com.cn/A/R/I/ARI788_in_xl.jpg,http://media.lanecrawford.com.cn/A/R/I/ARI788_bk_xl.jpg,http://media.lanecrawford.com.cn/A/R/I/ARI788_1_xl.jpg,http://media.lanecrawford.com.cn/A/R/I/ARI788_ro_xl.jpg", "unique_id": "39d955e08da94a67890bb2b56f22fb13", "trending_score": "0.0", "price": 15000.0, "discounted_price": 15000.0, "currency": "RMB", "product_code": "ARI788", "affinity_score": 0.0, "brand": "MS MIN", "store": "v_lane_crawford", "streamoid_urls": null}, {"title": "Double breast trench coat", "gender": "women", "category": "overcoats", "color": "khaki khaki khaki khaki khaki khaki champagne champagne champagne champagne", "product_url": "https://www.lanecrawford.com/pdp/BKL035", "thumbnail_url": ["http://d1q9qhpdr6ehzh.cloudfront.net/0ab08e579dad94902ea1d65794bdf2f3"], "chatbot_image": "http://media.lanecrawford.com/B/K/L/BKL035_in_xl.jpg,http://media.lanecrawford.com/B/K/L/BKL035_bk_xl.jpg,http://media.lanecrawford.com/B/K/L/BKL035_4_xl.jpg,http://media.lanecrawford.com/B/K/L/BKL035_ro_xl.jpg", "unique_id": "3581f9d941384afcaf4fdbfefe1c3ce3", "trending_score": "0.0", "price": 25500.0, "discounted_price": 25500.0, "currency": "HKD", "product_code": "BKL035", "affinity_score": 0.0, "brand": "BURBERRY", "store": "v_lane_crawford", "streamoid_urls": null}, {"title": "Flare back contrast belt hooded coat", "gender": "women", "category": "overcoats", "color": "black black black black black black charcoal gray charcoal gray charcoal gray charcoal gray", "product_url": "https://www.lanecrawford.com/pdp/BKK456", "thumbnail_url": ["http://d1q9qhpdr6ehzh.cloudfront.net/ac6695ac8da075b9d44b39df1ca5ae69"], "chatbot_image": "http://media.lanecrawford.com/B/K/K/BKK456_in_xl.jpg,http://media.lanecrawford.com/B/K/K/BKK456_bk_xl.jpg,http://media.lanecrawford.com/B/K/K/BKK456_4_xl.jpg,http://media.lanecrawford.com/B/K/K/BKK456_ro_xl.jpg", "unique_id": "48bc422a84454789976846f9bf6d671e", "trending_score": "0.0", "price": 14850.0, "discounted_price": 14850.0, "currency": "HKD", "product_code": "BKK456", "affinity_score": 0.0, "brand": "PRADA", "store": "v_lane_crawford", "streamoid_urls": null}, {"title": "overcoats", "gender": "men", "category": "overcoats", "color": null, "product_url": "https://i.pinimg.com", "thumbnail_url": ["http://d1q9qhpdr6ehzh.cloudfront.net/thumbnail/0be3915f85fb536fa91ed24fe0c90a57"], "chatbot_image": null, "unique_id": "08e7166bc4f7491da34d5f1ffe77cefa", "trending_score": "0.0", "price": 100.0, "discounted_price": 0.0, "currency": "INR", "product_code": "5081", "affinity_score": 0.0, "brand": "lystit", "store": "v_website_demo", "streamoid_urls": null}, {"title": "overcoats", "gender": "men", "category": "overcoats", "color": null, "product_url": "https://th.bing.com", "thumbnail_url": ["http://d1q9qhpdr6ehzh.cloudfront.net/thumbnail/c906495c8bbf4cd373e8109179c1f6e3"], "chatbot_image": null, "unique_id": "9c369469e91f4ca9ab68bbec93a9ba76", "trending_score": "0.0", "price": 100.0, "discounted_price": 0.0, "currency": "INR", "product_code": "5097", "affinity_score": 0.0, "brand": "lystit", "store": "v_website_demo", "streamoid_urls": null}, {"title": "Floral Print Embroidered Coat", "gender": "women", "category": "overcoats", "color": "black black black black black black black black black black", "product_url": "https://www.lanecrawford.com/pdp/BKU477", "thumbnail_url": ["http://d1q9qhpdr6ehzh.cloudfront.net/5cb7b2b44ed3c1b9015bdd0365bd29f9"], "chatbot_image": "http://media.lanecrawford.com/B/K/U/BKU477_in_xl.jpg,http://media.lanecrawford.com/B/K/U/BKU477_bk_xl.jpg,http://media.lanecrawford.com/B/K/U/BKU477_4_xl.jpg,http://media.lanecrawford.com/B/K/U/BKU477_ro_xl.jpg", "unique_id": "1878f23f7bd749949ccf3928d52de27f", "trending_score": "0.0", "price": 20500.0, "discounted_price": 10250.0, "currency": "HKD", "product_code": "BKU477", "affinity_score": 0.0, "brand": "DRIES VAN NOTEN", "store": "v_lane_crawford", "streamoid_urls": null}, {"title": "High collar trenchcoat", "gender": "women", "category": "overcoats", "color": "black black black black black black charcoal gray charcoal gray charcoal gray charcoal gray", "product_url": "https://www.lanecrawford.com/pdp/AUA417", "thumbnail_url": ["http://d1q9qhpdr6ehzh.cloudfront.net/04a823670e11fd70a0ced6c46e7ebe2e"], "chatbot_image": "http://media.lanecrawford.com/A/U/A/AUA417_in_xl.jpg,http://media.lanecrawford.com/A/U/A/AUA417_bk_xl.jpg,http://media.lanecrawford.com/A/U/A/AUA417_4_xl.jpg,http://media.lanecrawford.com/A/U/A/AUA417_ro_xl.jpg", "unique_id": "2dc0d15936a446e2bd3eaffdae4e276a", "trending_score": "0.0", "price": 23900.0, "discounted_price": 11950.0, "currency": "HKD", "product_code": "AUA417", "affinity_score": 0.0, "brand": "BALENCIAGA", "store": "v_lane_crawford", "streamoid_urls": null}, {"title": "Contrast pleated back panel trench coat", "gender": "women", "category": "overcoats", "color": "red red red red red red post box red post box red post box red post box red", "product_url": "https://www.lanecrawford.com/pdp/AUW825", "thumbnail_url": ["http://d1q9qhpdr6ehzh.cloudfront.net/5b00f322f00938990fe29789c9974ff9"], "chatbot_image": "http://media.lanecrawford.com/A/U/W/AUW825_in_xl.jpg,http://media.lanecrawford.com/A/U/W/AUW825_bk_xl.jpg,http://media.lanecrawford.com/A/U/W/AUW825_4_xl.jpg,http://media.lanecrawford.com/A/U/W/AUW825_ro_xl.jpg", "unique_id": "275887db310b47d593e499d9fb280800", "trending_score": "0.0", "price": 14800.0, "discounted_price": 14800.0, "currency": "HKD", "product_code": "AUW825", "affinity_score": 0.0, "brand": "HELLESSY", "store": "v_lane_crawford", "streamoid_urls": null}, {"title": "'Carice' belted coat", "gender": "women", "category": "overcoats", "color": "black black black black black black black black black black", "product_url": "https://www.lanecrawford.com/pdp/AVL325", "thumbnail_url": ["http://d1q9qhpdr6ehzh.cloudfront.net/317a2c91fdd03cf2b02442de726e7fea"], "chatbot_image": "http://media.lanecrawford.com/A/V/L/AVL325_in_xl.jpg,http://media.lanecrawford.com/A/V/L/AVL325_bk_xl.jpg,http://media.lanecrawford.com/A/V/L/AVL325_4_xl.jpg,http://media.lanecrawford.com/A/V/L/AVL325_ro_xl.jpg", "unique_id": "29d99f5bea3348cab7d7815b7d8c4ae8", "trending_score": "0.0", "price": 11500.0, "discounted_price": 11500.0, "currency": "HKD", "product_code": "AVL325", "affinity_score": 0.0, "brand": "ACNE STUDIOS", "store": "v_lane_crawford", "streamoid_urls": null}, {"title": "Double-Breasted Trench Coat", "gender": "women", "category": "overcoats", "color": "mustard mustard mustard mustard mustard mustard camel camel camel camel", "product_url": "https://www.forever21.in/p/double-breasted-trench-coat-322956.html", "thumbnail_url": ["http://d1q9qhpdr6ehzh.cloudfront.net/b2559886f893b3501e12c95f7d16471b"], "chatbot_image": "https://forever21.imgix.net/img/app/product/3/322956-1518168-large.jpg,https://forever21.imgix.net/img/app/product/3/322956-1518169-large.jpg,https://forever21.imgix.net/img/app/product/3/322956-1518170-large.jpg,https://forever21.imgix.net/img/app/product/3/322956-1518171-large.jpg,https://forever21.imgix.net/img/app/product/3/322956-1518167.jpg", "unique_id": "0a3118bd496a495281df222a0fb813b0", "trending_score": "0.0", "price": 2999.0, "discounted_price": 1200.0, "currency": "INR", "product_code": "322956", "affinity_score": 0.0, "brand": "forever21", "store": "v_forever21", "streamoid_urls": null}, {"title": "overcoats", "gender": "men", "category": "overcoats", "color": null, "product_url": "https://lystit.com", "thumbnail_url": ["http://d1q9qhpdr6ehzh.cloudfront.net/thumbnail/c9e02f822bc53c9acd382ececc4a1c8c"], "chatbot_image": null, "unique_id": "19942cd5c3ce43e4b1913a1149a016b7", "trending_score": "0.0", "price": 100.0, "discounted_price": 0.0, "currency": "INR", "product_code": "5079", "affinity_score": 0.0, "brand": "lystit", "store": "v_website_demo", "streamoid_urls": null}, {"title": "Belted flannel trench coat", "gender": "women", "category": "overcoats", "color": "beige beige beige beige beige beige khaki khaki khaki khaki", "product_url": "https://www.lanecrawford.com.cn/pdp/ARG874", "thumbnail_url": ["http://d1q9qhpdr6ehzh.cloudfront.net/39011b7730b40f368fafce4c7a014e20"], "chatbot_image": "http://media.lanecrawford.com.cn/A/R/G/ARG874_in_xl.jpg,http://media.lanecrawford.com.cn/A/R/G/ARG874_bk_xl.jpg,http://media.lanecrawford.com.cn/A/R/G/ARG874_4_xl.jpg,http://media.lanecrawford.com.cn/A/R/G/ARG874_ro_xl.jpg", "unique_id": "03fd3d2a5f8940a5a87858539d5e8013", "trending_score": "0.0", "price": 8900.0, "discounted_price": 8900.0, "currency": "RMB", "product_code": "ARG874", "affinity_score": 0.0, "brand": "3.1 PHILLIP LIM", "store": "v_lane_crawford", "streamoid_urls": null}, {"title": "Double-Breasted Trench Coat", "gender": "women", "category": "overcoats", "color": "mauve mauve mauve mauve mauve mauve peach peach peach peach", "product_url": "https://www.forever21.in/p/double-breasted-trench-coat-322907.html", "thumbnail_url": ["http://d1q9qhpdr6ehzh.cloudfront.net/5d241807b14e67d583ba115953d21471"], "chatbot_image": "https://forever21.imgix.net/img/app/product/3/322907-1518019-large.jpg,https://forever21.imgix.net/img/app/product/3/322907-1518020-large.jpg,https://forever21.imgix.net/img/app/product/3/322907-1518021-large.jpg,https://forever21.imgix.net/img/app/product/3/322907-1518022-large.jpg,https://forever21.imgix.net/img/app/product/3/322907-1518018.jpg", "unique_id": "ea0e4b9ef50346a694d84281149c3bb6", "trending_score": "0.0", "price": 2999.0, "discounted_price": 1800.0, "currency": "INR", "product_code": "322907", "affinity_score": 0.0, "brand": "forever21", "store": "v_forever21", "streamoid_urls": null}, {"title": "overcoats", "gender": "men", "category": "overcoats", "color": null, "product_url": "https://alicdn.com", "thumbnail_url": ["http://d1q9qhpdr6ehzh.cloudfront.net/thumbnail/28178b5b3bda842dd6fc1df6909f9e6f"], "chatbot_image": null, "unique_id": "1c68b17b3f0d4e65a951f7325a97559b", "trending_score": "0.0", "price": 100.0, "discounted_price": 0.0, "currency": "INR", "product_code": "5093", "affinity_score": 0.0, "brand": "lystit", "store": "v_website_demo", "streamoid_urls": null}, {"title": "'Falun LW' stripe sleeve hooded unisex raincoat", "gender": "men", "category": "overcoats", "color": "charcoal-gray charcoal-gray charcoal-gray charcoal-gray charcoal-gray charcoal-gray charcoal gray charcoal gray charcoal gray charcoal gray", "product_url": "https://www.lanecrawford.com/pdp/ARH624", "thumbnail_url": ["http://d1q9qhpdr6ehzh.cloudfront.net/5dc4d4e527c5663cff243190f9192062"], "chatbot_image": "http://media.lanecrawford.com/A/R/H/ARH624_in_xl.jpg,http://media.lanecrawford.com/A/R/H/ARH624_2_xl.jpg,http://media.lanecrawford.com/A/R/H/ARH624_3_xl.jpg,http://media.lanecrawford.com/A/R/H/ARH624_4_xl.jpg", "unique_id": "07651bf813904ab3b095d55bab6e9048", "trending_score": "0.0", "price": 1800.0, "discounted_price": 1800.0, "currency": "HKD", "product_code": "ARH624", "affinity_score": 0.0, "brand": "STUTTERHEIM", "store": "v_lane_crawford", "streamoid_urls": null}, {"title": "overcoats", "gender": "women", "category": "overcoats", "color": null, "product_url": "https://alicdn.com", "thumbnail_url": ["http://d1q9qhpdr6ehzh.cloudfront.net/thumbnail/50aac187de7bfc36aa51fe4318a0464c"], "chatbot_image": null, "unique_id": "9c362a70a1eb4feb83686ac45988f811", "trending_score": "0.0", "price": 100.0, "discounted_price": 0.0, "currency": "INR", "product_code": "5021", "affinity_score": 0.0, "brand": "lystit", "store": "v_website_demo", "streamoid_urls": null}, {"title": "'Classic' cashmere coat", "gender": "women", "category": "overcoats", "color": "brown brown brown brown brown brown tan tan tan tan", "product_url": "https://www.lanecrawford.com.cn/pdp/ALY503", "thumbnail_url": ["http://d1q9qhpdr6ehzh.cloudfront.net/f40a8b686137fa6693a97adc9377cf1d"], "chatbot_image": "http://media.lanecrawford.com.cn/A/L/Y/ALY503_in_xl.jpg,http://media.lanecrawford.com.cn/A/L/Y/ALY503_bk_xl.jpg,http://media.lanecrawford.com.cn/A/L/Y/ALY503_4_xl.jpg,http://media.lanecrawford.com.cn/A/L/Y/ALY503_ro_xl.jpg", "unique_id": "3893a9ccf8ff4f8aa193c8af5e97f458", "trending_score": "0.0", "price": 16900.0, "discounted_price": 16900.0, "currency": "RMB", "product_code": "ALY503", "affinity_score": 0.0, "brand": "THEORY", "store": "v_lane_crawford", "streamoid_urls": null}, {"title": "'Pebble' double breasted belted coat", "gender": "women", "category": "overcoats", "color": "gray gray gray gray gray gray khaki khaki khaki slate gray", "product_url": "https://www.lanecrawford.com/pdp/AVK573", "thumbnail_url": ["http://d1q9qhpdr6ehzh.cloudfront.net/b9c7cfab2de2fd98d4b6620177d668ed"], "chatbot_image": "http://media.lanecrawford.com/A/V/K/AVK573_in_xl.jpg,http://media.lanecrawford.com/A/V/K/AVK573_bk_xl.jpg,http://media.lanecrawford.com/A/V/K/AVK573_4_xl.jpg,http://media.lanecrawford.com/A/V/K/AVK573_ro_xl.jpg", "unique_id": "26c8ade5821c4ff19b81a4e032dd16fd", "trending_score": "0.0", "price": 6200.0, "discounted_price": 6200.0, "currency": "HKD", "product_code": "AVK573", "affinity_score": 0.0, "brand": "VINCE", "store": "v_lane_crawford", "streamoid_urls": null}, {"title": "Double-Breasted Coat", "gender": "men", "category": "overcoats", "color": "dark-brown dark-brown dark-brown dark-brown dark-brown dark-brown black black black black", "product_url": "https://www.forever21.in/p/double-breasted-coat-324223.html", "thumbnail_url": ["http://d1q9qhpdr6ehzh.cloudfront.net/6abc51abe2af54aa491a5318b9faa64c"], "chatbot_image": "https://forever21.imgix.net/img/app/product/3/324223-1625166-large.jpg,https://forever21.imgix.net/img/app/product/3/324223-1625167-large.jpg,https://forever21.imgix.net/img/app/product/3/324223-1625168-large.jpg,https://forever21.imgix.net/img/app/product/3/324223-1625169-large.jpg,https://forever21.imgix.net/img/app/product/3/324223-1625165.jpg", "unique_id": "a8e77376ed314f818c6c11a4d654dcbe", "trending_score": "0.0", "price": 5549.0, "discounted_price": 5549.0, "currency": "INR", "product_code": "324223", "affinity_score": 0.0, "brand": "forever21", "store": "v_forever21", "streamoid_urls": null}, {"title": "Cashmere lapel coat", "gender": "men", "category": "overcoats", "color": "navy navy navy navy navy navy black black black black", "product_url": "https://www.lanecrawford.com/pdp/AUB606", "thumbnail_url": ["http://d1q9qhpdr6ehzh.cloudfront.net/4d2fcbb04b155834a822bbcd43680730"], "chatbot_image": "http://media.lanecrawford.com/A/U/B/AUB606_in_xl.jpg,http://media.lanecrawford.com/A/U/B/AUB606_bk_xl.jpg,http://media.lanecrawford.com/A/U/B/AUB606_4_xl.jpg,http://media.lanecrawford.com/A/U/B/AUB606_ro_xl.jpg", "unique_id": "00e8d38e91f740028d2780b96e2638f1", "trending_score": "0.0", "price": 9500.0, "discounted_price": 9500.0, "currency": "HKD", "product_code": "AUB606", "affinity_score": 0.0, "brand": "EQUIL", "store": "v_lane_crawford", "streamoid_urls": null}, {"title": "Belted virgin wool oversized military coat", "gender": "women", "category": "overcoats", "color": "navy navy navy navy navy navy navy navy navy navy", "product_url": "https://www.lanecrawford.com/pdp/ARR815", "thumbnail_url": ["http://d1q9qhpdr6ehzh.cloudfront.net/7e45d61761aa916b25bf8e64762c2f45"], "chatbot_image": "http://media.lanecrawford.com/A/R/R/ARR815_in_xl.jpg,http://media.lanecrawford.com/A/R/R/ARR815_bk_xl.jpg,http://media.lanecrawford.com/A/R/R/ARR815_4_xl.jpg,http://media.lanecrawford.com/A/R/R/ARR815_ro_xl.jpg", "unique_id": "085dedf4e53843c48a4b6e35b818ddd5", "trending_score": "0.0", "price": 7050.0, "discounted_price": 2820.0, "currency": "HKD", "product_code": "ARR815", "affinity_score": 0.0, "brand": "THEORY", "store": "v_lane_crawford", "streamoid_urls": null}, {"title": "Cashmere long coat", "gender": "men", "category": "overcoats", "color": "black black black black black black black black black black", "product_url": "https://www.lanecrawford.com/pdp/BKK020", "thumbnail_url": ["http://d1q9qhpdr6ehzh.cloudfront.net/b89548ee49d42f8c8f25a720f527118f"], "chatbot_image": "http://media.lanecrawford.com/B/K/K/BKK020_in_xl.jpg,http://media.lanecrawford.com/B/K/K/BKK020_bk_xl.jpg,http://media.lanecrawford.com/B/K/K/BKK020_4_xl.jpg,http://media.lanecrawford.com/B/K/K/BKK020_ro_xl.jpg", "unique_id": "4dbdd19eb3a54c0f9816e34b07ba1801", "trending_score": "0.0", "price": 44000.0, "discounted_price": 44000.0, "currency": "HKD", "product_code": "BKK020", "affinity_score": 0.0, "brand": "BOTTEGA VENETA", "store": "v_lane_crawford", "streamoid_urls": null}, {"title": "Graphic print paneled coat", "gender": "men", "category": "overcoats", "color": "black black black black black black charcoal gray charcoal gray charcoal gray charcoal gray", "product_url": "https://www.lanecrawford.com/pdp/AUV263", "thumbnail_url": ["http://d1q9qhpdr6ehzh.cloudfront.net/18e7ccb33a6f48ddff4d7c3924a58b3f"], "chatbot_image": "http://media.lanecrawford.com/A/U/V/AUV263_in_xl.jpg,http://media.lanecrawford.com/A/U/V/AUV263_bk_xl.jpg,http://media.lanecrawford.com/A/U/V/AUV263_4_xl.jpg,http://media.lanecrawford.com/A/U/V/AUV263_ro_xl.jpg", "unique_id": "11442fad83b34c0f85c6890ced7550b9", "trending_score": "0.0", "price": 5800.0, "discounted_price": 5800.0, "currency": "HKD", "product_code": "AUV263", "affinity_score": 0.0, "brand": "THE WORLD IS YOUR OYSTER", "store": "v_lane_crawford", "streamoid_urls": null}, {"title": "Primaloft\u00c2\u00ae coat", "gender": "men", "category": "overcoats", "color": "black black black black black black black black black black", "product_url": "https://www.lanecrawford.com.cn/pdp/ARB376", "thumbnail_url": ["http://d1q9qhpdr6ehzh.cloudfront.net/f8b37e6a1198373e45f36235fff6b25e"], "chatbot_image": "http://media.lanecrawford.com.cn/A/R/B/ARB376_in_xl.jpg,http://media.lanecrawford.com.cn/A/R/B/ARB376_bk_xl.jpg,http://media.lanecrawford.com.cn/A/R/B/ARB376_1_xl.jpg,http://media.lanecrawford.com.cn/A/R/B/ARB376_ro_xl.jpg", "unique_id": "0217d5786b7043068997d2100a696092", "trending_score": "0.0", "price": 15400.0, "discounted_price": 6160.0, "currency": "RMB", "product_code": "ARB376", "affinity_score": 0.0, "brand": "TEMPLA", "store": "v_lane_crawford", "streamoid_urls": null}, {"title": "overcoats", "gender": "women", "category": "overcoats", "color": null, "product_url": "https://th.bing.com", "thumbnail_url": ["http://d1q9qhpdr6ehzh.cloudfront.net/thumbnail/c2eae0d06adbfe0edcedbd1f25414980"], "chatbot_image": null, "unique_id": "0c1a3dd3289b4451870c8dc2406e9168", "trending_score": "0.0", "price": 100.0, "discounted_price": 0.0, "currency": "INR", "product_code": "5008", "affinity_score": 0.0, "brand": "lystit", "store": "v_website_demo", "streamoid_urls": null}, {"title": "overcoats", "gender": "men", "category": "overcoats", "color": null, "product_url": "https://alicdn.com", "thumbnail_url": ["http://d1q9qhpdr6ehzh.cloudfront.net/thumbnail/28178b5b3bda842dd6fc1df6909f9e6f"], "chatbot_image": null, "unique_id": "7e2971af8b064d6f9ca098b811e7a8e5", "trending_score": "0.0", "price": 100.0, "discounted_price": 0.0, "currency": "INR", "product_code": "5108", "affinity_score": 0.0, "brand": "lystit", "store": "v_website_demo", "streamoid_urls": null}, {"title": "Gingham check collar colourblock flap pocket trench coat", "gender": "women", "category": "overcoats", "color": "tan tan tan tan tan tan camel camel camel camel", "product_url": "https://www.lanecrawford.com/pdp/ARL053", "thumbnail_url": ["http://d1q9qhpdr6ehzh.cloudfront.net/296a778aedb11f0e8fd51d66ccdbfb74"], "chatbot_image": "http://media.lanecrawford.com/A/R/L/ARL053_in_xl.jpg,http://media.lanecrawford.com/A/R/L/ARL053_bk_xl.jpg,http://media.lanecrawford.com/A/R/L/ARL053_ro_xl.jpg", "unique_id": "3e18eaadc9b54d81a73505ab7ee5d767", "trending_score": "0.0", "price": 2500.0, "discounted_price": 2500.0, "currency": "HKD", "product_code": "ARL053", "affinity_score": 0.0, "brand": "MIJEONG PARK", "store": "v_lane_crawford", "streamoid_urls": null}, {"title": "overcoats", "gender": "women", "category": "overcoats", "color": null, "product_url": "https://i.pinimg.com", "thumbnail_url": ["http://d1q9qhpdr6ehzh.cloudfront.net/thumbnail/c21ecfa2c1f981fde1f17c0d78672807"], "chatbot_image": null, "unique_id": "be3db61852614543a7a9e38741d2df42", "trending_score": "0.0", "price": 100.0, "discounted_price": 0.0, "currency": "INR", "product_code": "5003", "affinity_score": 0.0, "brand": "lystit", "store": "v_website_demo", "streamoid_urls": null}, {"title": "Zip mackintosh coat", "gender": "men", "category": "overcoats", "color": "navy navy navy navy navy navy charcoal gray charcoal gray charcoal gray charcoal gray", "product_url": "https://www.lanecrawford.com/pdp/AUX455", "thumbnail_url": ["http://d1q9qhpdr6ehzh.cloudfront.net/1b1405a396c3aacbf6be4bc85871e358"], "chatbot_image": "http://media.lanecrawford.com/A/U/X/AUX455_in_xl.jpg,http://media.lanecrawford.com/A/U/X/AUX455_bk_xl.jpg,http://media.lanecrawford.com/A/U/X/AUX455_4_xl.jpg,http://media.lanecrawford.com/A/U/X/AUX455_ro_xl.jpg", "unique_id": "43da82d1b8644694a83b896b71a7b014", "trending_score": "0.0", "price": 3990.0, "discounted_price": 3990.0, "currency": "HKD", "product_code": "AUX455", "affinity_score": 0.0, "brand": "PS PAUL SMITH", "store": "v_lane_crawford", "streamoid_urls": null}, {"title": "Denim panel belted houndstooth check plaid trench coat", "gender": "women", "category": "overcoats", "color": "multicolor gray gray gray gray gray gray slate gray slate gray slate gray", "product_url": "https://www.lanecrawford.com.cn/pdp/ARI119", "thumbnail_url": ["http://d1q9qhpdr6ehzh.cloudfront.net/d2dd43fedd3ff2c52fee4c2bac663d49"], "chatbot_image": "http://media.lanecrawford.com.cn/A/R/I/ARI119_in_xl.jpg,http://media.lanecrawford.com.cn/A/R/I/ARI119_bk_xl.jpg,http://media.lanecrawford.com.cn/A/R/I/ARI119_4_xl.jpg,http://media.lanecrawford.com.cn/A/R/I/ARI119_ro_xl.jpg", "unique_id": "3d07c35ffc3a4b8e9f8da4f58a93fb8f", "trending_score": "0.0", "price": 9000.0, "discounted_price": 4500.0, "currency": "RMB", "product_code": "ARI119", "affinity_score": 0.0, "brand": "THE KEIJI", "store": "v_lane_crawford", "streamoid_urls": null}, {"title": "overcoats", "gender": "women", "category": "overcoats", "color": null, "product_url": "https://alicdn.com", "thumbnail_url": ["http://d1q9qhpdr6ehzh.cloudfront.net/thumbnail/5c5d09adf3647f57b0364b01815cf7ee"], "chatbot_image": null, "unique_id": "d96232b5be264079bee21a7c397ba9ec", "trending_score": "0.0", "price": 100.0, "discounted_price": 0.0, "currency": "INR", "product_code": "5028", "affinity_score": 0.0, "brand": "lystit", "store": "v_website_demo", "streamoid_urls": null}, {"title": "Belted trench coat", "gender": "women", "category": "overcoats", "color": "black black black black black black black black black black", "product_url": "https://www.lanecrawford.com/pdp/ARR590", "thumbnail_url": ["http://d1q9qhpdr6ehzh.cloudfront.net/a65823f365f4d59b9eb4eca1452a03ac"], "chatbot_image": "http://media.lanecrawford.com/A/R/R/ARR590_in_xl.jpg,http://media.lanecrawford.com/A/R/R/ARR590_bk_xl.jpg,http://media.lanecrawford.com/A/R/R/ARR590_4_xl.jpg,http://media.lanecrawford.com/A/R/R/ARR590_ro_xl.jpg", "unique_id": "24cff9cb8d6b43168b7c6b0945521ccb", "trending_score": "0.0", "price": 5950.0, "discounted_price": 2380.0, "currency": "HKD", "product_code": "ARR590", "affinity_score": 0.0, "brand": "THEORY", "store": "v_lane_crawford", "streamoid_urls": null}, {"title": "'Oaklane' belted coat", "gender": "women", "category": "overcoats", "color": "light-blue light-blue light-blue light-blue light-blue light-blue silver silver silver silver", "product_url": "https://www.lanecrawford.com/pdp/AWJ412", "thumbnail_url": ["http://d1q9qhpdr6ehzh.cloudfront.net/0576f91ae36deeeef5c35f43da0fcbcd"], "chatbot_image": "http://media.lanecrawford.com/A/W/J/AWJ412_in_xl.jpg,http://media.lanecrawford.com/A/W/J/AWJ412_bk_xl.jpg,http://media.lanecrawford.com/A/W/J/AWJ412_4_xl.jpg,http://media.lanecrawford.com/A/W/J/AWJ412_ro_xl.jpg", "unique_id": "10750bd29f1f4ad1a56c56d8f323162d", "trending_score": "0.0", "price": 5950.0, "discounted_price": 5950.0, "currency": "HKD", "product_code": "AWJ412", "affinity_score": 0.0, "brand": "THEORY", "store": "v_lane_crawford", "streamoid_urls": null}, {"title": "'Sapporo' oversized wool blend melton coat", "gender": "women", "category": "overcoats", "color": "off-white off-white off-white off-white off-white off-white silver silver silver silver", "product_url": "https://www.lanecrawford.com.cn/pdp/ALI521", "thumbnail_url": ["http://d1q9qhpdr6ehzh.cloudfront.net/9e1ef3f161b81504c568e0e0771c6507"], "chatbot_image": "http://media.lanecrawford.com.cn/A/L/I/ALI521_in_xl.jpg,http://media.lanecrawford.com.cn/A/L/I/ALI521_bk_xl.jpg,http://media.lanecrawford.com.cn/A/L/I/ALI521_4_xl.jpg,http://media.lanecrawford.com.cn/A/L/I/ALI521_ro_xl.jpg", "unique_id": "272a0ab05bac45f7a99d8760910d9f7f", "trending_score": "0.0", "price": 7500.0, "discounted_price": 7500.0, "currency": "RMB", "product_code": "ALI521", "affinity_score": 0.0, "brand": "EQUIL", "store": "v_lane_crawford", "streamoid_urls": null}, {"title": "'Faby' textured frayed hem coat", "gender": "women", "category": "overcoats", "color": "multicolor mauve mauve mauve mauve mauve mauve mauve mauve khaki", "product_url": "https://www.lanecrawford.com/pdp/AUR834", "thumbnail_url": ["http://d1q9qhpdr6ehzh.cloudfront.net/7d2152f0f2579253c90aa48c1dee97a9"], "chatbot_image": "http://media.lanecrawford.com/A/U/R/AUR834_in_xl.jpg,http://media.lanecrawford.com/A/U/R/AUR834_bk_xl.jpg,http://media.lanecrawford.com/A/U/R/AUR834_4_xl.jpg,http://media.lanecrawford.com/A/U/R/AUR834_ro_xl.jpg", "unique_id": "1075d2f60c00429ab1547a83326483a4", "trending_score": "0.0", "price": 5740.0, "discounted_price": 5740.0, "currency": "HKD", "product_code": "AUR834", "affinity_score": 0.0, "brand": "ISABEL MARANT \u00c3\u0089TOILE", "store": "v_lane_crawford", "streamoid_urls": null}, {"title": "Herringbone Double-Breasted Trench Coat", "gender": "women", "category": "overcoats", "color": "beige beige beige beige beige beige khaki khaki khaki khaki", "product_url": "https://www.forever21.in/p/herringbone-double-breasted-trench-coat-323414.html", "thumbnail_url": ["http://d1q9qhpdr6ehzh.cloudfront.net/a7766efaf944d5485d76f785858f95d9"], "chatbot_image": "https://forever21.imgix.net/img/app/product/3/323414-1519604-large.jpg,https://forever21.imgix.net/img/app/product/3/323414-1519605-large.jpg,https://forever21.imgix.net/img/app/product/3/323414-1519606-large.jpg,https://forever21.imgix.net/img/app/product/3/323414-1519607-large.jpg,https://forever21.imgix.net/img/app/product/3/323414-1519603.jpg", "unique_id": "2b93c4cc704447359a61d11b1fd14fa8", "trending_score": "0.0", "price": 3499.0, "discounted_price": 3499.0, "currency": "INR", "product_code": "323414", "affinity_score": 0.0, "brand": "forever21", "store": "v_forever21", "streamoid_urls": null}, {"title": "Belted brushed wool melton coat", "gender": "women", "category": "overcoats", "color": "nude nude nude nude nude nude khaki khaki khaki khaki", "product_url": "https://www.lanecrawford.com.cn/pdp/ARR736", "thumbnail_url": ["http://d1q9qhpdr6ehzh.cloudfront.net/a8fe7449afb64b1b787d416a1e256767"], "chatbot_image": "http://media.lanecrawford.com.cn/A/R/R/ARR736_in_xl.jpg,http://media.lanecrawford.com.cn/A/R/R/ARR736_bk_xl.jpg,http://media.lanecrawford.com.cn/A/R/R/ARR736_ro_xl.jpg", "unique_id": "1d7982c82e314b49b0cff027c193a38e", "trending_score": "0.0", "price": 5650.0, "discounted_price": 2825.0, "currency": "RMB", "product_code": "ARR736", "affinity_score": 0.0, "brand": "VINCE", "store": "v_lane_crawford", "streamoid_urls": null}, {"title": "'Giordana' notch lapel overcoat", "gender": "women", "category": "overcoats", "color": "navy navy navy navy navy navy navy navy navy navy", "product_url": "https://www.lanecrawford.com/pdp/AUX132", "thumbnail_url": ["http://d1q9qhpdr6ehzh.cloudfront.net/076cbace9b62a9c7dedab43b5970b814"], "chatbot_image": "http://media.lanecrawford.com/A/U/X/AUX132_in_xl.jpg,http://media.lanecrawford.com/A/U/X/AUX132_bk_xl.jpg,http://media.lanecrawford.com/A/U/X/AUX132_4_xl.jpg,http://media.lanecrawford.com/A/U/X/AUX132_ro_xl.jpg", "unique_id": "064954aefd4f49af90d1382fccdc925a", "trending_score": "0.0", "price": 7300.0, "discounted_price": 7300.0, "currency": "HKD", "product_code": "AUX132", "affinity_score": 0.0, "brand": "BARENA", "store": "v_lane_crawford", "streamoid_urls": null}, {"title": "Natural dotted shearling long coat", "gender": "women", "category": "overcoats", "color": "off-white off-white off-white off-white off-white off-white beige beige beige beige", "product_url": "https://www.lanecrawford.com/pdp/AQR003", "thumbnail_url": ["http://d1q9qhpdr6ehzh.cloudfront.net/1bea27a4b5a190425e894cfcb8dbd8eb"], "chatbot_image": "http://media.lanecrawford.com/A/Q/R/AQR003_in_xl.jpg,http://media.lanecrawford.com/A/Q/R/AQR003_bk_xl.jpg,http://media.lanecrawford.com/A/Q/R/AQR003_4_xl.jpg,http://media.lanecrawford.com/A/Q/R/AQR003_ro_xl.jpg", "unique_id": "3ab4d3804c6f4c12aa9915f54545ae20", "trending_score": "0.0", "price": 45300.0, "discounted_price": 18120.0, "currency": "HKD", "product_code": "AQR003", "affinity_score": 0.0, "brand": "COMMON LEISURE", "store": "v_lane_crawford", "streamoid_urls": null}, {"title": "Belted paneled trench coat", "gender": "women", "category": "overcoats", "color": "olive olive olive olive olive olive olive olive olive olive", "product_url": "https://www.lanecrawford.com/pdp/BKK815", "thumbnail_url": ["http://d1q9qhpdr6ehzh.cloudfront.net/7f42afc88043dff500d8951c19497830"], "chatbot_image": "http://media.lanecrawford.com/B/K/K/BKK815_in_xl.jpg,http://media.lanecrawford.com/B/K/K/BKK815_bk_xl.jpg,http://media.lanecrawford.com/B/K/K/BKK815_4_xl.jpg,http://media.lanecrawford.com/B/K/K/BKK815_ro_xl.jpg", "unique_id": "0295efc9cf344cc9b7ae5b32ed34d538", "trending_score": "0.0", "price": 21400.0, "discounted_price": 21400.0, "currency": "HKD", "product_code": "BKK815", "affinity_score": 0.0, "brand": "SACAI", "store": "v_lane_crawford", "streamoid_urls": null}, {"title": "overcoats", "gender": "men", "category": "overcoats", "color": null, "product_url": "https://th.bing.com", "thumbnail_url": ["http://d1q9qhpdr6ehzh.cloudfront.net/thumbnail/a9d420032de0ddd36d8bf6c25915aba2"], "chatbot_image": null, "unique_id": "9f179ce111b548a5aee63886dbe021b9", "trending_score": "0.0", "price": 100.0, "discounted_price": 0.0, "currency": "INR", "product_code": "5089", "affinity_score": 0.0, "brand": "lystit", "store": "v_website_demo", "streamoid_urls": null}, {"title": "Double face hooded belted cashmere coat", "gender": "women", "category": "overcoats", "color": "beige beige beige beige beige beige beige beige beige beige", "product_url": "https://www.lanecrawford.com/pdp/AUB313", "thumbnail_url": ["http://d1q9qhpdr6ehzh.cloudfront.net/4a9a87d8b84d726bebfc9445c25ca044"], "chatbot_image": "http://media.lanecrawford.com/A/U/B/AUB313_in_xl.jpg,http://media.lanecrawford.com/A/U/B/AUB313_bk_xl.jpg,http://media.lanecrawford.com/A/U/B/AUB313_4_xl.jpg,http://media.lanecrawford.com/A/U/B/AUB313_ro_xl.jpg", "unique_id": "47561806f4ae46cd881b5eb4a816aa76", "trending_score": "0.0", "price": 7800.0, "discounted_price": 7800.0, "currency": "HKD", "product_code": "AUB313", "affinity_score": 0.0, "brand": "EQUIL", "store": "v_lane_crawford", "streamoid_urls": null}, {"title": "'Jathan' lambskin shearling panelled coat", "gender": "women", "category": "overcoats", "color": "bronze bronze bronze bronze bronze bronze chocolate chocolate chocolate chocolate", "product_url": "https://www.lanecrawford.com/pdp/AWJ390", "thumbnail_url": ["http://d1q9qhpdr6ehzh.cloudfront.net/f75beed773b1a57fde9e2c21807bc8a6"], "chatbot_image": "http://media.lanecrawford.com/A/W/J/AWJ390_in_xl.jpg,http://media.lanecrawford.com/A/W/J/AWJ390_bk_xl.jpg,http://media.lanecrawford.com/A/W/J/AWJ390_4_xl.jpg,http://media.lanecrawford.com/A/W/J/AWJ390_ro_xl.jpg", "unique_id": "3f2349b380bd4f9fb1f55fb23c4249ae", "trending_score": "0.0", "price": 29300.0, "discounted_price": 29300.0, "currency": "HKD", "product_code": "AWJ390", "affinity_score": 0.0, "brand": "THEORY", "store": "v_lane_crawford", "streamoid_urls": null}, {"title": "Longline Glen Plaid Blazer", "gender": "women", "category": "overcoats", "color": "multicolor blue blue blue blue blue blue sky blue powder blue white", "product_url": "https://www.forever21.in/p/longline-glen-plaid-blazer-323920.html", "thumbnail_url": ["http://d1q9qhpdr6ehzh.cloudfront.net/52ca9d219755565ff8f67fc01dd2afd1"], "chatbot_image": "https://forever21.imgix.net/img/app/product/3/323920-1521167-large.jpg,https://forever21.imgix.net/img/app/product/3/323920-1521168-large.jpg,https://forever21.imgix.net/img/app/product/3/323920-1521169-large.jpg,https://forever21.imgix.net/img/app/product/3/323920-1521170-large.jpg,https://forever21.imgix.net/img/app/product/3/323920-1521171-large.jpg,https://forever21.imgix.net/img/app/product/3/323920-1521166.jpg", "unique_id": "bc9b151da14541e49bd3a214348f0cbd", "trending_score": "0.0", "price": 2499.0, "discounted_price": 750.0, "currency": "INR", "product_code": "323920", "affinity_score": 0.0, "brand": "forever21", "store": "v_forever21", "streamoid_urls": null}, {"title": "Leather trim faux shearling coat", "gender": "women", "category": "overcoats", "color": "multicolor off-white off-white off-white off-white off-white off-white beige beige light gray", "product_url": "https://www.lanecrawford.com.cn/pdp/ARE782", "thumbnail_url": ["http://d1q9qhpdr6ehzh.cloudfront.net/313ceff4829dd9ba7aaa68f73d3165ec"], "chatbot_image": "http://media.lanecrawford.com.cn/A/R/E/ARE782_in_xl.jpg,http://media.lanecrawford.com.cn/A/R/E/ARE782_bk_xl.jpg,http://media.lanecrawford.com.cn/A/R/E/ARE782_4_xl.jpg,http://media.lanecrawford.com.cn/A/R/E/ARE782_ro_xl.jpg", "unique_id": "46844d9ef0474bf08115237f55544118", "trending_score": "0.0", "price": 12000.0, "discounted_price": 6000.0, "currency": "RMB", "product_code": "ARE782", "affinity_score": 0.0, "brand": "ACNE STUDIOS", "store": "v_lane_crawford", "streamoid_urls": null}, {"title": "overcoats", "gender": "women", "category": "overcoats", "color": null, "product_url": "https://th.bing.com", "thumbnail_url": ["http://d1q9qhpdr6ehzh.cloudfront.net/thumbnail/8fb43abd151f6f6616ffe2d10199b9d4"], "chatbot_image": null, "unique_id": "4c8fe4b9d6d142988bf1f54cabe4ac52", "trending_score": "0.0", "price": 100.0, "discounted_price": 0.0, "currency": "INR", "product_code": "5009", "affinity_score": 0.0, "brand": "lystit", "store": "v_website_demo", "streamoid_urls": null}, {"title": "Oversized Long Coat", "gender": "women", "category": "overcoats", "color": "black black black black black black charcoal gray charcoal gray charcoal gray charcoal gray", "product_url": "https://www.lanecrawford.com/pdp/AUR067", "thumbnail_url": ["http://d1q9qhpdr6ehzh.cloudfront.net/78248af7842814528c67c26371109627"], "chatbot_image": "http://media.lanecrawford.com/A/U/R/AUR067_in_xl.jpg,http://media.lanecrawford.com/A/U/R/AUR067_bk_xl.jpg,http://media.lanecrawford.com/A/U/R/AUR067_1_xl.jpg,http://media.lanecrawford.com/A/U/R/AUR067_4_xl.jpg,http://media.lanecrawford.com/A/U/R/AUR067_ro_xl.jpg", "unique_id": "18ef2a4baec843939a1ac71f28e452ad", "trending_score": "0.0", "price": 10000.0, "discounted_price": 10000.0, "currency": "HKD", "product_code": "AUR067", "affinity_score": 0.0, "brand": "TOGA ARCHIVES", "store": "v_lane_crawford", "streamoid_urls": null}, {"title": "overcoats", "gender": "men", "category": "overcoats", "color": null, "product_url": "https://cloudfront.net", "thumbnail_url": ["http://d1q9qhpdr6ehzh.cloudfront.net/thumbnail/b6cb9d4bd13ef8cc8b0d9330a660a8e9"], "chatbot_image": null, "unique_id": "c4e62409aecc4076bd8cb9225c4346a9", "trending_score": "0.0", "price": 100.0, "discounted_price": 0.0, "currency": "INR", "product_code": "5072", "affinity_score": 0.0, "brand": "lystit", "store": "v_website_demo", "streamoid_urls": null}, {"title": "'Filipo' wool cashmere blend oversized coat", "gender": "women", "category": "overcoats", "color": "yellow yellow yellow yellow yellow yellow cream cream cream cream", "product_url": "https://www.lanecrawford.com/pdp/AUR474", "thumbnail_url": ["http://d1q9qhpdr6ehzh.cloudfront.net/ef0f2e803e2f69f125ec866feab37759"], "chatbot_image": "http://media.lanecrawford.com/A/U/R/AUR474_in_xl.jpg,http://media.lanecrawford.com/A/U/R/AUR474_bk_xl.jpg,http://media.lanecrawford.com/A/U/R/AUR474_4_xl.jpg,http://media.lanecrawford.com/A/U/R/AUR474_ro_xl.jpg", "unique_id": "0bbe334dc3e24ac4a8bd9396f49756dc", "trending_score": "0.0", "price": 9900.0, "discounted_price": 9900.0, "currency": "HKD", "product_code": "AUR474", "affinity_score": 0.0, "brand": "ISABEL MARANT", "store": "v_lane_crawford", "streamoid_urls": null}, {"title": "Double face belted coat", "gender": "women", "category": "overcoats", "color": "black black black black black black black black black black", "product_url": "https://www.lanecrawford.com/pdp/BKQ762", "thumbnail_url": ["http://d1q9qhpdr6ehzh.cloudfront.net/43343e41008d6c25a38eda2220b398d8"], "chatbot_image": "http://media.lanecrawford.com/B/K/Q/BKQ762_in_xl.jpg,http://media.lanecrawford.com/B/K/Q/BKQ762_bk_xl.jpg,http://media.lanecrawford.com/B/K/Q/BKQ762_4_xl.jpg,http://media.lanecrawford.com/B/K/Q/BKQ762_ro_xl.jpg", "unique_id": "1b859cbf28554ec49f541460797f54f1", "trending_score": "0.0", "price": 22000.0, "discounted_price": 22000.0, "currency": "HKD", "product_code": "BKQ762", "affinity_score": 0.0, "brand": "JIL SANDER", "store": "v_lane_crawford", "streamoid_urls": null}, {"title": "Wool blend coat", "gender": "women", "category": "overcoats", "color": "green green green green green green pale mint pale mint pale mint pale mint", "product_url": "https://www.lanecrawford.com.cn/pdp/ARR708", "thumbnail_url": ["http://d1q9qhpdr6ehzh.cloudfront.net/41f35d0b69bdc979c56cb2448cc0f1c1"], "chatbot_image": "http://media.lanecrawford.com.cn/A/R/R/ARR708_in_xl.jpg,http://media.lanecrawford.com.cn/A/R/R/ARR708_bk_xl.jpg,http://media.lanecrawford.com.cn/A/R/R/ARR708_4_xl.jpg,http://media.lanecrawford.com.cn/A/R/R/ARR708_ro_xl.jpg", "unique_id": "1c366428abe140019f3731f508592c25", "trending_score": "0.0", "price": 5400.0, "discounted_price": 2700.0, "currency": "RMB", "product_code": "ARR708", "affinity_score": 0.0, "brand": "VINCE", "store": "v_lane_crawford", "streamoid_urls": null}, {"title": "Wrap drape waist-tie coat", "gender": "women", "category": "overcoats", "color": "yellow yellow yellow yellow yellow yellow pearl pearl pearl pearl", "product_url": "https://www.lanecrawford.com/pdp/AUG828", "thumbnail_url": ["http://d1q9qhpdr6ehzh.cloudfront.net/e35fc4b5c5a2a7469ccf7360f7906159"], "chatbot_image": "http://media.lanecrawford.com/A/U/G/AUG828_in_xl.jpg,http://media.lanecrawford.com/A/U/G/AUG828_bk_xl.jpg,http://media.lanecrawford.com/A/U/G/AUG828_4_xl.jpg,http://media.lanecrawford.com/A/U/G/AUG828_ro_xl.jpg", "unique_id": "167c440364a44f98b1eb201762259fe1", "trending_score": "0.0", "price": 7900.0, "discounted_price": 2370.0, "currency": "HKD", "product_code": "AUG828", "affinity_score": 0.0, "brand": "SAMUEL GU\u00c3\u008c YANG", "store": "v_lane_crawford", "streamoid_urls": null}, {"title": "Oversized shirt coat", "gender": "women", "category": "overcoats", "color": "brown brown brown brown brown brown tan tan tan tan", "product_url": "https://www.lanecrawford.com/pdp/BKJ346", "thumbnail_url": ["http://d1q9qhpdr6ehzh.cloudfront.net/6dee74a9af4a6f9adae8f785f0b1a46c"], "chatbot_image": "http://media.lanecrawford.com/B/K/J/BKJ346_in_xl.jpg,http://media.lanecrawford.com/B/K/J/BKJ346_bk_xl.jpg,http://media.lanecrawford.com/B/K/J/BKJ346_4_xl.jpg,http://media.lanecrawford.com/B/K/J/BKJ346_ro_xl.jpg", "unique_id": "3e7edadd13d24888b5a45ca1ad02d090", "trending_score": "0.0", "price": 14700.0, "discounted_price": 14700.0, "currency": "HKD", "product_code": "BKJ346", "affinity_score": 0.0, "brand": "ALEXANDER WANG", "store": "v_lane_crawford", "streamoid_urls": null}, {"title": "Metallic clasp twill coat", "gender": "women", "category": "overcoats", "color": "beige beige beige beige beige beige beige beige beige beige", "product_url": "https://www.lanecrawford.com/pdp/ARE828", "thumbnail_url": ["http://d1q9qhpdr6ehzh.cloudfront.net/3f916b3b417ce87fc12b0bb58572ff64"], "chatbot_image": "http://media.lanecrawford.com/A/R/E/ARE828_in_xl.jpg,http://media.lanecrawford.com/A/R/E/ARE828_bk_xl.jpg,http://media.lanecrawford.com/A/R/E/ARE828_ro_xl.jpg", "unique_id": "3cbb2d45f039410ba114dca00316952b", "trending_score": "0.0", "price": 4900.0, "discounted_price": 1960.0, "currency": "HKD", "product_code": "ARE828", "affinity_score": 0.0, "brand": "FFIXXED STUDIOS", "store": "v_lane_crawford", "streamoid_urls": null}, {"title": "Luxe faux fur oversized coat", "gender": "women", "category": "overcoats", "color": "beige beige beige beige beige beige pearl pearl pearl pearl", "product_url": "https://www.lanecrawford.com/pdp/AUO103", "thumbnail_url": ["http://d1q9qhpdr6ehzh.cloudfront.net/e443c97578b4870a810bf670c2d61ecf"], "chatbot_image": "http://media.lanecrawford.com/A/U/O/AUO103_in_xl.jpg,http://media.lanecrawford.com/A/U/O/AUO103_bk_xl.jpg,http://media.lanecrawford.com/A/U/O/AUO103_4_xl.jpg,http://media.lanecrawford.com/A/U/O/AUO103_ro_xl.jpg", "unique_id": "18f0247b873f4e0aa37f2658f4285b6a", "trending_score": "0.0", "price": 6690.0, "discounted_price": 6690.0, "currency": "HKD", "product_code": "AUO103", "affinity_score": 0.0, "brand": "TIBI", "store": "v_lane_crawford", "streamoid_urls": null}, {"title": "Reversible stripe sleeve flap pocket coat", "gender": "women", "category": "overcoats", "color": "black black black black black black black black black black", "product_url": "https://www.lanecrawford.com/pdp/ARI114", "thumbnail_url": ["http://d1q9qhpdr6ehzh.cloudfront.net/591fe7402f8dfd523d6e4edfa0fdf32c"], "chatbot_image": "http://media.lanecrawford.com/A/R/I/ARI114_in_xl.jpg,http://media.lanecrawford.com/A/R/I/ARI114_bk_xl.jpg,http://media.lanecrawford.com/A/R/I/ARI114_4_xl.jpg,http://media.lanecrawford.com/A/R/I/ARI114_ro_xl.jpg", "unique_id": "3d7b49e2ca45433bbf4faf372564a2b1", "trending_score": "0.0", "price": 7200.0, "discounted_price": 3600.0, "currency": "HKD", "product_code": "ARI114", "affinity_score": 0.0, "brand": "THE KEIJI", "store": "v_lane_crawford", "streamoid_urls": null}, {"title": "Slogan embroidered cuff cashmere virgin wool blend coat", "gender": "women", "category": "overcoats", "color": "off-white off-white off-white off-white off-white off-white off white off white off white off white", "product_url": "https://www.lanecrawford.com.cn/pdp/AUK423", "thumbnail_url": ["http://d1q9qhpdr6ehzh.cloudfront.net/98fb0f10d89a86b7b42a830b295e6eaa"], "chatbot_image": "http://media.lanecrawford.com.cn/A/U/K/AUK423_in_xl.jpg,http://media.lanecrawford.com.cn/A/U/K/AUK423_bk_xl.jpg,http://media.lanecrawford.com.cn/A/U/K/AUK423_4_xl.jpg,http://media.lanecrawford.com.cn/A/U/K/AUK423_ro_xl.jpg", "unique_id": "3fac4d3b39244fdca3a3f0b43ad69733", "trending_score": "0.0", "price": 37500.0, "discounted_price": 37500.0, "currency": "RMB", "product_code": "AUK423", "affinity_score": 0.0, "brand": "VALENTINO", "store": "v_lane_crawford", "streamoid_urls": null}, {"title": "overcoats", "gender": "women", "category": "overcoats", "color": null, "product_url": "https://missguided.com", "thumbnail_url": ["http://d1q9qhpdr6ehzh.cloudfront.net/thumbnail/0c3c38976440e9d2e5966a4c083b5b62"], "chatbot_image": null, "unique_id": "f38c5a5cfad7484fa23c950497c0b82b", "trending_score": "0.0", "price": 100.0, "discounted_price": 0.0, "currency": "INR", "product_code": "5024", "affinity_score": 0.0, "brand": "lystit", "store": "v_website_demo", "streamoid_urls": null}, {"title": "Reversible hooded down puffer caban coat", "gender": "men", "category": "overcoats", "color": "navy navy navy navy navy navy navy navy navy navy", "product_url": "https://www.lanecrawford.com/pdp/ARO092", "thumbnail_url": ["http://d1q9qhpdr6ehzh.cloudfront.net/594d2b6ab685d67cdc2f0d3291ea72f0"], "chatbot_image": "http://media.lanecrawford.com/A/R/O/ARO092_in_xl.jpg,http://media.lanecrawford.com/A/R/O/ARO092_bk_xl.jpg,http://media.lanecrawford.com/A/R/O/ARO092_4_xl.jpg,http://media.lanecrawford.com/A/R/O/ARO092_ro_xl.jpg", "unique_id": "4e3bc30004d84682b565fab42420e972", "trending_score": "0.0", "price": 20400.0, "discounted_price": 20400.0, "currency": "HKD", "product_code": "ARO092", "affinity_score": 0.0, "brand": "PRADA", "store": "v_lane_crawford", "streamoid_urls": null}, {"title": "overcoats", "gender": "men", "category": "overcoats", "color": null, "product_url": "https://alicdn.com", "thumbnail_url": ["http://d1q9qhpdr6ehzh.cloudfront.net/thumbnail/31023de756883c760835182ae6d97248"], "chatbot_image": null, "unique_id": "64e2c14bc653448bafd4656ee2094cf8", "trending_score": "0.0", "price": 100.0, "discounted_price": 0.0, "currency": "INR", "product_code": "5090", "affinity_score": 0.0, "brand": "lystit", "store": "v_website_demo", "streamoid_urls": null}, {"title": "overcoats", "gender": "women", "category": "overcoats", "color": null, "product_url": "https://th.bing.com", "thumbnail_url": ["http://d1q9qhpdr6ehzh.cloudfront.net/thumbnail/d61c09440f829ce992a96e2f89a24c6c"], "chatbot_image": null, "unique_id": "89d9f675b0704cc8a749ef45a98631d7", "trending_score": "0.0", "price": 100.0, "discounted_price": 0.0, "currency": "INR", "product_code": "5025", "affinity_score": 0.0, "brand": "lystit", "store": "v_website_demo", "streamoid_urls": null}, {"title": "'Saville' double nova twill coat", "gender": "men", "category": "overcoats", "color": "navy navy navy navy navy navy black black black black", "product_url": "https://www.lanecrawford.com/pdp/AUW926", "thumbnail_url": ["http://d1q9qhpdr6ehzh.cloudfront.net/8758c2f6819ce01e1e5156f291a840f7"], "chatbot_image": "http://media.lanecrawford.com/A/U/W/AUW926_in_xl.jpg,http://media.lanecrawford.com/A/U/W/AUW926_bk_xl.jpg,http://media.lanecrawford.com/A/U/W/AUW926_4_xl.jpg,http://media.lanecrawford.com/A/U/W/AUW926_ro_xl.jpg", "unique_id": "0272ce72de54473ca0a1805e82c225bd", "trending_score": "0.0", "price": 7800.0, "discounted_price": 7800.0, "currency": "HKD", "product_code": "AUW926", "affinity_score": 0.0, "brand": "THEORY", "store": "v_lane_crawford", "streamoid_urls": null}, {"title": "Notched lapel coat", "gender": "men", "category": "overcoats", "color": "black black black black black black black black black black", "product_url": "https://www.lanecrawford.com/pdp/AUL611", "thumbnail_url": ["http://d1q9qhpdr6ehzh.cloudfront.net/64ac7e453161da7d590ec0d90e9cfc8e"], "chatbot_image": "http://media.lanecrawford.com/A/U/L/AUL611_in_xl.jpg,http://media.lanecrawford.com/A/U/L/AUL611_bk_xl.jpg,http://media.lanecrawford.com/A/U/L/AUL611_4_xl.jpg,http://media.lanecrawford.com/A/U/L/AUL611_ro_xl.jpg", "unique_id": "0819e4c8045d489781c2cb36994270ed", "trending_score": "0.0", "price": 8450.0, "discounted_price": 3380.0, "currency": "HKD", "product_code": "AUL611", "affinity_score": 0.0, "brand": "MINOTAUR", "store": "v_lane_crawford", "streamoid_urls": null}, {"title": "Belted wool cocoon coat", "gender": "women", "category": "overcoats", "color": "mustard mustard mustard mustard mustard mustard bronze bronze bronze bronze", "product_url": "https://www.lanecrawford.com/pdp/BKK041", "thumbnail_url": ["http://d1q9qhpdr6ehzh.cloudfront.net/1ecde2b829e6d3836391a99e044609a8"], "chatbot_image": "http://media.lanecrawford.com/B/K/K/BKK041_in_xl.jpg,http://media.lanecrawford.com/B/K/K/BKK041_bk_xl.jpg,http://media.lanecrawford.com/B/K/K/BKK041_4_xl.jpg,http://media.lanecrawford.com/B/K/K/BKK041_ro_xl.jpg", "unique_id": "3a8f0cb3f14a4fefa46af6f7623ed5a6", "trending_score": "0.0", "price": 18870.0, "discounted_price": 18870.0, "currency": "HKD", "product_code": "BKK041", "affinity_score": 0.0, "brand": "CHLO\u00c3\u0089", "store": "v_lane_crawford", "streamoid_urls": null}, {"title": "'Hourglass' double breast check plaid coat", "gender": "women", "category": "overcoats", "color": "charcoal-gray charcoal-gray charcoal-gray charcoal-gray charcoal-gray charcoal-gray charcoal gray charcoal gray charcoal gray charcoal gray", "product_url": "https://www.lanecrawford.com/pdp/BKL773", "thumbnail_url": ["http://d1q9qhpdr6ehzh.cloudfront.net/f6cbadf3a73952f3e6ef0ba8294841a6"], "chatbot_image": "http://media.lanecrawford.com/B/K/L/BKL773_in_xl.jpg,http://media.lanecrawford.com/B/K/L/BKL773_bk_xl.jpg,http://media.lanecrawford.com/B/K/L/BKL773_4_xl.jpg,http://media.lanecrawford.com/B/K/L/BKL773_ro_xl.jpg", "unique_id": "44dc375b3c6349efa22e8c366a3b383e", "trending_score": "0.0", "price": 27000.0, "discounted_price": 27000.0, "currency": "HKD", "product_code": "BKL773", "affinity_score": 0.0, "brand": "BALENCIAGA", "store": "v_lane_crawford", "streamoid_urls": null}, {"title": "Scarf detail wrap around cashmere cape", "gender": "women", "category": "overcoats", "color": "navy navy navy navy navy navy navy navy navy navy", "product_url": "https://www.lanecrawford.com/pdp/AUB309", "thumbnail_url": ["http://d1q9qhpdr6ehzh.cloudfront.net/ad4fe937333fd2641f328cca67ee078f"], "chatbot_image": "http://media.lanecrawford.com/A/U/B/AUB309_in_xl.jpg,http://media.lanecrawford.com/A/U/B/AUB309_bk_xl.jpg,http://media.lanecrawford.com/A/U/B/AUB309_1_xl.jpg,http://media.lanecrawford.com/A/U/B/AUB309_4_xl.jpg,http://media.lanecrawford.com/A/U/B/AUB309_ro_xl.jpg", "unique_id": "4f15c70c46644ce69985d111e0d5fd6d", "trending_score": "0.0", "price": 9500.0, "discounted_price": 9500.0, "currency": "HKD", "product_code": "AUB309", "affinity_score": 0.0, "brand": "EQUIL", "store": "v_lane_crawford", "streamoid_urls": null}, {"title": "'Kensington' double breasted trench coat", "gender": "men", "category": "overcoats", "color": "khaki khaki khaki khaki khaki khaki champagne champagne champagne champagne", "product_url": "https://www.lanecrawford.com/pdp/BKL089", "thumbnail_url": ["http://d1q9qhpdr6ehzh.cloudfront.net/938297d84cd21e199d75d6a5fcbf958b"], "chatbot_image": "http://media.lanecrawford.com/B/K/L/BKL089_in_xl.jpg,http://media.lanecrawford.com/B/K/L/BKL089_fr_xl.jpg,http://media.lanecrawford.com/B/K/L/BKL089_bk_xl.jpg,http://media.lanecrawford.com/B/K/L/BKL089_4_xl.jpg,http://media.lanecrawford.com/B/K/L/BKL089_ro_xl.jpg", "unique_id": "2d2b6a75f6cf4f3899f910350ddd2761", "trending_score": "0.0", "price": 19500.0, "discounted_price": 19500.0, "currency": "HKD", "product_code": "BKL089", "affinity_score": 0.0, "brand": "BURBERRY", "store": "v_lane_crawford", "streamoid_urls": null}, {"title": "Wool-blend coat", "gender": "women", "category": "overcoats", "color": "navy navy navy navy navy navy navy navy navy navy", "product_url": "https://www.lanecrawford.com/pdp/ARE739", "thumbnail_url": ["http://d1q9qhpdr6ehzh.cloudfront.net/d7da3254df115423ed913965a77eba26"], "chatbot_image": "http://media.lanecrawford.com/A/R/E/ARE739_in_xl.jpg,http://media.lanecrawford.com/A/R/E/ARE739_bk_xl.jpg,http://media.lanecrawford.com/A/R/E/ARE739_4_xl.jpg,http://media.lanecrawford.com/A/R/E/ARE739_ro_xl.jpg", "unique_id": "14a5fe558a2b468a81920c23d0903895", "trending_score": "0.0", "price": 9500.0, "discounted_price": 4750.0, "currency": "HKD", "product_code": "ARE739", "affinity_score": 0.0, "brand": "ACNE STUDIOS", "store": "v_lane_crawford", "streamoid_urls": null}, {"title": "Merino shearling oversized long coat", "gender": "women", "category": "overcoats", "color": "gray gray gray gray gray gray slate gray slate gray slate gray slate gray", "product_url": "https://www.lanecrawford.com/pdp/AQR002", "thumbnail_url": ["http://d1q9qhpdr6ehzh.cloudfront.net/b7428d57ff43c3b18116981ddb75ee7f"], "chatbot_image": "http://media.lanecrawford.com/A/Q/R/AQR002_in_xl.jpg,http://media.lanecrawford.com/A/Q/R/AQR002_bk_xl.jpg,http://media.lanecrawford.com/A/Q/R/AQR002_4_xl.jpg,http://media.lanecrawford.com/A/Q/R/AQR002_ro_xl.jpg", "unique_id": "265a1d5a3fa4440488eb7aa9567d87f9", "trending_score": "0.0", "price": 29500.0, "discounted_price": 11800.0, "currency": "HKD", "product_code": "AQR002", "affinity_score": 0.0, "brand": "COMMON LEISURE", "store": "v_lane_crawford", "streamoid_urls": null}, {"title": "'Irwin' notch lapel belted long coat", "gender": "women", "category": "overcoats", "color": "lavender lavender lavender lavender lavender lavender mauve mauve mauve mauve", "product_url": "https://www.lanecrawford.com/pdp/BKL007", "thumbnail_url": ["http://d1q9qhpdr6ehzh.cloudfront.net/3ff5bc23e5c3d23a476e30ad76ea1036"], "chatbot_image": "http://media.lanecrawford.com/B/K/L/BKL007_in_xl.jpg,http://media.lanecrawford.com/B/K/L/BKL007_bk_xl.jpg,http://media.lanecrawford.com/B/K/L/BKL007_4_xl.jpg,http://media.lanecrawford.com/B/K/L/BKL007_ro_xl.jpg", "unique_id": "15776119e743470898de7d37256f72e4", "trending_score": "0.0", "price": 7690.0, "discounted_price": 7690.0, "currency": "HKD", "product_code": "BKL007", "affinity_score": 0.0, "brand": "ALICE + OLIVIA", "store": "v_lane_crawford", "streamoid_urls": null}, {"title": "Detached sleeve patchwork asymmetric coat", "gender": "women", "category": "overcoats", "color": "black black black black black black black black black black", "product_url": "https://www.lanecrawford.com/pdp/AUJ683", "thumbnail_url": ["http://d1q9qhpdr6ehzh.cloudfront.net/577f584fd239a60b8690d850258cf91c"], "chatbot_image": "http://media.lanecrawford.com/A/U/J/AUJ683_in_xl.jpg,http://media.lanecrawford.com/A/U/J/AUJ683_fr_xl.jpg,http://media.lanecrawford.com/A/U/J/AUJ683_bk_xl.jpg,http://media.lanecrawford.com/A/U/J/AUJ683_4_xl.jpg,http://media.lanecrawford.com/A/U/J/AUJ683_ro_xl.jpg", "unique_id": "3f07eafb45d84b75afff7ab798d19234", "trending_score": "0.0", "price": 17000.0, "discounted_price": 8500.0, "currency": "HKD", "product_code": "AUJ683", "affinity_score": 0.0, "brand": "YOHJI YAMAMOTO", "store": "v_lane_crawford", "streamoid_urls": null}], "debug": {"qrm": "", "query_without_qrm": "coat", "solr_query": "( ( ( (meta_comprehensive_category:\"overcoats\") ) ) )^1 ", "graph": [[[{"category": ["overcoats"]}]]], "spell_corrected_query": "", "filter": [], "explicit_text": null, "fq": ["availability:1"]}, "numFound": 88, "facets": {"Collar Type": {}, "Ethnicity": {"western": 83, "fusion": 4, "ethnic": 1}, "Fastening": {"unknown": 63, "none": 16, "buckle_at_waist": 4, "other-buttons_at_waist": 3, "zip_at_anywhere": 2}, "Fit": {"regular": 62, "loose": 24, "slim": 2}, "Hemline Length": {"knee": 63, "mid-thigh": 15, "above-knee": 3, "below-knee": 3, "midcalf": 2, "ankle": 1, "hip": 1}, "Material": {"unknown": 53, "shearling": 3, "gabardine": 2, "denim": 1, "flannel": 1, "fleece": 1, "gingham": 1, "herringbone": 1, "leather": 1}, "Neck Type": {}, "Primary Fibre": {"unknown": 44, "wool": 15, "cotton": 5}, "Print Type": {"solid": 61, "abstract": 10, "colour-block": 5, "other-check": 3, "checks": 2, "chevron": 1, "floral": 1, "glen": 1, "other-geometric": 1, "other-graphic": 1, "other-stripes": 1, "stripes": 1}, "Shoulder Type": {"regular": 56, "dropped": 21, "lightly-padded": 8, "extended": 2, "off": 1}, "Silhouette": {"unknown": 64, "trumpet": 1}, "Sleeve Length": {"full": 80, "sleeveless": 7, "three-fourth": 1}, "Treatment": {"ripped": 57, "unknown": 4, "none": 3}, "Type": {"chesterfield": 17, "teddy": 14, "unknown": 14, "trench": 12, "wrap": 12, "balmacaan": 10, "paletot": 3, "slicker": 2, "covert": 1, "pea": 1, "swing": 1, "top": 1}, "Color": {"black": 18, "navy": 12, "beige": 8, "charcoal-gray": 7, "gray": 5, "brown": 4, "off-white": 4, "copper": 3, "blue": 2, "bronze": 2, "dark-brown": 2, "khaki": 2, "mauve": 2, "mustard": 2, "nude": 2, "silver": 2, "yellow": 2, "green": 1, "lavender": 1, "light-blue": 1, "maroon": 1, "olive": 1, "orange": 1, "red": 1, "tan": 1, "white": 1}, "Neck Shape": {"none": 65, "v": 10, "round": 9, "square": 2, "straight": 2}, "Neck Style": {"notched": 47, "hood": 10, "shawl": 7, "spread": 7, "collarless": 5, "turtle": 3, "waterfall": 2, "mandarin": 1, "shirt-collar": 1}, "gender": {"women": 60, "men": 28}, "category": {"overcoats": 88}, "occasion type": {"elevated": 54, "business-formal": 8, "party": 8, "business-casual": 7, "everyday": 6, "special": 5}, "Workindustry": {}, "Age": {}, "neck": {}, "arms": {}, "waist": {}, "stomach": {}, "shoulder": {}, "brand": {"lystit": 24, "THEORY": 7, "EQUIL": 6, "forever21": 5, "BALENCIAGA": 4, "ACNE STUDIOS": 3, "BURBERRY": 3, "VINCE": 3, "BOTTEGA VENETA": 2, "COMMON LEISURE": 2, "DRIES VAN NOTEN": 2, "PRADA": 2, "THE KEIJI": 2, "3.1 PHILLIP LIM": 1, "ALEXANDER WANG": 1, "ALICE + OLIVIA": 1, "BARENA": 1, "CHLO\u00c3\u0089": 1, "FFIXXED STUDIOS": 1, "HELLESSY": 1, "ISABEL MARANT": 1, "ISABEL MARANT \u00c3\u0089TOILE": 1, "JIL SANDER": 1, "MIJEONG PARK": 1, "MINOTAUR": 1, "MS MIN": 1, "PS PAUL SMITH": 1, "SACAI": 1, "SAMUEL GU\u00c3\u008c YANG": 1, "STUTTERHEIM": 1, "TEMPLA": 1, "THE WORLD IS YOUR OYSTER": 1, "TIBI": 1, "TOGA ARCHIVES": 1, "VALENTINO": 1, "YOHJI YAMAMOTO": 1}, "sub_brand": {"forever21": 5}, "Department": {"regular": 88}, "activity": {"high-street-look": 54, "date-night": 33, "girls-night-out": 33, "social-outing": 33, "anniversary": 28, "brunch": 22, "dinner-party": 14, "networking-event": 13, "airport-look": 11, "concert": 10, "leisure-holiday": 9, "business-formal-work-wear": 8, "unknown": 8, "hang-outs": 6, "business-casual-work-wear": 5, "college-look": 2, "wedding": 1}}, "isFashionQuery": true, "spell_corrected_query": "", "final_query": "", "message": ""}