{"products": [{"title": "jumpsuits", "gender": "women", "category": "jumpsuits", "color": null, "product_url": "https://enviedefraise.fr", "thumbnail_url": ["http://d1q9qhpdr6ehzh.cloudfront.net/thumbnail/d425faf1cef6d7ca2d685cc46fe33e85"], "chatbot_image": null, "unique_id": "195747f168244dca9c6dc592405d2fe9", "trending_score": "0.0", "price": 100.0, "discounted_price": 0.0, "currency": "INR", "product_code": "6042", "affinity_score": 0.0, "brand": "yours clothing", "store": "v_website_demo", "streamoid_urls": null}, {"title": "Corduroy Pinafore Jumpsuit", "gender": "women", "category": "jumpsuits", "color": "multicolor maroon maroon maroon maroon maroon maroon maroon maroon maroon", "product_url": "https://www.forever21.in/p/corduroy-pinafore-jumpsuit-323681.html", "thumbnail_url": ["http://d1q9qhpdr6ehzh.cloudfront.net/7fc42dfbd04f86fb5a285caffb3b3929"], "chatbot_image": "https://forever21.imgix.net/img/app/product/3/323681-1636161-large.jpg,https://forever21.imgix.net/img/app/product/3/323681-1636162-large.jpg,https://forever21.imgix.net/img/app/product/3/323681-1636163-large.jpg,https://forever21.imgix.net/img/app/product/3/323681-1636164-large.jpg,https://forever21.imgix.net/img/app/product/3/323681-1636160.jpg", "unique_id": "29ea5145215c42c9af5c60d69312d77d", "trending_score": "0.0", "price": 2499.0, "discounted_price": 2499.0, "currency": "INR", "product_code": "323681", "affinity_score": 0.0, "brand": "forever21", "store": "v_forever21", "streamoid_urls": null}, {"title": "jumpsuits", "gender": "women", "category": "jumpsuits", "color": null, "product_url": "https://scene7.com", "thumbnail_url": ["http://d1q9qhpdr6ehzh.cloudfront.net/thumbnail/900de07d3fe051fd061f84012a5dd512"], "chatbot_image": null, "unique_id": "8c8807e30b904fdca150697f4012e331", "trending_score": "0.0", "price": 100.0, "discounted_price": 0.0, "currency": "INR", "product_code": "6179", "affinity_score": 0.0, "brand": "asos", "store": "v_website_demo", "streamoid_urls": null}, {"title": "One shoulder jumpsuit", "gender": "women", "category": "jumpsuits", "color": "gold gold gold gold gold gold chocolate chocolate chocolate chocolate", "product_url": "https://www.lanecrawford.com/pdp/ARL108", "thumbnail_url": ["http://d1q9qhpdr6ehzh.cloudfront.net/4c923b3e087cb0a6c054c9fc7b70aa78"], "chatbot_image": "http://media.lanecrawford.com/A/R/L/ARL108_in_xl.jpg,http://media.lanecrawford.com/A/R/L/ARL108_bk_xl.jpg,http://media.lanecrawford.com/A/R/L/ARL108_4_xl.jpg,http://media.lanecrawford.com/A/R/L/ARL108_ro_xl.jpg", "unique_id": "028eaeda78fc4b18a223d1b8289dd2b8", "trending_score": "0.0", "price": 1400.0, "discounted_price": 560.0, "currency": "HKD", "product_code": "ARL108", "affinity_score": 0.0, "brand": "NORMA KAMALI", "store": "v_lane_crawford", "streamoid_urls": null}, {"title": "Sleeveless cowl neck jumpsuit", "gender": "women", "category": "jumpsuits", "color": "black black black black black black black black black black", "product_url": "https://www.lanecrawford.com/pdp/AUR979", "thumbnail_url": ["http://d1q9qhpdr6ehzh.cloudfront.net/518530a4355363257a94845ff326ad5d"], "chatbot_image": "http://media.lanecrawford.com/A/U/R/AUR979_in_xl.jpg,http://media.lanecrawford.com/A/U/R/AUR979_bk_xl.jpg,http://media.lanecrawford.com/A/U/R/AUR979_4_xl.jpg,http://media.lanecrawford.com/A/U/R/AUR979_ro_xl.jpg", "unique_id": "1950f098e4a24567885cad15102b31f0", "trending_score": "0.0", "price": 1700.0, "discounted_price": 1700.0, "currency": "HKD", "product_code": "AUR979", "affinity_score": 0.0, "brand": "NORMA KAMALI", "store": "v_lane_crawford", "streamoid_urls": null}, {"title": "jumpsuits", "gender": "women", "category": "jumpsuits", "color": null, "product_url": "https://scene7.com", "thumbnail_url": ["http://d1q9qhpdr6ehzh.cloudfront.net/thumbnail/c698d378d5e2f8f5d4aec7a82a40253c"], "chatbot_image": null, "unique_id": "590fb842c76c42e6b567d9ece513bbb3", "trending_score": "0.0", "price": 100.0, "discounted_price": 0.0, "currency": "INR", "product_code": "6173", "affinity_score": 0.0, "brand": "asos", "store": "v_website_demo", "streamoid_urls": null}, {"title": "jumpsuits", "gender": "women", "category": "jumpsuits", "color": null, "product_url": "https://amazon.com", "thumbnail_url": ["http://d1q9qhpdr6ehzh.cloudfront.net/thumbnail/237789af299fb30c6da1777236778139"], "chatbot_image": null, "unique_id": "afc98fd48dea4e93b271b25e7270c562", "trending_score": "0.0", "price": 100.0, "discounted_price": 0.0, "currency": "INR", "product_code": "6043", "affinity_score": 0.0, "brand": "yours clothing", "store": "v_website_demo", "streamoid_urls": null}, {"title": "jumpsuits", "gender": "women", "category": "jumpsuits", "color": null, "product_url": "https://media.com", "thumbnail_url": ["http://d1q9qhpdr6ehzh.cloudfront.net/thumbnail/d83ddc3d03bafcd5799e4aed02d420ac"], "chatbot_image": null, "unique_id": "3fd94818e1a942bda3f829df820da9f2", "trending_score": "0.0", "price": 100.0, "discounted_price": 0.0, "currency": "INR", "product_code": "6051", "affinity_score": 0.0, "brand": "yours clothing", "store": "v_website_demo", "streamoid_urls": null}, {"title": "jumpsuits", "gender": "women", "category": "jumpsuits", "color": null, "product_url": "https://media.com", "thumbnail_url": ["http://d1q9qhpdr6ehzh.cloudfront.net/thumbnail/7cae9459bf456ec1a51262a55933ac11"], "chatbot_image": null, "unique_id": "dbb88c6fe31045999bb90c10f46b9878", "trending_score": "0.0", "price": 100.0, "discounted_price": 0.0, "currency": "INR", "product_code": "6048", "affinity_score": 0.0, "brand": "yours clothing", "store": "v_website_demo", "streamoid_urls": null}, {"title": "jumpsuits", "gender": "women", "category": "jumpsuits", "color": null, "product_url": "https://amazon.com", "thumbnail_url": ["http://d1q9qhpdr6ehzh.cloudfront.net/thumbnail/bdbac2e39d66aa947d671f63c156ef2b"], "chatbot_image": null, "unique_id": "920eab8a3872453bbe4429d40ecd09c4", "trending_score": "0.0", "price": 100.0, "discounted_price": 0.0, "currency": "INR", "product_code": "6049", "affinity_score": 0.0, "brand": "yours clothing", "store": "v_website_demo", "streamoid_urls": null}, {"title": "jumpsuits", "gender": "women", "category": "jumpsuits", "color": null, "product_url": "https://alicdn.com", "thumbnail_url": ["http://d1q9qhpdr6ehzh.cloudfront.net/thumbnail/4c2c32b5170aec0df7f5eae21882c317"], "chatbot_image": null, "unique_id": "265c851855dd4041bcc558db6f2840fd", "trending_score": "0.0", "price": 100.0, "discounted_price": 0.0, "currency": "INR", "product_code": "6050", "affinity_score": 0.0, "brand": "yours clothing", "store": "v_website_demo", "streamoid_urls": null}, {"title": "jumpsuits", "gender": "women", "category": "jumpsuits", "color": null, "product_url": "https://nymag.com", "thumbnail_url": ["http://d1q9qhpdr6ehzh.cloudfront.net/thumbnail/32718798f67449b04afbd94aecda07c6"], "chatbot_image": null, "unique_id": "46424d35bfaf48648c095c50bb7f4a80", "trending_score": "0.0", "price": 100.0, "discounted_price": 0.0, "currency": "INR", "product_code": "6046", "affinity_score": 0.0, "brand": "yours clothing", "store": "v_website_demo", "streamoid_urls": null}, {"title": "Floral Jumpsuit", "gender": "women", "category": "jumpsuits", "color": "multi multi multi multi multi multi off white off white off white", "product_url": "https://www.forever21.in/p/floral-jumpsuit-323908.html", "thumbnail_url": ["http://d1q9qhpdr6ehzh.cloudfront.net/2ef087e7dbeecfca611dc56c0168aaa5"], "chatbot_image": "https://forever21.imgix.net/img/app/product/3/323908-1639081-large.jpg,https://forever21.imgix.net/img/app/product/3/323908-1639082-large.jpg,https://forever21.imgix.net/img/app/product/3/323908-1639083-large.jpg,https://forever21.imgix.net/img/app/product/3/323908-1639084-large.jpg,https://forever21.imgix.net/img/app/product/3/323908-1639080.jpg", "unique_id": "aba148ecf68849e2a04f95db08973829", "trending_score": "0.0", "price": 1899.0, "discounted_price": 1899.0, "currency": "INR", "product_code": "323908", "affinity_score": 0.0, "brand": "forever21", "store": "v_forever21", "streamoid_urls": null}, {"title": "Culotte Cami Jumpsuit", "gender": "women", "category": "jumpsuits", "color": "maroon maroon maroon maroon maroon maroon brown brown brown brown", "product_url": "https://www.forever21.in/p/culotte-cami-jumpsuit-323539.html", "thumbnail_url": ["http://d1q9qhpdr6ehzh.cloudfront.net/19cb41519b593286e42bb40780b6657a"], "chatbot_image": "https://forever21.imgix.net/img/app/product/3/323539-1519967-large.jpg,https://forever21.imgix.net/img/app/product/3/323539-1519968-large.jpg,https://forever21.imgix.net/img/app/product/3/323539-1519969-large.jpg,https://forever21.imgix.net/img/app/product/3/323539-1519970-large.jpg,https://forever21.imgix.net/img/app/product/3/323539-1519966.jpg", "unique_id": "4418a8745d564a7e8cd40af6cbe10bab", "trending_score": "0.0", "price": 1899.0, "discounted_price": 1999.0, "currency": "INR", "product_code": "323539", "affinity_score": 0.0, "brand": "forever21", "store": "v_forever21", "streamoid_urls": null}, {"title": "Culotte Cami Jumpsuit", "gender": "women", "category": "jumpsuits", "color": "olive olive olive olive olive olive white white white white", "product_url": "https://www.forever21.in/p/culotte-cami-jumpsuit-323493.html", "thumbnail_url": ["http://d1q9qhpdr6ehzh.cloudfront.net/fa48ca7eb085801c7d4db5d3f1936373"], "chatbot_image": "https://forever21.imgix.net/img/app/product/3/323493-1519824-large.jpg,https://forever21.imgix.net/img/app/product/3/323493-1519825-large.jpg,https://forever21.imgix.net/img/app/product/3/323493-1519826-large.jpg,https://forever21.imgix.net/img/app/product/3/323493-1519827-large.jpg,https://forever21.imgix.net/img/app/product/3/323493-1519823.jpg", "unique_id": "f3ce4bffbb814381b21352ae8f2f0c77", "trending_score": "0.0", "price": 1899.0, "discounted_price": 1999.0, "currency": "INR", "product_code": "323493", "affinity_score": 0.0, "brand": "forever21", "store": "v_forever21", "streamoid_urls": null}, {"title": "Button Front Tie Jumpsuit", "gender": "women", "category": "jumpsuits", "color": null, "product_url": "https://www.bonmarche.co.uk/dresses/button-front-tie-jumpsuit-031456.html?dwvar_031456_color=39&cgid=womens-dresses", "thumbnail_url": ["http://d1q9qhpdr6ehzh.cloudfront.net/5da8544daa5cf9061e8859fc673c25ce"], "chatbot_image": "https://www.bonmarche.co.uk/dw/image/v2/BBCZ_PRD/on/demandware.static/-/Sites-master-catalog-bonmarche/default/dw10a3fd99/zoom/03/03145639_alt1.jpg?sw=500,https://www.bonmarche.co.uk/dw/image/v2/BBCZ_PRD/on/demandware.static/-/Sites-master-catalog-bonmarche/default/dwf671951e/zoom/03/03145639_alt3.jpg?sw=500,https://www.bonmarche.co.uk/dw/image/v2/BBCZ_PRD/on/demandware.static/-/Sites-master-catalog-bonmarche/default/dwd3315fbd/zoom/03/03145639_alt2.jpg?sw=500", "unique_id": "2efe426ca9694c7daebdf405340823e3", "trending_score": "0.0", "price": 19.0, "discounted_price": 0.0, "currency": "GBP", "product_code": "2efe426ca9694c7daebdf405340823e3", "affinity_score": 0.0, "brand": "v_bonmarche_uk_usc", "store": "v_bonmarche_uk_usc", "streamoid_urls": null}, {"title": "Isla & Rose Ochre Zebra Print Sleeveless Jumpsuit", "gender": "women", "category": "jumpsuits", "color": null, "product_url": "https://www.bonmarche.co.uk/dresses/isla-and-rose-ochre-zebra-print-sleeveless-jumpsuit-431363.html?dwvar_431363_color=49&cgid=womens-swimwear-beach-cover-ups", "thumbnail_url": ["http://d1q9qhpdr6ehzh.cloudfront.net/72ffb7ba9a4f7f800809f87d07bf6211"], "chatbot_image": "https://www.bonmarche.co.uk/dw/image/v2/BBCZ_PRD/on/demandware.static/-/Sites-master-catalog-bonmarche/default/dw41d0bec6/zoom/43/43136349_alt1.jpg?sw=150,https://www.bonmarche.co.uk/dw/image/v2/BBCZ_PRD/on/demandware.static/-/Sites-master-catalog-bonmarche/default/dw0267df9b/zoom/43/43136349_default.jpg?sw=150,https://www.bonmarche.co.uk/dw/image/v2/BBCZ_PRD/on/demandware.static/-/Sites-master-catalog-bonmarche/default/dw4640e329/zoom/43/43136349_alt2.jpg?sw=150,https://www.bonmarche.co.uk/dw/image/v2/BBCZ_PRD/on/demandware.static/-/Sites-master-catalog-bonmarche/default/dw20589407/zoom/43/43136349_alt3.jpg?sw=150", "unique_id": "b897aec4d06e4543bc7d39a65392458d", "trending_score": "0.0", "price": 21.0, "discounted_price": 21.0, "currency": "INR", "product_code": "72ffb7ba9a4f7f800809f87d07bf6211_bonmarche_co_uk", "affinity_score": 0.0, "brand": null, "store": "bonmarche_co_uk", "streamoid_urls": null}, {"title": "Plait Detail Jumpsuit", "gender": "women", "category": "jumpsuits", "color": null, "product_url": "https://www.bonmarche.co.uk/swim-and-beachwear/plait-detail-jumpsuit-171454.html?dwvar_171454_color=65&cgid=womens-swimwear", "thumbnail_url": ["http://d1q9qhpdr6ehzh.cloudfront.net/a59fdd9a20946fab65f4b53f8c0b6a82"], "chatbot_image": "https://www.bonmarche.co.uk/dw/image/v2/BBCZ_PRD/on/demandware.static/-/Sites-master-catalog-bonmarche/default/dwcefa9ecb/zoom/17/17145465_alt1.jpg?sw=500,https://www.bonmarche.co.uk/dw/image/v2/BBCZ_PRD/on/demandware.static/-/Sites-master-catalog-bonmarche/default/dwe4249273/zoom/17/17145465_alt3.jpg?sw=500,https://www.bonmarche.co.uk/dw/image/v2/BBCZ_PRD/on/demandware.static/-/Sites-master-catalog-bonmarche/default/dw788cb67e/zoom/17/17145465_alt2.jpg?sw=500", "unique_id": "25af269a5e3945f4bc9a645cc7b79f42", "trending_score": "0.0", "price": 13.0, "discounted_price": 0.0, "currency": "GBP", "product_code": "25af269a5e3945f4bc9a645cc7b79f42", "affinity_score": 0.0, "brand": "v_bonmarche_uk_usc", "store": "v_bonmarche_uk_usc", "streamoid_urls": null}, {"title": "Button Front Tie Jumpsuit", "gender": "women", "category": "jumpsuits", "color": null, "product_url": "https://www.bonmarche.co.uk/dresses/button-front-tie-jumpsuit-031456.html?dwvar_031456_color=07&cgid=womens-dresses", "thumbnail_url": ["http://d1q9qhpdr6ehzh.cloudfront.net/dc722b6388e4c32e03358b16bf8068cc"], "chatbot_image": "https://www.bonmarche.co.uk/dw/image/v2/BBCZ_PRD/on/demandware.static/-/Sites-master-catalog-bonmarche/default/dw661cd19a/zoom/03/03145607_alt1.jpg?sw=500,https://www.bonmarche.co.uk/dw/image/v2/BBCZ_PRD/on/demandware.static/-/Sites-master-catalog-bonmarche/default/dw1ba7fa49/zoom/03/03145607_alt3.jpg?sw=500,https://www.bonmarche.co.uk/dw/image/v2/BBCZ_PRD/on/demandware.static/-/Sites-master-catalog-bonmarche/default/dw051e5a7a/zoom/03/03145607_alt2.jpg?sw=500", "unique_id": "b49cd20b6c994f7384ff6bad7186f8f9", "trending_score": "0.0", "price": 19.0, "discounted_price": 0.0, "currency": "GBP", "product_code": "b49cd20b6c994f7384ff6bad7186f8f9", "affinity_score": 0.0, "brand": "v_bonmarche_uk_usc", "store": "v_bonmarche_uk_usc", "streamoid_urls": null}, {"title": "Isla & Rose Sleeveless Jumpsuit", "gender": "women", "category": "jumpsuits", "color": null, "product_url": "https://www.bonmarche.co.uk/dresses/isla-and-rose-sleeveless-jumpsuit-431119.html?dwvar_431119_color=31&cgid=womens-swimwear", "thumbnail_url": ["http://d1q9qhpdr6ehzh.cloudfront.net/56db74397faa9e1fd1b9ef0ca918f36e"], "chatbot_image": "https://www.bonmarche.co.uk/dw/image/v2/BBCZ_PRD/on/demandware.static/-/Sites-master-catalog-bonmarche/default/dwf5e3279a/zoom/43/43111931_alt1.jpg?sw=500,https://www.bonmarche.co.uk/dw/image/v2/BBCZ_PRD/on/demandware.static/-/Sites-master-catalog-bonmarche/default/dw3666bb75/zoom/43/43111931_alt3.jpg?sw=500,https://www.bonmarche.co.uk/dw/image/v2/BBCZ_PRD/on/demandware.static/-/Sites-master-catalog-bonmarche/default/dw55b7dd36/zoom/43/43111931_alt2.jpg?sw=500", "unique_id": "d34229ee38df4b73a163483ddcbf6f87", "trending_score": "0.0", "price": 28.0, "discounted_price": 0.0, "currency": "GBP", "product_code": "d34229ee38df4b73a163483ddcbf6f87", "affinity_score": 0.0, "brand": "v_bonmarche_uk_usc", "store": "v_bonmarche_uk_usc", "streamoid_urls": null}, {"title": "Palm Print Sleeveless Jumpsuit", "gender": "women", "category": "jumpsuits", "color": null, "product_url": "https://www.bonmarche.co.uk/dresses/palm-print-sleeveless-jumpsuit-031461.html?dwvar_031461_color=69&cgid=womens-dresses", "thumbnail_url": ["http://d1q9qhpdr6ehzh.cloudfront.net/9f9a6de9942b012678ad901727653072"], "chatbot_image": "https://www.bonmarche.co.uk/dw/image/v2/BBCZ_PRD/on/demandware.static/-/Sites-master-catalog-bonmarche/default/dw8802203f/zoom/03/03146169_alt1.jpg?sw=500,https://www.bonmarche.co.uk/dw/image/v2/BBCZ_PRD/on/demandware.static/-/Sites-master-catalog-bonmarche/default/dwb71c0086/zoom/03/03146169_alt3.jpg?sw=500,https://www.bonmarche.co.uk/dw/image/v2/BBCZ_PRD/on/demandware.static/-/Sites-master-catalog-bonmarche/default/dwf221838c/zoom/03/03146169_alt2.jpg?sw=500", "unique_id": "fdc45f9f7a154907ad549b5a55a378a2", "trending_score": "0.0", "price": 35.0, "discounted_price": 0.0, "currency": "GBP", "product_code": "fdc45f9f7a154907ad549b5a55a378a2", "affinity_score": 0.0, "brand": "v_bonmarche_uk_usc", "store": "v_bonmarche_uk_usc", "streamoid_urls": null}, {"title": "jumpsuits", "gender": "women", "category": "jumpsuits", "color": null, "product_url": "https://nbcnews.com", "thumbnail_url": ["http://d1q9qhpdr6ehzh.cloudfront.net/thumbnail/974334156b76c0995009ba9db6ede445"], "chatbot_image": null, "unique_id": "6ac9384f68d9499c87d6991ff1648afc", "trending_score": "0.0", "price": 100.0, "discounted_price": 0.0, "currency": "INR", "product_code": "6178", "affinity_score": 0.0, "brand": "asos", "store": "v_website_demo", "streamoid_urls": null}, {"title": "jumpsuits", "gender": "women", "category": "jumpsuits", "color": null, "product_url": "https://scene7.com", "thumbnail_url": ["http://d1q9qhpdr6ehzh.cloudfront.net/thumbnail/b2535da633949cffb45185e9d51ac897"], "chatbot_image": null, "unique_id": "fce2039ed4a148b68d9282ed84e5be83", "trending_score": "0.0", "price": 100.0, "discounted_price": 0.0, "currency": "INR", "product_code": "6177", "affinity_score": 0.0, "brand": "asos", "store": "v_website_demo", "streamoid_urls": null}, {"title": "jumpsuits", "gender": "women", "category": "jumpsuits", "color": null, "product_url": "https://i.pinimg.com", "thumbnail_url": ["http://d1q9qhpdr6ehzh.cloudfront.net/thumbnail/5374b0f961bf47fb847a86c0130d57b0"], "chatbot_image": null, "unique_id": "9711c07621754dd7ab43d3524dc7e99b", "trending_score": "0.0", "price": 100.0, "discounted_price": 0.0, "currency": "INR", "product_code": "6172", "affinity_score": 0.0, "brand": "asos", "store": "v_website_demo", "streamoid_urls": null}, {"title": "jumpsuits", "gender": "women", "category": "jumpsuits", "color": null, "product_url": "https://i.pinimg.com", "thumbnail_url": ["http://d1q9qhpdr6ehzh.cloudfront.net/thumbnail/574ed40fc370e3c65911b5fa5d55ada4"], "chatbot_image": null, "unique_id": "75c32a8839384137b7f2fe670f3ff429", "trending_score": "0.0", "price": 100.0, "discounted_price": 0.0, "currency": "INR", "product_code": "6175", "affinity_score": 0.0, "brand": "asos", "store": "v_website_demo", "streamoid_urls": null}, {"title": "jumpsuits", "gender": "women", "category": "jumpsuits", "color": null, "product_url": "https://media.glamour.com", "thumbnail_url": ["http://d1q9qhpdr6ehzh.cloudfront.net/thumbnail/c435cea59d0e2a7af7447232d6aa1395"], "chatbot_image": null, "unique_id": "188d7556e39a4fdc92d5deb2d34a9b17", "trending_score": "0.0", "price": 100.0, "discounted_price": 0.0, "currency": "INR", "product_code": "6181", "affinity_score": 0.0, "brand": "asos", "store": "v_website_demo", "streamoid_urls": null}, {"title": "Pocket Utility Jumpsuit", "gender": "women", "category": "jumpsuits", "color": "olive olive olive olive olive olive khaki khaki khaki white", "product_url": "https://www.forever21.in/p/pocket-utility-jumpsuit-324409.html", "thumbnail_url": ["http://d1q9qhpdr6ehzh.cloudfront.net/8298a477d0b27c8a066d466107fac1de"], "chatbot_image": "https://forever21.imgix.net/img/app/product/3/324409-1522695-large.jpg,https://forever21.imgix.net/img/app/product/3/324409-1522696-large.jpg,https://forever21.imgix.net/img/app/product/3/324409-1522697-large.jpg,https://forever21.imgix.net/img/app/product/3/324409-1522698-large.jpg,https://forever21.imgix.net/img/app/product/3/324409-1522694.jpg", "unique_id": "fab4490a54164634bc3bbee805fc491c", "trending_score": "0.0", "price": 3099.0, "discounted_price": 3099.0, "currency": "INR", "product_code": "324409", "affinity_score": 0.0, "brand": "forever21", "store": "v_forever21", "streamoid_urls": null}, {"title": "'Jaya' sweetheart neckline paneled jumpsuit", "gender": "women", "category": "jumpsuits", "color": "black black black black black black charcoal gray charcoal gray charcoal gray charcoal gray", "product_url": "https://www.lanecrawford.com/pdp/AUU433", "thumbnail_url": ["http://d1q9qhpdr6ehzh.cloudfront.net/36587b993eb61ade5bcf030ac7101c76"], "chatbot_image": "http://media.lanecrawford.com/A/U/U/AUU433_in_xl.jpg,http://media.lanecrawford.com/A/U/U/AUU433_bk_xl.jpg,http://media.lanecrawford.com/A/U/U/AUU433_4_xl.jpg,http://media.lanecrawford.com/A/U/U/AUU433_ro_xl.jpg", "unique_id": "4f1b27faa2474fe2be1e39a4b7422425", "trending_score": "0.0", "price": 4700.0, "discounted_price": 4700.0, "currency": "HKD", "product_code": "AUU433", "affinity_score": 0.0, "brand": "SOLACE LONDON", "store": "v_lane_crawford", "streamoid_urls": null}, {"title": "Spot Shirred Jumpsuit", "gender": "women", "category": "jumpsuits", "color": null, "product_url": "https://www.bonmarche.co.uk/swim-and-beachwear/spot-shirred-jumpsuit-171487.html?dwvar_171487_color=53&cgid=womens-swimwear", "thumbnail_url": ["http://d1q9qhpdr6ehzh.cloudfront.net/971ccf8719f80d45073bc162da6cf1cf"], "chatbot_image": "https://www.bonmarche.co.uk/dw/image/v2/BBCZ_PRD/on/demandware.static/-/Sites-master-catalog-bonmarche/default/dw2e459583/zoom/17/17148753_alt1.jpg?sw=500,https://www.bonmarche.co.uk/dw/image/v2/BBCZ_PRD/on/demandware.static/-/Sites-master-catalog-bonmarche/default/dw507e1a30/zoom/17/17148753_alt3.jpg?sw=500,https://www.bonmarche.co.uk/dw/image/v2/BBCZ_PRD/on/demandware.static/-/Sites-master-catalog-bonmarche/default/dw57fe6b09/zoom/17/17148753_alt2.jpg?sw=500", "unique_id": "8458154e6aa3414fa528cb15faeabf1a", "trending_score": "0.0", "price": 25.0, "discounted_price": 0.0, "currency": "GBP", "product_code": "8458154e6aa3414fa528cb15faeabf1a", "affinity_score": 0.0, "brand": "v_bonmarche_uk_usc", "store": "v_bonmarche_uk_usc", "streamoid_urls": null}, {"title": "Button Front Tie Jumpsuit", "gender": "women", "category": "jumpsuits", "color": null, "product_url": "https://www.bonmarche.co.uk/dresses/button-front-tie-jumpsuit-031456.html?dwvar_031456_color=67&cgid=womens-dresses", "thumbnail_url": ["http://d1q9qhpdr6ehzh.cloudfront.net/b12855ff86265030947482cc4586ef48"], "chatbot_image": "https://www.bonmarche.co.uk/dw/image/v2/BBCZ_PRD/on/demandware.static/-/Sites-master-catalog-bonmarche/default/dwb9f995a1/zoom/03/03145667_alt1.jpg?sw=500,https://www.bonmarche.co.uk/dw/image/v2/BBCZ_PRD/on/demandware.static/-/Sites-master-catalog-bonmarche/default/dw4f0d055d/zoom/03/03145667_alt3.jpg?sw=500,https://www.bonmarche.co.uk/dw/image/v2/BBCZ_PRD/on/demandware.static/-/Sites-master-catalog-bonmarche/default/dw808c24b2/zoom/03/03145667_alt2.jpg?sw=500", "unique_id": "57f076f6eeb84ceeac5a215137717f4a", "trending_score": "0.0", "price": 19.0, "discounted_price": 0.0, "currency": "GBP", "product_code": "57f076f6eeb84ceeac5a215137717f4a", "affinity_score": 0.0, "brand": "v_bonmarche_uk_usc", "store": "v_bonmarche_uk_usc", "streamoid_urls": null}, {"title": "jumpsuits", "gender": "women", "category": "jumpsuits", "color": null, "product_url": "https://nymag.com", "thumbnail_url": ["http://d1q9qhpdr6ehzh.cloudfront.net/thumbnail/42cc2f7416a897282260e35fcbac4db6"], "chatbot_image": null, "unique_id": "d5794c5e59f3476d8f8ed588ee817587", "trending_score": "0.0", "price": 100.0, "discounted_price": 0.0, "currency": "INR", "product_code": "6174", "affinity_score": 0.0, "brand": "asos", "store": "v_website_demo", "streamoid_urls": null}, {"title": "Spot Print Bardot Jumpsuit", "gender": "women", "category": "jumpsuits", "color": null, "product_url": "https://www.bonmarche.co.uk/swim-and-beachwear/spot-print-bardot-jumpsuit-171437.html?dwvar_171437_color=31&cgid=womens-dresses", "thumbnail_url": ["http://d1q9qhpdr6ehzh.cloudfront.net/bcf005a31f2c8e2ef9a815b57f40b767"], "chatbot_image": "https://www.bonmarche.co.uk/dw/image/v2/BBCZ_PRD/on/demandware.static/-/Sites-master-catalog-bonmarche/default/dw51de65c6/zoom/17/17143731_alt1.jpg?sw=500,https://www.bonmarche.co.uk/dw/image/v2/BBCZ_PRD/on/demandware.static/-/Sites-master-catalog-bonmarche/default/dw02764d82/zoom/17/17143731_alt3.jpg?sw=500,https://www.bonmarche.co.uk/dw/image/v2/BBCZ_PRD/on/demandware.static/-/Sites-master-catalog-bonmarche/default/dwbe9e763d/zoom/17/17143731_alt2.jpg?sw=500", "unique_id": "9ad6b9136653469a80d3bcbd69393c28", "trending_score": "0.0", "price": 13.0, "discounted_price": 0.0, "currency": "GBP", "product_code": "9ad6b9136653469a80d3bcbd69393c28", "affinity_score": 0.0, "brand": "v_bonmarche_uk_usc", "store": "v_bonmarche_uk_usc", "streamoid_urls": null}, {"title": "Floral Jumpsuit", "gender": "women", "category": "jumpsuits", "color": null, "product_url": "https://www.bonmarche.co.uk/swim-and-beachwear/floral-jumpsuit-171467.html?dwvar_171467_color=69&cgid=womens-swimwear", "thumbnail_url": ["http://d1q9qhpdr6ehzh.cloudfront.net/f39fd160145687852351425aedcc75bf"], "chatbot_image": "https://www.bonmarche.co.uk/dw/image/v2/BBCZ_PRD/on/demandware.static/-/Sites-master-catalog-bonmarche/default/dwd0aa76fa/zoom/17/17146769_alt1.jpg?sw=500,https://www.bonmarche.co.uk/dw/image/v2/BBCZ_PRD/on/demandware.static/-/Sites-master-catalog-bonmarche/default/dwf29ced15/zoom/17/17146769_alt3.jpg?sw=500,https://www.bonmarche.co.uk/dw/image/v2/BBCZ_PRD/on/demandware.static/-/Sites-master-catalog-bonmarche/default/dw5fa363aa/zoom/17/17146769_alt2.jpg?sw=500", "unique_id": "3133aaf6972d4a26aa9a9be3a5e4adfd", "trending_score": "0.0", "price": 25.0, "discounted_price": 0.0, "currency": "GBP", "product_code": "3133aaf6972d4a26aa9a9be3a5e4adfd", "affinity_score": 0.0, "brand": "v_bonmarche_uk_usc", "store": "v_bonmarche_uk_usc", "streamoid_urls": null}, {"title": "Sweater-Knit PJ Jumpsuit", "gender": "women", "category": "jumpsuits", "color": "light-gray light-gray light-gray light-gray light-gray light-gray light gray light gray light gray light gray", "product_url": "https://www.forever21.in/p/sweater-knit-pj-jumpsuit-323746.html", "thumbnail_url": ["http://d1q9qhpdr6ehzh.cloudfront.net/6e0977e7dd19d43204709c8b4a63eb24"], "chatbot_image": "https://forever21.imgix.net/img/app/product/3/323746-1603096-large.jpg,https://forever21.imgix.net/img/app/product/3/323746-1603097-large.jpg,https://forever21.imgix.net/img/app/product/3/323746-1603098-large.jpg,https://forever21.imgix.net/img/app/product/3/323746-1603099-large.jpg,https://forever21.imgix.net/img/app/product/3/323746-1603094.jpg", "unique_id": "1ef7f4f522344276a67d6c3d969202de", "trending_score": "0.0", "price": 1399.0, "discounted_price": 1120.0, "currency": "INR", "product_code": "323746", "affinity_score": 0.0, "brand": "forever21", "store": "v_forever21", "streamoid_urls": null}, {"title": "Plush Raccoon Pajama Onesie", "gender": "women", "category": "jumpsuits", "color": "light-gray light-gray light-gray light-gray light-gray light-gray light gray light gray light gray", "product_url": "https://www.forever21.in/p/plush-raccoon-pajama-onesie-323384.html", "thumbnail_url": ["http://d1q9qhpdr6ehzh.cloudfront.net/14edcd5acc87febd7be8d7b788287412"], "chatbot_image": "https://forever21.imgix.net/img/app/product/3/323384-1618288-large.jpg,https://forever21.imgix.net/img/app/product/3/323384-1618289-large.jpg,https://forever21.imgix.net/img/app/product/3/323384-1618290-large.jpg,https://forever21.imgix.net/img/app/product/3/323384-1618291-large.jpg,https://forever21.imgix.net/img/app/product/3/323384-1618287.jpg", "unique_id": "0193f420980d40279246f1378c13a725", "trending_score": "0.0", "price": 1799.0, "discounted_price": 1799.0, "currency": "INR", "product_code": "323384", "affinity_score": 0.0, "brand": "forever21", "store": "v_forever21", "streamoid_urls": null}, {"title": "Cheetah Pajama Jumpsuit", "gender": "women", "category": "jumpsuits", "color": "beige beige beige beige beige beige beige beige beige pearl", "product_url": "https://www.forever21.in/p/cheetah-pajama-jumpsuit-323337.html", "thumbnail_url": ["http://d1q9qhpdr6ehzh.cloudfront.net/a834326f03fa1e37686d628168093ce9"], "chatbot_image": "https://forever21.imgix.net/img/app/product/3/323337-1618283-large.jpg,https://forever21.imgix.net/img/app/product/3/323337-1618284-large.jpg,https://forever21.imgix.net/img/app/product/3/323337-1618285-large.jpg,https://forever21.imgix.net/img/app/product/3/323337-1618286-large.jpg,https://forever21.imgix.net/img/app/product/3/323337-1618282.jpg", "unique_id": "d1046ffacc6549809a131fc2776f3fb3", "trending_score": "0.0", "price": 1799.0, "discounted_price": 1799.0, "currency": "INR", "product_code": "323337", "affinity_score": 0.0, "brand": "forever21", "store": "v_forever21", "streamoid_urls": null}, {"title": "Maternity Strappy Lounge Romper", "gender": "women", "category": "jumpsuits", "color": "light-gray light-gray light-gray light-gray light-gray light-gray silver silver silver silver", "product_url": "https://www.boohoo.com/maternity-strappy-lounge-romper/BZZ47097.html", "thumbnail_url": ["http://d1q9qhpdr6ehzh.cloudfront.net/6d9c471e2ae0baaedc4774850e10a134"], "chatbot_image": "https://media.boohoo.com/i/boohoo/bzz47097_grey_xl/womens-grey-maternity-strappy-lounge-romper?%24product_page_main_magic_zoom%24%201x,%20//media.boohoo.com/i/boohoo/bzz47097_grey_xl/womens-grey-maternity-strappy-lounge-romper?%24product_page_main_magic_zoom_2x%24%202x,%20//media.boohoo.com/i/boohoo/bzz47097_grey_xl/womens-grey-maternity-strappy-lounge-romper?%24product_page_main_magic_zoom_3x%24%203x,https://media.boohoo.com/i/boohoo/bzz47097_grey_xl_1/grey-maternity-strappy-lounge-romper?%24product_page_main_magic_zoom%24,https://media.boohoo.com/i/boohoo/bzz47097_grey_xl_2/grey-maternity-strappy-lounge-romper?%24product_page_main_magic_zoom%24,https://media.boohoo.com/i/boohoo/bzz47097_grey_xl_3/grey-maternity-strappy-lounge-romper?%24product_page_main_magic_zoom%24", "unique_id": "98eb8e6cc6c9496599fef43b585c18e5", "trending_score": "0.0", "price": 7.0, "discounted_price": 7.0, "currency": "INR", "product_code": "6d9c471e2ae0baaedc4774850e10a134_boohoo_com", "affinity_score": 0.0, "brand": null, "store": "boohoo_com", "streamoid_urls": null}, {"title": "jumpsuits", "gender": "women", "category": "jumpsuits", "color": null, "product_url": "https://i.pinimg.com", "thumbnail_url": ["http://d1q9qhpdr6ehzh.cloudfront.net/thumbnail/aeef5ee069b62db25aff759e36073554"], "chatbot_image": null, "unique_id": "172bf9c37991424bac29fc19e2d83684", "trending_score": "0.0", "price": 100.0, "discounted_price": 0.0, "currency": "INR", "product_code": "6045", "affinity_score": 0.0, "brand": "yours clothing", "store": "v_website_demo", "streamoid_urls": null}, {"title": "jumpsuits", "gender": "women", "category": "jumpsuits", "color": null, "product_url": "https://kinstacdn.com", "thumbnail_url": ["http://d1q9qhpdr6ehzh.cloudfront.net/thumbnail/7be1f3b8fac81a51521dcceac25de7aa"], "chatbot_image": null, "unique_id": "bde35e67bfa24c5c94fde766bba0dadf", "trending_score": "0.0", "price": 100.0, "discounted_price": 0.0, "currency": "INR", "product_code": "6047", "affinity_score": 0.0, "brand": "yours clothing", "store": "v_website_demo", "streamoid_urls": null}, {"title": "'Winnie' pliss\u00c3\u00a9 pleated one-shoulder panelled drape jumpsuit", "gender": "women", "category": "jumpsuits", "color": "black black black black black black charcoal gray charcoal gray charcoal gray charcoal gray", "product_url": "https://www.lanecrawford.com/pdp/ARL451", "thumbnail_url": ["http://d1q9qhpdr6ehzh.cloudfront.net/efccb5abcd2376b3bba065650922060d"], "chatbot_image": "http://media.lanecrawford.com/A/R/L/ARL451_in_xl.jpg,http://media.lanecrawford.com/A/R/L/ARL451_bk_xl.jpg,http://media.lanecrawford.com/A/R/L/ARL451_4_xl.jpg,http://media.lanecrawford.com/A/R/L/ARL451_ro_xl.jpg", "unique_id": "4d6486491e4a406abff0e79bf5f73680", "trending_score": "0.0", "price": 4200.0, "discounted_price": 1260.0, "currency": "HKD", "product_code": "ARL451", "affinity_score": 0.0, "brand": "SOLACE LONDON", "store": "v_lane_crawford", "streamoid_urls": null}], "debug": {"qrm": "", "query_without_qrm": "jumpsuits", "solr_query": "( ( ( (meta_comprehensive_category:\"jumpsuits\") ) ) )^1 ", "graph": [[[{"category": ["jumpsuits"]}]]], "spell_corrected_query": "", "filter": [], "explicit_text": null, "fq": ["availability:1"]}, "numFound": 40, "facets": {"Collar Type": {}, "Ethnicity": {"western": 38, "ethnic": 1, "fusion": 1}, "Fastening": {"none": 16, "unknown": 11, "buckle_at_waist": 10, "zip_at_anywhere": 3}, "Fit": {"regular": 21, "slim": 15, "loose": 3, "unknown": 1}, "Hemline Length": {"full-length": 24, "ankle": 7, "midcalf": 4, "above-ankle": 2, "unknown": 2, "hip": 1}, "Material": {"unknown": 11, "fabric": 6, "blended": 5, "crepe": 3, "linen-blend": 3, "corduroy": 1, "down": 1, "plisse": 1, "polyester": 1}, "Neck Type": {}, "Primary Fibre": {"unknown": 14, "viscose": 8, "polyester": 1}, "Print Type": {"solid": 28, "other-floral": 2, "polka": 2, "branding": 1, "cheetah": 1, "floral": 1, "geometric": 1, "other-stripes": 1, "paisley": 1, "stripes": 1, "zebra": 1}, "Shoulder Type": {"regular": 10, "extended": 9, "off": 6, "spaghetti-straps": 5, "one": 4, "bare": 3, "tank-straps": 2, "other-straps": 1}, "Silhouette": {"unknown": 14, "tapered": 5, "balloon": 3, "sheath": 1}, "Sleeve Length": {"sleeveless": 20, "full": 10, "half": 7, "cap": 2, "short": 1}, "Treatment": {"unknown": 10, "crinkled": 6, "ripped": 4, "coated": 3}, "Type": {"basic": 18, "strap": 7, "lounge-onesie": 3, "off-shoulder": 3, "unknown": 3, "one-shoulder": 2, "shirt": 2, "leotard": 1, "strapless": 1}, "Color": {"black": 8, "light-gray": 4, "maroon": 4, "olive": 4, "red": 3, "beige": 2, "green": 2, "navy": 2, "orange": 2, "turquoise": 2, "copper": 1, "gold": 1, "light-blue": 1, "lime-green": 1, "multi": 1, "nude": 1, "violet": 1}, "Neck Shape": {"v": 12, "none": 7, "straight": 6, "round": 5, "u": 5, "square": 3, "unknown": 2}, "Neck Style": {"basic": 24, "asymmetric": 6, "turtle": 4, "hood": 3, "waterfall": 2, "shirt-collar": 1}, "gender": {"women": 40}, "category": {"jumpsuits": 40}, "occasion type": {"everyday": 21, "elevated": 13, "loungewear": 4, "beachwear": 1, "party": 1}, "Workindustry": {}, "Age": {}, "neck": {}, "arms": {}, "waist": {}, "stomach": {}, "shoulder": {}, "brand": {"v_bonmarche_uk_usc": 9, "yours clothing": 9, "asos": 8, "forever21": 8, "NORMA KAMALI": 2, "SOLACE LONDON": 2}, "sub_brand": {"forever21": 8}, "Department": {"regular": 23, "maternity": 9, "plus-size": 8}, "activity": {"leisure-holiday": 22, "unknown": 16, "hang-outs": 15, "college-look": 7, "date-night": 7, "high-street-look": 7, "social-outing": 7, "concert": 6, "girls-night-out": 6, "anniversary": 5, "work-from-home": 5, "airport-look": 4, "errands": 3, "brunch": 2, "clubbing": 2, "dinner-party": 2, "lounging": 2}}, "isFashionQuery": true, "spell_corrected_query": "", "final_query": "", "message": ""}