{"products": [{"title": "DOUBLE FLAP LEATHER SHOULDER BAG", "gender": "women", "category": "bags", "color": "off-white off-white off-white off-white off-white off-white white white white white", "product_url": "https://www.lanecrawford.com/pdp/AVO616", "thumbnail_url": ["http://d1q9qhpdr6ehzh.cloudfront.net/a50ca6ac373de2370e5eb311738579e5"], "chatbot_image": "http://media.lanecrawford.com/A/V/O/AVO616_in_xl.jpg,http://media.lanecrawford.com/A/V/O/AVO616_fr_xl.jpg,http://media.lanecrawford.com/A/V/O/AVO616_1_xl.jpg,http://media.lanecrawford.com/A/V/O/AVO616_2_xl.jpg,http://media.lanecrawford.com/A/V/O/AVO616_ro_xl.jpg", "unique_id": "2db10a3320d74c32a0ee79d24ca73c65", "trending_score": "0.0", "price": 17500.0, "discounted_price": 17500.0, "currency": "HKD", "product_code": "AVO616", "affinity_score": 0.0, "brand": "ALEXANDER MCQUEEN", "store": "v_lane_crawford", "streamoid_urls": null}, {"title": "'The Mini Copenhagen' croc embossed leather crossbody bag", "gender": "women", "category": "bags", "color": "charcoal-gray charcoal-gray charcoal-gray charcoal-gray charcoal-gray charcoal-gray charcoal gray charcoal gray charcoal gray charcoal gray", "product_url": "https://www.lanecrawford.com/pdp/ARG389", "thumbnail_url": ["http://d1q9qhpdr6ehzh.cloudfront.net/869339311930e80a863f82c3d2e7f857"], "chatbot_image": "http://media.lanecrawford.com/A/R/G/ARG389_in_xl.jpg,http://media.lanecrawford.com/A/R/G/ARG389_1_xl.jpg,http://media.lanecrawford.com/A/R/G/ARG389_2_xl.jpg,http://media.lanecrawford.com/A/R/G/ARG389_ro_xl.jpg", "unique_id": "4078c999f31e44c1a0981b401a3fc992", "trending_score": "0.0", "price": 3300.0, "discounted_price": 3300.0, "currency": "HKD", "product_code": "ARG389", "affinity_score": 0.0, "brand": "DEMELLIER", "store": "v_lane_crawford", "streamoid_urls": null}, {"title": "'Soft Round XS' leather crossbody bag", "gender": "women", "category": "bags", "color": "red red red red red red post box red post box red post box red post box red", "product_url": "https://www.lanecrawford.com/pdp/ARW333", "thumbnail_url": ["http://d1q9qhpdr6ehzh.cloudfront.net/f5292715cd4922beee3fd675a5df53fd"], "chatbot_image": "http://media.lanecrawford.com/A/R/W/ARW333_in_xl.jpg,http://media.lanecrawford.com/A/R/W/ARW333_1_xl.jpg,http://media.lanecrawford.com/A/R/W/ARW333_2_xl.jpg,http://media.lanecrawford.com/A/R/W/ARW333_ro_xl.jpg", "unique_id": "28047ced4bc640e79a89f17dfecfd90a", "trending_score": "0.0", "price": 5900.0, "discounted_price": 4130.0, "currency": "HKD", "product_code": "ARW333", "affinity_score": 0.0, "brand": "BALENCIAGA", "store": "v_lane_crawford", "streamoid_urls": null}, {"title": "'Jessie' monogram embellished grain leather card case", "gender": "women", "category": "bags", "color": "black black black black black black charcoal gray charcoal gray charcoal gray charcoal gray", "product_url": "https://www.lanecrawford.com/pdp/AUL606", "thumbnail_url": ["http://d1q9qhpdr6ehzh.cloudfront.net/47016170289d39cbbc09031cfb678053"], "chatbot_image": "http://media.lanecrawford.com/A/U/L/AUL606_in_xl.jpg,http://media.lanecrawford.com/A/U/L/AUL606_1_xl.jpg,http://media.lanecrawford.com/A/U/L/AUL606_2_xl.jpg,http://media.lanecrawford.com/A/U/L/AUL606_ro_xl.jpg", "unique_id": "4ddc7d66acac4d34bfbf9101980091d2", "trending_score": "0.0", "price": 4100.0, "discounted_price": 4100.0, "currency": "HKD", "product_code": "AUL606", "affinity_score": 0.0, "brand": "BURBERRY", "store": "v_lane_crawford", "streamoid_urls": null}, {"title": "'Zumi' leather flap shoulder bag", "gender": "women", "category": "bags", "color": "white white white white white white white white white white", "product_url": "https://www.lanecrawford.com.cn/pdp/ARQ314", "thumbnail_url": ["http://d1q9qhpdr6ehzh.cloudfront.net/c931f33574513b5008f088089a3bc7c9"], "chatbot_image": "http://media.lanecrawford.com.cn/A/R/Q/ARQ314_in_xl.jpg,http://media.lanecrawford.com.cn/A/R/Q/ARQ314_1_xl.jpg,http://media.lanecrawford.com.cn/A/R/Q/ARQ314_2_xl.jpg,http://media.lanecrawford.com.cn/A/R/Q/ARQ314_ro_xl.jpg", "unique_id": "023fccbc533a4f31aa1d07e77df8e2ac", "trending_score": "0.0", "price": 22800.0, "discounted_price": 22800.0, "currency": "RMB", "product_code": "ARQ314", "affinity_score": 0.0, "brand": "GUCCI", "store": "v_lane_crawford", "streamoid_urls": null}, {"title": "'Faye' mini bag", "gender": "women", "category": "bags", "color": "peach peach peach peach peach peach white white white white", "product_url": "https://www.lanecrawford.com/pdp/BKQ428", "thumbnail_url": ["http://d1q9qhpdr6ehzh.cloudfront.net/da4f280b2f887396289e6f45b7f1e0ad"], "chatbot_image": "http://media.lanecrawford.com/B/K/Q/BKQ428_in_xl.jpg,http://media.lanecrawford.com/B/K/Q/BKQ428_fr_xl.jpg,http://media.lanecrawford.com/B/K/Q/BKQ428_1_xl.jpg,http://media.lanecrawford.com/B/K/Q/BKQ428_2_xl.jpg,http://media.lanecrawford.com/B/K/Q/BKQ428_ro_xl.jpg", "unique_id": "4e627a8e69144a88b8ba51701952921b", "trending_score": "0.0", "price": 7400.0, "discounted_price": 7400.0, "currency": "HKD", "product_code": "BKQ428", "affinity_score": 0.0, "brand": "CHLO\u00c3\u0089", "store": "v_lane_crawford", "streamoid_urls": null}, {"title": "Butterfly jewelled satchel' in lizard embossed leather embellished knuckle", "gender": "women", "category": "bags", "color": "off-white off-white off-white off-white off-white off-white off white off white off white off white", "product_url": "https://www.lanecrawford.com/pdp/AWH351", "thumbnail_url": ["http://d1q9qhpdr6ehzh.cloudfront.net/c57fba6a3ed077b9da98b1964552a342"], "chatbot_image": "http://media.lanecrawford.com/A/W/H/AWH351_in_xl.jpg,http://media.lanecrawford.com/A/W/H/AWH351_1_xl.jpg,http://media.lanecrawford.com/A/W/H/AWH351_2_xl.jpg,http://media.lanecrawford.com/A/W/H/AWH351_ro_xl.jpg", "unique_id": "2797e3ae1bd342868c0294626415351d", "trending_score": "0.0", "price": 21700.0, "discounted_price": 21700.0, "currency": "HKD", "product_code": "AWH351", "affinity_score": 0.0, "brand": "ALEXANDER MCQUEEN", "store": "v_lane_crawford", "streamoid_urls": null}, {"title": "Croc embossed leather mini crossbody bag", "gender": "women", "category": "bags", "color": "black black black black black black charcoal gray charcoal gray charcoal gray black", "product_url": "https://www.lanecrawford.com/pdp/ARE519", "thumbnail_url": ["http://d1q9qhpdr6ehzh.cloudfront.net/30c2610e874e7c623bf2d9848cbdfb20"], "chatbot_image": "http://media.lanecrawford.com/A/R/E/ARE519_in_xl.jpg,http://media.lanecrawford.com/A/R/E/ARE519_fr_xl.jpg,http://media.lanecrawford.com/A/R/E/ARE519_1_xl.jpg,http://media.lanecrawford.com/A/R/E/ARE519_2_xl.jpg,http://media.lanecrawford.com/A/R/E/ARE519_ro_xl.jpg", "unique_id": "4087c33e52ef485fb12653c5cc1b3ca8", "trending_score": "0.0", "price": 6900.0, "discounted_price": 6900.0, "currency": "HKD", "product_code": "ARE519", "affinity_score": 0.0, "brand": "ALEXANDER MCQUEEN", "store": "v_lane_crawford", "streamoid_urls": null}, {"title": "Quilted Chevron Crossbody Bag", "gender": "women", "category": "bags", "color": "black black black black black black white white white white", "product_url": "https://www.forever21.in/p/quilted-chevron-crossbody-bag-324242.html", "thumbnail_url": ["http://d1q9qhpdr6ehzh.cloudfront.net/877b5344681bb6fac72ef4b50f037672"], "chatbot_image": "https://forever21.imgix.net/img/app/product/3/324242-1522207-large.jpg,https://forever21.imgix.net/img/app/product/3/324242-1522208-large.jpg,https://forever21.imgix.net/img/app/product/3/324242-1522209-large.jpg,https://forever21.imgix.net/img/app/product/3/324242-1522210-large.jpg,https://forever21.imgix.net/img/app/product/3/324242-1522206.jpg", "unique_id": "9e5e8bfa512543bc98e761dfa3f0b829", "trending_score": "0.0", "price": 999.0, "discounted_price": 999.0, "currency": "INR", "product_code": "324242", "affinity_score": 0.0, "brand": "forever21", "store": "v_forever21", "streamoid_urls": null}, {"title": "'Faye' mini bag", "gender": "women", "category": "bags", "color": "light-blue light-blue light-blue light-blue light-blue light-blue pale mint pale mint pale mint pale mint", "product_url": "https://www.lanecrawford.com/pdp/BKQ414", "thumbnail_url": ["http://d1q9qhpdr6ehzh.cloudfront.net/faad9c5513f0b7c0c5dd3e1ca7d3d107"], "chatbot_image": "http://media.lanecrawford.com/B/K/Q/BKQ414_in_xl.jpg,http://media.lanecrawford.com/B/K/Q/BKQ414_fr_xl.jpg,http://media.lanecrawford.com/B/K/Q/BKQ414_1_xl.jpg,http://media.lanecrawford.com/B/K/Q/BKQ414_2_xl.jpg,http://media.lanecrawford.com/B/K/Q/BKQ414_ro_xl.jpg", "unique_id": "065231120d1041e1b4027263dd5451a6", "trending_score": "0.0", "price": 7400.0, "discounted_price": 7400.0, "currency": "HKD", "product_code": "BKQ414", "affinity_score": 0.0, "brand": "CHLO\u00c3\u0089", "store": "v_lane_crawford", "streamoid_urls": null}, {"title": "'Missy' small leather crossbody bag", "gender": "women", "category": "bags", "color": "khaki khaki khaki khaki khaki khaki white white white white", "product_url": "https://www.lanecrawford.com/pdp/AQG790", "thumbnail_url": ["http://d1q9qhpdr6ehzh.cloudfront.net/06dde8f78d3f283be820d86477b62213"], "chatbot_image": "http://media.lanecrawford.com/A/Q/G/AQG790_in_xl.jpg,http://media.lanecrawford.com/A/Q/G/AQG790_fr_xl.jpg,http://media.lanecrawford.com/A/Q/G/AQG790_1_xl.jpg,http://media.lanecrawford.com/A/Q/G/AQG790_2_xl.jpg,http://media.lanecrawford.com/A/Q/G/AQG790_3_xl.jpg,http://media.lanecrawford.com/A/Q/G/AQG790_ro_xl.jpg", "unique_id": "1507320771d84376b023f0b9eed2c69c", "trending_score": "0.0", "price": 14250.0, "discounted_price": 14250.0, "currency": "HKD", "product_code": "AQG790", "affinity_score": 0.0, "brand": "LOEWE", "store": "v_lane_crawford", "streamoid_urls": null}, {"title": "'Yara' mini croc embossed leather top handle bag", "gender": "women", "category": "bags", "color": "black black black black black black black black black charcoal gray", "product_url": "https://www.lanecrawford.com/pdp/ARJ576", "thumbnail_url": ["http://d1q9qhpdr6ehzh.cloudfront.net/aed2b2db39c032751f333edffb70c5c4"], "chatbot_image": "http://media.lanecrawford.com/A/R/J/ARJ576_in_xl.jpg,http://media.lanecrawford.com/A/R/J/ARJ576_fr_xl.jpg,http://media.lanecrawford.com/A/R/J/ARJ576_1_xl.jpg,http://media.lanecrawford.com/A/R/J/ARJ576_2_xl.jpg,http://media.lanecrawford.com/A/R/J/ARJ576_ro_xl.jpg", "unique_id": "19b35ed273184c579d34c137bf90a967", "trending_score": "0.0", "price": 4900.0, "discounted_price": 2450.0, "currency": "HKD", "product_code": "ARJ576", "affinity_score": 0.0, "brand": "WANDLER", "store": "v_lane_crawford", "streamoid_urls": null}, {"title": "'Temp\u00c3\u00aate Mini' leather satchel", "gender": "women", "category": "bags", "color": "beige beige beige beige beige beige beige beige beige beige", "product_url": "https://www.lanecrawford.com.cn/pdp/ALX716", "thumbnail_url": ["http://d1q9qhpdr6ehzh.cloudfront.net/70eebed754f89fe71134ebeca2a24af0"], "chatbot_image": "http://media.lanecrawford.com.cn/A/L/X/ALX716_in_xl.jpg,http://media.lanecrawford.com.cn/A/L/X/ALX716_fr_xl.jpg,http://media.lanecrawford.com.cn/A/L/X/ALX716_1_xl.jpg,http://media.lanecrawford.com.cn/A/L/X/ALX716_2_xl.jpg,http://media.lanecrawford.com.cn/A/L/X/ALX716_3_xl.jpg,http://media.lanecrawford.com.cn/A/L/X/ALX716_ro_xl.jpg", "unique_id": "0afb1021abf14531be066e64f1df44be", "trending_score": "0.0", "price": 32900.0, "discounted_price": 32900.0, "currency": "RMB", "product_code": "ALX716", "affinity_score": 0.0, "brand": "DELVAUX", "store": "v_lane_crawford", "streamoid_urls": null}, {"title": "Chain mail crossbody bag", "gender": "women", "category": "bags", "color": "beige beige beige beige beige beige white white white white", "product_url": "https://www.lanecrawford.com/pdp/AVL071", "thumbnail_url": ["http://d1q9qhpdr6ehzh.cloudfront.net/a53300e9914c92add1fb8f15db4a699b"], "chatbot_image": "http://media.lanecrawford.com/A/V/L/AVL071_in_xl.jpg,http://media.lanecrawford.com/A/V/L/AVL071_fr_xl.jpg,http://media.lanecrawford.com/A/V/L/AVL071_1_xl.jpg,http://media.lanecrawford.com/A/V/L/AVL071_2_xl.jpg,http://media.lanecrawford.com/A/V/L/AVL071_ro_xl.jpg", "unique_id": "136312e594cd4a92a2265cd3b0988ed3", "trending_score": "0.0", "price": 2550.0, "discounted_price": 2550.0, "currency": "HKD", "product_code": "AVL071", "affinity_score": 0.0, "brand": "KARA", "store": "v_lane_crawford", "streamoid_urls": null}, {"title": "'Abylock' logo croc-embossed leather handle bag", "gender": "women", "category": "bags", "color": "green green green green green green gray gray gray gray", "product_url": "https://www.lanecrawford.com/pdp/BKQ412", "thumbnail_url": ["http://d1q9qhpdr6ehzh.cloudfront.net/916295bc4ef101908e9232684a58d907"], "chatbot_image": "http://media.lanecrawford.com/B/K/Q/BKQ412_in_xl.jpg,http://media.lanecrawford.com/B/K/Q/BKQ412_fr_xl.jpg,http://media.lanecrawford.com/B/K/Q/BKQ412_1_xl.jpg,http://media.lanecrawford.com/B/K/Q/BKQ412_2_xl.jpg,http://media.lanecrawford.com/B/K/Q/BKQ412_ro_xl.jpg", "unique_id": "04a14470c06c43899bebf81c85eca1ce", "trending_score": "0.0", "price": 13400.0, "discounted_price": 13400.0, "currency": "HKD", "product_code": "BKQ412", "affinity_score": 0.0, "brand": "CHLO\u00c3\u0089", "store": "v_lane_crawford", "streamoid_urls": null}, {"title": "Valentino Garavani 'Vlogo' small leather wallet", "gender": "women", "category": "bags", "color": "nude nude nude nude nude nude peach peach peach peach", "product_url": "https://www.lanecrawford.com/pdp/AVL064", "thumbnail_url": ["http://d1q9qhpdr6ehzh.cloudfront.net/397cfcb5ee2ae44ac9df74a5d3aacad4"], "chatbot_image": "http://media.lanecrawford.com/A/V/L/AVL064_in_xl.jpg,http://media.lanecrawford.com/A/V/L/AVL064_fr_xl.jpg,http://media.lanecrawford.com/A/V/L/AVL064_1_xl.jpg,http://media.lanecrawford.com/A/V/L/AVL064_2_xl.jpg,http://media.lanecrawford.com/A/V/L/AVL064_ro_xl.jpg", "unique_id": "28fc0f1d310045f2bc7d03f32122a30b", "trending_score": "0.0", "price": 6900.0, "discounted_price": 6900.0, "currency": "HKD", "product_code": "AVL064", "affinity_score": 0.0, "brand": "VALENTINO", "store": "v_lane_crawford", "streamoid_urls": null}, {"title": "Small round crocodile leather bag", "gender": "women", "category": "bags", "color": "white white white white white white white white white white", "product_url": "https://www.lanecrawford.com/pdp/AQO560", "thumbnail_url": ["http://d1q9qhpdr6ehzh.cloudfront.net/beb618bc4640189812428f7d139f58ed"], "chatbot_image": "http://media.lanecrawford.com/A/Q/O/AQO560_in_xl.jpg,http://media.lanecrawford.com/A/Q/O/AQO560_fr_xl.jpg,http://media.lanecrawford.com/A/Q/O/AQO560_1_xl.jpg,http://media.lanecrawford.com/A/Q/O/AQO560_2_xl.jpg,http://media.lanecrawford.com/A/Q/O/AQO560_ro_xl.jpg", "unique_id": "1e17ae4b471e4fdd963341892dadfb0b", "trending_score": "0.0", "price": 20500.0, "discounted_price": 20500.0, "currency": "HKD", "product_code": "AQO560", "affinity_score": 0.0, "brand": "NANCY GONZALEZ", "store": "v_lane_crawford", "streamoid_urls": null}, {"title": "'C' mini croc embossed leather square bag", "gender": "women", "category": "bags", "color": "light-blue light-blue light-blue light-blue light-blue light-blue pale mint pale mint pale mint pale mint", "product_url": "https://www.lanecrawford.com/pdp/BKQ429", "thumbnail_url": ["http://d1q9qhpdr6ehzh.cloudfront.net/bf777e463bc0bdf4dfac61f30d3132e0"], "chatbot_image": "http://media.lanecrawford.com/B/K/Q/BKQ429_in_xl.jpg,http://media.lanecrawford.com/B/K/Q/BKQ429_fr_xl.jpg,http://media.lanecrawford.com/B/K/Q/BKQ429_1_xl.jpg,http://media.lanecrawford.com/B/K/Q/BKQ429_2_xl.jpg,http://media.lanecrawford.com/B/K/Q/BKQ429_ro_xl.jpg", "unique_id": "3ea1446baf014ecb9f65d5f5732b8c05", "trending_score": "0.0", "price": 12800.0, "discounted_price": 12800.0, "currency": "HKD", "product_code": "BKQ429", "affinity_score": 0.0, "brand": "CHLO\u00c3\u0089", "store": "v_lane_crawford", "streamoid_urls": null}, {"title": "'Sylvie' plexiglas top handle chain bag", "gender": "women", "category": "bags", "color": "cream cream cream cream cream cream off white off white off white off white", "product_url": "https://www.lanecrawford.com/pdp/AUL272", "thumbnail_url": ["http://d1q9qhpdr6ehzh.cloudfront.net/b13dc3c8b1ad6c3e2ac784b53d4861ac"], "chatbot_image": "http://media.lanecrawford.com/A/U/L/AUL272_in_xl.jpg,http://media.lanecrawford.com/A/U/L/AUL272_fr_xl.jpg,http://media.lanecrawford.com/A/U/L/AUL272_1_xl.jpg,http://media.lanecrawford.com/A/U/L/AUL272_2_xl.jpg,http://media.lanecrawford.com/A/U/L/AUL272_ro_xl.jpg", "unique_id": "0d6573bfb5514a00ac93901b63b32f7a", "trending_score": "0.0", "price": 25500.0, "discounted_price": 25500.0, "currency": "HKD", "product_code": "AUL272", "affinity_score": 0.0, "brand": "GUCCI", "store": "v_lane_crawford", "streamoid_urls": null}, {"title": "'Rajah' GG logo tiger medium leather shoulder bag", "gender": "women", "category": "bags", "color": "off-white off-white off-white off-white off-white off-white beige beige beige beige", "product_url": "https://www.lanecrawford.com.cn/pdp/AQR757", "thumbnail_url": ["http://d1q9qhpdr6ehzh.cloudfront.net/dfe0b7d8f66acf6e4fddaced97365fa3"], "chatbot_image": "http://media.lanecrawford.com.cn/A/Q/R/AQR757_in_xl.jpg,http://media.lanecrawford.com.cn/A/Q/R/AQR757_fr_xl.jpg,http://media.lanecrawford.com.cn/A/Q/R/AQR757_1_xl.jpg,http://media.lanecrawford.com.cn/A/Q/R/AQR757_2_xl.jpg,http://media.lanecrawford.com.cn/A/Q/R/AQR757_ro_xl.jpg", "unique_id": "4171bd6c269a497dbf1ba1e4c4b3f20c", "trending_score": "0.0", "price": 22800.0, "discounted_price": 22800.0, "currency": "RMB", "product_code": "AQR757", "affinity_score": 0.0, "brand": "GUCCI", "store": "v_lane_crawford", "streamoid_urls": null}, {"title": "'Puzzle' mini bag", "gender": "women", "category": "bags", "color": "multicolor red red red red red red crimson red crimson red crimson red", "product_url": "https://www.lanecrawford.com/pdp/AVL022", "thumbnail_url": ["http://d1q9qhpdr6ehzh.cloudfront.net/72f110879fdea79007175983864fa453"], "chatbot_image": "http://media.lanecrawford.com/A/V/L/AVL022_in_xl.jpg,http://media.lanecrawford.com/A/V/L/AVL022_fr_xl.jpg,http://media.lanecrawford.com/A/V/L/AVL022_1_xl.jpg,http://media.lanecrawford.com/A/V/L/AVL022_2_xl.jpg,http://media.lanecrawford.com/A/V/L/AVL022_ro_xl.jpg", "unique_id": "463b76d3d6bf47b69e3904012d5ad016", "trending_score": "0.0", "price": 14250.0, "discounted_price": 14250.0, "currency": "HKD", "product_code": "AVL022", "affinity_score": 0.0, "brand": "LOEWE", "store": "v_lane_crawford", "streamoid_urls": null}, {"title": "'Baby Pinch' leather shoulder bag", "gender": "women", "category": "bags", "color": "off-white off-white off-white off-white off-white off-white white white white white", "product_url": "https://www.lanecrawford.com/pdp/ARH442", "thumbnail_url": ["http://d1q9qhpdr6ehzh.cloudfront.net/c2d0e7e527aed95bad529457ebabe65c"], "chatbot_image": "http://media.lanecrawford.com/A/R/H/ARH442_in_xl.jpg,http://media.lanecrawford.com/A/R/H/ARH442_fr_xl.jpg,http://media.lanecrawford.com/A/R/H/ARH442_1_xl.jpg,http://media.lanecrawford.com/A/R/H/ARH442_2_xl.jpg,http://media.lanecrawford.com/A/R/H/ARH442_ro_xl.jpg", "unique_id": "1da36fa506254685ad38e0d0ce418b99", "trending_score": "0.0", "price": 3450.0, "discounted_price": 1380.0, "currency": "HKD", "product_code": "ARH442", "affinity_score": 0.0, "brand": "KARA", "store": "v_lane_crawford", "streamoid_urls": null}, {"title": "'Logo' plate mini leather crossbody bag", "gender": "women", "category": "bags", "color": "navy navy navy navy navy navy navy navy navy navy", "product_url": "https://www.lanecrawford.com/pdp/AQH668", "thumbnail_url": ["http://d1q9qhpdr6ehzh.cloudfront.net/c4b5ad237aaf7b8c126205635ee3e855"], "chatbot_image": "http://media.lanecrawford.com/A/Q/H/AQH668_in_xl.jpg,http://media.lanecrawford.com/A/Q/H/AQH668_fr_xl.jpg,http://media.lanecrawford.com/A/Q/H/AQH668_1_xl.jpg,http://media.lanecrawford.com/A/Q/H/AQH668_2_xl.jpg,http://media.lanecrawford.com/A/Q/H/AQH668_ro_xl.jpg", "unique_id": "1acb2bb17cf2499ba1edca35f299569c", "trending_score": "0.0", "price": 6280.0, "discounted_price": 6280.0, "currency": "HKD", "product_code": "AQH668", "affinity_score": 0.0, "brand": "JW ANDERSON", "store": "v_lane_crawford", "streamoid_urls": null}, {"title": "'Faye' mini chain bag", "gender": "women", "category": "bags", "color": "multicolor nude nude nude nude nude nude pearl pearl beige", "product_url": "https://www.lanecrawford.com/pdp/BKQ411", "thumbnail_url": ["http://d1q9qhpdr6ehzh.cloudfront.net/4b6fb698f6c91e4321abf69757628631"], "chatbot_image": "http://media.lanecrawford.com/B/K/Q/BKQ411_in_xl.jpg,http://media.lanecrawford.com/B/K/Q/BKQ411_1_xl.jpg,http://media.lanecrawford.com/B/K/Q/BKQ411_2_xl.jpg,http://media.lanecrawford.com/B/K/Q/BKQ411_ro_xl.jpg", "unique_id": "1b70978af1c94d8d8f33de0aa72ebc00", "trending_score": "0.0", "price": 9900.0, "discounted_price": 9900.0, "currency": "HKD", "product_code": "BKQ411", "affinity_score": 0.0, "brand": "CHLO\u00c3\u0089", "store": "v_lane_crawford", "streamoid_urls": null}, {"title": "'Annie' mini leather shoulder bag", "gender": "women", "category": "bags", "color": "teal teal teal teal teal teal white white white white", "product_url": "https://www.lanecrawford.com/pdp/ARU655", "thumbnail_url": ["http://d1q9qhpdr6ehzh.cloudfront.net/e424e4f5dc8795f9e055d9bcb1a3470f"], "chatbot_image": "http://media.lanecrawford.com/A/R/U/ARU655_in_xl.jpg,http://media.lanecrawford.com/A/R/U/ARU655_fr_xl.jpg,http://media.lanecrawford.com/A/R/U/ARU655_1_xl.jpg,http://media.lanecrawford.com/A/R/U/ARU655_2_xl.jpg,http://media.lanecrawford.com/A/R/U/ARU655_ro_xl.jpg", "unique_id": "4c5e39cd4e9f441aae43179ca3b845c9", "trending_score": "0.0", "price": 14700.0, "discounted_price": 7350.0, "currency": "HKD", "product_code": "ARU655", "affinity_score": 0.0, "brand": "CHLO\u00c3\u0089", "store": "v_lane_crawford", "streamoid_urls": null}, {"title": "Skull lock leather crossbody bag", "gender": "women", "category": "bags", "color": "black black black black black black white white white white", "product_url": "https://www.lanecrawford.com/pdp/AVO617", "thumbnail_url": ["http://d1q9qhpdr6ehzh.cloudfront.net/e49d0aab50df4d415e759cc7156aa444"], "chatbot_image": "http://media.lanecrawford.com/A/V/O/AVO617_in_xl.jpg,http://media.lanecrawford.com/A/V/O/AVO617_fr_xl.jpg,http://media.lanecrawford.com/A/V/O/AVO617_1_xl.jpg,http://media.lanecrawford.com/A/V/O/AVO617_2_xl.jpg,http://media.lanecrawford.com/A/V/O/AVO617_ro_xl.jpg", "unique_id": "42b19afe4d81439ebf3132c97be83a28", "trending_score": "0.0", "price": 9800.0, "discounted_price": 9800.0, "currency": "HKD", "product_code": "AVO617", "affinity_score": 0.0, "brand": "ALEXANDER MCQUEEN", "store": "v_lane_crawford", "streamoid_urls": null}, {"title": "'XS Josh' drawstring croc-embossed leather shoulder bag", "gender": "women", "category": "bags", "color": "tan tan tan tan tan tan hazelnut hazelnut hazelnut hazelnut", "product_url": "https://www.lanecrawford.com/pdp/ARY410", "thumbnail_url": ["http://d1q9qhpdr6ehzh.cloudfront.net/9df98c9185f89066fd76a6eb16084cc4"], "chatbot_image": "http://media.lanecrawford.com/A/R/Y/ARY410_in_xl.jpg,http://media.lanecrawford.com/A/R/Y/ARY410_fr_xl.jpg,http://media.lanecrawford.com/A/R/Y/ARY410_1_xl.jpg,http://media.lanecrawford.com/A/R/Y/ARY410_2_xl.jpg,http://media.lanecrawford.com/A/R/Y/ARY410_ro_xl.jpg", "unique_id": "08be55b7318446d9a786d43e6f48030f", "trending_score": "0.0", "price": 2900.0, "discounted_price": 1740.0, "currency": "HKD", "product_code": "ARY410", "affinity_score": 0.0, "brand": "DANSE LENTE", "store": "v_lane_crawford", "streamoid_urls": null}, {"title": "'XS Johnny' mini hexagonal croc embossed leather bag", "gender": "women", "category": "bags", "color": "nude nude nude nude nude nude white white white white", "product_url": "https://www.lanecrawford.com/pdp/AWL782", "thumbnail_url": ["http://d1q9qhpdr6ehzh.cloudfront.net/5b91ce2e7d9ffacfd0feeab8f9607e91"], "chatbot_image": "http://media.lanecrawford.com/A/W/L/AWL782_in_xl.jpg,http://media.lanecrawford.com/A/W/L/AWL782_fr_xl.jpg,http://media.lanecrawford.com/A/W/L/AWL782_1_xl.jpg,http://media.lanecrawford.com/A/W/L/AWL782_2_xl.jpg,http://media.lanecrawford.com/A/W/L/AWL782_ro_xl.jpg", "unique_id": "2e12357ddf7b4449a618a5f2bd0adb6e", "trending_score": "0.0", "price": 2900.0, "discounted_price": 2900.0, "currency": "HKD", "product_code": "AWL782", "affinity_score": 0.0, "brand": "DANSE LENTE", "store": "v_lane_crawford", "streamoid_urls": null}, {"title": "Faux Leather Crossbody", "gender": "women", "category": "bags", "color": "black black black black black black black black black black", "product_url": "https://www.forever21.in/p/faux-leather-crossbody-324055.html", "thumbnail_url": ["http://d1q9qhpdr6ehzh.cloudfront.net/0d6ab717f7b450350a1c1e066b1429ab"], "chatbot_image": "https://forever21.imgix.net/img/app/product/3/324055-1521595-large.jpg,https://forever21.imgix.net/img/app/product/3/324055-1521596-large.jpg,https://forever21.imgix.net/img/app/product/3/324055-1521597-large.jpg,https://forever21.imgix.net/img/app/product/3/324055-1521598-large.jpg,https://forever21.imgix.net/img/app/product/3/324055-1521599-large.jpg,https://forever21.imgix.net/img/app/product/3/324055-1521594.jpg", "unique_id": "4491d700267e4898b266b7264f853cba", "trending_score": "0.0", "price": 1399.0, "discounted_price": 1499.0, "currency": "INR", "product_code": "324055", "affinity_score": 0.0, "brand": "forever21", "store": "v_forever21", "streamoid_urls": null}, {"title": "'Chlo\u00c3\u00a9 C' suede panel mini leather top handle bag", "gender": "women", "category": "bags", "color": "nude nude nude nude nude nude white white white white", "product_url": "https://www.lanecrawford.com.cn/pdp/AQI526", "thumbnail_url": ["http://d1q9qhpdr6ehzh.cloudfront.net/755703b927fa0911d929d87405ad5e92"], "chatbot_image": "http://media.lanecrawford.com.cn/A/Q/I/AQI526_in_xl.jpg,http://media.lanecrawford.com.cn/A/Q/I/AQI526_fr_xl.jpg,http://media.lanecrawford.com.cn/A/Q/I/AQI526_1_xl.jpg,http://media.lanecrawford.com.cn/A/Q/I/AQI526_2_xl.jpg,http://media.lanecrawford.com.cn/A/Q/I/AQI526_ro_xl.jpg", "unique_id": "32343711ab994283ae94fedb6cf8dd1d", "trending_score": "0.0", "price": 10200.0, "discounted_price": 10200.0, "currency": "RMB", "product_code": "AQI526", "affinity_score": 0.0, "brand": "CHLO\u00c3\u0089", "store": "v_lane_crawford", "streamoid_urls": null}, {"title": "'Valery' ring handle micro leather envelope belt bag", "gender": "women", "category": "bags", "color": "multicolor orange orange orange orange orange orange white white white", "product_url": "https://www.lanecrawford.com/pdp/BKJ911", "thumbnail_url": ["http://d1q9qhpdr6ehzh.cloudfront.net/1c818db88ec67cf17c3e397f62112237"], "chatbot_image": "http://media.lanecrawford.com/B/K/J/BKJ911_in_xl.jpg,http://media.lanecrawford.com/B/K/J/BKJ911_fr_xl.jpg,http://media.lanecrawford.com/B/K/J/BKJ911_bk_xl.jpg,http://media.lanecrawford.com/B/K/J/BKJ911_1_xl.jpg,http://media.lanecrawford.com/B/K/J/BKJ911_2_xl.jpg,http://media.lanecrawford.com/B/K/J/BKJ911_ro_xl.jpg", "unique_id": "451e154dc1d1407182500d968492a430", "trending_score": "0.0", "price": 3300.0, "discounted_price": 3300.0, "currency": "HKD", "product_code": "BKJ911", "affinity_score": 0.0, "brand": "COMPL\u00c3\u0089T", "store": "v_lane_crawford", "streamoid_urls": null}, {"title": "'East/West Mini' leather crossbody bag", "gender": "women", "category": "bags", "color": "green green green green green green seaweed seaweed seaweed seaweed", "product_url": "https://www.lanecrawford.com/pdp/AOE996", "thumbnail_url": ["http://d1q9qhpdr6ehzh.cloudfront.net/1e6c668293787a91a93abe131fd2c1ac"], "chatbot_image": "http://media.lanecrawford.com/A/O/E/AOE996_in_xl.jpg,http://media.lanecrawford.com/A/O/E/AOE996_fr_xl.jpg,http://media.lanecrawford.com/A/O/E/AOE996_1_xl.jpg,http://media.lanecrawford.com/A/O/E/AOE996_2_xl.jpg", "unique_id": "0cd0b404a58246f4897bcbe105478532", "trending_score": "0.0", "price": 4600.0, "discounted_price": 4600.0, "currency": "HKD", "product_code": "AOE996", "affinity_score": 0.0, "brand": "STRATHBERRY", "store": "v_lane_crawford", "streamoid_urls": null}, {"title": "'Temp\u00c3\u00aate MM' ostrich leather satchel", "gender": "women", "category": "bags", "color": "rust rust rust rust rust rust white white white rust", "product_url": "https://www.lanecrawford.com/pdp/AQR262", "thumbnail_url": ["http://d1q9qhpdr6ehzh.cloudfront.net/f606e31ccd2b217a22031515f378aefc"], "chatbot_image": "http://media.lanecrawford.com/A/Q/R/AQR262_in_xl.jpg,http://media.lanecrawford.com/A/Q/R/AQR262_fr_xl.jpg,http://media.lanecrawford.com/A/Q/R/AQR262_1_xl.jpg,http://media.lanecrawford.com/A/Q/R/AQR262_2_xl.jpg,http://media.lanecrawford.com/A/Q/R/AQR262_ro_xl.jpg", "unique_id": "3ada6bc73172488dbbc11f4fc712de2e", "trending_score": "0.0", "price": 123300.0, "discounted_price": 123300.0, "currency": "HKD", "product_code": "AQR262", "affinity_score": 0.0, "brand": "DELVAUX", "store": "v_lane_crawford", "streamoid_urls": null}, {"title": "'Mini Karl Charm' leather bag", "gender": "women", "category": "bags", "color": "copper copper copper copper copper copper white white white tan", "product_url": "https://www.lanecrawford.com/pdp/AUK923", "thumbnail_url": ["http://d1q9qhpdr6ehzh.cloudfront.net/5c7551cd3671ee74ffe681684c71dd77"], "chatbot_image": "http://media.lanecrawford.com/A/U/K/AUK923_in_xl.jpg,http://media.lanecrawford.com/A/U/K/AUK923_fr_xl.jpg,http://media.lanecrawford.com/A/U/K/AUK923_bk_xl.jpg,http://media.lanecrawford.com/A/U/K/AUK923_1_xl.jpg,http://media.lanecrawford.com/A/U/K/AUK923_2_xl.jpg,http://media.lanecrawford.com/A/U/K/AUK923_ro_xl.jpg", "unique_id": "22472c5cc9484076a758021dfea310a9", "trending_score": "0.0", "price": 2150.0, "discounted_price": 2150.0, "currency": "HKD", "product_code": "AUK923", "affinity_score": 0.0, "brand": "BOYY", "store": "v_lane_crawford", "streamoid_urls": null}, {"title": "'East/West' colourblock leather crossbody bag", "gender": "women", "category": "bags", "color": "navy navy navy navy navy navy charcoal gray charcoal gray charcoal gray charcoal gray", "product_url": "https://www.lanecrawford.com.cn/pdp/ARW779", "thumbnail_url": ["http://d1q9qhpdr6ehzh.cloudfront.net/97ca549543b71df254c15bed0c0ede92"], "chatbot_image": "http://media.lanecrawford.com.cn/A/R/W/ARW779_in_xl.jpg,http://media.lanecrawford.com.cn/A/R/W/ARW779_fr_xl.jpg,http://media.lanecrawford.com.cn/A/R/W/ARW779_1_xl.jpg,http://media.lanecrawford.com.cn/A/R/W/ARW779_2_xl.jpg,http://media.lanecrawford.com.cn/A/R/W/ARW779_ro_xl.jpg", "unique_id": "26329f5a8bb047948915fcc43f4c13c5", "trending_score": "0.0", "price": 5800.0, "discounted_price": 5800.0, "currency": "RMB", "product_code": "ARW779", "affinity_score": 0.0, "brand": "STRATHBERRY", "store": "v_lane_crawford", "streamoid_urls": null}, {"title": "'The Strathberry Nano' colourblock leather tote", "gender": "women", "category": "bags", "color": "blue blue blue blue blue blue charcoal gray charcoal gray charcoal gray charcoal gray", "product_url": "https://www.lanecrawford.com.cn/pdp/ARW772", "thumbnail_url": ["http://d1q9qhpdr6ehzh.cloudfront.net/f7a4f52eb878a66cbd838bfc8c60be3a"], "chatbot_image": "http://media.lanecrawford.com.cn/A/R/W/ARW772_in_xl.jpg,http://media.lanecrawford.com.cn/A/R/W/ARW772_fr_xl.jpg,http://media.lanecrawford.com.cn/A/R/W/ARW772_1_xl.jpg,http://media.lanecrawford.com.cn/A/R/W/ARW772_2_xl.jpg,http://media.lanecrawford.com.cn/A/R/W/ARW772_ro_xl.jpg", "unique_id": "442452fbbcc1474b871b35303580532a", "trending_score": "0.0", "price": 3700.0, "discounted_price": 3700.0, "currency": "RMB", "product_code": "ARW772", "affinity_score": 0.0, "brand": "STRATHBERRY", "store": "v_lane_crawford", "streamoid_urls": null}, {"title": "Colorblock Twist-Lock Satchel", "gender": "women", "category": "bags", "color": "black black black black black black white white white white", "product_url": "https://www.forever21.in/p/colorblock-twist-lock-satchel-324008.html", "thumbnail_url": ["http://d1q9qhpdr6ehzh.cloudfront.net/07851f5e6f1bbbff93e4fa5bd2ecd068"], "chatbot_image": "https://forever21.imgix.net/img/app/product/3/324008-1521442-large.jpg,https://forever21.imgix.net/img/app/product/3/324008-1521443-large.jpg,https://forever21.imgix.net/img/app/product/3/324008-1521444-large.jpg,https://forever21.imgix.net/img/app/product/3/324008-1521445-large.jpg,https://forever21.imgix.net/img/app/product/3/324008-1521446-large.jpg,https://forever21.imgix.net/img/app/product/3/324008-1521441.jpg", "unique_id": "f13e9657767d48119f0b1fbc40350052", "trending_score": "0.0", "price": 1799.0, "discounted_price": 1799.0, "currency": "INR", "product_code": "324008", "affinity_score": 0.0, "brand": "forever21", "store": "v_forever21", "streamoid_urls": null}, {"title": "'Temp\u00c3\u00aate MM Metal Glam' leather satchel", "gender": "women", "category": "bags", "color": "off-white off-white off-white off-white off-white off-white off white off white off white off white", "product_url": "https://www.lanecrawford.com.cn/pdp/AOY252", "thumbnail_url": ["http://d1q9qhpdr6ehzh.cloudfront.net/74231535473c63804abe14cc2eeb7794"], "chatbot_image": "http://media.lanecrawford.com.cn/A/O/Y/AOY252_in_xl.jpg,http://media.lanecrawford.com.cn/A/O/Y/AOY252_fr_xl.jpg,http://media.lanecrawford.com.cn/A/O/Y/AOY252_1_xl.jpg,http://media.lanecrawford.com.cn/A/O/Y/AOY252_2_xl.jpg,http://media.lanecrawford.com.cn/A/O/Y/AOY252_3_xl.jpg,http://media.lanecrawford.com.cn/A/O/Y/AOY252_ro_xl.jpg", "unique_id": "4ba10e4695af41f487625e4ac76389d7", "trending_score": "0.0", "price": 51700.0, "discounted_price": 51700.0, "currency": "RMB", "product_code": "AOY252", "affinity_score": 0.0, "brand": "DELVAUX", "store": "v_lane_crawford", "streamoid_urls": null}, {"title": "Bags", "gender": "men", "category": "bags", "color": "lavender lavender lavender lavender lavender lavender hazelnut hazelnut hazelnut khaki", "product_url": "https://cdn.shopify.com/s/files/1/0960/2004/products/Cacala_Basic_Pestemal_Bag_White_Strap_Transformers_Purple_1200x.jpg?v=1532759441", "thumbnail_url": ["http://d1q9qhpdr6ehzh.cloudfront.net/a43262a9215fd5e9c02e541ca0e993db"], "chatbot_image": null, "unique_id": "cd13b80c2d77454ba7a6d7b9532ce6ab", "trending_score": "0.0", "price": 499.0, "discounted_price": 59.0, "currency": "INR", "product_code": "135", "affinity_score": 0.0, "brand": "def", "store": "v_demo_custom_1", "streamoid_urls": null}, {"title": "'Vanity XS' diagonal logo print round leather bag", "gender": "women", "category": "bags", "color": "charcoal-gray charcoal-gray charcoal-gray charcoal-gray charcoal-gray charcoal-gray charcoal gray charcoal gray charcoal gray charcoal gray", "product_url": "https://www.lanecrawford.com/pdp/BKL238", "thumbnail_url": ["http://d1q9qhpdr6ehzh.cloudfront.net/47c20b7b127e44d86a83629424a59e48"], "chatbot_image": "http://media.lanecrawford.com/B/K/L/BKL238_in_xl.jpg,http://media.lanecrawford.com/B/K/L/BKL238_fr_xl.jpg,http://media.lanecrawford.com/B/K/L/BKL238_1_xl.jpg,http://media.lanecrawford.com/B/K/L/BKL238_2_xl.jpg,http://media.lanecrawford.com/B/K/L/BKL238_ro_xl.jpg", "unique_id": "163d3690732e4cbba5cc9857366bd6fb", "trending_score": "0.0", "price": 10900.0, "discounted_price": 10900.0, "currency": "HKD", "product_code": "BKL238", "affinity_score": 0.0, "brand": "BALENCIAGA", "store": "v_lane_crawford", "streamoid_urls": null}, {"title": "Strass jewel leather crossbody bag", "gender": "women", "category": "bags", "color": "green green green green green green olive olive olive olive", "product_url": "https://www.lanecrawford.com/pdp/AUK307", "thumbnail_url": ["http://d1q9qhpdr6ehzh.cloudfront.net/8a43eaad5ae4035369a7e3aa47aec69f"], "chatbot_image": "http://media.lanecrawford.com/A/U/K/AUK307_in_xl.jpg,http://media.lanecrawford.com/A/U/K/AUK307_1_xl.jpg,http://media.lanecrawford.com/A/U/K/AUK307_2_xl.jpg,http://media.lanecrawford.com/A/U/K/AUK307_ro_xl.jpg", "unique_id": "043241aca7684793b4b285ebc8212752", "trending_score": "0.0", "price": 19400.0, "discounted_price": 11640.0, "currency": "HKD", "product_code": "AUK307", "affinity_score": 0.0, "brand": "ALEXANDER MCQUEEN", "store": "v_lane_crawford", "streamoid_urls": null}, {"title": "x FILA logo print mini faux leather bag", "gender": "men", "category": "bags", "color": "black black black black black black black black black black", "product_url": "https://www.lanecrawford.com.cn/pdp/ALW881", "thumbnail_url": ["http://d1q9qhpdr6ehzh.cloudfront.net/1257bc951f31bb88b22f737f0b7de33c"], "chatbot_image": "http://media.lanecrawford.com.cn/A/L/W/ALW881_in_xl.jpg,http://media.lanecrawford.com.cn/A/L/W/ALW881_1_xl.jpg,http://media.lanecrawford.com.cn/A/L/W/ALW881_2_xl.jpg", "unique_id": "4bf243bcbc6a4e38af60a4885c8a0738", "trending_score": "0.0", "price": 1350.0, "discounted_price": 675.0, "currency": "RMB", "product_code": "ALW881", "affinity_score": 0.0, "brand": "D-ANTIDOTE", "store": "v_lane_crawford", "streamoid_urls": null}, {"title": "'Masubi' knot side micro leather shoulder bag", "gender": "women", "category": "bags", "color": "yellow yellow yellow yellow yellow yellow cream cream cream white", "product_url": "https://www.lanecrawford.com/pdp/AWL803", "thumbnail_url": ["http://d1q9qhpdr6ehzh.cloudfront.net/5752309e6fea61f9989fbd11f2fcc598"], "chatbot_image": "http://media.lanecrawford.com/A/W/L/AWL803_in_xl.jpg,http://media.lanecrawford.com/A/W/L/AWL803_1_xl.jpg,http://media.lanecrawford.com/A/W/L/AWL803_2_xl.jpg,http://media.lanecrawford.com/A/W/L/AWL803_ro_xl.jpg", "unique_id": "3fc487b17b364267813b8007722ef883", "trending_score": "0.0", "price": 6000.0, "discounted_price": 6000.0, "currency": "HKD", "product_code": "AWL803", "affinity_score": 0.0, "brand": "ACNE STUDIOS", "store": "v_lane_crawford", "streamoid_urls": null}, {"title": "'Petal Pure' colourblock leather bag", "gender": "women", "category": "bags", "color": "dark-brown dark-brown dark-brown dark-brown dark-brown dark-brown chocolate chocolate chocolate chocolate", "product_url": "https://www.lanecrawford.com/pdp/ALV943", "thumbnail_url": ["http://d1q9qhpdr6ehzh.cloudfront.net/dfcb2b7465ac2f52dab5bbb69f63834e"], "chatbot_image": "http://media.lanecrawford.com/A/L/V/ALV943_in_xl.jpg,http://media.lanecrawford.com/A/L/V/ALV943_1_xl.jpg,http://media.lanecrawford.com/A/L/V/ALV943_2_xl.jpg,http://media.lanecrawford.com/A/L/V/ALV943_ro_xl.jpg", "unique_id": "4cd3e2117cfa4e58848203f17ea1b65b", "trending_score": "0.0", "price": 4890.0, "discounted_price": 4890.0, "currency": "HKD", "product_code": "ALV943", "affinity_score": 0.0, "brand": "A-ESQUE", "store": "v_lane_crawford", "streamoid_urls": null}, {"title": "'EAST/WEST' CROSSBODY BAG", "gender": "women", "category": "bags", "color": "off-white off-white off-white off-white off-white off-white pearl pearl pearl pearl", "product_url": "https://www.lanecrawford.com/pdp/BKL447", "thumbnail_url": ["http://d1q9qhpdr6ehzh.cloudfront.net/397f823f70e2f55c1459b0a52ed32494"], "chatbot_image": "http://media.lanecrawford.com/B/K/L/BKL447_in_xl.jpg,http://media.lanecrawford.com/B/K/L/BKL447_fr_xl.jpg,http://media.lanecrawford.com/B/K/L/BKL447_1_xl.jpg,http://media.lanecrawford.com/B/K/L/BKL447_2_xl.jpg,http://media.lanecrawford.com/B/K/L/BKL447_ro_xl.jpg", "unique_id": "00d9fe1e702b4598b1955582ec57b6a5", "trending_score": "0.0", "price": 6000.0, "discounted_price": 6000.0, "currency": "HKD", "product_code": "BKL447", "affinity_score": 0.0, "brand": "STRATHBERRY", "store": "v_lane_crawford", "streamoid_urls": null}, {"title": "'Ville Day XS' logo print grainy leather crossbody bag", "gender": "women", "category": "bags", "color": "gray gray gray gray gray gray charcoal gray charcoal gray charcoal gray charcoal gray", "product_url": "https://www.lanecrawford.com.cn/pdp/AOJ758", "thumbnail_url": ["http://d1q9qhpdr6ehzh.cloudfront.net/5544abab0ac501110466ff4e3077418b"], "chatbot_image": "http://media.lanecrawford.com.cn/A/O/J/AOJ758_in_xl.jpg,http://media.lanecrawford.com.cn/A/O/J/AOJ758_fr_xl.jpg,http://media.lanecrawford.com.cn/A/O/J/AOJ758_1_xl.jpg,http://media.lanecrawford.com.cn/A/O/J/AOJ758_2_xl.jpg,http://media.lanecrawford.com.cn/A/O/J/AOJ758_ro_xl.jpg", "unique_id": "2ad26ed66a97498fbe6a9f7b4959b49d", "trending_score": "0.0", "price": 10300.0, "discounted_price": 7210.0, "currency": "RMB", "product_code": "AOJ758", "affinity_score": 0.0, "brand": "BALENCIAGA", "store": "v_lane_crawford", "streamoid_urls": null}, {"title": "'Faye' suede flap leather chain wallet", "gender": "women", "category": "bags", "color": "orange orange orange orange orange orange chocolate chocolate chocolate orange", "product_url": "https://www.lanecrawford.com/pdp/AUH467", "thumbnail_url": ["http://d1q9qhpdr6ehzh.cloudfront.net/340e463a85c66cf788164fb100edf89e"], "chatbot_image": "http://media.lanecrawford.com/A/U/H/AUH467_in_xl.jpg,http://media.lanecrawford.com/A/U/H/AUH467_fr_xl.jpg,http://media.lanecrawford.com/A/U/H/AUH467_1_xl.jpg,http://media.lanecrawford.com/A/U/H/AUH467_2_xl.jpg,http://media.lanecrawford.com/A/U/H/AUH467_ro_xl.jpg", "unique_id": "11a44e83b22f4954964039b1867af47b", "trending_score": "0.0", "price": 5900.0, "discounted_price": 5900.0, "currency": "HKD", "product_code": "AUH467", "affinity_score": 0.0, "brand": "CHLO\u00c3\u0089", "store": "v_lane_crawford", "streamoid_urls": null}, {"title": "'XS Johnny' mini hexagonal croc-embossed leather bag", "gender": "women", "category": "bags", "color": "multicolor light-blue light-blue light-blue light-blue light-blue light-blue white white white", "product_url": "https://www.lanecrawford.com/pdp/ARY408", "thumbnail_url": ["http://d1q9qhpdr6ehzh.cloudfront.net/ae24cffbb2e655fb6c89c3952dcb8883"], "chatbot_image": "http://media.lanecrawford.com/A/R/Y/ARY408_in_xl.jpg,http://media.lanecrawford.com/A/R/Y/ARY408_fr_xl.jpg,http://media.lanecrawford.com/A/R/Y/ARY408_1_xl.jpg,http://media.lanecrawford.com/A/R/Y/ARY408_2_xl.jpg,http://media.lanecrawford.com/A/R/Y/ARY408_ro_xl.jpg", "unique_id": "2fd2093d1a124b509d9514d70102d802", "trending_score": "0.0", "price": 2900.0, "discounted_price": 2030.0, "currency": "HKD", "product_code": "ARY408", "affinity_score": 0.0, "brand": "DANSE LENTE", "store": "v_lane_crawford", "streamoid_urls": null}, {"title": "'The Round Trunk' in stripe lizardskin leather", "gender": "women", "category": "bags", "color": "brown brown brown brown brown brown khaki khaki khaki tan", "product_url": "https://www.lanecrawford.com/pdp/ARV048", "thumbnail_url": ["http://d1q9qhpdr6ehzh.cloudfront.net/ca20a5597a0001fb917706ad846b2972"], "chatbot_image": "http://media.lanecrawford.com/A/R/V/ARV048_in_xl.jpg,http://media.lanecrawford.com/A/R/V/ARV048_1_xl.jpg,http://media.lanecrawford.com/A/R/V/ARV048_2_xl.jpg,http://media.lanecrawford.com/A/R/V/ARV048_ro_xl.jpg", "unique_id": "4501dd924254439ca7f37ffb658419b3", "trending_score": "0.0", "price": 7990.0, "discounted_price": 3196.0, "currency": "HKD", "product_code": "ARV048", "affinity_score": 0.0, "brand": "HUNTING SEASON", "store": "v_lane_crawford", "streamoid_urls": null}, {"title": "Logo print leather tote", "gender": "women", "category": "bags", "color": "off-white off-white off-white off-white off-white off-white light gray light gray light gray light gray", "product_url": "https://www.lanecrawford.com.cn/pdp/AUL170", "thumbnail_url": ["http://d1q9qhpdr6ehzh.cloudfront.net/7d9312b445d7d74dd88ef6cfc35dbddf"], "chatbot_image": "http://media.lanecrawford.com.cn/A/U/L/AUL170_in_xl.jpg,http://media.lanecrawford.com.cn/A/U/L/AUL170_fr_xl.jpg,http://media.lanecrawford.com.cn/A/U/L/AUL170_1_xl.jpg,http://media.lanecrawford.com.cn/A/U/L/AUL170_2_xl.jpg,http://media.lanecrawford.com.cn/A/U/L/AUL170_ro_xl.jpg", "unique_id": "412bc253ffe84306b6271dda34ab5bc4", "trending_score": "0.0", "price": 6600.0, "discounted_price": 6600.0, "currency": "RMB", "product_code": "AUL170", "affinity_score": 0.0, "brand": "BALENCIAGA", "store": "v_lane_crawford", "streamoid_urls": null}, {"title": "'Ophidia' monogram mini leather messenger bag", "gender": "men", "category": "bags", "color": "khaki khaki khaki khaki khaki khaki chocolate chocolate chocolate white", "product_url": "https://www.lanecrawford.com.cn/pdp/BAQ444", "thumbnail_url": ["http://d1q9qhpdr6ehzh.cloudfront.net/42453bea1a8e7b9c5884232d8fccb7f8"], "chatbot_image": "http://media.lanecrawford.com.cn/B/A/Q/BAQ444_in_xl.jpg,http://media.lanecrawford.com.cn/B/A/Q/BAQ444_1_xl.jpg,http://media.lanecrawford.com.cn/B/A/Q/BAQ444_2_xl.jpg,http://media.lanecrawford.com.cn/B/A/Q/BAQ444_ro_xl.jpg", "unique_id": "05c92219af804da1b110f8a0fc8b9fa4", "trending_score": "0.0", "price": 6900.0, "discounted_price": 6900.0, "currency": "RMB", "product_code": "BAQ444", "affinity_score": 0.0, "brand": "GUCCI", "store": "v_lane_crawford", "streamoid_urls": null}, {"title": "'Madame Mini' chain colourblock leather crossbody bag", "gender": "women", "category": "bags", "color": "multicolor red red red red red red crimson red crimson red crimson red", "product_url": "https://www.lanecrawford.com.cn/pdp/AOY323", "thumbnail_url": ["http://d1q9qhpdr6ehzh.cloudfront.net/a8dbf93d3ef57df468d9073aedfd1291"], "chatbot_image": "http://media.lanecrawford.com.cn/A/O/Y/AOY323_in_xl.jpg,http://media.lanecrawford.com.cn/A/O/Y/AOY323_fr_xl.jpg,http://media.lanecrawford.com.cn/A/O/Y/AOY323_1_xl.jpg,http://media.lanecrawford.com.cn/A/O/Y/AOY323_2_xl.jpg,http://media.lanecrawford.com.cn/A/O/Y/AOY323_ro_xl.jpg", "unique_id": "184c554db4fa4edba5b773f24fb08c3d", "trending_score": "0.0", "price": 23300.0, "discounted_price": 23300.0, "currency": "RMB", "product_code": "AOY323", "affinity_score": 0.0, "brand": "DELVAUX", "store": "v_lane_crawford", "streamoid_urls": null}, {"title": "'Abylock' lizard embossed leather handle bag", "gender": "women", "category": "bags", "color": "rust rust rust rust rust rust white white white chocolate", "product_url": "https://www.lanecrawford.com/pdp/AUH449", "thumbnail_url": ["http://d1q9qhpdr6ehzh.cloudfront.net/16d423df9fa5763145f4ce3520db39f5"], "chatbot_image": "http://media.lanecrawford.com/A/U/H/AUH449_in_xl.jpg,http://media.lanecrawford.com/A/U/H/AUH449_fr_xl.jpg,http://media.lanecrawford.com/A/U/H/AUH449_1_xl.jpg,http://media.lanecrawford.com/A/U/H/AUH449_2_xl.jpg,http://media.lanecrawford.com/A/U/H/AUH449_ro_xl.jpg", "unique_id": "3b18c2b44d1d4b659351b167fb4b8f81", "trending_score": "0.0", "price": 13400.0, "discounted_price": 13400.0, "currency": "HKD", "product_code": "AUH449", "affinity_score": 0.0, "brand": "CHLO\u00c3\u0089", "store": "v_lane_crawford", "streamoid_urls": null}, {"title": "'The Round Trunk' stripe leather shoulder bag", "gender": "women", "category": "bags", "color": "rust rust rust rust rust rust charcoal gray charcoal gray charcoal gray", "product_url": "https://www.lanecrawford.com/pdp/AVL594", "thumbnail_url": ["http://d1q9qhpdr6ehzh.cloudfront.net/23645f1cbf3b0117acbc8b1ae830e4bd"], "chatbot_image": "http://media.lanecrawford.com/A/V/L/AVL594_in_xl.jpg,http://media.lanecrawford.com/A/V/L/AVL594_1_xl.jpg,http://media.lanecrawford.com/A/V/L/AVL594_2_xl.jpg,http://media.lanecrawford.com/A/V/L/AVL594_ro_xl.jpg", "unique_id": "4ef737818a204f97bdf55db19f111c08", "trending_score": "0.0", "price": 5750.0, "discounted_price": 5750.0, "currency": "HKD", "product_code": "AVL594", "affinity_score": 0.0, "brand": "HUNTING SEASON", "store": "v_lane_crawford", "streamoid_urls": null}, {"title": "'East/West' pouch", "gender": "women", "category": "bags", "color": "off-white off-white off-white off-white off-white off-white pearl pearl pearl pearl", "product_url": "https://www.lanecrawford.com/pdp/AVL112", "thumbnail_url": ["http://d1q9qhpdr6ehzh.cloudfront.net/8b20f42f5d8b62646581e5f207e25ede"], "chatbot_image": "http://media.lanecrawford.com/A/V/L/AVL112_in_xl.jpg,http://media.lanecrawford.com/A/V/L/AVL112_fr_xl.jpg,http://media.lanecrawford.com/A/V/L/AVL112_1_xl.jpg,http://media.lanecrawford.com/A/V/L/AVL112_2_xl.jpg,http://media.lanecrawford.com/A/V/L/AVL112_ro_xl.jpg", "unique_id": "1f524f238e324ad19cac39e53f6bc68a", "trending_score": "0.0", "price": 3200.0, "discounted_price": 3200.0, "currency": "HKD", "product_code": "AVL112", "affinity_score": 0.0, "brand": "STRATHBERRY", "store": "v_lane_crawford", "streamoid_urls": null}, {"title": "'East West Mini' leather crossbody bag", "gender": "women", "category": "bags", "color": "green green green green green green pale mint pale mint pale mint pale mint", "product_url": "https://www.lanecrawford.com/pdp/BKL446", "thumbnail_url": ["http://d1q9qhpdr6ehzh.cloudfront.net/4dc17f39e41a2710eb6c6f421d2f914e"], "chatbot_image": "http://media.lanecrawford.com/B/K/L/BKL446_in_xl.jpg,http://media.lanecrawford.com/B/K/L/BKL446_fr_xl.jpg,http://media.lanecrawford.com/B/K/L/BKL446_1_xl.jpg,http://media.lanecrawford.com/B/K/L/BKL446_2_xl.jpg,http://media.lanecrawford.com/B/K/L/BKL446_ro_xl.jpg", "unique_id": "04f202e144cc432a8fb013fdef11be30", "trending_score": "0.0", "price": 4600.0, "discounted_price": 4600.0, "currency": "HKD", "product_code": "BKL446", "affinity_score": 0.0, "brand": "STRATHBERRY", "store": "v_lane_crawford", "streamoid_urls": null}, {"title": "'The Mini Copenhagen' croc embossed leather crossbody bag", "gender": "women", "category": "bags", "color": "copper copper copper copper copper copper white white white white", "product_url": "https://www.lanecrawford.com/pdp/AWK971", "thumbnail_url": ["http://d1q9qhpdr6ehzh.cloudfront.net/37a6a1f69c33f7f3858a378691cd36b1"], "chatbot_image": "http://media.lanecrawford.com/A/W/K/AWK971_in_xl.jpg,http://media.lanecrawford.com/A/W/K/AWK971_1_xl.jpg,http://media.lanecrawford.com/A/W/K/AWK971_2_xl.jpg,http://media.lanecrawford.com/A/W/K/AWK971_ro_xl.jpg", "unique_id": "384bdfc9d78442b59f6f4ecc024bd44f", "trending_score": "0.0", "price": 3300.0, "discounted_price": 3300.0, "currency": "HKD", "product_code": "AWK971", "affinity_score": 0.0, "brand": "DEMELLIER", "store": "v_lane_crawford", "streamoid_urls": null}, {"title": "GG Marmont 2.0' round crossbody leather bag", "gender": "women", "category": "bags", "color": "maroon maroon maroon maroon maroon maroon white white white white", "product_url": "https://www.lanecrawford.com/pdp/AWG606", "thumbnail_url": ["http://d1q9qhpdr6ehzh.cloudfront.net/00658fd9950119524d6f75f037e859aa"], "chatbot_image": "http://media.lanecrawford.com/A/W/G/AWG606_in_xl.jpg,http://media.lanecrawford.com/A/W/G/AWG606_1_xl.jpg,http://media.lanecrawford.com/A/W/G/AWG606_2_xl.jpg,http://media.lanecrawford.com/A/W/G/AWG606_ro_xl.jpg", "unique_id": "42d45abe65774336817f44cef0060614", "trending_score": "0.0", "price": 10100.0, "discounted_price": 10100.0, "currency": "HKD", "product_code": "AWG606", "affinity_score": 0.0, "brand": "GUCCI", "store": "v_lane_crawford", "streamoid_urls": null}, {"title": "Faux Leather Crossbody Envelope Bag", "gender": "women", "category": "bags", "color": "mustard mustard mustard mustard mustard mustard white white white white", "product_url": "https://www.forever21.in/p/faux-leather-crossbody-envelope-bag-323568.html", "thumbnail_url": ["http://d1q9qhpdr6ehzh.cloudfront.net/23d777da4400486cc2c0bea93bf9348e"], "chatbot_image": "https://forever21.imgix.net/img/app/product/3/323568-1615855-large.jpg,https://forever21.imgix.net/img/app/product/3/323568-1615856-large.jpg,https://forever21.imgix.net/img/app/product/3/323568-1615857-large.jpg,https://forever21.imgix.net/img/app/product/3/323568-1615858-large.jpg,https://forever21.imgix.net/img/app/product/3/323568-1615859-large.jpg,https://forever21.imgix.net/img/app/product/3/323568-1615854.jpg", "unique_id": "9ec5629292444ea094b2ca75d1b1eefd", "trending_score": "0.0", "price": 1299.0, "discounted_price": 1299.0, "currency": "INR", "product_code": "323568", "affinity_score": 0.0, "brand": "forever21", "store": "v_forever21", "streamoid_urls": null}, {"title": "'Gate' colourblock knotted belt leather mini bag", "gender": "women", "category": "bags", "color": "blue blue blue blue blue blue cyan cyan cyan cyan", "product_url": "https://www.lanecrawford.com/pdp/AVL007", "thumbnail_url": ["http://d1q9qhpdr6ehzh.cloudfront.net/81f5243ade2fa68253fc9effcb42d92e"], "chatbot_image": "http://media.lanecrawford.com/A/V/L/AVL007_in_xl.jpg,http://media.lanecrawford.com/A/V/L/AVL007_1_xl.jpg,http://media.lanecrawford.com/A/V/L/AVL007_2_xl.jpg,http://media.lanecrawford.com/A/V/L/AVL007_ro_xl.jpg", "unique_id": "1b7e71d79efe403bb02bc6e122babf96", "trending_score": "0.0", "price": 10750.0, "discounted_price": 10750.0, "currency": "HKD", "product_code": "AVL007", "affinity_score": 0.0, "brand": "LOEWE", "store": "v_lane_crawford", "streamoid_urls": null}, {"title": "'The Round Trunk' in lizardskin leather", "gender": "women", "category": "bags", "color": "brown brown brown brown brown brown tan tan tan tan", "product_url": "https://www.lanecrawford.com/pdp/ARV047", "thumbnail_url": ["http://d1q9qhpdr6ehzh.cloudfront.net/02dd62b11b7415860bd99b0bcfea3af5"], "chatbot_image": "http://media.lanecrawford.com/A/R/V/ARV047_in_xl.jpg,http://media.lanecrawford.com/A/R/V/ARV047_1_xl.jpg,http://media.lanecrawford.com/A/R/V/ARV047_2_xl.jpg,http://media.lanecrawford.com/A/R/V/ARV047_ro_xl.jpg", "unique_id": "429c2abbc71c4b46bfef6942451236f2", "trending_score": "0.0", "price": 7990.0, "discounted_price": 3196.0, "currency": "HKD", "product_code": "ARV047", "affinity_score": 0.0, "brand": "HUNTING SEASON", "store": "v_lane_crawford", "streamoid_urls": null}, {"title": "Logo print leather tote", "gender": "women", "category": "bags", "color": "multicolor light-gray light-gray light-gray light-gray light-gray light-gray gray gray gray", "product_url": "https://www.lanecrawford.com/pdp/AUL179", "thumbnail_url": ["http://d1q9qhpdr6ehzh.cloudfront.net/134a12c605e7f97b7221455a4572cf33"], "chatbot_image": "http://media.lanecrawford.com/A/U/L/AUL179_in_xl.jpg,http://media.lanecrawford.com/A/U/L/AUL179_fr_xl.jpg,http://media.lanecrawford.com/A/U/L/AUL179_1_xl.jpg,http://media.lanecrawford.com/A/U/L/AUL179_2_xl.jpg,http://media.lanecrawford.com/A/U/L/AUL179_ro_xl.jpg", "unique_id": "52c32c37e0be4997b3fcb3cf0da2cc45", "trending_score": "0.0", "price": 6400.0, "discounted_price": 6400.0, "currency": "HKD", "product_code": "AUL179", "affinity_score": 0.0, "brand": "BALENCIAGA", "store": "v_lane_crawford", "streamoid_urls": null}, {"title": "'Ophidia' mini logo Sylvia stripe round leather crossbody bag", "gender": "women", "category": "bags", "color": "off-white off-white off-white off-white off-white off-white white white white white", "product_url": "https://www.lanecrawford.com/pdp/ARQ315", "thumbnail_url": ["http://d1q9qhpdr6ehzh.cloudfront.net/feabacc2cfea63f084d8b6b617faf0bf"], "chatbot_image": "http://media.lanecrawford.com/A/R/Q/ARQ315_in_xl.jpg,http://media.lanecrawford.com/A/R/Q/ARQ315_1_xl.jpg,http://media.lanecrawford.com/A/R/Q/ARQ315_2_xl.jpg,http://media.lanecrawford.com/A/R/Q/ARQ315_ro_xl.jpg", "unique_id": "46a66ff350ed408992d10fb0e12c57b8", "trending_score": "0.0", "price": 14300.0, "discounted_price": 14300.0, "currency": "HKD", "product_code": "ARQ315", "affinity_score": 0.0, "brand": "GUCCI", "store": "v_lane_crawford", "streamoid_urls": null}, {"title": "'Ophidia' mini logo Web stripe round leather crossbody bag", "gender": "women", "category": "bags", "color": "maroon maroon maroon maroon maroon maroon chocolate chocolate chocolate chocolate", "product_url": "https://www.lanecrawford.com/pdp/ARQ309", "thumbnail_url": ["http://d1q9qhpdr6ehzh.cloudfront.net/613f27ce8364c12a36372410fbe7c6c7"], "chatbot_image": "http://media.lanecrawford.com/A/R/Q/ARQ309_in_xl.jpg,http://media.lanecrawford.com/A/R/Q/ARQ309_1_xl.jpg,http://media.lanecrawford.com/A/R/Q/ARQ309_2_xl.jpg,http://media.lanecrawford.com/A/R/Q/ARQ309_ro_xl.jpg", "unique_id": "145103e3d595415c9816a1929a4dfd52", "trending_score": "0.0", "price": 14300.0, "discounted_price": 14300.0, "currency": "HKD", "product_code": "ARQ309", "affinity_score": 0.0, "brand": "GUCCI", "store": "v_lane_crawford", "streamoid_urls": null}, {"title": "'Mini Mini Lady' leather shoulder bag", "gender": "women", "category": "bags", "color": "multicolor gray gray gray gray gray gray white white white", "product_url": "https://www.lanecrawford.com/pdp/ALW273", "thumbnail_url": ["http://d1q9qhpdr6ehzh.cloudfront.net/ba477db28595399d9fc02062ff5d77f2"], "chatbot_image": "http://media.lanecrawford.com/A/L/W/ALW273_in_xl.jpg,http://media.lanecrawford.com/A/L/W/ALW273_fr_xl.jpg,http://media.lanecrawford.com/A/L/W/ALW273_1_xl.jpg,http://media.lanecrawford.com/A/L/W/ALW273_2_xl.jpg,http://media.lanecrawford.com/A/L/W/ALW273_ro_xl.jpg", "unique_id": "41feb338749f4325b26c47196cfed607", "trending_score": "0.0", "price": 4700.0, "discounted_price": 4700.0, "currency": "HKD", "product_code": "ALW273", "affinity_score": 0.0, "brand": "MANSUR GAVRIEL", "store": "v_lane_crawford", "streamoid_urls": null}, {"title": "'Ville XXS' inland logo leather top handle bag", "gender": "women", "category": "bags", "color": "off-white off-white off-white off-white off-white off-white white white white white", "product_url": "https://www.lanecrawford.com/pdp/BKL278", "thumbnail_url": ["http://d1q9qhpdr6ehzh.cloudfront.net/999c6cfe313ee7818ce6af19a178db19"], "chatbot_image": "http://media.lanecrawford.com/B/K/L/BKL278_in_xl.jpg,http://media.lanecrawford.com/B/K/L/BKL278_fr_xl.jpg,http://media.lanecrawford.com/B/K/L/BKL278_1_xl.jpg,http://media.lanecrawford.com/B/K/L/BKL278_2_xl.jpg,http://media.lanecrawford.com/B/K/L/BKL278_ro_xl.jpg", "unique_id": "3612a40e73aa41328fe924f319418382", "trending_score": "0.0", "price": 12900.0, "discounted_price": 12900.0, "currency": "HKD", "product_code": "BKL278", "affinity_score": 0.0, "brand": "BALENCIAGA", "store": "v_lane_crawford", "streamoid_urls": null}, {"title": "Faux Suede Stitched Crossbody", "gender": "women", "category": "bags", "color": "yellow yellow yellow yellow yellow yellow black black black black", "product_url": "https://www.forever21.in/p/faux-suede-stitched-crossbody-324169.html", "thumbnail_url": ["http://d1q9qhpdr6ehzh.cloudfront.net/518b1c7fa5a8655f807b061f9f5330e9"], "chatbot_image": "https://forever21.imgix.net/img/app/product/3/324169-1613342-large.jpg,https://forever21.imgix.net/img/app/product/3/324169-1613343-large.jpg,https://forever21.imgix.net/img/app/product/3/324169-1613344-large.jpg,https://forever21.imgix.net/img/app/product/3/324169-1613345-large.jpg,https://forever21.imgix.net/img/app/product/3/324169-1613346-large.jpg,https://forever21.imgix.net/img/app/product/3/324169-1613341.jpg", "unique_id": "b80d5cdf3fcb405683200e6cbea337d8", "trending_score": "0.0", "price": 1549.0, "discounted_price": 720.0, "currency": "INR", "product_code": "324169", "affinity_score": 0.0, "brand": "forever21", "store": "v_forever21", "streamoid_urls": null}, {"title": "VALENTINO GARAVANI 'ROCKSTUD SPIKE' EMBROIDERED SMALL LEATHER SHOULDER BAG", "gender": "women", "category": "bags", "color": "charcoal-gray charcoal-gray charcoal-gray charcoal-gray charcoal-gray charcoal-gray charcoal gray charcoal gray charcoal gray charcoal gray", "product_url": "https://www.lanecrawford.com/pdp/AVL047", "thumbnail_url": ["http://d1q9qhpdr6ehzh.cloudfront.net/a10a6dc5e0807532bf21d8c9220f909e"], "chatbot_image": "http://media.lanecrawford.com/A/V/L/AVL047_in_xl.jpg,http://media.lanecrawford.com/A/V/L/AVL047_fr_xl.jpg,http://media.lanecrawford.com/A/V/L/AVL047_1_xl.jpg,http://media.lanecrawford.com/A/V/L/AVL047_2_xl.jpg,http://media.lanecrawford.com/A/V/L/AVL047_3_xl.jpg,http://media.lanecrawford.com/A/V/L/AVL047_ro_xl.jpg", "unique_id": "2cf049cd0c544a0591e13461a3101292", "trending_score": "0.0", "price": 29400.0, "discounted_price": 29400.0, "currency": "HKD", "product_code": "AVL047", "affinity_score": 0.0, "brand": "VALENTINO", "store": "v_lane_crawford", "streamoid_urls": null}, {"title": "'Rockstud Spike' medium logo print quilted leather crossbody bag", "gender": "women", "category": "bags", "color": "navy navy navy navy navy navy navy navy navy navy", "product_url": "https://www.lanecrawford.com.cn/pdp/ALR450", "thumbnail_url": ["http://d1q9qhpdr6ehzh.cloudfront.net/f3bb060c4d78e1c6b74c7be433e4008f"], "chatbot_image": "http://media.lanecrawford.com.cn/A/L/R/ALR450_in_xl.jpg,http://media.lanecrawford.com.cn/A/L/R/ALR450_fr_xl.jpg,http://media.lanecrawford.com.cn/A/L/R/ALR450_1_xl.jpg,http://media.lanecrawford.com.cn/A/L/R/ALR450_2_xl.jpg,http://media.lanecrawford.com.cn/A/L/R/ALR450_ro_xl.jpg", "unique_id": "1cb86ae366cc41129580460daa7abb55", "trending_score": "0.0", "price": 21100.0, "discounted_price": 21100.0, "currency": "RMB", "product_code": "ALR450", "affinity_score": 0.0, "brand": "VALENTINO", "store": "v_lane_crawford", "streamoid_urls": null}, {"title": "Skull embellished glitter chain shoulder bag", "gender": "women", "category": "bags", "color": "light-gray light-gray light-gray light-gray light-gray light-gray white white white white", "product_url": "https://www.lanecrawford.com/pdp/AUK306", "thumbnail_url": ["http://d1q9qhpdr6ehzh.cloudfront.net/5a528cb3c21aa48b343d4d4199e110b5"], "chatbot_image": "http://media.lanecrawford.com/A/U/K/AUK306_in_xl.jpg,http://media.lanecrawford.com/A/U/K/AUK306_fr_xl.jpg,http://media.lanecrawford.com/A/U/K/AUK306_1_xl.jpg,http://media.lanecrawford.com/A/U/K/AUK306_2_xl.jpg,http://media.lanecrawford.com/A/U/K/AUK306_ro_xl.jpg", "unique_id": "30096a864cb64b6bac2132ae8db0531c", "trending_score": "0.0", "price": 6900.0, "discounted_price": 6900.0, "currency": "HKD", "product_code": "AUK306", "affinity_score": 0.0, "brand": "ALEXANDER MCQUEEN", "store": "v_lane_crawford", "streamoid_urls": null}, {"title": "Stud flap mini leather crossbody bag", "gender": "women", "category": "bags", "color": "bronze bronze bronze bronze bronze bronze chocolate chocolate charcoal gray charcoal gray", "product_url": "https://www.lanecrawford.com/pdp/AUK309", "thumbnail_url": ["http://d1q9qhpdr6ehzh.cloudfront.net/48c14d923c0288818293db07458ca917"], "chatbot_image": "http://media.lanecrawford.com/A/U/K/AUK309_in_xl.jpg,http://media.lanecrawford.com/A/U/K/AUK309_1_xl.jpg,http://media.lanecrawford.com/A/U/K/AUK309_2_xl.jpg,http://media.lanecrawford.com/A/U/K/AUK309_ro_xl.jpg", "unique_id": "1b7b0639b955424794edc9fd004d4efc", "trending_score": "0.0", "price": 9900.0, "discounted_price": 9900.0, "currency": "HKD", "product_code": "AUK309", "affinity_score": 0.0, "brand": "ALEXANDER MCQUEEN", "store": "v_lane_crawford", "streamoid_urls": null}, {"title": "'Valery' ring handle micro croc embossed leather envelope belt bag", "gender": "women", "category": "bags", "color": "pink pink pink pink pink pink baby pink baby pink baby pink baby pink", "product_url": "https://www.lanecrawford.com/pdp/BKJ912", "thumbnail_url": ["http://d1q9qhpdr6ehzh.cloudfront.net/2f94249620097552428f4604d8db875d"], "chatbot_image": "http://media.lanecrawford.com/B/K/J/BKJ912_in_xl.jpg,http://media.lanecrawford.com/B/K/J/BKJ912_fr_xl.jpg,http://media.lanecrawford.com/B/K/J/BKJ912_bk_xl.jpg,http://media.lanecrawford.com/B/K/J/BKJ912_1_xl.jpg,http://media.lanecrawford.com/B/K/J/BKJ912_2_xl.jpg,http://media.lanecrawford.com/B/K/J/BKJ912_ro_xl.jpg", "unique_id": "19375141dd4e4b5089e511ffffc93da5", "trending_score": "0.0", "price": 3400.0, "discounted_price": 3400.0, "currency": "HKD", "product_code": "BKJ912", "affinity_score": 0.0, "brand": "COMPL\u00c3\u0089T", "store": "v_lane_crawford", "streamoid_urls": null}, {"title": "Flap Top Clutch", "gender": "women", "category": "bags", "color": "black black black black black black black black black black", "product_url": "https://www.forever21.in/p/flap-top-clutch-323680.html", "thumbnail_url": ["http://d1q9qhpdr6ehzh.cloudfront.net/fe7c56915e2658d7287d232f2df2faad"], "chatbot_image": "https://forever21.imgix.net/img/app/product/3/323680-1520419-large.jpg,https://forever21.imgix.net/img/app/product/3/323680-1520420-large.jpg,https://forever21.imgix.net/img/app/product/3/323680-1520421-large.jpg,https://forever21.imgix.net/img/app/product/3/323680-1520422-large.jpg,https://forever21.imgix.net/img/app/product/3/323680-1520423-large.jpg,https://forever21.imgix.net/img/app/product/3/323680-1520418.jpg", "unique_id": "68ea5c02371c4dd8abf43a9b4a541cc5", "trending_score": "0.0", "price": 1299.0, "discounted_price": 1299.0, "currency": "INR", "product_code": "323680", "affinity_score": 0.0, "brand": "forever21", "store": "v_forever21", "streamoid_urls": null}, {"title": "Valentino Garavani 'Rockstud Spike' small leather shoulder bag", "gender": "women", "category": "bags", "color": "off-white off-white off-white off-white off-white off-white beige beige beige beige", "product_url": "https://www.lanecrawford.com.cn/pdp/AQX849", "thumbnail_url": ["http://d1q9qhpdr6ehzh.cloudfront.net/25b070a2a9b25272d54be1d55287ee7d"], "chatbot_image": "http://media.lanecrawford.com.cn/A/Q/X/AQX849_in_xl.jpg,http://media.lanecrawford.com.cn/A/Q/X/AQX849_fr_xl.jpg,http://media.lanecrawford.com.cn/A/Q/X/AQX849_1_xl.jpg,http://media.lanecrawford.com.cn/A/Q/X/AQX849_2_xl.jpg,http://media.lanecrawford.com.cn/A/Q/X/AQX849_3_xl.jpg,http://media.lanecrawford.com.cn/A/Q/X/AQX849_ro_xl.jpg", "unique_id": "29954fcfa6d445839b48c6ee994645f4", "trending_score": "0.0", "price": 13500.0, "discounted_price": 13500.0, "currency": "RMB", "product_code": "AQX849", "affinity_score": 0.0, "brand": "VALENTINO", "store": "v_lane_crawford", "streamoid_urls": null}, {"title": "Skull stud mini leather bag", "gender": "women", "category": "bags", "color": "charcoal-gray charcoal-gray charcoal-gray charcoal-gray charcoal-gray charcoal-gray black black black black", "product_url": "https://www.lanecrawford.com.cn/pdp/AUK310", "thumbnail_url": ["http://d1q9qhpdr6ehzh.cloudfront.net/82bc926a9a64bb5dedb2f4e8e7b2e1d6"], "chatbot_image": "http://media.lanecrawford.com.cn/A/U/K/AUK310_in_xl.jpg,http://media.lanecrawford.com.cn/A/U/K/AUK310_fr_xl.jpg,http://media.lanecrawford.com.cn/A/U/K/AUK310_1_xl.jpg,http://media.lanecrawford.com.cn/A/U/K/AUK310_2_xl.jpg,http://media.lanecrawford.com.cn/A/U/K/AUK310_ro_xl.jpg", "unique_id": "10d56fc10cd447f9bb9008850aa07b61", "trending_score": "0.0", "price": 7700.0, "discounted_price": 4620.0, "currency": "RMB", "product_code": "AUK310", "affinity_score": 0.0, "brand": "ALEXANDER MCQUEEN", "store": "v_lane_crawford", "streamoid_urls": null}, {"title": "'The Small Jewelled Satchel' in leather with Swarovski crystal knuckle", "gender": "women", "category": "bags", "color": "charcoal-gray charcoal-gray charcoal-gray charcoal-gray charcoal-gray charcoal-gray charcoal gray charcoal gray charcoal gray charcoal gray", "product_url": "https://www.lanecrawford.com/pdp/ARE540", "thumbnail_url": ["http://d1q9qhpdr6ehzh.cloudfront.net/d1078ad9433228658c79e085b7ba71e2"], "chatbot_image": "http://media.lanecrawford.com/A/R/E/ARE540_in_xl.jpg,http://media.lanecrawford.com/A/R/E/ARE540_fr_xl.jpg,http://media.lanecrawford.com/A/R/E/ARE540_1_xl.jpg,http://media.lanecrawford.com/A/R/E/ARE540_2_xl.jpg,http://media.lanecrawford.com/A/R/E/ARE540_ro_xl.jpg", "unique_id": "5084f3b973ae4cfcac9442c4cde28d9c", "trending_score": "0.0", "price": 16500.0, "discounted_price": 16500.0, "currency": "HKD", "product_code": "ARE540", "affinity_score": 0.0, "brand": "ALEXANDER MCQUEEN", "store": "v_lane_crawford", "streamoid_urls": null}, {"title": "'Natalie' crystal embellished clutch", "gender": "women", "category": "bags", "color": "multicolor off-white off-white off-white off-white off-white off-white white white gray", "product_url": "https://www.lanecrawford.com/pdp/BKL718", "thumbnail_url": ["http://d1q9qhpdr6ehzh.cloudfront.net/af080ddaaeab46df43221c73688c4fa6"], "chatbot_image": "http://media.lanecrawford.com/B/K/L/BKL718_in_xl.jpg,http://media.lanecrawford.com/B/K/L/BKL718_fr_xl.jpg,http://media.lanecrawford.com/B/K/L/BKL718_1_xl.jpg,http://media.lanecrawford.com/B/K/L/BKL718_2_xl.jpg,http://media.lanecrawford.com/B/K/L/BKL718_ro_xl.jpg", "unique_id": "18193ee1411d41929346b3a734461673", "trending_score": "0.0", "price": 28500.0, "discounted_price": 28500.0, "currency": "HKD", "product_code": "BKL718", "affinity_score": 0.0, "brand": "JUDITH LEIBER", "store": "v_lane_crawford", "streamoid_urls": null}, {"title": "'Thiara' glass crystal tiger leather medium crossbody bag", "gender": "women", "category": "bags", "color": "charcoal-gray charcoal-gray charcoal-gray charcoal-gray charcoal-gray charcoal-gray white white white white", "product_url": "https://www.lanecrawford.com/pdp/AKE875", "thumbnail_url": ["http://d1q9qhpdr6ehzh.cloudfront.net/7ffb2b48a8ca99694515c469813af0e1"], "chatbot_image": "http://media.lanecrawford.com/A/K/E/AKE875_in_xl.jpg,http://media.lanecrawford.com/A/K/E/AKE875_fr_xl.jpg,http://media.lanecrawford.com/A/K/E/AKE875_1_xl.jpg,http://media.lanecrawford.com/A/K/E/AKE875_2_xl.jpg,http://media.lanecrawford.com/A/K/E/AKE875_ro_xl.jpg", "unique_id": "49ac79b04e864fb7a16d0d1413077e1c", "trending_score": "0.0", "price": 24000.0, "discounted_price": 24000.0, "currency": "HKD", "product_code": "AKE875", "affinity_score": 0.0, "brand": "GUCCI", "store": "v_lane_crawford", "streamoid_urls": null}, {"title": "'Cleo' slogan print top handle minaudi\u00c3\u00a8re", "gender": "women", "category": "bags", "color": "light-blue light-blue light-blue light-blue light-blue light-blue white white white white", "product_url": "https://www.lanecrawford.com.cn/pdp/ARR729", "thumbnail_url": ["http://d1q9qhpdr6ehzh.cloudfront.net/3e38875211e74bd3ced01b484d89e1ef"], "chatbot_image": "http://media.lanecrawford.com.cn/A/R/R/ARR729_in_xl.jpg,http://media.lanecrawford.com.cn/A/R/R/ARR729_fr_xl.jpg,http://media.lanecrawford.com.cn/A/R/R/ARR729_1_xl.jpg,http://media.lanecrawford.com.cn/A/R/R/ARR729_2_xl.jpg,http://media.lanecrawford.com.cn/A/R/R/ARR729_ro_xl.jpg", "unique_id": "1d6844bc267b4b6396b94766f5ef83dd", "trending_score": "0.0", "price": 3300.0, "discounted_price": 1320.0, "currency": "RMB", "product_code": "ARR729", "affinity_score": 0.0, "brand": "SOPHIA WEBSTER", "store": "v_lane_crawford", "streamoid_urls": null}, {"title": "Faux Leather Chevron Crossbody Bag", "gender": "women", "category": "bags", "color": "black black black black black black white white white white", "product_url": "https://www.forever21.in/p/faux-leather-chevron-crossbody-bag-323770.html", "thumbnail_url": ["http://d1q9qhpdr6ehzh.cloudfront.net/bc5db48973de71f3f4a52ad1153421fc"], "chatbot_image": "https://forever21.imgix.net/img/app/product/3/323770-1635833-large.jpg,https://forever21.imgix.net/img/app/product/3/323770-1635834-large.jpg,https://forever21.imgix.net/img/app/product/3/323770-1635835-large.jpg,https://forever21.imgix.net/img/app/product/3/323770-1635836-large.jpg,https://forever21.imgix.net/img/app/product/3/323770-1635832.jpg", "unique_id": "e2fa0c9746e149b6a6e4ca99ce876e47", "trending_score": "0.0", "price": 1099.0, "discounted_price": 1099.0, "currency": "INR", "product_code": "323770", "affinity_score": 0.0, "brand": "forever21", "store": "v_forever21", "streamoid_urls": null}, {"title": "'The small jewelled satchel' in croc embossed leather Swarovski crystal knuckle", "gender": "women", "category": "bags", "color": "multicolor silver silver silver silver silver silver white white silver", "product_url": "https://www.lanecrawford.com/pdp/AVO613", "thumbnail_url": ["http://d1q9qhpdr6ehzh.cloudfront.net/0b4515724a2f1040711b077e12e2294b"], "chatbot_image": "http://media.lanecrawford.com/A/V/O/AVO613_in_xl.jpg,http://media.lanecrawford.com/A/V/O/AVO613_1_xl.jpg,http://media.lanecrawford.com/A/V/O/AVO613_2_xl.jpg,http://media.lanecrawford.com/A/V/O/AVO613_ro_xl.jpg", "unique_id": "47d9a7e2de6142e3bb2352ddcc17b621", "trending_score": "0.0", "price": 17500.0, "discounted_price": 17500.0, "currency": "HKD", "product_code": "AVO613", "affinity_score": 0.0, "brand": "ALEXANDER MCQUEEN", "store": "v_lane_crawford", "streamoid_urls": null}, {"title": "Floral appliqu\u00c3\u00a9 crocodile leather crossbody clutch", "gender": "women", "category": "bags", "color": "multicolor nude nude nude nude nude nude peach peach khaki", "product_url": "https://www.lanecrawford.com/pdp/AQO565", "thumbnail_url": ["http://d1q9qhpdr6ehzh.cloudfront.net/b104913772cebe5d35478c0f4002721d"], "chatbot_image": "http://media.lanecrawford.com/A/Q/O/AQO565_in_xl.jpg,http://media.lanecrawford.com/A/Q/O/AQO565_fr_xl.jpg,http://media.lanecrawford.com/A/Q/O/AQO565_1_xl.jpg,http://media.lanecrawford.com/A/Q/O/AQO565_2_xl.jpg,http://media.lanecrawford.com/A/Q/O/AQO565_ro_xl.jpg", "unique_id": "5070b5e03cdb48bebca5a9d871c18f92", "trending_score": "0.0", "price": 28000.0, "discounted_price": 28000.0, "currency": "HKD", "product_code": "AQO565", "affinity_score": 0.0, "brand": "NANCY GONZALEZ", "store": "v_lane_crawford", "streamoid_urls": null}, {"title": "'Arli' GG logo suede crossbody bag", "gender": "women", "category": "bags", "color": "black black black black black black black black black black", "product_url": "https://www.lanecrawford.com/pdp/AOJ470", "thumbnail_url": ["http://d1q9qhpdr6ehzh.cloudfront.net/144a19b002c4bda27594810710a80f88"], "chatbot_image": "http://media.lanecrawford.com/A/O/J/AOJ470_in_xl.jpg,http://media.lanecrawford.com/A/O/J/AOJ470_1_xl.jpg,http://media.lanecrawford.com/A/O/J/AOJ470_2_xl.jpg,http://media.lanecrawford.com/A/O/J/AOJ470_ro_xl.jpg", "unique_id": "48c07f34839c4852a3fb5067e49f1e7e", "trending_score": "0.0", "price": 20500.0, "discounted_price": 20500.0, "currency": "HKD", "product_code": "AOJ470", "affinity_score": 0.0, "brand": "GUCCI", "store": "v_lane_crawford", "streamoid_urls": null}, {"title": "'GG Marmont' round matelass\u00c3\u00a9 leather crossbody bag", "gender": "women", "category": "bags", "color": "charcoal-gray charcoal-gray charcoal-gray charcoal-gray charcoal-gray charcoal-gray charcoal gray charcoal gray charcoal gray charcoal gray", "product_url": "https://www.lanecrawford.com/pdp/AOJ476", "thumbnail_url": ["http://d1q9qhpdr6ehzh.cloudfront.net/f3ff22d0fa96e7eec3f02ead738ed0b3"], "chatbot_image": "http://media.lanecrawford.com/A/O/J/AOJ476_in_xl.jpg,http://media.lanecrawford.com/A/O/J/AOJ476_1_xl.jpg,http://media.lanecrawford.com/A/O/J/AOJ476_2_xl.jpg,http://media.lanecrawford.com/A/O/J/AOJ476_ro_xl.jpg", "unique_id": "52dcb37092414541922c692299cd4d87", "trending_score": "0.0", "price": 10100.0, "discounted_price": 10100.0, "currency": "HKD", "product_code": "AOJ476", "affinity_score": 0.0, "brand": "GUCCI", "store": "v_lane_crawford", "streamoid_urls": null}, {"title": "'Cassandra' leather top handle bag", "gender": "women", "category": "bags", "color": "maroon maroon maroon maroon maroon maroon chocolate chocolate chocolate chocolate", "product_url": "https://www.lanecrawford.com/pdp/ARO573", "thumbnail_url": ["http://d1q9qhpdr6ehzh.cloudfront.net/32a0045ffe64d690d5cb6be621a5f398"], "chatbot_image": "http://media.lanecrawford.com/A/R/O/ARO573_in_xl.jpg,http://media.lanecrawford.com/A/R/O/ARO573_fr_xl.jpg,http://media.lanecrawford.com/A/R/O/ARO573_1_xl.jpg,http://media.lanecrawford.com/A/R/O/ARO573_2_xl.jpg,http://media.lanecrawford.com/A/R/O/ARO573_ro_xl.jpg", "unique_id": "1da5367d302847eea4ced94ae27586f3", "trending_score": "0.0", "price": 19100.0, "discounted_price": 19100.0, "currency": "HKD", "product_code": "ARO573", "affinity_score": 0.0, "brand": "SAINT LAURENT", "store": "v_lane_crawford", "streamoid_urls": null}, {"title": "'Stylist' leather clutch", "gender": "women", "category": "bags", "color": "black black black black black black charcoal gray charcoal gray charcoal gray charcoal gray", "product_url": "https://www.lanecrawford.com/pdp/ALW537", "thumbnail_url": ["http://d1q9qhpdr6ehzh.cloudfront.net/698879c25ca54aed5f83d63d147d81f5"], "chatbot_image": "http://media.lanecrawford.com/A/L/W/ALW537_in_xl.jpg,http://media.lanecrawford.com/A/L/W/ALW537_fr_xl.jpg,http://media.lanecrawford.com/A/L/W/ALW537_1_xl.jpg,http://media.lanecrawford.com/A/L/W/ALW537_2_xl.jpg", "unique_id": "4d703b82ca1643559efec31211d52928", "trending_score": "0.0", "price": 2800.0, "discounted_price": 2800.0, "currency": "HKD", "product_code": "ALW537", "affinity_score": 0.0, "brand": "STRATHBERRY", "store": "v_lane_crawford", "streamoid_urls": null}, {"title": "Croc embossed leather crossbody bag", "gender": "women", "category": "bags", "color": "black black black black black black white white white white", "product_url": "https://www.lanecrawford.com/pdp/AVO638", "thumbnail_url": ["http://d1q9qhpdr6ehzh.cloudfront.net/9fd57b82ade145af5dadd047fcc0abc8"], "chatbot_image": "http://media.lanecrawford.com/A/V/O/AVO638_in_xl.jpg,http://media.lanecrawford.com/A/V/O/AVO638_1_xl.jpg,http://media.lanecrawford.com/A/V/O/AVO638_2_xl.jpg,http://media.lanecrawford.com/A/V/O/AVO638_3_xl.jpg,http://media.lanecrawford.com/A/V/O/AVO638_ro_xl.jpg", "unique_id": "4625058e1e0c4c4a868f5a2dc2db5aab", "trending_score": "0.0", "price": 6900.0, "discounted_price": 6900.0, "currency": "HKD", "product_code": "AVO638", "affinity_score": 0.0, "brand": "ALEXANDER MCQUEEN", "store": "v_lane_crawford", "streamoid_urls": null}, {"title": "'TB' MONOGRAM CLASP MINI LEATHER CROSSBODY BAG", "gender": "women", "category": "bags", "color": "black black black black black black charcoal gray charcoal gray charcoal gray charcoal gray", "product_url": "https://www.lanecrawford.com/pdp/BKW845", "thumbnail_url": ["http://d1q9qhpdr6ehzh.cloudfront.net/d59961928729c4dcaa33c3983a3048d8"], "chatbot_image": "http://media.lanecrawford.com/B/K/W/BKW845_in_xl.jpg,http://media.lanecrawford.com/B/K/W/BKW845_1_xl.jpg,http://media.lanecrawford.com/B/K/W/BKW845_2_xl.jpg,http://media.lanecrawford.com/B/K/W/BKW845_ro_xl.jpg", "unique_id": "45ee352211d044d3acacf8c87f5bd55d", "trending_score": "0.0", "price": 11500.0, "discounted_price": 11500.0, "currency": "HKD", "product_code": "BKW845", "affinity_score": 0.0, "brand": "BURBERRY", "store": "v_lane_crawford", "streamoid_urls": null}, {"title": "Mini matelass\u00c3\u00a9 leather oval crossbody bag", "gender": "women", "category": "bags", "color": "nude nude nude nude nude nude peach peach peach peach", "product_url": "https://www.lanecrawford.com/pdp/ARX600", "thumbnail_url": ["http://d1q9qhpdr6ehzh.cloudfront.net/db52b1aca84a3475e7f0c1a9bf6300cf"], "chatbot_image": "http://media.lanecrawford.com/A/R/X/ARX600_in_xl.jpg,http://media.lanecrawford.com/A/R/X/ARX600_1_xl.jpg,http://media.lanecrawford.com/A/R/X/ARX600_2_xl.jpg,http://media.lanecrawford.com/A/R/X/ARX600_ro_xl.jpg", "unique_id": "5199d486cbf44e75a8c304380af772d7", "trending_score": "0.0", "price": 9850.0, "discounted_price": 9850.0, "currency": "HKD", "product_code": "ARX600", "affinity_score": 0.0, "brand": "MIU MIU", "store": "v_lane_crawford", "streamoid_urls": null}, {"title": "Matelass\u00c3\u00a9 leather small shoulder bag", "gender": "women", "category": "bags", "color": "silver silver silver silver silver silver beige beige khaki khaki", "product_url": "https://www.lanecrawford.com/pdp/AKO065", "thumbnail_url": ["http://d1q9qhpdr6ehzh.cloudfront.net/d6fcf821faf590330751ec99dc286c2c"], "chatbot_image": "http://media.lanecrawford.com/A/K/O/AKO065_in_xl.jpg,http://media.lanecrawford.com/A/K/O/AKO065_1_xl.jpg,http://media.lanecrawford.com/A/K/O/AKO065_2_xl.jpg,http://media.lanecrawford.com/A/K/O/AKO065_ro_xl.jpg", "unique_id": "0874668caa9443c29871523e7a314a90", "trending_score": "0.0", "price": 13200.0, "discounted_price": 13200.0, "currency": "HKD", "product_code": "AKO065", "affinity_score": 0.0, "brand": "GUCCI", "store": "v_lane_crawford", "streamoid_urls": null}, {"title": "'Alix' paperclip flap mini leather satchel", "gender": "women", "category": "bags", "color": "green green green green green green gray gray gray white", "product_url": "https://www.lanecrawford.com/pdp/ARK209", "thumbnail_url": ["http://d1q9qhpdr6ehzh.cloudfront.net/8a1e1d44e947e8955a3d5a6176204c38"], "chatbot_image": "http://media.lanecrawford.com/A/R/K/ARK209_in_xl.jpg,http://media.lanecrawford.com/A/R/K/ARK209_fr_xl.jpg,http://media.lanecrawford.com/A/R/K/ARK209_1_xl.jpg,http://media.lanecrawford.com/A/R/K/ARK209_2_xl.jpg,http://media.lanecrawford.com/A/R/K/ARK209_ro_xl.jpg", "unique_id": "27c806d065284256b9009ffe86e4dc88", "trending_score": "0.0", "price": 5990.0, "discounted_price": 3594.0, "currency": "HKD", "product_code": "ARK209", "affinity_score": 0.0, "brand": "3.1 PHILLIP LIM", "store": "v_lane_crawford", "streamoid_urls": null}, {"title": "'Puzzle' mini leather bag", "gender": "women", "category": "bags", "color": "charcoal-gray charcoal-gray charcoal-gray charcoal-gray charcoal-gray charcoal-gray charcoal gray charcoal gray charcoal gray charcoal gray", "product_url": "https://www.lanecrawford.com/pdp/ARJ710", "thumbnail_url": ["http://d1q9qhpdr6ehzh.cloudfront.net/0fd1d86c53002640cb7cf539eb009280"], "chatbot_image": "http://media.lanecrawford.com/A/R/J/ARJ710_in_xl.jpg,http://media.lanecrawford.com/A/R/J/ARJ710_fr_xl.jpg,http://media.lanecrawford.com/A/R/J/ARJ710_2_xl.jpg,http://media.lanecrawford.com/A/R/J/ARJ710_ro_xl.jpg", "unique_id": "2f69e90ee189411d9a333d33fb26e7af", "trending_score": "0.0", "price": 15350.0, "discounted_price": 15350.0, "currency": "HKD", "product_code": "ARJ710", "affinity_score": 0.0, "brand": "LOEWE", "store": "v_lane_crawford", "streamoid_urls": null}, {"title": "'Brillant Mini' leather satchel", "gender": "women", "category": "bags", "color": "beige beige beige beige beige beige beige beige beige white", "product_url": "https://www.lanecrawford.com/pdp/AOW707", "thumbnail_url": ["http://d1q9qhpdr6ehzh.cloudfront.net/b1be52a7a54ce19d94534b9f4e88bd82"], "chatbot_image": "http://media.lanecrawford.com/A/O/W/AOW707_in_xl.jpg,http://media.lanecrawford.com/A/O/W/AOW707_fr_xl.jpg,http://media.lanecrawford.com/A/O/W/AOW707_1_xl.jpg,http://media.lanecrawford.com/A/O/W/AOW707_2_xl.jpg,http://media.lanecrawford.com/A/O/W/AOW707_3_xl.jpg,http://media.lanecrawford.com/A/O/W/AOW707_ro_xl.jpg", "unique_id": "2734a5da8a9a4330b0e4154dbd0377ed", "trending_score": "0.0", "price": 39900.0, "discounted_price": 39900.0, "currency": "HKD", "product_code": "AOW707", "affinity_score": 0.0, "brand": "DELVAUX", "store": "v_lane_crawford", "streamoid_urls": null}, {"title": "'Puzzle' small bag", "gender": "women", "category": "bags", "color": "charcoal-gray charcoal-gray charcoal-gray charcoal-gray charcoal-gray charcoal-gray chocolate chocolate chocolate chocolate", "product_url": "https://www.lanecrawford.com/pdp/AVL004", "thumbnail_url": ["http://d1q9qhpdr6ehzh.cloudfront.net/ba3bc749cd25ddcdc88e816309ae01c4"], "chatbot_image": "http://media.lanecrawford.com/A/V/L/AVL004_in_xl.jpg,http://media.lanecrawford.com/A/V/L/AVL004_fr_xl.jpg,http://media.lanecrawford.com/A/V/L/AVL004_1_xl.jpg,http://media.lanecrawford.com/A/V/L/AVL004_2_xl.jpg,http://media.lanecrawford.com/A/V/L/AVL004_ro_xl.jpg", "unique_id": "056c08f99ecb4fce8e3753072a8acb95", "trending_score": "0.0", "price": 20250.0, "discounted_price": 20250.0, "currency": "HKD", "product_code": "AVL004", "affinity_score": 0.0, "brand": "LOEWE", "store": "v_lane_crawford", "streamoid_urls": null}, {"title": "'Phoebe Bis' colourblock asymmetric flap leather crossbody bag", "gender": "women", "category": "bags", "color": "rust rust rust rust rust rust rust rust rust white", "product_url": "https://www.lanecrawford.com/pdp/AQX407", "thumbnail_url": ["http://d1q9qhpdr6ehzh.cloudfront.net/91469764b95d6fdd86a83be4736dbf40"], "chatbot_image": "http://media.lanecrawford.com/A/Q/X/AQX407_in_xl.jpg,http://media.lanecrawford.com/A/Q/X/AQX407_fr_xl.jpg,http://media.lanecrawford.com/A/Q/X/AQX407_1_xl.jpg,http://media.lanecrawford.com/A/Q/X/AQX407_2_xl.jpg,http://media.lanecrawford.com/A/Q/X/AQX407_ro_xl.jpg", "unique_id": "31f65242ae274c5a9e32bac722ef0d27", "trending_score": "0.0", "price": 3700.0, "discounted_price": 2220.0, "currency": "HKD", "product_code": "AQX407", "affinity_score": 0.0, "brand": "DANSE LENTE", "store": "v_lane_crawford", "streamoid_urls": null}, {"title": "'Stylist' leather pouch", "gender": "women", "category": "bags", "color": "green green green green green green seaweed seaweed seaweed seaweed", "product_url": "https://www.lanecrawford.com/pdp/BKL444", "thumbnail_url": ["http://d1q9qhpdr6ehzh.cloudfront.net/79d8726b8e49265f7bf1e5965744b7ea"], "chatbot_image": "http://media.lanecrawford.com/B/K/L/BKL444_in_xl.jpg,http://media.lanecrawford.com/B/K/L/BKL444_fr_xl.jpg,http://media.lanecrawford.com/B/K/L/BKL444_bk_xl.jpg,http://media.lanecrawford.com/B/K/L/BKL444_1_xl.jpg,http://media.lanecrawford.com/B/K/L/BKL444_2_xl.jpg,http://media.lanecrawford.com/B/K/L/BKL444_ro_xl.jpg", "unique_id": "1440b2b1bb314e9987a67dc15453a478", "trending_score": "0.0", "price": 2800.0, "discounted_price": 2800.0, "currency": "HKD", "product_code": "BKL444", "affinity_score": 0.0, "brand": "STRATHBERRY", "store": "v_lane_crawford", "streamoid_urls": null}, {"title": "'Petal Pure' colourblock leather bag", "gender": "women", "category": "bags", "color": "charcoal-gray charcoal-gray charcoal-gray charcoal-gray charcoal-gray charcoal-gray charcoal gray charcoal gray charcoal gray charcoal gray", "product_url": "https://www.lanecrawford.com/pdp/ALV944", "thumbnail_url": ["http://d1q9qhpdr6ehzh.cloudfront.net/a3973b1f741d028a05eb339eaf4f6cf9"], "chatbot_image": "http://media.lanecrawford.com/A/L/V/ALV944_in_xl.jpg,http://media.lanecrawford.com/A/L/V/ALV944_1_xl.jpg,http://media.lanecrawford.com/A/L/V/ALV944_2_xl.jpg,http://media.lanecrawford.com/A/L/V/ALV944_ro_xl.jpg", "unique_id": "2ee781d1c8354fe5b3bd26f81c0c79a8", "trending_score": "0.0", "price": 4890.0, "discounted_price": 4890.0, "currency": "HKD", "product_code": "ALV944", "affinity_score": 0.0, "brand": "A-ESQUE", "store": "v_lane_crawford", "streamoid_urls": null}, {"title": "'Niki' crinkled leather chain wallet", "gender": "women", "category": "bags", "color": "maroon maroon maroon maroon maroon maroon chocolate chocolate chocolate chocolate", "product_url": "https://www.lanecrawford.com/pdp/ARO565", "thumbnail_url": ["http://d1q9qhpdr6ehzh.cloudfront.net/bece6b7373a2ca9d6a34d89be00bb34c"], "chatbot_image": "http://media.lanecrawford.com/A/R/O/ARO565_in_xl.jpg,http://media.lanecrawford.com/A/R/O/ARO565_1_xl.jpg,http://media.lanecrawford.com/A/R/O/ARO565_2_xl.jpg,http://media.lanecrawford.com/A/R/O/ARO565_ro_xl.jpg", "unique_id": "07a85c1c40e140eba4973e09cd8d9ab7", "trending_score": "0.0", "price": 11900.0, "discounted_price": 11900.0, "currency": "HKD", "product_code": "ARO565", "affinity_score": 0.0, "brand": "SAINT LAURENT", "store": "v_lane_crawford", "streamoid_urls": null}, {"title": "Croc embossed mini leather top handle tote", "gender": "women", "category": "bags", "color": "black black black black black black white white white white", "product_url": "https://www.lanecrawford.com.cn/pdp/ARU305", "thumbnail_url": ["http://d1q9qhpdr6ehzh.cloudfront.net/d630bb247158632987c773a187caa0ca"], "chatbot_image": "http://media.lanecrawford.com.cn/A/R/U/ARU305_in_xl.jpg,http://media.lanecrawford.com.cn/A/R/U/ARU305_fr_xl.jpg,http://media.lanecrawford.com.cn/A/R/U/ARU305_1_xl.jpg,http://media.lanecrawford.com.cn/A/R/U/ARU305_2_xl.jpg,http://media.lanecrawford.com.cn/A/R/U/ARU305_ro_xl.jpg", "unique_id": "46f0f3147cf14eb291602225f17e8b13", "trending_score": "0.0", "price": 3990.0, "discounted_price": 3990.0, "currency": "RMB", "product_code": "ARU305", "affinity_score": 0.0, "brand": "BY FAR", "store": "v_lane_crawford", "streamoid_urls": null}, {"title": "'The Betula Boat' leather crossbody bag", "gender": "women", "category": "bags", "color": "red red red red red red crimson red crimson red crimson red crimson red", "product_url": "https://www.lanecrawford.com/pdp/ARU633", "thumbnail_url": ["http://d1q9qhpdr6ehzh.cloudfront.net/380a5bf29931f2fde9df684d28915299"], "chatbot_image": "http://media.lanecrawford.com/A/R/U/ARU633_in_xl.jpg,http://media.lanecrawford.com/A/R/U/ARU633_fr_xl.jpg,http://media.lanecrawford.com/A/R/U/ARU633_1_xl.jpg,http://media.lanecrawford.com/A/R/U/ARU633_2_xl.jpg,http://media.lanecrawford.com/A/R/U/ARU633_ro_xl.jpg", "unique_id": "4fb6b43517d94b4597621c39cffec8fc", "trending_score": "0.0", "price": 4950.0, "discounted_price": 1980.0, "currency": "HKD", "product_code": "ARU633", "affinity_score": 0.0, "brand": "PANNYY", "store": "v_lane_crawford", "streamoid_urls": null}, {"title": "Valentino Garavani 'Rockstud Spike' small quilted leather shoulder bag", "gender": "women", "category": "bags", "color": "maroon maroon maroon maroon maroon maroon chocolate chocolate chocolate chocolate", "product_url": "https://www.lanecrawford.com.cn/pdp/AQX837", "thumbnail_url": ["http://d1q9qhpdr6ehzh.cloudfront.net/f729f87ecbfe3c043e558706bbff6ab5"], "chatbot_image": "http://media.lanecrawford.com.cn/A/Q/X/AQX837_in_xl.jpg,http://media.lanecrawford.com.cn/A/Q/X/AQX837_fr_xl.jpg,http://media.lanecrawford.com.cn/A/Q/X/AQX837_1_xl.jpg,http://media.lanecrawford.com.cn/A/Q/X/AQX837_2_xl.jpg,http://media.lanecrawford.com.cn/A/Q/X/AQX837_3_xl.jpg,http://media.lanecrawford.com.cn/A/Q/X/AQX837_ro_xl.jpg", "unique_id": "462e784894c64632a18c119196f799ac", "trending_score": "0.0", "price": 13500.0, "discounted_price": 13500.0, "currency": "RMB", "product_code": "AQX837", "affinity_score": 0.0, "brand": "VALENTINO", "store": "v_lane_crawford", "streamoid_urls": null}, {"title": "'Fizzoni' crystal pav\u00c3\u00a9 minaudi\u00c3\u00a8re", "gender": "women", "category": "bags", "color": "copper copper copper copper copper copper hazelnut hazelnut hazelnut hazelnut", "product_url": "https://www.lanecrawford.com/pdp/AJL028", "thumbnail_url": ["http://d1q9qhpdr6ehzh.cloudfront.net/0c4e8d0735d8f22167ced5edebb88ebf"], "chatbot_image": "http://media.lanecrawford.com/A/J/L/AJL028_in_xl.jpg,http://media.lanecrawford.com/A/J/L/AJL028_fr_xl.jpg,http://media.lanecrawford.com/A/J/L/AJL028_1_xl.jpg,http://media.lanecrawford.com/A/J/L/AJL028_2_xl.jpg,http://media.lanecrawford.com/A/J/L/AJL028_ro_xl.jpg", "unique_id": "10590117fa494ae08fe56b3f0a3189e2", "trending_score": "0.0", "price": 9900.0, "discounted_price": 9900.0, "currency": "HKD", "product_code": "AJL028", "affinity_score": 0.0, "brand": "JUDITH LEIBER", "store": "v_lane_crawford", "streamoid_urls": null}, {"title": "'Rockstud Spike' small quilted leather shoulder bag", "gender": "women", "category": "bags", "color": "maroon maroon maroon maroon maroon maroon crimson red crimson red crimson red crimson red", "product_url": "https://www.lanecrawford.com.cn/pdp/ALR443", "thumbnail_url": ["http://d1q9qhpdr6ehzh.cloudfront.net/da627173869c45d0fc921719a9e778c6"], "chatbot_image": "http://media.lanecrawford.com.cn/A/L/R/ALR443_in_xl.jpg,http://media.lanecrawford.com.cn/A/L/R/ALR443_fr_xl.jpg,http://media.lanecrawford.com.cn/A/L/R/ALR443_1_xl.jpg,http://media.lanecrawford.com.cn/A/L/R/ALR443_2_xl.jpg,http://media.lanecrawford.com.cn/A/L/R/ALR443_ro_xl.jpg", "unique_id": "3d5dc83189534afa9e433538c7073573", "trending_score": "0.0", "price": 13500.0, "discounted_price": 13500.0, "currency": "RMB", "product_code": "ALR443", "affinity_score": 0.0, "brand": "VALENTINO", "store": "v_lane_crawford", "streamoid_urls": null}, {"title": "VALENTINO GARAVANI 'ROCKSTUD SPIKE' SMALL LEATHER SHOULDER BAG", "gender": "women", "category": "bags", "color": "peach peach peach peach peach peach baby pink baby pink baby pink baby pink", "product_url": "https://www.lanecrawford.com/pdp/AVL053", "thumbnail_url": ["http://d1q9qhpdr6ehzh.cloudfront.net/3d8fb561f4013cd954ed834d2c4d6a85"], "chatbot_image": "http://media.lanecrawford.com/A/V/L/AVL053_in_xl.jpg,http://media.lanecrawford.com/A/V/L/AVL053_fr_xl.jpg,http://media.lanecrawford.com/A/V/L/AVL053_1_xl.jpg,http://media.lanecrawford.com/A/V/L/AVL053_2_xl.jpg,http://media.lanecrawford.com/A/V/L/AVL053_3_xl.jpg,http://media.lanecrawford.com/A/V/L/AVL053_ro_xl.jpg", "unique_id": "52349c20409647a596f3c292ecf4a8d2", "trending_score": "0.0", "price": 14400.0, "discounted_price": 14400.0, "currency": "HKD", "product_code": "AVL053", "affinity_score": 0.0, "brand": "VALENTINO", "store": "v_lane_crawford", "streamoid_urls": null}, {"title": "'Temp\u00c3\u00aate' mini pleated colourblock leather satchel", "gender": "women", "category": "bags", "color": "multicolor off-white off-white off-white off-white off-white off-white white white white", "product_url": "https://www.lanecrawford.com.cn/pdp/AUJ836", "thumbnail_url": ["http://d1q9qhpdr6ehzh.cloudfront.net/a80354c7ad38cc1b2336ebb258f1d67a"], "chatbot_image": "http://media.lanecrawford.com.cn/A/U/J/AUJ836_in_xl.jpg,http://media.lanecrawford.com.cn/A/U/J/AUJ836_fr_xl.jpg,http://media.lanecrawford.com.cn/A/U/J/AUJ836_1_xl.jpg,http://media.lanecrawford.com.cn/A/U/J/AUJ836_2_xl.jpg,http://media.lanecrawford.com.cn/A/U/J/AUJ836_ro_xl.jpg", "unique_id": "230e90dfa8904d5093270455fdcba7d4", "trending_score": "0.0", "price": 35800.0, "discounted_price": 35800.0, "currency": "RMB", "product_code": "AUJ836", "affinity_score": 0.0, "brand": "DELVAUX", "store": "v_lane_crawford", "streamoid_urls": null}], "debug": {"qrm": "", "query_without_qrm": "sling bags", "solr_query": "( ( ( (meta_type:\"crossbody\")^10 ) ) AND ( ( (meta_comprehensive_category:\"bags\") ) ) )^1 ", "graph": [[[{"type": ["crossbody^10"]}, {"category": ["bags"]}]]], "spell_corrected_query": "", "filter": [], "explicit_text": null, "fq": ["availability:1"]}, "numFound": 105, "facets": {"Bag Style": {}, "Ethnicity": {"western": 105}, "Fastening": {"unknown": 104, "none": 1}, "Material": {"leather": 80, "unknown": 7, "chain": 5, "suede": 5, "calfskin": 3, "crocodile": 2, "glass": 1, "metal": 1, "silver": 1}, "Print Type": {"solid": 68, "colour-block": 16, "graphic": 8, "other-geometric": 5, "other-stripes": 4, "conversational": 1, "houndstooth": 1, "other-graphic": 1, "stripes": 1}, "Treatment": {"ripped": 97, "unknown": 7, "quilted": 1}, "Type": {"crossbody": 105}, "Color": {"black": 15, "off-white": 13, "charcoal-gray": 10, "green": 6, "maroon": 6, "nude": 6, "light-blue": 4, "red": 4, "rust": 4, "beige": 3, "copper": 3, "navy": 3, "blue": 2, "brown": 2, "gray": 2, "khaki": 2, "light-gray": 2, "orange": 2, "peach": 2, "silver": 2, "white": 2, "yellow": 2, "bronze": 1, "cream": 1, "dark-brown": 1, "lavender": 1, "mustard": 1, "pink": 1, "tan": 1, "teal": 1}, "gender": {"women": 102, "men": 3}, "category": {"bags": 105}, "occasion type": {"elevated": 68, "party": 22, "everyday": 14, "beachwear": 1}, "Workindustry": {}, "Age": {}, "neck": {}, "arms": {}, "waist": {}, "stomach": {}, "shoulder": {}, "brand": {"ALEXANDER MCQUEEN": 11, "GUCCI": 11, "CHLO\u00c3\u0089": 9, "STRATHBERRY": 8, "VALENTINO": 7, "forever21": 7, "BALENCIAGA": 6, "DELVAUX": 6, "LOEWE": 5, "DANSE LENTE": 4, "HUNTING SEASON": 3, "A-ESQUE": 2, "BURBERRY": 2, "COMPL\u00c3\u0089T": 2, "DEMELLIER": 2, "JUDITH LEIBER": 2, "KARA": 2, "NANCY GONZALEZ": 2, "SAINT LAURENT": 2, "3.1 PHILLIP LIM": 1, "ACNE STUDIOS": 1, "BOYY": 1, "BY FAR": 1, "D-ANTIDOTE": 1, "JW ANDERSON": 1, "MANSUR GAVRIEL": 1, "MIU MIU": 1, "PANNYY": 1, "SOPHIA WEBSTER": 1, "WANDLER": 1, "def": 1}, "sub_brand": {"forever21": 7}, "Department": {"regular": 105}, "activity": {"clubbing": 90, "concert": 90, "cocktail-party": 87, "dinner-party": 87, "airport-look": 82, "leisure-holiday": 82, "high-street-look": 68, "anniversary": 65, "brunch": 65, "date-night": 65, "girls-night-out": 65, "social-outing": 65, "wedding": 22, "college-look": 14, "errands": 14, "hang-outs": 14, "unknown": 1}}, "isFashionQuery": true, "spell_corrected_query": "", "final_query": "", "message": ""}