{"products": [{"title": "jeans", "gender": "women", "category": "jeans", "color": "blue blue blue blue blue blue navy navy navy navy", "product_url": "https://shopify.com", "thumbnail_url": ["http://d1q9qhpdr6ehzh.cloudfront.net/thumbnail/3a3a860649cf74f6ee9927e69ab67fd6"], "chatbot_image": null, "unique_id": "15b9077b8adf4518a0718efd3215cb17", "trending_score": "0.0", "price": 100.0, "discounted_price": 0.0, "currency": "INR", "product_code": "5289", "affinity_score": 0.0, "brand": "yours clothing", "store": "v_website_demo", "streamoid_urls": null}, {"title": "jeans", "gender": "women", "category": "jeans", "color": "blue blue blue blue blue blue navy navy navy navy", "product_url": "https://akinoncdn.com", "thumbnail_url": ["http://d1q9qhpdr6ehzh.cloudfront.net/thumbnail/2a26d6e892191102cc4367a0c53e9a7d"], "chatbot_image": null, "unique_id": "ce7c6aec33e8498cb0752809e24db6d7", "trending_score": "0.0", "price": 100.0, "discounted_price": 0.0, "currency": "INR", "product_code": "5288", "affinity_score": 0.0, "brand": "yours clothing", "store": "v_website_demo", "streamoid_urls": null}, {"title": "jeans", "gender": "women", "category": "jeans", "color": "navy navy navy navy navy navy navy navy navy navy", "product_url": "https://i.pinimg.com", "thumbnail_url": ["http://d1q9qhpdr6ehzh.cloudfront.net/thumbnail/bb6bd0624092ee589f9eee350e6f093e"], "chatbot_image": null, "unique_id": "af1f36885c1a419889d66ecce17a1e86", "trending_score": "0.0", "price": 100.0, "discounted_price": 0.0, "currency": "INR", "product_code": "5290", "affinity_score": 0.0, "brand": "yours clothing", "store": "v_website_demo", "streamoid_urls": null}, {"title": "jeans", "gender": "women", "category": "jeans", "color": "light-gray light-gray light-gray light-gray light-gray light-gray navy navy navy navy", "product_url": "https://agorahttps://media.com", "thumbnail_url": ["http://d1q9qhpdr6ehzh.cloudfront.net/thumbnail/ccb2709a0bfd9688baa239ddc14cc06e"], "chatbot_image": null, "unique_id": "4b5ee082737643568d75b107ebe98d81", "trending_score": "0.0", "price": 100.0, "discounted_price": 0.0, "currency": "INR", "product_code": "5285", "affinity_score": 0.0, "brand": "yours clothing", "store": "v_website_demo", "streamoid_urls": null}, {"title": "jeans", "gender": "women", "category": "jeans", "color": "blue blue blue blue blue blue navy navy navy navy", "product_url": "https://cakematernity.com", "thumbnail_url": ["http://d1q9qhpdr6ehzh.cloudfront.net/thumbnail/f719b49db7d15e52d76a05f37f31ed62"], "chatbot_image": null, "unique_id": "0b748036e4ba441d847920304e002b46", "trending_score": "0.0", "price": 100.0, "discounted_price": 0.0, "currency": "INR", "product_code": "5287", "affinity_score": 0.0, "brand": "yours clothing", "store": "v_website_demo", "streamoid_urls": null}, {"title": "jeans", "gender": "women", "category": "jeans", "color": "navy navy navy navy navy navy navy navy navy navy", "product_url": "https://agorahttps://media.com", "thumbnail_url": ["http://d1q9qhpdr6ehzh.cloudfront.net/thumbnail/9def9f44b0e6d08ed3bf6273586efe57"], "chatbot_image": null, "unique_id": "f004d30e42b24126b858230effa6a37f", "trending_score": "0.0", "price": 100.0, "discounted_price": 0.0, "currency": "INR", "product_code": "6000", "affinity_score": 0.0, "brand": "yours clothing", "store": "v_website_demo", "streamoid_urls": null}, {"title": "jeans", "gender": "women", "category": "jeans", "color": "nude nude nude nude nude nude navy navy navy navy", "product_url": "https://i.pinimg.com", "thumbnail_url": ["http://d1q9qhpdr6ehzh.cloudfront.net/thumbnail/1c4aec44dc7a06a1cb3d636acdce666c"], "chatbot_image": null, "unique_id": "1d49e6ce1d9c45af910a2cba6bc8a37f", "trending_score": "0.0", "price": 100.0, "discounted_price": 0.0, "currency": "INR", "product_code": "5283", "affinity_score": 0.0, "brand": "yours clothing", "store": "v_website_demo", "streamoid_urls": null}, {"title": "jeans", "gender": "women", "category": "jeans", "color": "multicolor white white white white white white indigo indigo indigo", "product_url": "https://seraphine.co.in", "thumbnail_url": ["http://d1q9qhpdr6ehzh.cloudfront.net/thumbnail/cd87a2dd7c506df2e911c1ef8a6bad50"], "chatbot_image": null, "unique_id": "23b5921371e741e2b6cbc3d9c9381e4e", "trending_score": "0.0", "price": 100.0, "discounted_price": 0.0, "currency": "INR", "product_code": "5284", "affinity_score": 0.0, "brand": "yours clothing", "store": "v_website_demo", "streamoid_urls": null}, {"title": "jeans", "gender": "women", "category": "jeans", "color": "black black black black black black black black black black", "product_url": "https://yoursclothing.com", "thumbnail_url": ["http://d1q9qhpdr6ehzh.cloudfront.net/thumbnail/d7b5892581958b62c03583e41de5b6aa"], "chatbot_image": null, "unique_id": "c5403bf5e4544a7b8a36e7915fb0b40b", "trending_score": "0.0", "price": 100.0, "discounted_price": 0.0, "currency": "INR", "product_code": "6001", "affinity_score": 0.0, "brand": "yours clothing", "store": "v_website_demo", "streamoid_urls": null}, {"title": "jeans", "gender": "women", "category": "jeans", "color": "blue blue blue blue blue blue powder blue powder blue powder blue white", "product_url": "https://bonprix.https://scene7.com", "thumbnail_url": ["http://d1q9qhpdr6ehzh.cloudfront.net/thumbnail/0954de7ae9d49cae8861a4f0e3263300"], "chatbot_image": null, "unique_id": "1b0cd1df2d3a4177b9c57dcb42143beb", "trending_score": "0.0", "price": 100.0, "discounted_price": 0.0, "currency": "INR", "product_code": "5286", "affinity_score": 0.0, "brand": "yours clothing", "store": "v_website_demo", "streamoid_urls": null}, {"title": "jeans", "gender": "women", "category": "jeans", "color": "black black black black black black black black black black", "product_url": "https://nymag.com", "thumbnail_url": ["http://d1q9qhpdr6ehzh.cloudfront.net/thumbnail/8d00331486079cce8091b669140cbdc1"], "chatbot_image": null, "unique_id": "32c18722d777460dbb863b74c0d54a4b", "trending_score": "0.0", "price": 100.0, "discounted_price": 0.0, "currency": "INR", "product_code": "6126", "affinity_score": 0.0, "brand": "asos", "store": "v_website_demo", "streamoid_urls": null}, {"title": "jeans", "gender": "women", "category": "jeans", "color": "blue blue blue blue blue blue powder blue powder blue powder blue powder blue", "product_url": "https://target.https://scene7.com", "thumbnail_url": ["http://d1q9qhpdr6ehzh.cloudfront.net/thumbnail/866e93b89a64cd3d2e543b07320b333e"], "chatbot_image": null, "unique_id": "b52d59cdc4724da5b2782108320c1580", "trending_score": "0.0", "price": 100.0, "discounted_price": 0.0, "currency": "INR", "product_code": "6130", "affinity_score": 0.0, "brand": "asos", "store": "v_website_demo", "streamoid_urls": null}, {"title": "jeans", "gender": "women", "category": "jeans", "color": "blue blue blue blue blue blue navy navy navy navy", "product_url": "https://shopify.com", "thumbnail_url": ["http://d1q9qhpdr6ehzh.cloudfront.net/thumbnail/6763750d46ea4bc8610f58281a0a68b9"], "chatbot_image": null, "unique_id": "d715813d014b4a69982571de2bb2cc7c", "trending_score": "0.0", "price": 100.0, "discounted_price": 0.0, "currency": "INR", "product_code": "6127", "affinity_score": 0.0, "brand": "asos", "store": "v_website_demo", "streamoid_urls": null}, {"title": "jeans", "gender": "women", "category": "jeans", "color": "multicolor blue blue blue blue blue blue powder blue powder blue powder blue", "product_url": "https://media.glamour.com", "thumbnail_url": ["http://d1q9qhpdr6ehzh.cloudfront.net/thumbnail/f632fbc2de681be21a6b2fabdc312085"], "chatbot_image": null, "unique_id": "35af7685fe6249fcacbf0df69e14e179", "trending_score": "0.0", "price": 100.0, "discounted_price": 0.0, "currency": "INR", "product_code": "6123", "affinity_score": 0.0, "brand": "asos", "store": "v_website_demo", "streamoid_urls": null}, {"title": "jeans", "gender": "women", "category": "jeans", "color": "blue blue blue blue blue blue powder blue powder blue powder blue powder blue", "product_url": "https://nymag.com", "thumbnail_url": ["http://d1q9qhpdr6ehzh.cloudfront.net/thumbnail/75c4804bac45e0e3d8d5bec447ec1739"], "chatbot_image": null, "unique_id": "2c19295580634707a01b86c86ac0d639", "trending_score": "0.0", "price": 100.0, "discounted_price": 0.0, "currency": "INR", "product_code": "6124", "affinity_score": 0.0, "brand": "asos", "store": "v_website_demo", "streamoid_urls": null}, {"title": "jeans", "gender": "women", "category": "jeans", "color": "blue blue blue blue blue blue navy navy navy navy", "product_url": "https://windows.net", "thumbnail_url": ["http://d1q9qhpdr6ehzh.cloudfront.net/thumbnail/329eb14e9268dc2bae9f8bd93c9b4df5"], "chatbot_image": null, "unique_id": "1bbf5ce2a0904d009b1f15d93f8f0edb", "trending_score": "0.0", "price": 100.0, "discounted_price": 0.0, "currency": "INR", "product_code": "6125", "affinity_score": 0.0, "brand": "asos", "store": "v_website_demo", "streamoid_urls": null}, {"title": "jeans", "gender": "women", "category": "jeans", "color": "navy navy navy navy navy navy navy navy navy navy", "product_url": "https://nymag.com", "thumbnail_url": ["http://d1q9qhpdr6ehzh.cloudfront.net/thumbnail/9ec865321c00e04e47f03c8d295816b8"], "chatbot_image": null, "unique_id": "82f3b3f99baa4d25a2ac63e5a547906b", "trending_score": "0.0", "price": 100.0, "discounted_price": 0.0, "currency": "INR", "product_code": "6122", "affinity_score": 0.0, "brand": "asos", "store": "v_website_demo", "streamoid_urls": null}, {"title": "jeans", "gender": "women", "category": "jeans", "color": "navy navy navy navy navy navy navy navy navy navy", "product_url": "https://allonlinestore.in", "thumbnail_url": ["http://d1q9qhpdr6ehzh.cloudfront.net/thumbnail/36ba46a62c1af0df75fdf4d84f417201"], "chatbot_image": null, "unique_id": "b9176b8ad5814e49b2a366d0f5bbd1b8", "trending_score": "0.0", "price": 100.0, "discounted_price": 0.0, "currency": "INR", "product_code": "6128", "affinity_score": 0.0, "brand": "asos", "store": "v_website_demo", "streamoid_urls": null}, {"title": "jeans", "gender": "women", "category": "jeans", "color": "blue blue blue blue blue blue navy navy navy navy", "product_url": "https://nykaa.com", "thumbnail_url": ["http://d1q9qhpdr6ehzh.cloudfront.net/thumbnail/b97645f4ed45aa00811d471183e52eb3"], "chatbot_image": null, "unique_id": "8bafcd8cb37a434d892c2ddb8d7a8655", "trending_score": "0.0", "price": 100.0, "discounted_price": 0.0, "currency": "INR", "product_code": "6131", "affinity_score": 0.0, "brand": "asos", "store": "v_website_demo", "streamoid_urls": null}, {"title": "jeans", "gender": "women", "category": "jeans", "color": "multicolor light-blue light-blue light-blue light-blue light-blue light-blue powder blue powder blue powder blue", "product_url": "https://allonlinestore.in", "thumbnail_url": ["http://d1q9qhpdr6ehzh.cloudfront.net/thumbnail/3ee667f66a372563013ec2c10011e5b3"], "chatbot_image": null, "unique_id": "0323b4c4d6bb4361b60d5969e185cdfe", "trending_score": "0.0", "price": 100.0, "discounted_price": 0.0, "currency": "INR", "product_code": "6129", "affinity_score": 0.0, "brand": "asos", "store": "v_website_demo", "streamoid_urls": null}, {"title": "'Sylvie' colourblock leather waistband jeans", "gender": "women", "category": "jeans", "color": "blue blue blue blue blue blue navy navy navy navy", "product_url": "https://www.lanecrawford.com/pdp/ARJ029", "thumbnail_url": ["http://d1q9qhpdr6ehzh.cloudfront.net/385b2436c37d50de9ced2ba135850e64"], "chatbot_image": "http://media.lanecrawford.com/A/R/J/ARJ029_in_xl.jpg,http://media.lanecrawford.com/A/R/J/ARJ029_bk_xl.jpg,http://media.lanecrawford.com/A/R/J/ARJ029_4_xl.jpg,http://media.lanecrawford.com/A/R/J/ARJ029_ro_xl.jpg", "unique_id": "0d9c8fad77374c87927d41559c7164bb", "trending_score": "0.0", "price": 3100.0, "discounted_price": 1240.0, "currency": "HKD", "product_code": "ARJ029", "affinity_score": 0.0, "brand": "FRAME DENIM", "store": "v_lane_crawford", "streamoid_urls": null}, {"title": "Logo stripe outseam jeans", "gender": "women", "category": "jeans", "color": "light-blue light-blue light-blue light-blue light-blue light-blue powder blue powder blue powder blue powder blue", "product_url": "https://www.lanecrawford.com/pdp/ARX943", "thumbnail_url": ["http://d1q9qhpdr6ehzh.cloudfront.net/f9f1f64ee486025db57326cc83368c69"], "chatbot_image": "http://media.lanecrawford.com/A/R/X/ARX943_in_xl.jpg,http://media.lanecrawford.com/A/R/X/ARX943_bk_xl.jpg,http://media.lanecrawford.com/A/R/X/ARX943_ro_xl.jpg", "unique_id": "41b5e1fa67864998a5bdcff44732a930", "trending_score": "0.0", "price": 4200.0, "discounted_price": 4200.0, "currency": "HKD", "product_code": "ARX943", "affinity_score": 0.0, "brand": "STELLA MCCARTNEY", "store": "v_lane_crawford", "streamoid_urls": null}, {"title": "'Melk' cropped skinny jeans", "gender": "women", "category": "jeans", "color": "navy navy navy navy navy navy navy navy navy navy", "product_url": "https://www.lanecrawford.com/pdp/ARE819", "thumbnail_url": ["http://d1q9qhpdr6ehzh.cloudfront.net/333241683ae07398a175d74b42557995"], "chatbot_image": "http://media.lanecrawford.com/A/R/E/ARE819_in_xl.jpg,http://media.lanecrawford.com/A/R/E/ARE819_bk_xl.jpg,http://media.lanecrawford.com/A/R/E/ARE819_4_xl.jpg,http://media.lanecrawford.com/A/R/E/ARE819_ro_xl.jpg", "unique_id": "378c03eb6e9a4e128e0ae211e9e96e1f", "trending_score": "0.0", "price": 2200.0, "discounted_price": 2200.0, "currency": "HKD", "product_code": "ARE819", "affinity_score": 0.0, "brand": "ACNE STUDIOS", "store": "v_lane_crawford", "streamoid_urls": null}, {"title": "Distressed Floral-Embroidered Jeans", "gender": "women", "category": "jeans", "color": "multicolor light-blue light-blue light-blue light-blue light-blue light-blue powder blue powder blue powder blue", "product_url": "https://www.forever21.in/p/distressed-floral-embroidered-jeans-322946.html", "thumbnail_url": ["http://d1q9qhpdr6ehzh.cloudfront.net/ecd1dcb126180f4cc99557dc950098ec"], "chatbot_image": "https://forever21.imgix.net/img/app/product/3/322946-1518133-large.jpg,https://forever21.imgix.net/img/app/product/3/322946-1518134-large.jpg,https://forever21.imgix.net/img/app/product/3/322946-1518135-large.jpg,https://forever21.imgix.net/img/app/product/3/322946-1518136-large.jpg,https://forever21.imgix.net/img/app/product/3/322946-1518132.jpg", "unique_id": "0d2f4f3046bc4383b7387b67d7bc4fc4", "trending_score": "0.0", "price": 2399.0, "discounted_price": 2399.0, "currency": "INR", "product_code": "322946", "affinity_score": 0.0, "brand": "forever21", "store": "v_forever21", "streamoid_urls": null}, {"title": "'10 Inch Capri' staggered cuff skinny jeans", "gender": "women", "category": "jeans", "color": "black black black black black black black black black black", "product_url": "https://www.lanecrawford.com/pdp/AJK065", "thumbnail_url": ["http://d1q9qhpdr6ehzh.cloudfront.net/45e13efdc261267f11e117bc26a61b68"], "chatbot_image": "http://media.lanecrawford.com/A/J/K/AJK065_in_xl.jpg,http://media.lanecrawford.com/A/J/K/AJK065_fr_xl.jpg,http://media.lanecrawford.com/A/J/K/AJK065_bk_xl.jpg,http://media.lanecrawford.com/A/J/K/AJK065_ro_xl.jpg", "unique_id": "13dc52d73b324fe18b6017def2720098", "trending_score": "0.0", "price": 1700.0, "discounted_price": 1700.0, "currency": "HKD", "product_code": "AJK065", "affinity_score": 0.0, "brand": "RAG & BONE/JEAN", "store": "v_lane_crawford", "streamoid_urls": null}, {"title": "'Joplin' flare jeans", "gender": "women", "category": "jeans", "color": "black black black black black black black black black black", "product_url": "https://www.lanecrawford.com/pdp/AUO806", "thumbnail_url": ["http://d1q9qhpdr6ehzh.cloudfront.net/3207e79e68d6397e9664b8a2641e6439"], "chatbot_image": "http://media.lanecrawford.com/A/U/O/AUO806_in_xl.jpg,http://media.lanecrawford.com/A/U/O/AUO806_bk_xl.jpg,http://media.lanecrawford.com/A/U/O/AUO806_4_xl.jpg,http://media.lanecrawford.com/A/U/O/AUO806_ro_xl.jpg", "unique_id": "054cbe6901a3438aa21b7b4c8b62dd73", "trending_score": "0.0", "price": 2300.0, "discounted_price": 2300.0, "currency": "HKD", "product_code": "AUO806", "affinity_score": 0.0, "brand": "L'AGENCE", "store": "v_lane_crawford", "streamoid_urls": null}, {"title": "'El Matador' cropped skinny jeans", "gender": "women", "category": "jeans", "color": "blue blue blue blue blue blue powder blue powder blue powder blue powder blue", "product_url": "https://www.lanecrawford.com/pdp/AQL854", "thumbnail_url": ["http://d1q9qhpdr6ehzh.cloudfront.net/787143b82227590d44f941f2b1155d25"], "chatbot_image": "http://media.lanecrawford.com/A/Q/L/AQL854_in_xl.jpg,http://media.lanecrawford.com/A/Q/L/AQL854_bk_xl.jpg,http://media.lanecrawford.com/A/Q/L/AQL854_4_xl.jpg,http://media.lanecrawford.com/A/Q/L/AQL854_ro_xl.jpg", "unique_id": "33ef50d7cd5e484eac0f1d8c3e5e8d58", "trending_score": "0.0", "price": 2000.0, "discounted_price": 800.0, "currency": "HKD", "product_code": "AQL854", "affinity_score": 0.0, "brand": "L'AGENCE", "store": "v_lane_crawford", "streamoid_urls": null}, {"title": "'Selena' cropped pants", "gender": "women", "category": "jeans", "color": "navy navy navy navy navy navy navy navy navy navy", "product_url": "https://www.lanecrawford.com/pdp/AUO705", "thumbnail_url": ["http://d1q9qhpdr6ehzh.cloudfront.net/ddf57254b8720bec06c6f47e21906ac6"], "chatbot_image": "http://media.lanecrawford.com/A/U/O/AUO705_in_xl.jpg,http://media.lanecrawford.com/A/U/O/AUO705_bk_xl.jpg,http://media.lanecrawford.com/A/U/O/AUO705_4_xl.jpg,http://media.lanecrawford.com/A/U/O/AUO705_ro_xl.jpg", "unique_id": "03172a15e088467bb5ce80f90b29b286", "trending_score": "0.0", "price": 2050.0, "discounted_price": 2050.0, "currency": "HKD", "product_code": "AUO705", "affinity_score": 0.0, "brand": "J BRAND", "store": "v_lane_crawford", "streamoid_urls": null}, {"title": "'Le High Skinny' staggered cuff jeans", "gender": "women", "category": "jeans", "color": "navy navy navy navy navy navy navy navy navy navy", "product_url": "https://www.lanecrawford.com/pdp/ARJ035", "thumbnail_url": ["http://d1q9qhpdr6ehzh.cloudfront.net/9a3758e6d4e08d0c823a263466a270f9"], "chatbot_image": "http://media.lanecrawford.com/A/R/J/ARJ035_in_xl.jpg,http://media.lanecrawford.com/A/R/J/ARJ035_bk_xl.jpg,http://media.lanecrawford.com/A/R/J/ARJ035_4_xl.jpg,http://media.lanecrawford.com/A/R/J/ARJ035_ro_xl.jpg", "unique_id": "448ebb11c764430fa53ead7d3f7c5eba", "trending_score": "0.0", "price": 1800.0, "discounted_price": 720.0, "currency": "HKD", "product_code": "ARJ035", "affinity_score": 0.0, "brand": "FRAME DENIM", "store": "v_lane_crawford", "streamoid_urls": null}, {"title": "'Margotstarburst' embellished crop skinny jeans", "gender": "women", "category": "jeans", "color": "black black black black black black black black black black", "product_url": "https://www.lanecrawford.com/pdp/AUO820", "thumbnail_url": ["http://d1q9qhpdr6ehzh.cloudfront.net/dea1a07603048a51a2caa89a4b4b5a22"], "chatbot_image": "http://media.lanecrawford.com/A/U/O/AUO820_in_xl.jpg,http://media.lanecrawford.com/A/U/O/AUO820_bk_xl.jpg,http://media.lanecrawford.com/A/U/O/AUO820_4_xl.jpg,http://media.lanecrawford.com/A/U/O/AUO820_ro_xl.jpg", "unique_id": "4ccd1edd4a2249d7ad43f55cab3aa14f", "trending_score": "0.0", "price": 6650.0, "discounted_price": 6650.0, "currency": "HKD", "product_code": "AUO820", "affinity_score": 0.0, "brand": "L'AGENCE", "store": "v_lane_crawford", "streamoid_urls": null}, {"title": "'10 Inch Stovepipe' staggered cuff jeans", "gender": "women", "category": "jeans", "color": "navy navy navy navy navy navy navy navy navy navy", "product_url": "https://www.lanecrawford.com/pdp/AJK048", "thumbnail_url": ["http://d1q9qhpdr6ehzh.cloudfront.net/1a6a6ac35627bf7ea68a9ab6d3bc1642"], "chatbot_image": "http://media.lanecrawford.com/A/J/K/AJK048_in_xl.jpg,http://media.lanecrawford.com/A/J/K/AJK048_fr_xl.jpg,http://media.lanecrawford.com/A/J/K/AJK048_bk_xl.jpg,http://media.lanecrawford.com/A/J/K/AJK048_ro_xl.jpg", "unique_id": "122239e80e9444a7aa0c89b9f22a794c", "trending_score": "0.0", "price": 1950.0, "discounted_price": 1950.0, "currency": "HKD", "product_code": "AJK048", "affinity_score": 0.0, "brand": "RAG & BONE/JEAN", "store": "v_lane_crawford", "streamoid_urls": null}, {"title": "'Karolina' diamant\u00c3\u00a9 waist frayed cuff cropped jeans", "gender": "women", "category": "jeans", "color": "blue blue blue blue blue blue powder blue powder blue powder blue powder blue", "product_url": "https://www.lanecrawford.com/pdp/AUO645", "thumbnail_url": ["http://d1q9qhpdr6ehzh.cloudfront.net/145eacb30d540c0c465071d8646de611"], "chatbot_image": "http://media.lanecrawford.com/A/U/O/AUO645_in_xl.jpg,http://media.lanecrawford.com/A/U/O/AUO645_bk_xl.jpg,http://media.lanecrawford.com/A/U/O/AUO645_4_xl.jpg,http://media.lanecrawford.com/A/U/O/AUO645_ro_xl.jpg", "unique_id": "1a341ad4a32f4f268900d701a277d496", "trending_score": "0.0", "price": 2200.0, "discounted_price": 2200.0, "currency": "HKD", "product_code": "AUO645", "affinity_score": 0.0, "brand": "GRLFRND", "store": "v_lane_crawford", "streamoid_urls": null}, {"title": "'Cate' skinny jeans", "gender": "women", "category": "jeans", "color": "navy navy navy navy navy navy navy navy navy navy", "product_url": "https://www.lanecrawford.com.cn/pdp/ARK754", "thumbnail_url": ["http://d1q9qhpdr6ehzh.cloudfront.net/9c7b7ad4b37d56caae25b9d4a8281f8a"], "chatbot_image": "http://media.lanecrawford.com.cn/A/R/K/ARK754_in_xl.jpg,http://media.lanecrawford.com.cn/A/R/K/ARK754_bk_xl.jpg,http://media.lanecrawford.com.cn/A/R/K/ARK754_4_xl.jpg,http://media.lanecrawford.com.cn/A/R/K/ARK754_ro_xl.jpg", "unique_id": "0228cecbd188485c9cd004f728d3efeb", "trending_score": "0.0", "price": 1500.0, "discounted_price": 1500.0, "currency": "RMB", "product_code": "ARK754", "affinity_score": 0.0, "brand": "RAG & BONE/JEAN", "store": "v_lane_crawford", "streamoid_urls": null}, {"title": "'Ruby' cigarette jeans", "gender": "women", "category": "jeans", "color": "blue blue blue blue blue blue navy navy navy navy", "product_url": "https://www.lanecrawford.com.cn/pdp/ARJ307", "thumbnail_url": ["http://d1q9qhpdr6ehzh.cloudfront.net/ae9e44b5f12b72056340e82b8d22eabb"], "chatbot_image": "http://media.lanecrawford.com.cn/A/R/J/ARJ307_in_xl.jpg,http://media.lanecrawford.com.cn/A/R/J/ARJ307_bk_xl.jpg,http://media.lanecrawford.com.cn/A/R/J/ARJ307_4_xl.jpg,http://media.lanecrawford.com.cn/A/R/J/ARJ307_ro_xl.jpg", "unique_id": "3f5202fdbd8040a38f5107358f34d98c", "trending_score": "0.0", "price": 2100.0, "discounted_price": 1050.0, "currency": "RMB", "product_code": "ARJ307", "affinity_score": 0.0, "brand": "J BRAND", "store": "v_lane_crawford", "streamoid_urls": null}, {"title": "'Devon' boyfriend jeans", "gender": "women", "category": "jeans", "color": "blue blue blue blue blue blue navy navy navy navy", "product_url": "https://www.lanecrawford.com/pdp/AUO646", "thumbnail_url": ["http://d1q9qhpdr6ehzh.cloudfront.net/e83de2e71bda7124d5c9c9f93884d3ab"], "chatbot_image": "http://media.lanecrawford.com/A/U/O/AUO646_in_xl.jpg,http://media.lanecrawford.com/A/U/O/AUO646_bk_xl.jpg,http://media.lanecrawford.com/A/U/O/AUO646_4_xl.jpg,http://media.lanecrawford.com/A/U/O/AUO646_ro_xl.jpg", "unique_id": "515df89575634593aea76aeb232243a8", "trending_score": "0.0", "price": 1950.0, "discounted_price": 1950.0, "currency": "HKD", "product_code": "AUO646", "affinity_score": 0.0, "brand": "GRLFRND", "store": "v_lane_crawford", "streamoid_urls": null}, {"title": "x Lane Crawford flip waist jeans", "gender": "women", "category": "jeans", "color": "black black black black black black black black black black", "product_url": "https://www.lanecrawford.com/pdp/AUU652", "thumbnail_url": ["http://d1q9qhpdr6ehzh.cloudfront.net/d9ba1bcb00804f211df9bf58c4832bc0"], "chatbot_image": "http://media.lanecrawford.com/A/U/U/AUU652_in_xl.jpg,http://media.lanecrawford.com/A/U/U/AUU652_fr_xl.jpg,http://media.lanecrawford.com/A/U/U/AUU652_bk_xl.jpg,http://media.lanecrawford.com/A/U/U/AUU652_4_xl.jpg,http://media.lanecrawford.com/A/U/U/AUU652_ro_xl.jpg", "unique_id": "30041b34bb5c434e9f7d9e0296fd3067", "trending_score": "0.0", "price": 2900.0, "discounted_price": 2900.0, "currency": "HKD", "product_code": "AUU652", "affinity_score": 0.0, "brand": "ALEXANDER WANG", "store": "v_lane_crawford", "streamoid_urls": null}, {"title": "'Constance' distressed heavy wash jeans", "gender": "women", "category": "jeans", "color": "blue blue blue blue blue blue powder blue powder blue powder blue", "product_url": "https://www.lanecrawford.com/pdp/AUY365", "thumbnail_url": ["http://d1q9qhpdr6ehzh.cloudfront.net/53e472c54530b24f704711444ac793de"], "chatbot_image": "http://media.lanecrawford.com/A/U/Y/AUY365_in_xl.jpg,http://media.lanecrawford.com/A/U/Y/AUY365_bk_xl.jpg,http://media.lanecrawford.com/A/U/Y/AUY365_4_xl.jpg,http://media.lanecrawford.com/A/U/Y/AUY365_ro_xl.jpg", "unique_id": "35c09112a3364d93b97fe85817829c06", "trending_score": "0.0", "price": 2300.0, "discounted_price": 2300.0, "currency": "HKD", "product_code": "AUY365", "affinity_score": 0.0, "brand": "TRAVE", "store": "v_lane_crawford", "streamoid_urls": null}, {"title": "'Margot' coated cropped skinny jeans", "gender": "women", "category": "jeans", "color": "black black black black black black charcoal gray charcoal gray charcoal gray charcoal gray", "product_url": "https://www.lanecrawford.com/pdp/AUO798", "thumbnail_url": ["http://d1q9qhpdr6ehzh.cloudfront.net/8fd3b90882abd619ceaf90882b67482b"], "chatbot_image": "http://media.lanecrawford.com/A/U/O/AUO798_in_xl.jpg,http://media.lanecrawford.com/A/U/O/AUO798_bk_xl.jpg,http://media.lanecrawford.com/A/U/O/AUO798_4_xl.jpg,http://media.lanecrawford.com/A/U/O/AUO798_ro_xl.jpg", "unique_id": "0c0741860eb84fef88c293e806b9a29e", "trending_score": "0.0", "price": 2300.0, "discounted_price": 2300.0, "currency": "HKD", "product_code": "AUO798", "affinity_score": 0.0, "brand": "L'AGENCE", "store": "v_lane_crawford", "streamoid_urls": null}, {"title": "'Harper' raw hem cropped stove pipe jeans", "gender": "women", "category": "jeans", "color": "blue blue blue blue blue blue indigo indigo indigo indigo", "product_url": "https://www.lanecrawford.com/pdp/AUY367", "thumbnail_url": ["http://d1q9qhpdr6ehzh.cloudfront.net/82b3058046f2073b7bd6e0763dbe12a1"], "chatbot_image": "http://media.lanecrawford.com/A/U/Y/AUY367_in_xl.jpg,http://media.lanecrawford.com/A/U/Y/AUY367_bk_xl.jpg,http://media.lanecrawford.com/A/U/Y/AUY367_4_xl.jpg,http://media.lanecrawford.com/A/U/Y/AUY367_ro_xl.jpg", "unique_id": "0a31bab0dad04005ac6975ccec6e35e0", "trending_score": "0.0", "price": 2200.0, "discounted_price": 2200.0, "currency": "HKD", "product_code": "AUY367", "affinity_score": 0.0, "brand": "TRAVE", "store": "v_lane_crawford", "streamoid_urls": null}, {"title": "'The Hustler' frayed cuff flared jeans", "gender": "women", "category": "jeans", "color": "navy navy navy navy navy navy navy navy navy navy", "product_url": "https://www.lanecrawford.com/pdp/AUO731", "thumbnail_url": ["http://d1q9qhpdr6ehzh.cloudfront.net/092e24841a987754cb32db27abcfebf1"], "chatbot_image": "http://media.lanecrawford.com/A/U/O/AUO731_in_xl.jpg,http://media.lanecrawford.com/A/U/O/AUO731_bk_xl.jpg,http://media.lanecrawford.com/A/U/O/AUO731_4_xl.jpg,http://media.lanecrawford.com/A/U/O/AUO731_ro_xl.jpg", "unique_id": "3456fab5032b43f99a356ffb009ddb3e", "trending_score": "0.0", "price": 1700.0, "discounted_price": 1700.0, "currency": "HKD", "product_code": "AUO731", "affinity_score": 0.0, "brand": "MOTHER", "store": "v_lane_crawford", "streamoid_urls": null}, {"title": "'Alana' frayed cuff cropped boot cut skinny jeans", "gender": "women", "category": "jeans", "color": "blue blue blue blue blue blue powder blue powder blue powder blue powder blue", "product_url": "https://www.lanecrawford.com/pdp/AUO721", "thumbnail_url": ["http://d1q9qhpdr6ehzh.cloudfront.net/b1382adfd7de8be535f9627234eac9a5"], "chatbot_image": "http://media.lanecrawford.com/A/U/O/AUO721_in_xl.jpg,http://media.lanecrawford.com/A/U/O/AUO721_bk_xl.jpg,http://media.lanecrawford.com/A/U/O/AUO721_4_xl.jpg,http://media.lanecrawford.com/A/U/O/AUO721_ro_xl.jpg", "unique_id": "0639bc982ea94a1c8cda94cdcc39ca9d", "trending_score": "0.0", "price": 2250.0, "discounted_price": 2250.0, "currency": "HKD", "product_code": "AUO721", "affinity_score": 0.0, "brand": "J BRAND", "store": "v_lane_crawford", "streamoid_urls": null}, {"title": "'Mazzy' low rise skinny jeans", "gender": "women", "category": "jeans", "color": "blue blue blue blue blue blue navy navy navy navy", "product_url": "https://www.lanecrawford.com.cn/pdp/AQL862", "thumbnail_url": ["http://d1q9qhpdr6ehzh.cloudfront.net/a605574a7200be55d3a81714aa2e3de8"], "chatbot_image": "http://media.lanecrawford.com.cn/A/Q/L/AQL862_in_xl.jpg,http://media.lanecrawford.com.cn/A/Q/L/AQL862_bk_xl.jpg,http://media.lanecrawford.com.cn/A/Q/L/AQL862_4_xl.jpg,http://media.lanecrawford.com.cn/A/Q/L/AQL862_ro_xl.jpg", "unique_id": "291fb17c1585469396a2239d555e79f3", "trending_score": "0.0", "price": 2000.0, "discounted_price": 2000.0, "currency": "RMB", "product_code": "AQL862", "affinity_score": 0.0, "brand": "L'AGENCE", "store": "v_lane_crawford", "streamoid_urls": null}, {"title": "Bl\u00c3\u00a5 konst mece black overdye jeans", "gender": "women", "category": "jeans", "color": "black black black black black black black black black black", "product_url": "https://www.lanecrawford.com/pdp/AVL748", "thumbnail_url": ["http://d1q9qhpdr6ehzh.cloudfront.net/55e857ae4888bbbf12d839923c884524"], "chatbot_image": "http://media.lanecrawford.com/A/V/L/AVL748_in_xl.jpg,http://media.lanecrawford.com/A/V/L/AVL748_bk_xl.jpg,http://media.lanecrawford.com/A/V/L/AVL748_4_xl.jpg,http://media.lanecrawford.com/A/V/L/AVL748_ro_xl.jpg", "unique_id": "499c8fc93ad646f5b1ae5eca6dde0960", "trending_score": "0.0", "price": 2400.0, "discounted_price": 2400.0, "currency": "HKD", "product_code": "AVL748", "affinity_score": 0.0, "brand": "ACNE STUDIOS", "store": "v_lane_crawford", "streamoid_urls": null}, {"title": "'Zoey' double buckle waist frayed cuff jeans", "gender": "women", "category": "jeans", "color": "black black black black black black black black black black", "product_url": "https://www.lanecrawford.com/pdp/ARJ265", "thumbnail_url": ["http://d1q9qhpdr6ehzh.cloudfront.net/661080149d3559af9ea1b0cfbc4c5465"], "chatbot_image": "http://media.lanecrawford.com/A/R/J/ARJ265_in_xl.jpg,http://media.lanecrawford.com/A/R/J/ARJ265_bk_xl.jpg,http://media.lanecrawford.com/A/R/J/ARJ265_4_xl.jpg,http://media.lanecrawford.com/A/R/J/ARJ265_ro_xl.jpg", "unique_id": "25802d82968f4a89ac8a0b673cf5cc8d", "trending_score": "0.0", "price": 2100.0, "discounted_price": 630.0, "currency": "HKD", "product_code": "ARJ265", "affinity_score": 0.0, "brand": "GRLFRND", "store": "v_lane_crawford", "streamoid_urls": null}, {"title": "'Le High Skinny' jeans", "gender": "women", "category": "jeans", "color": "off-white off-white off-white off-white off-white off-white light gray light gray light gray light gray", "product_url": "https://www.lanecrawford.com/pdp/ARJ024", "thumbnail_url": ["http://d1q9qhpdr6ehzh.cloudfront.net/d63b9f45e428e8afbf0f0d2d661e78eb"], "chatbot_image": "http://media.lanecrawford.com/A/R/J/ARJ024_in_xl.jpg,http://media.lanecrawford.com/A/R/J/ARJ024_bk_xl.jpg,http://media.lanecrawford.com/A/R/J/ARJ024_4_xl.jpg,http://media.lanecrawford.com/A/R/J/ARJ024_ro_xl.jpg", "unique_id": "26ff1eaa76834cfd8542c5a42308f1a4", "trending_score": "0.0", "price": 2000.0, "discounted_price": 800.0, "currency": "HKD", "product_code": "ARJ024", "affinity_score": 0.0, "brand": "FRAME DENIM", "store": "v_lane_crawford", "streamoid_urls": null}, {"title": "'Selena' frayed cuff cropped boot cut jeans", "gender": "women", "category": "jeans", "color": "light-blue light-blue light-blue light-blue light-blue light-blue powder blue powder blue powder blue powder blue", "product_url": "https://www.lanecrawford.com.cn/pdp/ARJ313", "thumbnail_url": ["http://d1q9qhpdr6ehzh.cloudfront.net/1ba6dd80f0cbe345414ec8011860c9f9"], "chatbot_image": "http://media.lanecrawford.com.cn/A/R/J/ARJ313_in_xl.jpg,http://media.lanecrawford.com.cn/A/R/J/ARJ313_bk_xl.jpg,http://media.lanecrawford.com.cn/A/R/J/ARJ313_4_xl.jpg,http://media.lanecrawford.com.cn/A/R/J/ARJ313_ro_xl.jpg", "unique_id": "3fb11a227f2a4dbd849e4b7b7e2cb2aa", "trending_score": "0.0", "price": 2100.0, "discounted_price": 1050.0, "currency": "RMB", "product_code": "ARJ313", "affinity_score": 0.0, "brand": "J BRAND", "store": "v_lane_crawford", "streamoid_urls": null}, {"title": "'Le High' Skinny Raw Stagger jeans", "gender": "women", "category": "jeans", "color": "multicolor blue blue blue blue blue blue powder blue powder blue powder blue", "product_url": "https://www.lanecrawford.com/pdp/AWL292", "thumbnail_url": ["http://d1q9qhpdr6ehzh.cloudfront.net/9acc8befbeadd742959eb6d505f305ba"], "chatbot_image": "http://media.lanecrawford.com/A/W/L/AWL292_in_xl.jpg,http://media.lanecrawford.com/A/W/L/AWL292_bk_xl.jpg,http://media.lanecrawford.com/A/W/L/AWL292_4_xl.jpg,http://media.lanecrawford.com/A/W/L/AWL292_ro_xl.jpg", "unique_id": "42b5e59d340646019b5653f24b120241", "trending_score": "0.0", "price": 1600.0, "discounted_price": 1600.0, "currency": "HKD", "product_code": "AWL292", "affinity_score": 0.0, "brand": "FRAME DENIM", "store": "v_lane_crawford", "streamoid_urls": null}, {"title": "'Le Crop Flare' jeans", "gender": "women", "category": "jeans", "color": "blue blue blue blue blue blue indigo indigo indigo indigo", "product_url": "https://www.lanecrawford.com/pdp/AQY953", "thumbnail_url": ["http://d1q9qhpdr6ehzh.cloudfront.net/e18c580258ddd7ea8dbd314d6b82d81d"], "chatbot_image": "http://media.lanecrawford.com/A/Q/Y/AQY953_in_xl.jpg,http://media.lanecrawford.com/A/Q/Y/AQY953_bk_xl.jpg,http://media.lanecrawford.com/A/Q/Y/AQY953_4_xl.jpg,http://media.lanecrawford.com/A/Q/Y/AQY953_ro_xl.jpg", "unique_id": "4e8d4347a5ac4f0185193cc45d39076a", "trending_score": "0.0", "price": 1900.0, "discounted_price": 760.0, "currency": "HKD", "product_code": "AQY953", "affinity_score": 0.0, "brand": "FRAME DENIM", "store": "v_lane_crawford", "streamoid_urls": null}, {"title": "'Margot' cropped skinny jeans", "gender": "women", "category": "jeans", "color": "navy navy navy navy navy navy navy navy navy navy", "product_url": "https://www.lanecrawford.com/pdp/AUQ820", "thumbnail_url": ["http://d1q9qhpdr6ehzh.cloudfront.net/aaaea6384d3ba1ba39b3406c7e64933e"], "chatbot_image": "http://media.lanecrawford.com/A/U/Q/AUQ820_in_xl.jpg,http://media.lanecrawford.com/A/U/Q/AUQ820_bk_xl.jpg,http://media.lanecrawford.com/A/U/Q/AUQ820_4_xl.jpg,http://media.lanecrawford.com/A/U/Q/AUQ820_ro_xl.jpg", "unique_id": "16bb6abe692f424b8e69dc9ae0c02e31", "trending_score": "0.0", "price": 1900.0, "discounted_price": 1900.0, "currency": "HKD", "product_code": "AUQ820", "affinity_score": 0.0, "brand": "L'AGENCE", "store": "v_lane_crawford", "streamoid_urls": null}, {"title": "High-Rise Ripped Knee Skinny Jeans", "gender": "women", "category": "jeans", "color": "blue blue blue blue blue blue off white off white off white off white", "product_url": "https://www.forever21.in/p/high-rise-ripped-knee-skinny-jeans-324323.html", "thumbnail_url": ["http://d1q9qhpdr6ehzh.cloudfront.net/e222bc5b17eb54a5bb58c5a92c9983c9"], "chatbot_image": "https://forever21.imgix.net/img/app/product/3/324323-1522447-large.jpg,https://forever21.imgix.net/img/app/product/3/324323-1522448-large.jpg,https://forever21.imgix.net/img/app/product/3/324323-1522449-large.jpg,https://forever21.imgix.net/img/app/product/3/324323-1522450-large.jpg,https://forever21.imgix.net/img/app/product/3/324323-1522446.jpg", "unique_id": "f1f15d74e2da47c797ca41fde119f2f1", "trending_score": "0.0", "price": 2099.0, "discounted_price": 2099.0, "currency": "INR", "product_code": "324323", "affinity_score": 0.0, "brand": "forever21", "store": "v_forever21", "streamoid_urls": null}, {"title": "'Ren' wide leg jeans", "gender": "women", "category": "jeans", "color": "blue blue blue blue blue blue indigo indigo indigo powder blue", "product_url": "https://www.lanecrawford.com/pdp/AWH248", "thumbnail_url": ["http://d1q9qhpdr6ehzh.cloudfront.net/7cb7d163974aa1705f1a6979034fd96a"], "chatbot_image": "http://media.lanecrawford.com/A/W/H/AWH248_in_xl.jpg,http://media.lanecrawford.com/A/W/H/AWH248_bk_xl.jpg,http://media.lanecrawford.com/A/W/H/AWH248_4_xl.jpg,http://media.lanecrawford.com/A/W/H/AWH248_ro_xl.jpg", "unique_id": "28458d2375ad4e8e9758dfcc62f52dd1", "trending_score": "0.0", "price": 1750.0, "discounted_price": 1750.0, "currency": "HKD", "product_code": "AWH248", "affinity_score": 0.0, "brand": "AGOLDE", "store": "v_lane_crawford", "streamoid_urls": null}, {"title": "'Le Crop Mini Boot' jeans", "gender": "women", "category": "jeans", "color": "navy navy navy navy navy navy navy navy navy navy", "product_url": "https://www.lanecrawford.com/pdp/AKG740", "thumbnail_url": ["http://d1q9qhpdr6ehzh.cloudfront.net/8bb8b364ef68df4bb457a4fc25c044b5"], "chatbot_image": "http://media.lanecrawford.com/A/K/G/AKG740_in_xl.jpg,http://media.lanecrawford.com/A/K/G/AKG740_fr_xl.jpg,http://media.lanecrawford.com/A/K/G/AKG740_bk_xl.jpg,http://media.lanecrawford.com/A/K/G/AKG740_4_xl.jpg,http://media.lanecrawford.com/A/K/G/AKG740_ro_xl.jpg", "unique_id": "4f008f023dfb413193421f4bcf4c2b5a", "trending_score": "0.0", "price": 1850.0, "discounted_price": 1850.0, "currency": "HKD", "product_code": "AKG740", "affinity_score": 0.0, "brand": "FRAME DENIM", "store": "v_lane_crawford", "streamoid_urls": null}, {"title": "'Photo Ready Skinny Leg' jeans", "gender": "women", "category": "jeans", "color": "black black black black black black black black black black", "product_url": "https://www.lanecrawford.com/pdp/IJI906", "thumbnail_url": ["http://d1q9qhpdr6ehzh.cloudfront.net/bac8dd463919639fc94199185f37d18f"], "chatbot_image": "http://media.lanecrawford.com/I/J/I/IJI906_in_xl.jpg,http://media.lanecrawford.com/I/J/I/IJI906_fr_xl.jpg,http://media.lanecrawford.com/I/J/I/IJI906_bk_xl.jpg,http://media.lanecrawford.com/I/J/I/IJI906_2_xl.jpg,http://media.lanecrawford.com/I/J/I/IJI906_ro_xl.jpg", "unique_id": "12d7c4abb331447297dd974d5fd04533", "trending_score": "0.0", "price": 1600.0, "discounted_price": 1600.0, "currency": "HKD", "product_code": "IJI906", "affinity_score": 0.0, "brand": "J BRAND", "store": "v_lane_crawford", "streamoid_urls": null}, {"title": "Paper bag waist jeans", "gender": "women", "category": "jeans", "color": "blue blue blue blue blue blue indigo indigo indigo indigo", "product_url": "https://www.lanecrawford.com/pdp/AUY214", "thumbnail_url": ["http://d1q9qhpdr6ehzh.cloudfront.net/5a7d100fcee01383d62f7de9e2f586b9"], "chatbot_image": "http://media.lanecrawford.com/A/U/Y/AUY214_in_xl.jpg,http://media.lanecrawford.com/A/U/Y/AUY214_bk_xl.jpg,http://media.lanecrawford.com/A/U/Y/AUY214_4_xl.jpg", "unique_id": "2acf110014b14b9cb5ae10d6680afafa", "trending_score": "0.0", "price": 3250.0, "discounted_price": 3250.0, "currency": "HKD", "product_code": "AUY214", "affinity_score": 0.0, "brand": "RAG & BONE/JEAN", "store": "v_lane_crawford", "streamoid_urls": null}, {"title": "'Joan' stripe outseam wide leg jeans", "gender": "women", "category": "jeans", "color": "blue blue blue blue blue blue navy navy navy navy", "product_url": "https://www.lanecrawford.com/pdp/ARJ421", "thumbnail_url": ["http://d1q9qhpdr6ehzh.cloudfront.net/20085bddb0da1eb01c9cc26a75e30b2f"], "chatbot_image": "http://media.lanecrawford.com/A/R/J/ARJ421_in_xl.jpg,http://media.lanecrawford.com/A/R/J/ARJ421_bk_xl.jpg,http://media.lanecrawford.com/A/R/J/ARJ421_4_xl.jpg,http://media.lanecrawford.com/A/R/J/ARJ421_ro_xl.jpg", "unique_id": "4a0c1150174b4231aa47e955f46c42d2", "trending_score": "0.0", "price": 2200.0, "discounted_price": 660.0, "currency": "HKD", "product_code": "ARJ421", "affinity_score": 0.0, "brand": "J BRAND", "store": "v_lane_crawford", "streamoid_urls": null}, {"title": "High-Rise Ripped Knee Jeans", "gender": "women", "category": "jeans", "color": "black black black black black black black black black black", "product_url": "https://www.forever21.in/p/high-rise-ripped-knee-jeans-323305.html", "thumbnail_url": ["http://d1q9qhpdr6ehzh.cloudfront.net/338f1d021661281695501f8ae0eedd6b"], "chatbot_image": "https://forever21.imgix.net/img/app/product/3/323305-1519224-large.jpg,https://forever21.imgix.net/img/app/product/3/323305-1519225-large.jpg,https://forever21.imgix.net/img/app/product/3/323305-1519226-large.jpg,https://forever21.imgix.net/img/app/product/3/323305-1519227-large.jpg,https://forever21.imgix.net/img/app/product/3/323305-1519228-large.jpg,https://forever21.imgix.net/img/app/product/3/323305-1519223.jpg", "unique_id": "051c890e51ad4f6aa215eebca9748c35", "trending_score": "0.0", "price": 2249.0, "discounted_price": 2249.0, "currency": "INR", "product_code": "323305", "affinity_score": 0.0, "brand": "forever21", "store": "v_forever21", "streamoid_urls": null}, {"title": "Mid-Rise Skinny Ankle Jeans", "gender": "women", "category": "jeans", "color": "blue blue blue blue blue blue navy navy navy navy", "product_url": "https://www.forever21.in/p/mid-rise-skinny-ankle-jeans-323407.html", "thumbnail_url": ["http://d1q9qhpdr6ehzh.cloudfront.net/a7ab90ae68ad0bc780a0bd41657b0483"], "chatbot_image": "https://forever21.imgix.net/img/app/product/3/323407-1519569-large.jpg,https://forever21.imgix.net/img/app/product/3/323407-1519570-large.jpg,https://forever21.imgix.net/img/app/product/3/323407-1519571-large.jpg,https://forever21.imgix.net/img/app/product/3/323407-1519572-large.jpg,https://forever21.imgix.net/img/app/product/3/323407-1519568.jpg", "unique_id": "7077fa44c00f444dbaf9ae5c3287829d", "trending_score": "0.0", "price": 1699.0, "discounted_price": 1699.0, "currency": "INR", "product_code": "323407", "affinity_score": 0.0, "brand": "forever21", "store": "v_forever21", "streamoid_urls": null}, {"title": "High-Rise Skinny Jeans", "gender": "women", "category": "jeans", "color": "light-blue light-blue light-blue light-blue light-blue light-blue off white off white off white off white", "product_url": "https://www.forever21.in/p/high-rise-skinny-jeans-324135.html", "thumbnail_url": ["http://d1q9qhpdr6ehzh.cloudfront.net/ff5990fb460740eded481b17abbcba1d"], "chatbot_image": "https://forever21.imgix.net/img/app/product/3/324135-1626284-large.jpg,https://forever21.imgix.net/img/app/product/3/324135-1626285-large.jpg,https://forever21.imgix.net/img/app/product/3/324135-1626286-large.jpg,https://forever21.imgix.net/img/app/product/3/324135-1626287-large.jpg,https://forever21.imgix.net/img/app/product/3/324135-1626283.jpg", "unique_id": "ba611879b2174dacb5be9bcf34c8f622", "trending_score": "0.0", "price": 1699.0, "discounted_price": 1190.0, "currency": "INR", "product_code": "324135", "affinity_score": 0.0, "brand": "forever21", "store": "v_forever21", "streamoid_urls": null}, {"title": "Mid-Rise Skinny Jeans", "gender": "women", "category": "jeans", "color": "black black black black black black black black black black", "product_url": "https://www.forever21.in/p/mid-rise-skinny-jeans-323567.html", "thumbnail_url": ["http://d1q9qhpdr6ehzh.cloudfront.net/6d4da4214be05a933938a530fc617e61"], "chatbot_image": "https://forever21.imgix.net/img/app/product/3/323567-1614585-large.jpg,https://forever21.imgix.net/img/app/product/3/323567-1614586-large.jpg,https://forever21.imgix.net/img/app/product/3/323567-1614587-large.jpg,https://forever21.imgix.net/img/app/product/3/323567-1614588-large.jpg,https://forever21.imgix.net/img/app/product/3/323567-1614584.jpg", "unique_id": "7f33798cb87d4dbdbe54f2993aa415f7", "trending_score": "0.0", "price": 1679.0, "discounted_price": 1679.0, "currency": "INR", "product_code": "323567", "affinity_score": 0.0, "brand": "forever21", "store": "v_forever21", "streamoid_urls": null}, {"title": "Tribal embroidered belt jeans", "gender": "women", "category": "jeans", "color": "off-white off-white off-white off-white off-white off-white light gray light gray light gray light gray", "product_url": "https://www.lanecrawford.com/pdp/AUQ612", "thumbnail_url": ["http://d1q9qhpdr6ehzh.cloudfront.net/a7ba6d57c09d9e3f68fe33bd24247cc2"], "chatbot_image": "http://media.lanecrawford.com/A/U/Q/AUQ612_in_xl.jpg,http://media.lanecrawford.com/A/U/Q/AUQ612_bk_xl.jpg,http://media.lanecrawford.com/A/U/Q/AUQ612_4_xl.jpg,http://media.lanecrawford.com/A/U/Q/AUQ612_ro_xl.jpg", "unique_id": "06bb48d4218d4cbba9c82a28c1eb264c", "trending_score": "0.0", "price": 3300.0, "discounted_price": 3300.0, "currency": "HKD", "product_code": "AUQ612", "affinity_score": 0.0, "brand": "MIRA MIKATI", "store": "v_lane_crawford", "streamoid_urls": null}, {"title": "Lace-Up Back Skinny Jeans", "gender": "women", "category": "jeans", "color": "blue blue blue blue blue blue navy navy navy navy", "product_url": "https://www.forever21.in/p/lace-up-back-skinny-jeans-323876.html", "thumbnail_url": ["http://d1q9qhpdr6ehzh.cloudfront.net/5679281dc17ff84b7e9f1b2799287ec1"], "chatbot_image": "https://forever21.imgix.net/img/app/product/3/323876-1521032-large.jpg,https://forever21.imgix.net/img/app/product/3/323876-1521033-large.jpg,https://forever21.imgix.net/img/app/product/3/323876-1521034-large.jpg,https://forever21.imgix.net/img/app/product/3/323876-1521035-large.jpg,https://forever21.imgix.net/img/app/product/3/323876-1521036-large.jpg,https://forever21.imgix.net/img/app/product/3/323876-1521031.jpg", "unique_id": "a82602e5d77e4739bcfff0307e1c4736", "trending_score": "0.0", "price": 2399.0, "discounted_price": 2399.0, "currency": "INR", "product_code": "323876", "affinity_score": 0.0, "brand": "forever21", "store": "v_forever21", "streamoid_urls": null}, {"title": "'Ruby' contrast outseam cigarette frayed cuff cropped jeans", "gender": "women", "category": "jeans", "color": "navy navy navy navy navy navy navy navy navy navy", "product_url": "https://www.lanecrawford.com/pdp/AUO699", "thumbnail_url": ["http://d1q9qhpdr6ehzh.cloudfront.net/02c658c4c9dac01d0492b6019cce9503"], "chatbot_image": "http://media.lanecrawford.com/A/U/O/AUO699_in_xl.jpg,http://media.lanecrawford.com/A/U/O/AUO699_bk_xl.jpg,http://media.lanecrawford.com/A/U/O/AUO699_4_xl.jpg,http://media.lanecrawford.com/A/U/O/AUO699_ro_xl.jpg", "unique_id": "1c68a1d9610d47c491c2037175e21822", "trending_score": "0.0", "price": 2500.0, "discounted_price": 2500.0, "currency": "HKD", "product_code": "AUO699", "affinity_score": 0.0, "brand": "J BRAND", "store": "v_lane_crawford", "streamoid_urls": null}, {"title": "'The High Waisted Looker Ankle Fray' palm tree print jeans", "gender": "women", "category": "jeans", "color": "light-blue light-blue light-blue light-blue light-blue light-blue powder blue powder blue powder blue powder blue", "product_url": "https://www.lanecrawford.com/pdp/AQU105", "thumbnail_url": ["http://d1q9qhpdr6ehzh.cloudfront.net/b4ed70ffd45d274d5dd7c84064b59ed7"], "chatbot_image": "http://media.lanecrawford.com/A/Q/U/AQU105_in_xl.jpg,http://media.lanecrawford.com/A/Q/U/AQU105_bk_xl.jpg,http://media.lanecrawford.com/A/Q/U/AQU105_4_xl.jpg,http://media.lanecrawford.com/A/Q/U/AQU105_ro_xl.jpg", "unique_id": "0dc4858136e144f9abe818314222f97f", "trending_score": "0.0", "price": 2000.0, "discounted_price": 600.0, "currency": "HKD", "product_code": "AQU105", "affinity_score": 0.0, "brand": "MOTHER", "store": "v_lane_crawford", "streamoid_urls": null}, {"title": "'Le Original' patchwork jeans", "gender": "women", "category": "jeans", "color": "black black black black black black charcoal gray charcoal gray charcoal gray charcoal gray", "product_url": "https://www.lanecrawford.com/pdp/ARJ037", "thumbnail_url": ["http://d1q9qhpdr6ehzh.cloudfront.net/cfab10db2d4f3346c30fe5cee9610c00"], "chatbot_image": "http://media.lanecrawford.com/A/R/J/ARJ037_in_xl.jpg,http://media.lanecrawford.com/A/R/J/ARJ037_bk_xl.jpg,http://media.lanecrawford.com/A/R/J/ARJ037_4_xl.jpg,http://media.lanecrawford.com/A/R/J/ARJ037_ro_xl.jpg", "unique_id": "39e42da7d41347cbbf2cfe84d974d2b2", "trending_score": "0.0", "price": 2300.0, "discounted_price": 920.0, "currency": "HKD", "product_code": "ARJ037", "affinity_score": 0.0, "brand": "FRAME DENIM", "store": "v_lane_crawford", "streamoid_urls": null}, {"title": "Bead skull strass distressed jeans", "gender": "women", "category": "jeans", "color": "black black black black black black black black black black", "product_url": "https://www.lanecrawford.com/pdp/AUJ709", "thumbnail_url": ["http://d1q9qhpdr6ehzh.cloudfront.net/a9330a98e1d598b2a847560536ab6579"], "chatbot_image": "http://media.lanecrawford.com/A/U/J/AUJ709_in_xl.jpg,http://media.lanecrawford.com/A/U/J/AUJ709_fr_xl.jpg,http://media.lanecrawford.com/A/U/J/AUJ709_bk_xl.jpg,http://media.lanecrawford.com/A/U/J/AUJ709_4_xl.jpg,http://media.lanecrawford.com/A/U/J/AUJ709_ro_xl.jpg", "unique_id": "044b755049034d3981cc48982e2e0a8e", "trending_score": "0.0", "price": 8400.0, "discounted_price": 4200.0, "currency": "HKD", "product_code": "AUJ709", "affinity_score": 0.0, "brand": "FAITH CONNEXION", "store": "v_lane_crawford", "streamoid_urls": null}, {"title": "'Kate' leopard print skinny jeans", "gender": "women", "category": "jeans", "color": "copper copper copper copper copper copper chocolate chocolate chocolate chocolate", "product_url": "https://www.lanecrawford.com/pdp/AUU034", "thumbnail_url": ["http://d1q9qhpdr6ehzh.cloudfront.net/bcc9c8dbe7673382bca9c66cf164578c"], "chatbot_image": "http://media.lanecrawford.com/A/U/U/AUU034_in_xl.jpg,http://media.lanecrawford.com/A/U/U/AUU034_bk_xl.jpg,http://media.lanecrawford.com/A/U/U/AUU034_4_xl.jpg,http://media.lanecrawford.com/A/U/U/AUU034_ro_xl.jpg", "unique_id": "2fdbf21d796f42f59d690bb380657b77", "trending_score": "0.0", "price": 4300.0, "discounted_price": 4300.0, "currency": "HKD", "product_code": "AUU034", "affinity_score": 0.0, "brand": "R13", "store": "v_lane_crawford", "streamoid_urls": null}, {"title": "'Deep Blue' logo tape drawstring jeans", "gender": "women", "category": "jeans", "color": "blue blue blue blue blue blue indigo indigo indigo indigo", "product_url": "https://www.lanecrawford.com/pdp/BKJ331", "thumbnail_url": ["http://d1q9qhpdr6ehzh.cloudfront.net/ad4598941d6fa578844861d80759b261"], "chatbot_image": "http://media.lanecrawford.com/B/K/J/BKJ331_in_xl.jpg,http://media.lanecrawford.com/B/K/J/BKJ331_bk_xl.jpg,http://media.lanecrawford.com/B/K/J/BKJ331_4_xl.jpg,http://media.lanecrawford.com/B/K/J/BKJ331_ro_xl.jpg", "unique_id": "0d5808317d964667a81fc300eeeefffe", "trending_score": "0.0", "price": 3000.0, "discounted_price": 3000.0, "currency": "HKD", "product_code": "BKJ331", "affinity_score": 0.0, "brand": "ALEXANDER WANG", "store": "v_lane_crawford", "streamoid_urls": null}, {"title": "Distressed Mid Rise Skinny Jeans", "gender": "women", "category": "jeans", "color": "multicolor blue blue blue blue blue blue light gray light gray gray", "product_url": "https://www.forever21.in/p/distressed-mid-rise-skinny-jeans-323027.html", "thumbnail_url": ["http://d1q9qhpdr6ehzh.cloudfront.net/c4b0c9f735e7a6aad0adabd43ae0fd6f"], "chatbot_image": "https://forever21.imgix.net/img/app/product/3/323027-1518367-large.jpg,https://forever21.imgix.net/img/app/product/3/323027-1518368-large.jpg,https://forever21.imgix.net/img/app/product/3/323027-1518369-large.jpg,https://forever21.imgix.net/img/app/product/3/323027-1518370-large.jpg,https://forever21.imgix.net/img/app/product/3/323027-1518366.jpg", "unique_id": "3b8546bb894849cf908d6bded79af37f", "trending_score": "0.0", "price": 2249.0, "discounted_price": 2249.0, "currency": "INR", "product_code": "323027", "affinity_score": 0.0, "brand": "forever21", "store": "v_forever21", "streamoid_urls": null}, {"title": "Sculpted High-Rise Step-Hem Skinny Jeans", "gender": "women", "category": "jeans", "color": "light-blue light-blue light-blue light-blue light-blue light-blue powder blue powder blue powder blue powder blue", "product_url": "https://www.forever21.in/p/sculpted-high-rise-step-hem-skinny-jeans-323828.html", "thumbnail_url": ["http://d1q9qhpdr6ehzh.cloudfront.net/00cec91187a971c09479a20bd8aa8e1c"], "chatbot_image": "https://forever21.imgix.net/img/app/product/3/323828-1520885-large.jpg,https://forever21.imgix.net/img/app/product/3/323828-1520886-large.jpg,https://forever21.imgix.net/img/app/product/3/323828-1520887-large.jpg,https://forever21.imgix.net/img/app/product/3/323828-1520888-large.jpg,https://forever21.imgix.net/img/app/product/3/323828-1520889-large.jpg,https://forever21.imgix.net/img/app/product/3/323828-1520884.jpg", "unique_id": "9249daa456284cdf9c5a46a22bfc1a0c", "trending_score": "0.0", "price": 2049.0, "discounted_price": 2049.0, "currency": "INR", "product_code": "323828", "affinity_score": 0.0, "brand": "forever21", "store": "v_forever21", "streamoid_urls": null}, {"title": "Zippered High-Rise Jeans", "gender": "women", "category": "jeans", "color": "charcoal-gray charcoal-gray charcoal-gray charcoal-gray charcoal-gray charcoal-gray black black black black", "product_url": "https://www.forever21.in/p/zippered-high-rise-jeans-324146.html", "thumbnail_url": ["http://d1q9qhpdr6ehzh.cloudfront.net/9bc4f68a2ef0e240b295b51140b0e873"], "chatbot_image": "https://forever21.imgix.net/img/app/product/3/324146-1521889-large.jpg,https://forever21.imgix.net/img/app/product/3/324146-1521890-large.jpg,https://forever21.imgix.net/img/app/product/3/324146-1521891-large.jpg,https://forever21.imgix.net/img/app/product/3/324146-1521892-large.jpg,https://forever21.imgix.net/img/app/product/3/324146-1521893-large.jpg,https://forever21.imgix.net/img/app/product/3/324146-1521888.jpg", "unique_id": "21505becc6454926a0b5a6cce4f5e543", "trending_score": "0.0", "price": 1799.0, "discounted_price": 1799.0, "currency": "INR", "product_code": "324146", "affinity_score": 0.0, "brand": "forever21", "store": "v_forever21", "streamoid_urls": null}, {"title": "Zippered Denim Pants", "gender": "women", "category": "jeans", "color": "black black black black black black black black black black", "product_url": "https://www.forever21.in/p/zippered-denim-pants-324102.html", "thumbnail_url": ["http://d1q9qhpdr6ehzh.cloudfront.net/b5070322be1a6d068c98b9a6d759be9e"], "chatbot_image": "https://forever21.imgix.net/img/app/product/3/324102-1521749-large.jpg,https://forever21.imgix.net/img/app/product/3/324102-1521750-large.jpg,https://forever21.imgix.net/img/app/product/3/324102-1521751-large.jpg,https://forever21.imgix.net/img/app/product/3/324102-1521752-large.jpg,https://forever21.imgix.net/img/app/product/3/324102-1521753-large.jpg,https://forever21.imgix.net/img/app/product/3/324102-1521748.jpg", "unique_id": "5c8f5d37136a4dcaafbf56b8a104751c", "trending_score": "0.0", "price": 2049.0, "discounted_price": 2049.0, "currency": "INR", "product_code": "324102", "affinity_score": 0.0, "brand": "forever21", "store": "v_forever21", "streamoid_urls": null}, {"title": "Distressed Skinny Jeans", "gender": "women", "category": "jeans", "color": "multicolor blue blue blue blue blue blue indigo indigo off white", "product_url": "https://www.forever21.in/p/distressed-skinny-jeans-324180.html", "thumbnail_url": ["http://d1q9qhpdr6ehzh.cloudfront.net/db647bac79f1004c7f6ce9063be711f2"], "chatbot_image": "https://forever21.imgix.net/img/app/product/3/324180-1626289-large.jpg,https://forever21.imgix.net/img/app/product/3/324180-1626290-large.jpg,https://forever21.imgix.net/img/app/product/3/324180-1626291-large.jpg,https://forever21.imgix.net/img/app/product/3/324180-1626292-large.jpg,https://forever21.imgix.net/img/app/product/3/324180-1626288.jpg", "unique_id": "bf74e54373fe4e83b6319333a70f02b8", "trending_score": "0.0", "price": 1699.0, "discounted_price": 1699.0, "currency": "INR", "product_code": "324180", "affinity_score": 0.0, "brand": "forever21", "store": "v_forever21", "streamoid_urls": null}, {"title": "High-Rise Ankle Jeans", "gender": "women", "category": "jeans", "color": "blue blue blue blue blue blue gray gray gray gray", "product_url": "https://www.forever21.in/p/high-rise-ankle-jeans-323447.html", "thumbnail_url": ["http://d1q9qhpdr6ehzh.cloudfront.net/c1038b2e9c0cb0b17a9e90cc6ef3ccab"], "chatbot_image": "https://forever21.imgix.net/img/app/product/3/323447-1519678-large.jpg,https://forever21.imgix.net/img/app/product/3/323447-1519679-large.jpg,https://forever21.imgix.net/img/app/product/3/323447-1519680-large.jpg,https://forever21.imgix.net/img/app/product/3/323447-1519681-large.jpg,https://forever21.imgix.net/img/app/product/3/323447-1519677.jpg", "unique_id": "fdcef5635afe4e67abe1a26c94af92ee", "trending_score": "0.0", "price": 2049.0, "discounted_price": 2049.0, "currency": "INR", "product_code": "323447", "affinity_score": 0.0, "brand": "forever21", "store": "v_forever21", "streamoid_urls": null}, {"title": "Belted Cropped Jeans", "gender": "women", "category": "jeans", "color": "blue blue blue blue blue blue white white white white", "product_url": "https://www.forever21.in/p/belted-cropped-jeans-323449.html", "thumbnail_url": ["http://d1q9qhpdr6ehzh.cloudfront.net/556bd861578fa57062dd67465d7a4765"], "chatbot_image": "https://forever21.imgix.net/img/app/product/3/323449-1519689-large.jpg,https://forever21.imgix.net/img/app/product/3/323449-1519690-large.jpg,https://forever21.imgix.net/img/app/product/3/323449-1519691-large.jpg,https://forever21.imgix.net/img/app/product/3/323449-1519692-large.jpg,https://forever21.imgix.net/img/app/product/3/323449-1519688.jpg", "unique_id": "e768fefb5b4245b9997a27699c9e9766", "trending_score": "0.0", "price": 1999.0, "discounted_price": 1999.0, "currency": "INR", "product_code": "323449", "affinity_score": 0.0, "brand": "forever21", "store": "v_forever21", "streamoid_urls": null}, {"title": "Psychedelic Patch Jeans", "gender": "women", "category": "jeans", "color": "black black black black black black black black black black", "product_url": "https://www.forever21.in/p/psychedelic-patch-jeans-323893.html", "thumbnail_url": ["http://d1q9qhpdr6ehzh.cloudfront.net/90f89d044f8771e0f099dc782e0d53ec"], "chatbot_image": "https://forever21.imgix.net/img/app/product/3/323893-1612043-large.jpg,https://forever21.imgix.net/img/app/product/3/323893-1612044-large.jpg,https://forever21.imgix.net/img/app/product/3/323893-1612045-large.jpg,https://forever21.imgix.net/img/app/product/3/323893-1612046-large.jpg,https://forever21.imgix.net/img/app/product/3/323893-1612047-large.jpg,https://forever21.imgix.net/img/app/product/3/323893-1612042.jpg", "unique_id": "8217f6de7f4c456893ba772f6f7c6d63", "trending_score": "0.0", "price": 2039.0, "discounted_price": 2039.0, "currency": "INR", "product_code": "323893", "affinity_score": 0.0, "brand": "forever21", "store": "v_forever21", "streamoid_urls": null}, {"title": "Zippered High-Rise Jeans", "gender": "women", "category": "jeans", "color": "blue blue blue blue blue blue white white white powder blue", "product_url": "https://www.forever21.in/p/zippered-high-rise-jeans-324053.html", "thumbnail_url": ["http://d1q9qhpdr6ehzh.cloudfront.net/120a6333e915748b0a19bfb9f37b1be4"], "chatbot_image": "https://forever21.imgix.net/img/app/product/3/324053-1521583-large.jpg,https://forever21.imgix.net/img/app/product/3/324053-1521584-large.jpg,https://forever21.imgix.net/img/app/product/3/324053-1521585-large.jpg,https://forever21.imgix.net/img/app/product/3/324053-1521586-large.jpg,https://forever21.imgix.net/img/app/product/3/324053-1521587-large.jpg,https://forever21.imgix.net/img/app/product/3/324053-1521582.jpg", "unique_id": "00ee0c6189a248b2a121618ef36a2229", "trending_score": "0.0", "price": 1999.0, "discounted_price": 1999.0, "currency": "INR", "product_code": "324053", "affinity_score": 0.0, "brand": "forever21", "store": "v_forever21", "streamoid_urls": null}, {"title": "Sculpted High-Rise Step-Hem Skinny Jeans", "gender": "women", "category": "jeans", "color": "blue blue blue blue blue blue off white off white off white off white", "product_url": "https://www.forever21.in/p/sculpted-high-rise-step-hem-skinny-jeans-323875.html", "thumbnail_url": ["http://d1q9qhpdr6ehzh.cloudfront.net/25f94aabb7be76b92e2a7302928f6ef9"], "chatbot_image": "https://forever21.imgix.net/img/app/product/3/323875-1521026-large.jpg,https://forever21.imgix.net/img/app/product/3/323875-1521027-large.jpg,https://forever21.imgix.net/img/app/product/3/323875-1521028-large.jpg,https://forever21.imgix.net/img/app/product/3/323875-1521029-large.jpg,https://forever21.imgix.net/img/app/product/3/323875-1521030-large.jpg,https://forever21.imgix.net/img/app/product/3/323875-1521025.jpg", "unique_id": "68b03cf49d2a4923a14d87412d423f55", "trending_score": "0.0", "price": 2049.0, "discounted_price": 2049.0, "currency": "INR", "product_code": "323875", "affinity_score": 0.0, "brand": "forever21", "store": "v_forever21", "streamoid_urls": null}, {"title": "Distressed Mom Jeans", "gender": "women", "category": "jeans", "color": "light-blue light-blue light-blue light-blue light-blue light-blue powder blue powder blue off white off white", "product_url": "https://www.forever21.in/p/distressed-mom-jeans-323781.html", "thumbnail_url": ["http://d1q9qhpdr6ehzh.cloudfront.net/135410c11510efb648cb69ba21492f06"], "chatbot_image": "https://forever21.imgix.net/img/app/product/3/323781-1520735-large.jpg,https://forever21.imgix.net/img/app/product/3/323781-1520736-large.jpg,https://forever21.imgix.net/img/app/product/3/323781-1520737-large.jpg,https://forever21.imgix.net/img/app/product/3/323781-1520738-large.jpg,https://forever21.imgix.net/img/app/product/3/323781-1520734.jpg", "unique_id": "e88f4b2afba84ece9a1db110fd5af88b", "trending_score": "0.0", "price": 2399.0, "discounted_price": 2399.0, "currency": "INR", "product_code": "323781", "affinity_score": 0.0, "brand": "forever21", "store": "v_forever21", "streamoid_urls": null}, {"title": "Zip pocket contrast stitch flare jeans", "gender": "women", "category": "jeans", "color": "blue blue blue blue blue blue indigo indigo indigo indigo", "product_url": "https://www.lanecrawford.com/pdp/BKJ751", "thumbnail_url": ["http://d1q9qhpdr6ehzh.cloudfront.net/98993a8f847cb0e32878ddded42e0cdd"], "chatbot_image": "http://media.lanecrawford.com/B/K/J/BKJ751_in_xl.jpg,http://media.lanecrawford.com/B/K/J/BKJ751_ro_xl.jpg", "unique_id": "2df224f8ec9547c8997185afff237d32", "trending_score": "0.0", "price": 1700.0, "discounted_price": 1700.0, "currency": "HKD", "product_code": "BKJ751", "affinity_score": 0.0, "brand": "CHLO\u00c3\u0089", "store": "v_lane_crawford", "streamoid_urls": null}, {"title": "High-Rise Flare Jeans", "gender": "women", "category": "jeans", "color": "blue blue blue blue blue blue white white white charcoal gray", "product_url": "https://www.forever21.in/p/high-rise-flare-jeans-324363.html", "thumbnail_url": ["http://d1q9qhpdr6ehzh.cloudfront.net/0e483bfafbb7df4ec08661b9fba64a1f"], "chatbot_image": "https://forever21.imgix.net/img/app/product/3/324363-1522560-large.jpg,https://forever21.imgix.net/img/app/product/3/324363-1522561-large.jpg,https://forever21.imgix.net/img/app/product/3/324363-1522562-large.jpg,https://forever21.imgix.net/img/app/product/3/324363-1522563-large.jpg,https://forever21.imgix.net/img/app/product/3/324363-1522559.jpg", "unique_id": "e87669192be74854bdb58ed5f1f08932", "trending_score": "0.0", "price": 1899.0, "discounted_price": 1899.0, "currency": "INR", "product_code": "324363", "affinity_score": 0.0, "brand": "forever21", "store": "v_forever21", "streamoid_urls": null}, {"title": "Folded side denim culottes", "gender": "women", "category": "jeans", "color": "blue blue blue blue blue blue powder blue powder blue powder blue powder blue", "product_url": "https://www.lanecrawford.com/pdp/ARI291", "thumbnail_url": ["http://d1q9qhpdr6ehzh.cloudfront.net/ace53c5698395499c0bbd7af7cfb26c9"], "chatbot_image": "http://media.lanecrawford.com/A/R/I/ARI291_in_xl.jpg,http://media.lanecrawford.com/A/R/I/ARI291_bk_xl.jpg,http://media.lanecrawford.com/A/R/I/ARI291_4_xl.jpg,http://media.lanecrawford.com/A/R/I/ARI291_ro_xl.jpg", "unique_id": "4c48ec6e11874a6d922a67ab7e2a2b81", "trending_score": "0.0", "price": 6450.0, "discounted_price": 6450.0, "currency": "HKD", "product_code": "ARI291", "affinity_score": 0.0, "brand": "LOEWE", "store": "v_lane_crawford", "streamoid_urls": null}, {"title": "Wide-Leg Cargo Jeans", "gender": "women", "category": "jeans", "color": "blue blue blue blue blue blue powder blue powder blue powder blue powder blue", "product_url": "https://www.forever21.in/p/wide-leg-cargo-jeans-324101.html", "thumbnail_url": ["http://d1q9qhpdr6ehzh.cloudfront.net/2217fa1cec711917fb349c7a14ee4e9c"], "chatbot_image": "https://forever21.imgix.net/img/app/product/3/324101-1521744-large.jpg,https://forever21.imgix.net/img/app/product/3/324101-1521745-large.jpg,https://forever21.imgix.net/img/app/product/3/324101-1521746-large.jpg,https://forever21.imgix.net/img/app/product/3/324101-1521747-large.jpg,https://forever21.imgix.net/img/app/product/3/324101-1521743.jpg", "unique_id": "475e1bd1339a4dbfbe6d1d3a8f746824", "trending_score": "0.0", "price": 2199.0, "discounted_price": 2199.0, "currency": "INR", "product_code": "324101", "affinity_score": 0.0, "brand": "forever21", "store": "v_forever21", "streamoid_urls": null}, {"title": "Wide-Leg Cargo Jeans", "gender": "women", "category": "jeans", "color": "blue blue blue blue blue blue indigo indigo indigo indigo", "product_url": "https://www.forever21.in/p/wide-leg-cargo-jeans-324145.html", "thumbnail_url": ["http://d1q9qhpdr6ehzh.cloudfront.net/c67af277a9e3cfb82f6d63fd74a015cb"], "chatbot_image": "https://forever21.imgix.net/img/app/product/3/324145-1521884-large.jpg,https://forever21.imgix.net/img/app/product/3/324145-1521885-large.jpg,https://forever21.imgix.net/img/app/product/3/324145-1521886-large.jpg,https://forever21.imgix.net/img/app/product/3/324145-1521887-large.jpg,https://forever21.imgix.net/img/app/product/3/324145-1521883.jpg", "unique_id": "c46687c61f5e427fbc9ef7d60ceb674a", "trending_score": "0.0", "price": 2199.0, "discounted_price": 2199.0, "currency": "INR", "product_code": "324145", "affinity_score": 0.0, "brand": "forever21", "store": "v_forever21", "streamoid_urls": null}, {"title": "High-Rise Frayed Jeans", "gender": "women", "category": "jeans", "color": "charcoal-gray charcoal-gray charcoal-gray charcoal-gray charcoal-gray charcoal-gray black black black black", "product_url": "https://www.forever21.in/p/high-rise-frayed-jeans-323495.html", "thumbnail_url": ["http://d1q9qhpdr6ehzh.cloudfront.net/4a7f9787398e6f8a7693cd85c328c73c"], "chatbot_image": "https://forever21.imgix.net/img/app/product/3/323495-1519834-large.jpg,https://forever21.imgix.net/img/app/product/3/323495-1519835-large.jpg,https://forever21.imgix.net/img/app/product/3/323495-1519836-large.jpg,https://forever21.imgix.net/img/app/product/3/323495-1519837-large.jpg,https://forever21.imgix.net/img/app/product/3/323495-1519833.jpg", "unique_id": "24fa271661da44da9406bc7a732e8c93", "trending_score": "0.0", "price": 1999.0, "discounted_price": 1999.0, "currency": "INR", "product_code": "323495", "affinity_score": 0.0, "brand": "forever21", "store": "v_forever21", "streamoid_urls": null}, {"title": "Mid-Rise Skinny Ankle Jeans", "gender": "women", "category": "jeans", "color": "blue blue blue blue blue blue off white off white off white off white", "product_url": "https://www.forever21.in/p/mid-rise-skinny-ankle-jeans-323360.html", "thumbnail_url": ["http://d1q9qhpdr6ehzh.cloudfront.net/42d551507db80fbfa4bc612a0a937d4e"], "chatbot_image": "https://forever21.imgix.net/img/app/product/3/323360-1519422-large.jpg,https://forever21.imgix.net/img/app/product/3/323360-1519423-large.jpg,https://forever21.imgix.net/img/app/product/3/323360-1519424-large.jpg,https://forever21.imgix.net/img/app/product/3/323360-1519425-large.jpg,https://forever21.imgix.net/img/app/product/3/323360-1519421.jpg", "unique_id": "65315a209a6e44ce83418617ecc05b95", "trending_score": "0.0", "price": 1699.0, "discounted_price": 1699.0, "currency": "INR", "product_code": "323360", "affinity_score": 0.0, "brand": "forever21", "store": "v_forever21", "streamoid_urls": null}, {"title": "'Fisherman' jetted pocket cropped washed jeans", "gender": "women", "category": "jeans", "color": "white white white white white white pearl pearl pearl pearl", "product_url": "https://www.lanecrawford.com/pdp/ARI258", "thumbnail_url": ["http://d1q9qhpdr6ehzh.cloudfront.net/301c720a3b1530745d7885eb5399968a"], "chatbot_image": "http://media.lanecrawford.com/A/R/I/ARI258_in_xl.jpg,http://media.lanecrawford.com/A/R/I/ARI258_bk_xl.jpg,http://media.lanecrawford.com/A/R/I/ARI258_4_xl.jpg,http://media.lanecrawford.com/A/R/I/ARI258_ro_xl.jpg", "unique_id": "2ae8d07a189342fd95361c40172facbb", "trending_score": "0.0", "price": 5950.0, "discounted_price": 5950.0, "currency": "HKD", "product_code": "ARI258", "affinity_score": 0.0, "brand": "LOEWE", "store": "v_lane_crawford", "streamoid_urls": null}, {"title": "'835' cropped skinny jeans", "gender": "women", "category": "jeans", "color": "multicolor white white white white white white pearl pearl pearl", "product_url": "https://www.lanecrawford.com/pdp/ARR654", "thumbnail_url": ["http://d1q9qhpdr6ehzh.cloudfront.net/7cb71abcf09d402162e2743214da07fd"], "chatbot_image": "http://media.lanecrawford.com/A/R/R/ARR654_in_xl.jpg,http://media.lanecrawford.com/A/R/R/ARR654_bk_xl.jpg,http://media.lanecrawford.com/A/R/R/ARR654_4_xl.jpg,http://media.lanecrawford.com/A/R/R/ARR654_ro_xl.jpg", "unique_id": "0c908aa121704f8b8e9cc1a349535e8e", "trending_score": "0.0", "price": 1450.0, "discounted_price": 1450.0, "currency": "HKD", "product_code": "ARR654", "affinity_score": 0.0, "brand": "J BRAND", "store": "v_lane_crawford", "streamoid_urls": null}, {"title": "'90s' ripped thigh straight leg jeans", "gender": "women", "category": "jeans", "color": "navy navy navy navy navy navy black black black black", "product_url": "https://www.lanecrawford.com/pdp/AWH236", "thumbnail_url": ["http://d1q9qhpdr6ehzh.cloudfront.net/d6b1029a54051e85d14dcea151f80509"], "chatbot_image": "http://media.lanecrawford.com/A/W/H/AWH236_in_xl.jpg,http://media.lanecrawford.com/A/W/H/AWH236_bk_xl.jpg,http://media.lanecrawford.com/A/W/H/AWH236_4_xl.jpg,http://media.lanecrawford.com/A/W/H/AWH236_ro_xl.jpg", "unique_id": "53a1fc00335f41c683041b69c180f444", "trending_score": "0.0", "price": 1950.0, "discounted_price": 1950.0, "currency": "HKD", "product_code": "AWH236", "affinity_score": 0.0, "brand": "AGOLDE", "store": "v_lane_crawford", "streamoid_urls": null}, {"title": "Logo reverse cuff skinny boyfriend jeans", "gender": "women", "category": "jeans", "color": "navy navy navy navy navy navy navy navy navy navy", "product_url": "https://www.lanecrawford.com/pdp/ARX996", "thumbnail_url": ["http://d1q9qhpdr6ehzh.cloudfront.net/22f33961e53c30296a80300a87b80e1a"], "chatbot_image": "http://media.lanecrawford.com/A/R/X/ARX996_in_xl.jpg,http://media.lanecrawford.com/A/R/X/ARX996_bk_xl.jpg,http://media.lanecrawford.com/A/R/X/ARX996_ro_xl.jpg", "unique_id": "387d3cd56aa949dc8a0370d7c5020759", "trending_score": "0.0", "price": 4000.0, "discounted_price": 4000.0, "currency": "HKD", "product_code": "ARX996", "affinity_score": 0.0, "brand": "STELLA MCCARTNEY", "store": "v_lane_crawford", "streamoid_urls": null}, {"title": "'Maria' skinny jeans", "gender": "women", "category": "jeans", "color": "black black black black black black black black black black", "product_url": "https://www.lanecrawford.com/pdp/AQE420", "thumbnail_url": ["http://d1q9qhpdr6ehzh.cloudfront.net/a3fdab06c6f0a5b76f5cd6a37d6d0102"], "chatbot_image": "http://media.lanecrawford.com/A/Q/E/AQE420_in_xl.jpg,http://media.lanecrawford.com/A/Q/E/AQE420_bk_xl.jpg,http://media.lanecrawford.com/A/Q/E/AQE420_4_xl.jpg,http://media.lanecrawford.com/A/Q/E/AQE420_ro_xl.jpg", "unique_id": "3b0da8c62a09459f9edea6638236491d", "trending_score": "0.0", "price": 1500.0, "discounted_price": 1500.0, "currency": "HKD", "product_code": "AQE420", "affinity_score": 0.0, "brand": "J BRAND", "store": "v_lane_crawford", "streamoid_urls": null}, {"title": "'Cropped Skinny' distressed jeans", "gender": "women", "category": "jeans", "color": "blue blue blue blue blue blue navy navy navy navy", "product_url": "https://www.lanecrawford.com/pdp/AEL833", "thumbnail_url": ["http://d1q9qhpdr6ehzh.cloudfront.net/784dbbb1f4fdff046086364292cedf2f"], "chatbot_image": "http://media.lanecrawford.com/A/E/L/AEL833_in_xl.jpg,http://media.lanecrawford.com/A/E/L/AEL833_fr_xl.jpg,http://media.lanecrawford.com/A/E/L/AEL833_bk_xl.jpg,http://media.lanecrawford.com/A/E/L/AEL833_2_xl.jpg,http://media.lanecrawford.com/A/E/L/AEL833_ro_xl.jpg", "unique_id": "3f92b9925b2444678ab5ae84f090fe9b", "trending_score": "0.0", "price": 1690.0, "discounted_price": 1690.0, "currency": "HKD", "product_code": "AEL833", "affinity_score": 0.0, "brand": "J BRAND", "store": "v_lane_crawford", "streamoid_urls": null}, {"title": "Staggered cuff jeans", "gender": "women", "category": "jeans", "color": "black black black black black black black black black black", "product_url": "https://www.lanecrawford.com.cn/pdp/ABU467", "thumbnail_url": ["http://d1q9qhpdr6ehzh.cloudfront.net/a995033cc274442cdaa2d1850f9e8520"], "chatbot_image": "http://media.lanecrawford.com.cn/A/B/U/ABU467_in_xl.jpg,http://media.lanecrawford.com.cn/A/B/U/ABU467_fr_xl.jpg,http://media.lanecrawford.com.cn/A/B/U/ABU467_bk_xl.jpg,http://media.lanecrawford.com.cn/A/B/U/ABU467_4_xl.jpg,http://media.lanecrawford.com.cn/A/B/U/ABU467_ro_xl.jpg", "unique_id": "10abf5738a7f4d87ae0ce3c0fb5fb044", "trending_score": "0.0", "price": 1600.0, "discounted_price": 1600.0, "currency": "RMB", "product_code": "ABU467", "affinity_score": 0.0, "brand": "RAG & BONE/JEAN", "store": "v_lane_crawford", "streamoid_urls": null}, {"title": "High-Rise Ripped Knee Skinny Jeans", "gender": "women", "category": "jeans", "color": "light-blue light-blue light-blue light-blue light-blue light-blue off white off white off white off white", "product_url": "https://www.forever21.in/p/high-rise-ripped-knee-skinny-jeans-324280.html", "thumbnail_url": ["http://d1q9qhpdr6ehzh.cloudfront.net/a9e3dbdd2fa93e0b49da338a3680ee9e"], "chatbot_image": "https://forever21.imgix.net/img/app/product/3/324280-1522317-large.jpg,https://forever21.imgix.net/img/app/product/3/324280-1522318-large.jpg,https://forever21.imgix.net/img/app/product/3/324280-1522319-large.jpg,https://forever21.imgix.net/img/app/product/3/324280-1522320-large.jpg,https://forever21.imgix.net/img/app/product/3/324280-1522316.jpg", "unique_id": "ce2467ce3e164f87b533dd5e2405071e", "trending_score": "0.0", "price": 2099.0, "discounted_price": 2099.0, "currency": "INR", "product_code": "324280", "affinity_score": 0.0, "brand": "forever21", "store": "v_forever21", "streamoid_urls": null}, {"title": "Mid-Rise Skinny Ankle Jeans", "gender": "women", "category": "jeans", "color": "light-blue light-blue light-blue light-blue light-blue light-blue off white off white off white off white", "product_url": "https://www.forever21.in/p/mid-rise-skinny-ankle-jeans-323313.html", "thumbnail_url": ["http://d1q9qhpdr6ehzh.cloudfront.net/2ad4f8a72e6e38321ecf46a8543267b3"], "chatbot_image": "https://forever21.imgix.net/img/app/product/3/323313-1519270-large.jpg,https://forever21.imgix.net/img/app/product/3/323313-1519271-large.jpg,https://forever21.imgix.net/img/app/product/3/323313-1519272-large.jpg,https://forever21.imgix.net/img/app/product/3/323313-1519273-large.jpg,https://forever21.imgix.net/img/app/product/3/323313-1519269.jpg", "unique_id": "e5844f39d85b4e6595e10b41c3290a45", "trending_score": "0.0", "price": 1699.0, "discounted_price": 1699.0, "currency": "INR", "product_code": "323313", "affinity_score": 0.0, "brand": "forever21", "store": "v_forever21", "streamoid_urls": null}, {"title": "'Karolina' distressed cuff cropped jeans", "gender": "women", "category": "jeans", "color": "blue blue blue blue blue blue indigo indigo indigo indigo", "product_url": "https://www.lanecrawford.com.cn/pdp/AQO087", "thumbnail_url": ["http://d1q9qhpdr6ehzh.cloudfront.net/f4f23a1d1bea255018af19617cad9df7"], "chatbot_image": "http://media.lanecrawford.com.cn/A/Q/O/AQO087_in_xl.jpg,http://media.lanecrawford.com.cn/A/Q/O/AQO087_bk_xl.jpg,http://media.lanecrawford.com.cn/A/Q/O/AQO087_4_xl.jpg,http://media.lanecrawford.com.cn/A/Q/O/AQO087_ro_xl.jpg", "unique_id": "32fd91d2bb84453abb373e246ab2dbb9", "trending_score": "0.0", "price": 1900.0, "discounted_price": 1900.0, "currency": "RMB", "product_code": "AQO087", "affinity_score": 0.0, "brand": "GRLFRND", "store": "v_lane_crawford", "streamoid_urls": null}, {"title": "'Colette' raw hem cropped flared jeans", "gender": "women", "category": "jeans", "color": "multicolor blue blue blue blue blue blue indigo indigo indigo", "product_url": "https://www.lanecrawford.com/pdp/AUY364", "thumbnail_url": ["http://d1q9qhpdr6ehzh.cloudfront.net/b781659c6c8218fbb02385b81ceb136b"], "chatbot_image": "http://media.lanecrawford.com/A/U/Y/AUY364_in_xl.jpg,http://media.lanecrawford.com/A/U/Y/AUY364_bk_xl.jpg,http://media.lanecrawford.com/A/U/Y/AUY364_4_xl.jpg,http://media.lanecrawford.com/A/U/Y/AUY364_ro_xl.jpg", "unique_id": "3c41ee8f3d4145aea2d405d9b8825d10", "trending_score": "0.0", "price": 2150.0, "discounted_price": 2150.0, "currency": "HKD", "product_code": "AUY364", "affinity_score": 0.0, "brand": "TRAVE", "store": "v_lane_crawford", "streamoid_urls": null}, {"title": "'The Tomcat Ankle' Crop Jeans", "gender": "women", "category": "jeans", "color": "blue blue blue blue blue blue navy navy navy navy", "product_url": "https://www.lanecrawford.com/pdp/AUO734", "thumbnail_url": ["http://d1q9qhpdr6ehzh.cloudfront.net/84b83a6ec5c0ce1ddda452f650a9eb73"], "chatbot_image": "http://media.lanecrawford.com/A/U/O/AUO734_in_xl.jpg,http://media.lanecrawford.com/A/U/O/AUO734_bk_xl.jpg,http://media.lanecrawford.com/A/U/O/AUO734_4_xl.jpg,http://media.lanecrawford.com/A/U/O/AUO734_ro_xl.jpg", "unique_id": "08a8fedc53ed488aa146f90e4c0165f3", "trending_score": "0.0", "price": 2100.0, "discounted_price": 2100.0, "currency": "HKD", "product_code": "AUO734", "affinity_score": 0.0, "brand": "MOTHER", "store": "v_lane_crawford", "streamoid_urls": null}, {"title": "'The Tomcat Ankle Fray' ripped knee cropped jeans", "gender": "women", "category": "jeans", "color": "multicolor blue blue blue blue blue blue powder blue powder blue powder blue", "product_url": "https://www.lanecrawford.com/pdp/ARK815", "thumbnail_url": ["http://d1q9qhpdr6ehzh.cloudfront.net/012226f6bcd93921ea047329ee2c254e"], "chatbot_image": "http://media.lanecrawford.com/A/R/K/ARK815_in_xl.jpg,http://media.lanecrawford.com/A/R/K/ARK815_bk_xl.jpg,http://media.lanecrawford.com/A/R/K/ARK815_4_xl.jpg,http://media.lanecrawford.com/A/R/K/ARK815_ro_xl.jpg", "unique_id": "0e1a238a59ba4b39810613233d9ea898", "trending_score": "0.0", "price": 2300.0, "discounted_price": 690.0, "currency": "HKD", "product_code": "ARK815", "affinity_score": 0.0, "brand": "MOTHER", "store": "v_lane_crawford", "streamoid_urls": null}, {"title": "'Le Garcon' jeans", "gender": "women", "category": "jeans", "color": "blue blue blue blue blue blue navy navy navy navy", "product_url": "https://www.lanecrawford.com/pdp/AUQ245", "thumbnail_url": ["http://d1q9qhpdr6ehzh.cloudfront.net/449706560a955285476856f7f3ab7cc1"], "chatbot_image": "http://media.lanecrawford.com/A/U/Q/AUQ245_in_xl.jpg,http://media.lanecrawford.com/A/U/Q/AUQ245_bk_xl.jpg,http://media.lanecrawford.com/A/U/Q/AUQ245_4_xl.jpg,http://media.lanecrawford.com/A/U/Q/AUQ245_ro_xl.jpg", "unique_id": "527e474d98ba42eaa7ae1625d91f75e1", "trending_score": "0.0", "price": 2000.0, "discounted_price": 2000.0, "currency": "HKD", "product_code": "AUQ245", "affinity_score": 0.0, "brand": "FRAME DENIM", "store": "v_lane_crawford", "streamoid_urls": null}], "debug": {"qrm": "", "query_without_qrm": "jeans for women", "solr_query": "( ( ( (meta_comprehensive_category:\"jeans\") ) ) AND ( ( (meta_gender:\"women\") ) ) AND ( ( (meta_department:\"maternity\") OR (meta_department:\"petite\") OR (meta_department:\"plus-size\") OR (meta_department:\"regular\") OR (meta_department:\"tall\") OR (meta_department:\"unknown\") ) ) )^1 ", "graph": [[[{"category": ["jeans"]}, {"gender": ["women"]}, {"department": ["maternity", "petite", "plus-size", "regular", "tall", "unknown"]}]]], "query_without_stopwords": "", "spell_corrected_query": "", "filter": [], "explicit_text": null, "fq": ["availability:1"]}, "numFound": 99, "facets": {"Ethnicity": {"western": 99}, "Fastening": {"zip_at_anywhere": 62, "unknown": 26, "buckle_at_waist": 7, "drawstring_at_waist": 1, "hook-and-eye_at_waist": 1, "none": 1, "zip_at_front": 1}, "Fit": {"skinny": 49, "regular": 37, "loose": 7, "fitted": 6}, "Hemline Length": {"ankle": 64, "full-length": 20, "above-ankle": 13, "knee": 1, "midcalf": 1}, "Material": {"denim": 55, "unknown": 23, "leather": 1}, "Primary Fibre": {"unknown": 46, "cotton": 32, "spandex": 1}, "Print Type": {"solid": 71, "colour-block": 3, "branding": 1, "conversational": 1, "graphic": 1, "leopard": 1, "other-graphic": 1}, "Silhouette": {"unknown": 79}, "Treatment": {"whiskered": 37, "stone-wash": 24, "none": 16, "distressed": 10, "ripped": 7, "other-wash": 4, "frayed": 1}, "Type": {"skinny": 42, "ripped": 15, "boot-cut": 9, "basic": 7, "tapered": 7, "mom": 6, "wide-leg": 6, "jogger": 2, "straight": 2, "bell-bottom": 1, "flared": 1, "treggings": 1}, "Waist Rise": {"mid": 32, "high": 27, "natural": 17, "low": 15, "short": 8}, "Color": {"blue": 46, "black": 18, "navy": 15, "light-blue": 10, "white": 3, "charcoal-gray": 2, "off-white": 2, "copper": 1, "light-gray": 1, "nude": 1}, "gender": {"women": 99}, "category": {"jeans": 99}, "occasion type": {"everyday": 92, "elevated": 7}, "Workindustry": {}, "Age": {}, "neck": {}, "arms": {}, "waist": {}, "stomach": {}, "shoulder": {}, "brand": {"forever21": 25, "J BRAND": 10, "asos": 10, "yours clothing": 10, "FRAME DENIM": 8, "L'AGENCE": 6, "RAG & BONE/JEAN": 5, "GRLFRND": 4, "MOTHER": 4, "TRAVE": 3, "ACNE STUDIOS": 2, "AGOLDE": 2, "ALEXANDER WANG": 2, "LOEWE": 2, "STELLA MCCARTNEY": 2, "CHLO\u00c3\u0089": 1, "FAITH CONNEXION": 1, "MIRA MIKATI": 1, "R13": 1}, "sub_brand": {"forever21": 25}, "Department": {"regular": 79, "maternity": 10, "plus-size": 10}, "activity": {"leisure-holiday": 88, "college-look": 82, "hang-outs": 81, "airport-look": 75, "errands": 49, "adventure-holiday": 33, "work-from-home": 30, "unknown": 10, "concert": 7, "date-night": 7, "girls-night-out": 7, "high-street-look": 7, "brunch": 6, "social-outing": 6, "lounging": 2, "anniversary": 1, "clubbing": 1, "cocktail-party": 1, "dinner-party": 1, "wedding": 1}}, "isFashionQuery": true, "spell_corrected_query": "", "query_without_stopwords": "", "final_query": "", "message": ""}