{"products": [{"title": "'Clay' satin panel crepe gown", "gender": "women", "category": "dresses", "color": "black black black black black black black black black black", "product_url": "https://www.lanecrawford.com.cn/pdp/AQX531", "thumbnail_url": ["http://d1q9qhpdr6ehzh.cloudfront.net/40dd7e83bac298d15077e586e33ec153"], "chatbot_image": "http://media.lanecrawford.com.cn/A/Q/X/AQX531_in_xl.jpg,http://media.lanecrawford.com.cn/A/Q/X/AQX531_bk_xl.jpg,http://media.lanecrawford.com.cn/A/Q/X/AQX531_ro_xl.jpg", "unique_id": "3c584159c9e44c9991a68979156a6627", "trending_score": "0.0", "price": 16300.0, "discounted_price": 4890.0, "currency": "RMB", "product_code": "AQX531", "affinity_score": 0.0, "brand": "ALEX PERRY", "store": "v_lane_crawford", "streamoid_urls": null}, {"title": "Crochet Maxi Dress", "gender": "women", "category": "dresses", "color": "black black black black black black black black black black", "product_url": "https://www.forever21.in/p/crochet-maxi-dress-323735.html", "thumbnail_url": ["http://d1q9qhpdr6ehzh.cloudfront.net/5d741c1d1a600fe69ae5532e61ef871d"], "chatbot_image": "https://forever21.imgix.net/img/app/product/3/323735-1520602-large.jpg,https://forever21.imgix.net/img/app/product/3/323735-1520603-large.jpg,https://forever21.imgix.net/img/app/product/3/323735-1520604-large.jpg,https://forever21.imgix.net/img/app/product/3/323735-1520601.jpg", "unique_id": "b3c897c57cc4476896f64c2f4d87345b", "trending_score": "0.0", "price": 2199.0, "discounted_price": 2199.0, "currency": "INR", "product_code": "323735", "affinity_score": 0.0, "brand": "forever21", "store": "v_forever21", "streamoid_urls": null}, {"title": "Striped Midi Dress", "gender": "women", "category": "dresses", "color": "black black black black black black black black black black", "product_url": "https://www.forever21.in/p/striped-midi-dress-323771.html", "thumbnail_url": ["http://d1q9qhpdr6ehzh.cloudfront.net/c7c41574f455abf6620fad262efb3595"], "chatbot_image": "https://forever21.imgix.net/img/app/product/3/323771-1520690-large.jpg,https://forever21.imgix.net/img/app/product/3/323771-1520691-large.jpg,https://forever21.imgix.net/img/app/product/3/323771-1520692-large.jpg,https://forever21.imgix.net/img/app/product/3/323771-1520693-large.jpg,https://forever21.imgix.net/img/app/product/3/323771-1520689.jpg", "unique_id": "3b31e4a0af864a41bd3e6ef833f2e9d3", "trending_score": "0.0", "price": 1399.0, "discounted_price": 1399.0, "currency": "INR", "product_code": "323771", "affinity_score": 0.0, "brand": "forever21", "store": "v_forever21", "streamoid_urls": null}, {"title": "Scoop neck flare dress", "gender": "women", "category": "dresses", "color": "black black black black black black black black black black", "product_url": "https://www.lanecrawford.com/pdp/AUR973", "thumbnail_url": ["http://d1q9qhpdr6ehzh.cloudfront.net/0fed48649edaf3f8626d23c7b3c93cea"], "chatbot_image": "http://media.lanecrawford.com/A/U/R/AUR973_in_xl.jpg,http://media.lanecrawford.com/A/U/R/AUR973_bk_xl.jpg,http://media.lanecrawford.com/A/U/R/AUR973_4_xl.jpg,http://media.lanecrawford.com/A/U/R/AUR973_ro_xl.jpg", "unique_id": "113b703a7510448d9c3400c379aaeb6f", "trending_score": "0.0", "price": 1700.0, "discounted_price": 1700.0, "currency": "HKD", "product_code": "AUR973", "affinity_score": 0.0, "brand": "NORMA KAMALI", "store": "v_lane_crawford", "streamoid_urls": null}, {"title": "Twist knot open back shift dress", "gender": "women", "category": "dresses", "color": "black black black black black black black black black black", "product_url": "https://www.lanecrawford.com/pdp/AUW171", "thumbnail_url": ["http://d1q9qhpdr6ehzh.cloudfront.net/ea95ea5effac825729824e2302895a9f"], "chatbot_image": "http://media.lanecrawford.com/A/U/W/AUW171_in_xl.jpg,http://media.lanecrawford.com/A/U/W/AUW171_bk_xl.jpg,http://media.lanecrawford.com/A/U/W/AUW171_4_xl.jpg,http://media.lanecrawford.com/A/U/W/AUW171_ro_xl.jpg", "unique_id": "363f1f8879684c5c9774b005843c13e0", "trending_score": "0.0", "price": 20700.0, "discounted_price": 20700.0, "currency": "HKD", "product_code": "AUW171", "affinity_score": 0.0, "brand": "NINA RICCI", "store": "v_lane_crawford", "streamoid_urls": null}, {"title": "Ruffled detail sleeveless dress", "gender": "women", "category": "dresses", "color": "black black black black black black black black black black", "product_url": "https://www.lanecrawford.com/pdp/AWJ787", "thumbnail_url": ["http://d1q9qhpdr6ehzh.cloudfront.net/4dc4cf5b020c968ccf7cb2fb50e542b8"], "chatbot_image": "http://media.lanecrawford.com/A/W/J/AWJ787_in_xl.jpg,http://media.lanecrawford.com/A/W/J/AWJ787_bk_xl.jpg,http://media.lanecrawford.com/A/W/J/AWJ787_4_xl.jpg,http://media.lanecrawford.com/A/W/J/AWJ787_ro_xl.jpg", "unique_id": "4eabb51f6c9743118d0117b69ed62d1f", "trending_score": "0.0", "price": 15700.0, "discounted_price": 15700.0, "currency": "HKD", "product_code": "AWJ787", "affinity_score": 0.0, "brand": "ALEXANDER MCQUEEN", "store": "v_lane_crawford", "streamoid_urls": null}, {"title": "Corduroy Overall Dress", "gender": "women", "category": "dresses", "color": "black black black black black black black black black black", "product_url": "https://www.forever21.in/p/corduroy-overall-dress-323858.html", "thumbnail_url": ["http://d1q9qhpdr6ehzh.cloudfront.net/a47f03367328d02e317cc392ca1ceda8"], "chatbot_image": "https://forever21.imgix.net/img/app/product/3/323858-1626257-large.jpg,https://forever21.imgix.net/img/app/product/3/323858-1626258-large.jpg,https://forever21.imgix.net/img/app/product/3/323858-1626259-large.jpg,https://forever21.imgix.net/img/app/product/3/323858-1626260-large.jpg,https://forever21.imgix.net/img/app/product/3/323858-1626261-large.jpg,https://forever21.imgix.net/img/app/product/3/323858-1626262-large.jpg,https://forever21.imgix.net/img/app/product/3/323858-1626263-large.jpg,https://forever21.imgix.net/img/app/product/3/323858-1626256.jpg", "unique_id": "bb949af6004542bca80675fd27fbcd8f", "trending_score": "0.0", "price": 1799.0, "discounted_price": 1260.0, "currency": "INR", "product_code": "323858", "affinity_score": 0.0, "brand": "forever21", "store": "v_forever21", "streamoid_urls": null}, {"title": "Twill Tartan Overall Dress", "gender": "women", "category": "dresses", "color": "multicolor black black black black black black black black pearl", "product_url": "https://www.forever21.in/p/twill-tartan-overall-dress-323898.html", "thumbnail_url": ["http://d1q9qhpdr6ehzh.cloudfront.net/81d9914938ad1db7d5f278746f4469db"], "chatbot_image": "https://forever21.imgix.net/img/app/product/3/323898-1618347-large.jpg,https://forever21.imgix.net/img/app/product/3/323898-1618348-large.jpg,https://forever21.imgix.net/img/app/product/3/323898-1618349-large.jpg,https://forever21.imgix.net/img/app/product/3/323898-1618350-large.jpg,https://forever21.imgix.net/img/app/product/3/323898-1618346.jpg", "unique_id": "ad5a92042cca441fbd7b6616f7928f53", "trending_score": "0.0", "price": 1539.0, "discounted_price": 1539.0, "currency": "INR", "product_code": "323898", "affinity_score": 0.0, "brand": "forever21", "store": "v_forever21", "streamoid_urls": null}, {"title": "Mini Swing Dress", "gender": "women", "category": "dresses", "color": "black black black black black black black black black black", "product_url": "https://www.forever21.in/p/mini-swing-dress-323744.html", "thumbnail_url": ["http://d1q9qhpdr6ehzh.cloudfront.net/66c1010ca23c530c61eab871b2f73f8d"], "chatbot_image": "https://forever21.imgix.net/img/app/product/3/323744-1599907-large.jpg,https://forever21.imgix.net/img/app/product/3/323744-1599908-large.jpg,https://forever21.imgix.net/img/app/product/3/323744-1599909-large.jpg,https://forever21.imgix.net/img/app/product/3/323744-1599910-large.jpg,https://forever21.imgix.net/img/app/product/3/323744-1599906.jpg", "unique_id": "1dc36b2b26d741928f09015a304c6f7f", "trending_score": "0.0", "price": 749.0, "discounted_price": 749.0, "currency": "INR", "product_code": "323744", "affinity_score": 0.0, "brand": "forever21", "store": "v_forever21", "streamoid_urls": null}, {"title": "Scarlett & Jo Tropical Border Print Dress", "gender": "women", "category": "dresses", "color": null, "product_url": "https://www.bonmarche.co.uk/dresses/scarlett-and-jo-tropical-border-print-dress-750037.html?dwvar_750037_color=07&cgid=womens-dresses", "thumbnail_url": ["http://d1q9qhpdr6ehzh.cloudfront.net/aa6374685bde8c81e24ff9ae73f55558"], "chatbot_image": "https://www.bonmarche.co.uk/dw/image/v2/BBCZ_PRD/on/demandware.static/-/Sites-master-catalog-bonmarche/default/dwb395dc61/zoom/75/75003707_alt1.jpg?sw=500,https://www.bonmarche.co.uk/dw/image/v2/BBCZ_PRD/on/demandware.static/-/Sites-master-catalog-bonmarche/default/dw9836e36a/zoom/75/75003707_alt3.jpg?sw=500,https://www.bonmarche.co.uk/dw/image/v2/BBCZ_PRD/on/demandware.static/-/Sites-master-catalog-bonmarche/default/dwfec27f95/zoom/75/75003707_alt2.jpg?sw=500", "unique_id": "ed02eae90d834307b858c3a1412744ba", "trending_score": "0.0", "price": 80.0, "discounted_price": 0.0, "currency": "GBP", "product_code": "ed02eae90d834307b858c3a1412744ba", "affinity_score": 0.0, "brand": "v_bonmarche_uk_usc", "store": "v_bonmarche_uk_usc", "streamoid_urls": null}, {"title": "Frill Front Floral Dress", "gender": "women", "category": "dresses", "color": null, "product_url": "https://www.bonmarche.co.uk/dresses/frill-front-floral-dress-031516.html?dwvar_031516_color=53&cgid=womens-dresses", "thumbnail_url": ["http://d1q9qhpdr6ehzh.cloudfront.net/f7244a675190b247ea7a57efd472965c"], "chatbot_image": "https://www.bonmarche.co.uk/dw/image/v2/BBCZ_PRD/on/demandware.static/-/Sites-master-catalog-bonmarche/default/dweee39f18/zoom/03/03151653_alt1.jpg?sw=500,https://www.bonmarche.co.uk/dw/image/v2/BBCZ_PRD/on/demandware.static/-/Sites-master-catalog-bonmarche/default/dw0bf2367b/zoom/03/03151653_alt3.jpg?sw=500,https://www.bonmarche.co.uk/dw/image/v2/BBCZ_PRD/on/demandware.static/-/Sites-master-catalog-bonmarche/default/dwce96b2c5/zoom/03/03151653_alt2.jpg?sw=500", "unique_id": "5eee2925a7704ae6bdce3646fbd78f64", "trending_score": "0.0", "price": 24.0, "discounted_price": 0.0, "currency": "GBP", "product_code": "5eee2925a7704ae6bdce3646fbd78f64", "affinity_score": 0.0, "brand": "v_bonmarche_uk_usc", "store": "v_bonmarche_uk_usc", "streamoid_urls": null}, {"title": "Layered pleated hem sleeveless crepe dress", "gender": "women", "category": "dresses", "color": "black black black black black black black black black black", "product_url": "https://www.lanecrawford.com/pdp/AUW586", "thumbnail_url": ["http://d1q9qhpdr6ehzh.cloudfront.net/04a48ecc48c9bf0b1b1007da15eb054d"], "chatbot_image": "http://media.lanecrawford.com/A/U/W/AUW586_in_xl.jpg,http://media.lanecrawford.com/A/U/W/AUW586_bk_xl.jpg,http://media.lanecrawford.com/A/U/W/AUW586_4_xl.jpg,http://media.lanecrawford.com/A/U/W/AUW586_ro_xl.jpg", "unique_id": "147358092ae74426a81353b091b5cba9", "trending_score": "0.0", "price": 19800.0, "discounted_price": 19800.0, "currency": "HKD", "product_code": "AUW586", "affinity_score": 0.0, "brand": "OSCAR DE LA RENTA", "store": "v_lane_crawford", "streamoid_urls": null}, {"title": "'Tatienne' colourblock keyhole front dress", "gender": "women", "category": "dresses", "color": "black black black black black black black black black black", "product_url": "https://www.lanecrawford.com.cn/pdp/AQJ031", "thumbnail_url": ["http://d1q9qhpdr6ehzh.cloudfront.net/05149b846bb5100af32bc58891598fa2"], "chatbot_image": "http://media.lanecrawford.com.cn/A/Q/J/AQJ031_in_xl.jpg,http://media.lanecrawford.com.cn/A/Q/J/AQJ031_bk_xl.jpg,http://media.lanecrawford.com.cn/A/Q/J/AQJ031_4_xl.jpg,http://media.lanecrawford.com.cn/A/Q/J/AQJ031_ro_xl.jpg", "unique_id": "14e926c739ea4b8d96114084dbc710ac", "trending_score": "0.0", "price": 2600.0, "discounted_price": 1040.0, "currency": "RMB", "product_code": "AQJ031", "affinity_score": 0.0, "brand": "EQUIPMENT", "store": "v_lane_crawford", "streamoid_urls": null}, {"title": "'Paula' one shoulder dress", "gender": "women", "category": "dresses", "color": "black black black black black black charcoal gray charcoal gray charcoal gray charcoal gray", "product_url": "https://www.lanecrawford.com/pdp/ARL223", "thumbnail_url": ["http://d1q9qhpdr6ehzh.cloudfront.net/07f3f87799240c1bf883e0a24e5ddf78"], "chatbot_image": "http://media.lanecrawford.com/A/R/L/ARL223_in_xl.jpg,http://media.lanecrawford.com/A/R/L/ARL223_bk_xl.jpg,http://media.lanecrawford.com/A/R/L/ARL223_4_xl.jpg,http://media.lanecrawford.com/A/R/L/ARL223_ro_xl.jpg", "unique_id": "51c4826884d6489db64fb15b3b453ab1", "trending_score": "0.0", "price": 1900.0, "discounted_price": 760.0, "currency": "HKD", "product_code": "ARL223", "affinity_score": 0.0, "brand": "STAUD", "store": "v_lane_crawford", "streamoid_urls": null}, {"title": "Plain Overhead Shoulder Kaftan", "gender": "women", "category": "dresses", "color": null, "product_url": "https://www.bonmarche.co.uk/swim-and-beachwear/plain-overhead-shoulder-kaftan-171449.html?dwvar_171449_color=07&cgid=womens-swimwear", "thumbnail_url": ["http://d1q9qhpdr6ehzh.cloudfront.net/60ed82ab78ba91bc344648c56eafb94d"], "chatbot_image": "https://www.bonmarche.co.uk/dw/image/v2/BBCZ_PRD/on/demandware.static/-/Sites-master-catalog-bonmarche/default/dw391cf60f/zoom/17/17144907_alt1.jpg?sw=500,https://www.bonmarche.co.uk/dw/image/v2/BBCZ_PRD/on/demandware.static/-/Sites-master-catalog-bonmarche/default/dwef66d173/zoom/17/17144907_alt3.jpg?sw=500,https://www.bonmarche.co.uk/dw/image/v2/BBCZ_PRD/on/demandware.static/-/Sites-master-catalog-bonmarche/default/dw278c58a8/zoom/17/17144907_alt2.jpg?sw=500", "unique_id": "3af011e314c2499cb4121c9bedeb21fd", "trending_score": "0.0", "price": 10.0, "discounted_price": 0.0, "currency": "GBP", "product_code": "3af011e314c2499cb4121c9bedeb21fd", "affinity_score": 0.0, "brand": "v_bonmarche_uk_usc", "store": "v_bonmarche_uk_usc", "streamoid_urls": null}, {"title": "Crinkle Cotton Cover Up", "gender": "women", "category": "dresses", "color": "black black black black black black black black black black", "product_url": "https://www.seafolly.com/au/crinkle-cotton-cover-up/53868-CU-Black.html?dwvar_53868-CU-Black_color=Black&cgid=clothing-all_clothing-kaftans", "thumbnail_url": ["http://d1q9qhpdr6ehzh.cloudfront.net/2ca6c53848df3c382b43e4803ea6c0f9"], "chatbot_image": "https://www.seafolly.com/on/demandware.static/-/Sites-seafolly-master-catalog/default/dwdbf1dc2d/images/53868-CU/53868-CU_Black_1.jpg,https://www.seafolly.com/on/demandware.static/-/Sites-seafolly-master-catalog/default/dw67af401a/images/53868-CU/53868-CU_Black_2.jpg", "unique_id": "66770e449a8d43d3893c2c883de426a2", "trending_score": "0.0", "price": 0.0, "discounted_price": 0.0, "currency": "INR", "product_code": "76ff45a5e9c9eb35aee4004f03b6636c_seafolly_com", "affinity_score": 0.0, "brand": null, "store": "seafolly_com", "streamoid_urls": null}, {"title": "Chain strap linen blend dress", "gender": "women", "category": "dresses", "color": "black black black black black black black black black black", "product_url": "https://www.lanecrawford.com/pdp/AVK652", "thumbnail_url": ["http://d1q9qhpdr6ehzh.cloudfront.net/3c58134f3c0eec412b961d46a8d1b6d3"], "chatbot_image": "http://media.lanecrawford.com/A/V/K/AVK652_in_xl.jpg,http://media.lanecrawford.com/A/V/K/AVK652_bk_xl.jpg,http://media.lanecrawford.com/A/V/K/AVK652_4_xl.jpg,http://media.lanecrawford.com/A/V/K/AVK652_ro_xl.jpg", "unique_id": "40e534a0124d4dfba83202c2bad915b9", "trending_score": "0.0", "price": 1900.0, "discounted_price": 1900.0, "currency": "HKD", "product_code": "AVK652", "affinity_score": 0.0, "brand": "SOLID & STRIPED", "store": "v_lane_crawford", "streamoid_urls": null}, {"title": "Lace Up Cotton Beach Shirt", "gender": "women", "category": "dresses", "color": "black black black black black black black black black black", "product_url": "https://www.boohoo.com/lace-up-cotton-beach-shirt/SZZ85887.html", "thumbnail_url": ["http://d1q9qhpdr6ehzh.cloudfront.net/4efd75611eea0c39a615e2c8b5c0701b"], "chatbot_image": "https://media.boohoo.com/i/boohoo/szz85887_black_xl/womens-black-lace-up-cotton-beach-shirt?%24product_page_main_magic_zoom%24%201x,%20//media.boohoo.com/i/boohoo/szz85887_black_xl/womens-black-lace-up-cotton-beach-shirt?%24product_page_main_magic_zoom_2x%24%202x,%20//media.boohoo.com/i/boohoo/szz85887_black_xl/womens-black-lace-up-cotton-beach-shirt?%24product_page_main_magic_zoom_3x%24%203x,https://media.boohoo.com/i/boohoo/szz85887_black_xl_1/black-lace-up-cotton-beach-shirt?%24product_page_main_magic_zoom%24,https://media.boohoo.com/i/boohoo/szz85887_black_xl_2/black-lace-up-cotton-beach-shirt?%24product_page_main_magic_zoom%24,https://media.boohoo.com/i/boohoo/szz85887_black_xl_3/black-lace-up-cotton-beach-shirt?%24product_page_main_magic_zoom%24", "unique_id": "b406d019d6aa4df09eef8858726cc843", "trending_score": "0.0", "price": 12.0, "discounted_price": 12.0, "currency": "INR", "product_code": "4efd75611eea0c39a615e2c8b5c0701b_boohoo_com", "affinity_score": 0.0, "brand": null, "store": "boohoo_com", "streamoid_urls": null}, {"title": "'Luna' colourblock intarsia dress", "gender": "women", "category": "dresses", "color": "black black black black black black black black black black", "product_url": "https://www.lanecrawford.com/pdp/AQV959", "thumbnail_url": ["http://d1q9qhpdr6ehzh.cloudfront.net/0a04640a7b1f338bb76ac4bf1bca2500"], "chatbot_image": "http://media.lanecrawford.com/A/Q/V/AQV959_in_xl.jpg,http://media.lanecrawford.com/A/Q/V/AQV959_bk_xl.jpg,http://media.lanecrawford.com/A/Q/V/AQV959_4_xl.jpg,http://media.lanecrawford.com/A/Q/V/AQV959_ro_xl.jpg", "unique_id": "06ccf17081244f539062e3e7dbd06ffc", "trending_score": "0.0", "price": 22000.0, "discounted_price": 11000.0, "currency": "HKD", "product_code": "AQV959", "affinity_score": 0.0, "brand": "VALENTINO", "store": "v_lane_crawford", "streamoid_urls": null}, {"title": "Chain-trimmed tweed mesh knit mini dress", "gender": "women", "category": "dresses", "color": "black black black black black black black black black black", "product_url": "https://www.lanecrawford.com/pdp/AUX329", "thumbnail_url": ["http://d1q9qhpdr6ehzh.cloudfront.net/0c1802f2f3eaf7cc79be281a3aca28ab"], "chatbot_image": "http://media.lanecrawford.com/A/U/X/AUX329_in_xl.jpg,http://media.lanecrawford.com/A/U/X/AUX329_bk_xl.jpg,http://media.lanecrawford.com/A/U/X/AUX329_4_xl.jpg,http://media.lanecrawford.com/A/U/X/AUX329_ro_xl.jpg", "unique_id": "3d474a638aaa4c8889633fea805a45c3", "trending_score": "0.0", "price": 16500.0, "discounted_price": 16500.0, "currency": "HKD", "product_code": "AUX329", "affinity_score": 0.0, "brand": "BALMAIN", "store": "v_lane_crawford", "streamoid_urls": null}, {"title": "Stripe Jersey Tunic With Pockets", "gender": "women", "category": "dresses", "color": "multicolor black black black black black black black black peach", "product_url": "https://www.bonmarche.co.uk/tops-and-t-shirts/stripe-jersey-tunic-with-pockets-091281.html?dwvar_091281_color=07&dwvar_091281_size=010", "thumbnail_url": ["http://d1q9qhpdr6ehzh.cloudfront.net/d4b5e157df9f2fdc66980e3eb0e03c0c"], "chatbot_image": "https://www.bonmarche.co.uk/dw/image/v2/BBCZ_PRD/on/demandware.static/-/Sites-master-catalog-bonmarche/default/dw29cf356a/zoom/09/09128107_alt1.jpg?sw=500,https://www.bonmarche.co.uk/dw/image/v2/BBCZ_PRD/on/demandware.static/-/Sites-master-catalog-bonmarche/default/dw61877a3b/zoom/09/09128107_alt3.jpg?sw=500,https://www.bonmarche.co.uk/dw/image/v2/BBCZ_PRD/on/demandware.static/-/Sites-master-catalog-bonmarche/default/dwd0155d8e/zoom/09/09128107_alt2.jpg?sw=500", "unique_id": "016155d67f3b4725a65df41b9b25ed99", "trending_score": "0.0", "price": 18.0, "discounted_price": 0.0, "currency": "GBP", "product_code": "016155d67f3b4725a65df41b9b25ed99", "affinity_score": 0.0, "brand": "v_bonmarche_uk_usc", "store": "v_bonmarche_uk_usc", "streamoid_urls": null}, {"title": "Sheer knit turtleneck sleeveless maxi dress", "gender": "women", "category": "dresses", "color": "black black black black black black black black black black", "product_url": "https://www.lanecrawford.com/pdp/AUE244", "thumbnail_url": ["http://d1q9qhpdr6ehzh.cloudfront.net/f915d4fcfc298e2c0ad06b77018c64ef"], "chatbot_image": "http://media.lanecrawford.com/A/U/E/AUE244_in_xl.jpg,http://media.lanecrawford.com/A/U/E/AUE244_fr_xl.jpg,http://media.lanecrawford.com/A/U/E/AUE244_bk_xl.jpg,http://media.lanecrawford.com/A/U/E/AUE244_4_xl.jpg", "unique_id": "0934dd43f6c34096ad93b5b630067b79", "trending_score": "0.0", "price": 1450.0, "discounted_price": 435.0, "currency": "HKD", "product_code": "AUE244", "affinity_score": 0.0, "brand": "M\u00c3\u0084RCHEN", "store": "v_lane_crawford", "streamoid_urls": null}, {"title": "Long sleeve turtleneck dress", "gender": "women", "category": "dresses", "color": "black black black black black black black black black black", "product_url": "https://www.lanecrawford.com.cn/pdp/ARL116", "thumbnail_url": ["http://d1q9qhpdr6ehzh.cloudfront.net/f75c3e7927e0459c85824026ab605435"], "chatbot_image": "http://media.lanecrawford.com.cn/A/R/L/ARL116_in_xl.jpg,http://media.lanecrawford.com.cn/A/R/L/ARL116_bk_xl.jpg,http://media.lanecrawford.com.cn/A/R/L/ARL116_4_xl.jpg,http://media.lanecrawford.com.cn/A/R/L/ARL116_ro_xl.jpg", "unique_id": "31aae08f06f4460aa7b1c2103feac187", "trending_score": "0.0", "price": 1100.0, "discounted_price": 440.0, "currency": "RMB", "product_code": "ARL116", "affinity_score": 0.0, "brand": "NORMA KAMALI", "store": "v_lane_crawford", "streamoid_urls": null}, {"title": "Contrast sash neck fringe hem wool knit dress", "gender": "women", "category": "dresses", "color": "black black black black black black black black black black", "product_url": "https://www.lanecrawford.com.cn/pdp/ARI133", "thumbnail_url": ["http://d1q9qhpdr6ehzh.cloudfront.net/5a3080ba853ca5455923a2e04620c4a6"], "chatbot_image": "http://media.lanecrawford.com.cn/A/R/I/ARI133_in_xl.jpg,http://media.lanecrawford.com.cn/A/R/I/ARI133_bk_xl.jpg,http://media.lanecrawford.com.cn/A/R/I/ARI133_4_xl.jpg,http://media.lanecrawford.com.cn/A/R/I/ARI133_ro_xl.jpg", "unique_id": "4b0a6932498342ba9d0b1356299a618b", "trending_score": "0.0", "price": 5200.0, "discounted_price": 2080.0, "currency": "RMB", "product_code": "ARI133", "affinity_score": 0.0, "brand": "TOGA ARCHIVES", "store": "v_lane_crawford", "streamoid_urls": null}, {"title": "Panelled blouson sleeveless dress", "gender": "women", "category": "dresses", "color": "black black black black black black black black black black", "product_url": "https://www.lanecrawford.com/pdp/AWJ410", "thumbnail_url": ["http://d1q9qhpdr6ehzh.cloudfront.net/0c7588991ea39ea6d4a08b6edb8932e8"], "chatbot_image": "http://media.lanecrawford.com/A/W/J/AWJ410_in_xl.jpg,http://media.lanecrawford.com/A/W/J/AWJ410_bk_xl.jpg,http://media.lanecrawford.com/A/W/J/AWJ410_4_xl.jpg,http://media.lanecrawford.com/A/W/J/AWJ410_ro_xl.jpg", "unique_id": "236eb8dee26247c7a1e4d0f7acf4971e", "trending_score": "0.0", "price": 4850.0, "discounted_price": 4850.0, "currency": "HKD", "product_code": "AWJ410", "affinity_score": 0.0, "brand": "THEORY", "store": "v_lane_crawford", "streamoid_urls": null}, {"title": "Leaf Print Hanky Hem Dress", "gender": "women", "category": "dresses", "color": null, "product_url": "https://www.bonmarche.co.uk/dresses/leaf-print-hanky-hem-dress-031512.html?dwvar_031512_color=07&cgid=womens-dresses", "thumbnail_url": ["http://d1q9qhpdr6ehzh.cloudfront.net/d9b6db04bf4b18e82835b387a2120850"], "chatbot_image": "https://www.bonmarche.co.uk/dw/image/v2/BBCZ_PRD/on/demandware.static/-/Sites-master-catalog-bonmarche/default/dw12bc0880/zoom/03/03151207_alt1.jpg?sw=500,https://www.bonmarche.co.uk/dw/image/v2/BBCZ_PRD/on/demandware.static/-/Sites-master-catalog-bonmarche/default/dwcbed9dc3/zoom/03/03151207_alt3.jpg?sw=500,https://www.bonmarche.co.uk/dw/image/v2/BBCZ_PRD/on/demandware.static/-/Sites-master-catalog-bonmarche/default/dwa9724231/zoom/03/03151207_alt2.jpg?sw=500", "unique_id": "a698d7c5ef984ac99a9fa7636b1df697", "trending_score": "0.0", "price": 24.0, "discounted_price": 0.0, "currency": "GBP", "product_code": "a698d7c5ef984ac99a9fa7636b1df697", "affinity_score": 0.0, "brand": "v_bonmarche_uk_usc", "store": "v_bonmarche_uk_usc", "streamoid_urls": null}, {"title": "Sheer Mesh Maxi Romper Dress", "gender": "women", "category": "dresses", "color": "black black black black black black black black black black", "product_url": "https://www.forever21.in/p/sheer-mesh-maxi-romper-dress-322914.html", "thumbnail_url": ["http://d1q9qhpdr6ehzh.cloudfront.net/df330f725f0a0006db54f61867493c22"], "chatbot_image": "https://forever21.imgix.net/img/app/product/3/322914-1610717-large.jpg,https://forever21.imgix.net/img/app/product/3/322914-1610718-large.jpg,https://forever21.imgix.net/img/app/product/3/322914-1610719-large.jpg,https://forever21.imgix.net/img/app/product/3/322914-1610720-large.jpg,https://forever21.imgix.net/img/app/product/3/322914-1610716.jpg", "unique_id": "a3c735d4285d49c7827cbb5908e3c5e2", "trending_score": "0.0", "price": 1599.0, "discounted_price": 1599.0, "currency": "INR", "product_code": "322914", "affinity_score": 0.0, "brand": "forever21", "store": "v_forever21", "streamoid_urls": null}, {"title": "Smocked Swing Dress", "gender": "women", "category": "dresses", "color": "black black black black black black white white white white", "product_url": "https://www.forever21.in/p/smocked-swing-dress-323095.html", "thumbnail_url": ["http://d1q9qhpdr6ehzh.cloudfront.net/29323f34c2567e0b8b6c27531c849d90"], "chatbot_image": "https://forever21.imgix.net/img/app/product/3/323095-1602950-large.jpg,https://forever21.imgix.net/img/app/product/3/323095-1602952-large.jpg,https://forever21.imgix.net/img/app/product/3/323095-1602955-large.jpg,https://forever21.imgix.net/img/app/product/3/323095-1602957-large.jpg,https://forever21.imgix.net/img/app/product/3/323095-1602948.jpg", "unique_id": "d08e8371d14a4085bdbfa9df2ee039ed", "trending_score": "0.0", "price": 1399.0, "discounted_price": 1399.0, "currency": "INR", "product_code": "323095", "affinity_score": 0.0, "brand": "forever21", "store": "v_forever21", "streamoid_urls": null}, {"title": "Cheetah Open-Shoulder Dress", "gender": "women", "category": "dresses", "color": "multicolor black black black black black black black black champagne", "product_url": "https://www.forever21.in/p/cheetah-open-shoulder-dress-322990.html", "thumbnail_url": ["http://d1q9qhpdr6ehzh.cloudfront.net/8a12376f32135633ebe09c77b21e93d8"], "chatbot_image": "https://forever21.imgix.net/img/app/product/3/322990-1518259-large.jpg,https://forever21.imgix.net/img/app/product/3/322990-1518260-large.jpg,https://forever21.imgix.net/img/app/product/3/322990-1518261-large.jpg,https://forever21.imgix.net/img/app/product/3/322990-1518262-large.jpg,https://forever21.imgix.net/img/app/product/3/322990-1518263-large.jpg,https://forever21.imgix.net/img/app/product/3/322990-1518258.jpg", "unique_id": "314fc58c32624439a3fec412d4b02306", "trending_score": "0.0", "price": 1699.0, "discounted_price": 1699.0, "currency": "INR", "product_code": "322990", "affinity_score": 0.0, "brand": "forever21", "store": "v_forever21", "streamoid_urls": null}, {"title": "Mock Button Fit &amp;amp; Flare Mini Dress", "gender": "women", "category": "dresses", "color": "black black black black black black black black black black", "product_url": "https://www.forever21.in/p/mock-button-fit-amp-flare-mini-dress-323652.html", "thumbnail_url": ["http://d1q9qhpdr6ehzh.cloudfront.net/3b9f462e3d43c06b7b817cfd1cacb786"], "chatbot_image": "https://forever21.imgix.net/img/app/product/3/323652-1599897-large.jpg,https://forever21.imgix.net/img/app/product/3/323652-1599898-large.jpg,https://forever21.imgix.net/img/app/product/3/323652-1599899-large.jpg,https://forever21.imgix.net/img/app/product/3/323652-1599900-large.jpg,https://forever21.imgix.net/img/app/product/3/323652-1599896.jpg", "unique_id": "e57257110d274d9587e6e3a281c74158", "trending_score": "0.0", "price": 1149.0, "discounted_price": 1299.0, "currency": "INR", "product_code": "323652", "affinity_score": 0.0, "brand": "forever21", "store": "v_forever21", "streamoid_urls": null}, {"title": "Keyhole-Back Dress", "gender": "women", "category": "dresses", "color": "black black black black black black black black black black", "product_url": "https://www.forever21.in/p/keyhole-back-dress-323018.html", "thumbnail_url": ["http://d1q9qhpdr6ehzh.cloudfront.net/d1e3844519c75f5f019fd4ba14535f5d"], "chatbot_image": "https://forever21.imgix.net/img/app/product/3/323018-1622896-large.jpg,https://forever21.imgix.net/img/app/product/3/323018-1622897-large.jpg,https://forever21.imgix.net/img/app/product/3/323018-1622898-large.jpg,https://forever21.imgix.net/img/app/product/3/323018-1622899-large.jpg,https://forever21.imgix.net/img/app/product/3/323018-1622895.jpg", "unique_id": "25f0ce2f543240d6817aa61952c46b8e", "trending_score": "0.0", "price": 1199.0, "discounted_price": 1199.0, "currency": "INR", "product_code": "323018", "affinity_score": 0.0, "brand": "forever21", "store": "v_forever21", "streamoid_urls": null}, {"title": "Ribbed Lace-Up Bodycon Dress", "gender": "women", "category": "dresses", "color": "black black black black black black black black black black", "product_url": "https://www.forever21.in/p/ribbed-lace-up-bodycon-dress-323204.html", "thumbnail_url": ["http://d1q9qhpdr6ehzh.cloudfront.net/cc48809c16b0f4fa5ab4318ec0bc3833"], "chatbot_image": "https://forever21.imgix.net/img/app/product/3/323204-1626172-large.jpg,https://forever21.imgix.net/img/app/product/3/323204-1626173-large.jpg,https://forever21.imgix.net/img/app/product/3/323204-1626174-large.jpg,https://forever21.imgix.net/img/app/product/3/323204-1626175-large.jpg,https://forever21.imgix.net/img/app/product/3/323204-1626171.jpg", "unique_id": "42220b1532ff44e4b99326d25cc20c52", "trending_score": "0.0", "price": 1699.0, "discounted_price": 1699.0, "currency": "INR", "product_code": "323204", "affinity_score": 0.0, "brand": "forever21", "store": "v_forever21", "streamoid_urls": null}, {"title": "Chiffon Ruffle Dress", "gender": "women", "category": "dresses", "color": "black black black black black black black black black black", "product_url": "https://www.forever21.in/p/chiffon-ruffle-dress-323994.html", "thumbnail_url": ["http://d1q9qhpdr6ehzh.cloudfront.net/e14385799203a8f3d0032fec9f4b89d4"], "chatbot_image": "https://forever21.imgix.net/img/app/product/3/323994-1625144-large.jpg,https://forever21.imgix.net/img/app/product/3/323994-1625145-large.jpg,https://forever21.imgix.net/img/app/product/3/323994-1625146-large.jpg,https://forever21.imgix.net/img/app/product/3/323994-1625147-large.jpg,https://forever21.imgix.net/img/app/product/3/323994-1625143.jpg", "unique_id": "f50bb9e23de14048a202f5c35869db68", "trending_score": "0.0", "price": 1699.0, "discounted_price": 1699.0, "currency": "INR", "product_code": "323994", "affinity_score": 0.0, "brand": "forever21", "store": "v_forever21", "streamoid_urls": null}, {"title": "'Quinta' pleated tiered dress", "gender": "women", "category": "dresses", "color": "black black black black black black black black black black", "product_url": "https://www.lanecrawford.com.cn/pdp/ARG527", "thumbnail_url": ["http://d1q9qhpdr6ehzh.cloudfront.net/9006bcb9c243faf3f3299d2747985e30"], "chatbot_image": "http://media.lanecrawford.com.cn/A/R/G/ARG527_in_xl.jpg,http://media.lanecrawford.com.cn/A/R/G/ARG527_bk_xl.jpg,http://media.lanecrawford.com.cn/A/R/G/ARG527_ro_xl.jpg", "unique_id": "2181a8cb8a4a45cbb1b45ddb5056e5d0", "trending_score": "0.0", "price": 14700.0, "discounted_price": 4410.0, "currency": "RMB", "product_code": "ARG527", "affinity_score": 0.0, "brand": "LEAL DACCARETT", "store": "v_lane_crawford", "streamoid_urls": null}, {"title": "'Clyde' patchwork wool blend shift dress", "gender": "women", "category": "dresses", "color": "black black black black black black black black black black", "product_url": "https://www.lanecrawford.com/pdp/AVL600", "thumbnail_url": ["http://d1q9qhpdr6ehzh.cloudfront.net/87b8dc71b7183bacebe5641f7df3ee6c"], "chatbot_image": "http://media.lanecrawford.com/A/V/L/AVL600_in_xl.jpg,http://media.lanecrawford.com/A/V/L/AVL600_bk_xl.jpg,http://media.lanecrawford.com/A/V/L/AVL600_4_xl.jpg,http://media.lanecrawford.com/A/V/L/AVL600_ro_xl.jpg", "unique_id": "4164cd23c907461894571be6cea01d6b", "trending_score": "0.0", "price": 2990.0, "discounted_price": 2990.0, "currency": "HKD", "product_code": "AVL600", "affinity_score": 0.0, "brand": "ALICE + OLIVIA", "store": "v_lane_crawford", "streamoid_urls": null}, {"title": "Floral lace button up bishop sleeve dress", "gender": "women", "category": "dresses", "color": "black black black black black black black black black black", "product_url": "https://www.lanecrawford.com/pdp/AUJ070", "thumbnail_url": ["http://d1q9qhpdr6ehzh.cloudfront.net/a05237c75176aaaabce19d38324f3b20"], "chatbot_image": "http://media.lanecrawford.com/A/U/J/AUJ070_in_xl.jpg,http://media.lanecrawford.com/A/U/J/AUJ070_bk_xl.jpg,http://media.lanecrawford.com/A/U/J/AUJ070_4_xl.jpg,http://media.lanecrawford.com/A/U/J/AUJ070_ro_xl.jpg", "unique_id": "14705dd386c245ae96f23db7bbc4eed7", "trending_score": "0.0", "price": 33900.0, "discounted_price": 33900.0, "currency": "HKD", "product_code": "AUJ070", "affinity_score": 0.0, "brand": "GUCCI", "store": "v_lane_crawford", "streamoid_urls": null}, {"title": "'Avery' panelled mixed floral print ruffle lace trim sheer dress", "gender": "women", "category": "dresses", "color": "black black black black black black black black black black", "product_url": "https://www.lanecrawford.com/pdp/ARK514", "thumbnail_url": ["http://d1q9qhpdr6ehzh.cloudfront.net/920bb95304731d4a217cb48e5faf420b"], "chatbot_image": "http://media.lanecrawford.com/A/R/K/ARK514_in_xl.jpg,http://media.lanecrawford.com/A/R/K/ARK514_bk_xl.jpg,http://media.lanecrawford.com/A/R/K/ARK514_4_xl.jpg,http://media.lanecrawford.com/A/R/K/ARK514_ro_xl.jpg", "unique_id": "03c0f421674a49fb825a533fd9dca191", "trending_score": "0.0", "price": 3900.0, "discounted_price": 1170.0, "currency": "HKD", "product_code": "ARK514", "affinity_score": 0.0, "brand": "JONATHAN LIANG", "store": "v_lane_crawford", "streamoid_urls": null}, {"title": "Sequin embellished turtleneck fishtail dress", "gender": "women", "category": "dresses", "color": "black black black black black black black black black black", "product_url": "https://www.lanecrawford.com/pdp/AUR977", "thumbnail_url": ["http://d1q9qhpdr6ehzh.cloudfront.net/b29b23ab8a394ff9229bb816be44debe"], "chatbot_image": "http://media.lanecrawford.com/A/U/R/AUR977_in_xl.jpg,http://media.lanecrawford.com/A/U/R/AUR977_bk_xl.jpg,http://media.lanecrawford.com/A/U/R/AUR977_4_xl.jpg,http://media.lanecrawford.com/A/U/R/AUR977_ro_xl.jpg", "unique_id": "2f1b8171493a458781b56e660493bf0d", "trending_score": "0.0", "price": 3400.0, "discounted_price": 3400.0, "currency": "HKD", "product_code": "AUR977", "affinity_score": 0.0, "brand": "NORMA KAMALI", "store": "v_lane_crawford", "streamoid_urls": null}, {"title": "Floral sequin embellished dress", "gender": "women", "category": "dresses", "color": "black black black black black black black black black black", "product_url": "https://www.lanecrawford.com/pdp/AUU084", "thumbnail_url": ["http://d1q9qhpdr6ehzh.cloudfront.net/14a3262c19c04ced73c65f5854ffaf24"], "chatbot_image": "http://media.lanecrawford.com/A/U/U/AUU084_in_xl.jpg,http://media.lanecrawford.com/A/U/U/AUU084_bk_xl.jpg,http://media.lanecrawford.com/A/U/U/AUU084_4_xl.jpg,http://media.lanecrawford.com/A/U/U/AUU084_ro_xl.jpg", "unique_id": "064328f5bd28401698bf3f04677f5072", "trending_score": "0.0", "price": 4800.0, "discounted_price": 4800.0, "currency": "HKD", "product_code": "AUU084", "affinity_score": 0.0, "brand": "SELF-PORTRAIT", "store": "v_lane_crawford", "streamoid_urls": null}, {"title": "Asymmetric lace shoulder dress", "gender": "women", "category": "dresses", "color": "black black black black black black black black black black", "product_url": "https://www.lanecrawford.com/pdp/AUW587", "thumbnail_url": ["http://d1q9qhpdr6ehzh.cloudfront.net/6ae920f8084b6a5745bb5684c524f544"], "chatbot_image": "http://media.lanecrawford.com/A/U/W/AUW587_in_xl.jpg,http://media.lanecrawford.com/A/U/W/AUW587_bk_xl.jpg,http://media.lanecrawford.com/A/U/W/AUW587_4_xl.jpg,http://media.lanecrawford.com/A/U/W/AUW587_ro_xl.jpg", "unique_id": "07595d762551411e93bb90c89abbe525", "trending_score": "0.0", "price": 27100.0, "discounted_price": 27100.0, "currency": "HKD", "product_code": "AUW587", "affinity_score": 0.0, "brand": "OSCAR DE LA RENTA", "store": "v_lane_crawford", "streamoid_urls": null}, {"title": "Lace belted dress", "gender": "women", "category": "dresses", "color": "black black black black black black black black black black", "product_url": "https://www.lanecrawford.com/pdp/BKK839", "thumbnail_url": ["http://d1q9qhpdr6ehzh.cloudfront.net/4387ab2e803e71c0301ecfa59a04c8a0"], "chatbot_image": "http://media.lanecrawford.com/B/K/K/BKK839_in_xl.jpg,http://media.lanecrawford.com/B/K/K/BKK839_bk_xl.jpg,http://media.lanecrawford.com/B/K/K/BKK839_4_xl.jpg,http://media.lanecrawford.com/B/K/K/BKK839_ro_xl.jpg", "unique_id": "18a73338368545e193fd3e056755e3d0", "trending_score": "0.0", "price": 10000.0, "discounted_price": 10000.0, "currency": "HKD", "product_code": "BKK839", "affinity_score": 0.0, "brand": "SACAI", "store": "v_lane_crawford", "streamoid_urls": null}, {"title": "Floral embroidered sheer panel dress", "gender": "women", "category": "dresses", "color": "black black black black black black black black black black", "product_url": "https://www.lanecrawford.com.cn/pdp/ARE587", "thumbnail_url": ["http://d1q9qhpdr6ehzh.cloudfront.net/d27931a71a21ccd9a90041ca82605c42"], "chatbot_image": "http://media.lanecrawford.com.cn/A/R/E/ARE587_in_xl.jpg,http://media.lanecrawford.com.cn/A/R/E/ARE587_bk_xl.jpg,http://media.lanecrawford.com.cn/A/R/E/ARE587_4_xl.jpg,http://media.lanecrawford.com.cn/A/R/E/ARE587_ro_xl.jpg", "unique_id": "12d0e5226a9a4461867761e7635fdac7", "trending_score": "0.0", "price": 19740.0, "discounted_price": 7896.0, "currency": "RMB", "product_code": "ARE587", "affinity_score": 0.0, "brand": "AMIRI", "store": "v_lane_crawford", "streamoid_urls": null}, {"title": "Lace trim pleated metallic leopard devor\u00c3\u00a9 V-neck mini dress", "gender": "women", "category": "dresses", "color": "black black black black black black black black black black", "product_url": "https://www.lanecrawford.com.cn/pdp/ARJ174", "thumbnail_url": ["http://d1q9qhpdr6ehzh.cloudfront.net/b9509bc3f20875ab519936dc377c181a"], "chatbot_image": "http://media.lanecrawford.com.cn/A/R/J/ARJ174_in_xl.jpg,http://media.lanecrawford.com.cn/A/R/J/ARJ174_bk_xl.jpg,http://media.lanecrawford.com.cn/A/R/J/ARJ174_4_xl.jpg,http://media.lanecrawford.com.cn/A/R/J/ARJ174_ro_xl.jpg", "unique_id": "1caf559120b54c4ebd9b7aa4215869c6", "trending_score": "0.0", "price": 3400.0, "discounted_price": 1360.0, "currency": "RMB", "product_code": "ARJ174", "affinity_score": 0.0, "brand": "SELF-PORTRAIT", "store": "v_lane_crawford", "streamoid_urls": null}, {"title": "Button Back Linen Blend Dress", "gender": "women", "category": "dresses", "color": null, "product_url": "https://www.bonmarche.co.uk/dresses/button-back-linen-blend-dress-031605.html?dwvar_031605_color=07&cgid=womens-dresses", "thumbnail_url": ["http://d1q9qhpdr6ehzh.cloudfront.net/a4f58cc402de550f4af827e6eabcbbb6"], "chatbot_image": "https://www.bonmarche.co.uk/dw/image/v2/BBCZ_PRD/on/demandware.static/-/Sites-master-catalog-bonmarche/default/dw4e2ac871/zoom/03/03160507_alt1.jpg?sw=500,https://www.bonmarche.co.uk/dw/image/v2/BBCZ_PRD/on/demandware.static/-/Sites-master-catalog-bonmarche/default/dw6e2c3e4a/zoom/03/03160507_alt3.jpg?sw=500,https://www.bonmarche.co.uk/dw/image/v2/BBCZ_PRD/on/demandware.static/-/Sites-master-catalog-bonmarche/default/dw5c8ef53b/zoom/03/03160507_alt2.jpg?sw=500", "unique_id": "34ddc1a6a322464390e78ffadf0c4696", "trending_score": "0.0", "price": 25.0, "discounted_price": 0.0, "currency": "GBP", "product_code": "34ddc1a6a322464390e78ffadf0c4696", "affinity_score": 0.0, "brand": "v_bonmarche_uk_usc", "store": "v_bonmarche_uk_usc", "streamoid_urls": null}, {"title": "Isla & Rose Dip Hem Frill Dress", "gender": "women", "category": "dresses", "color": null, "product_url": "https://www.bonmarche.co.uk/dresses/isla-and-rose-dip-hem-frill-dress-431126.html?dwvar_431126_color=07&cgid=womens-dresses", "thumbnail_url": ["http://d1q9qhpdr6ehzh.cloudfront.net/3125e4db014bb198a5e2fabfe05d221d"], "chatbot_image": "https://www.bonmarche.co.uk/dw/image/v2/BBCZ_PRD/on/demandware.static/-/Sites-master-catalog-bonmarche/default/dw22aed019/zoom/43/43112607_alt1.jpg?sw=500,https://www.bonmarche.co.uk/dw/image/v2/BBCZ_PRD/on/demandware.static/-/Sites-master-catalog-bonmarche/default/dw4d21342e/zoom/43/43112607_alt3.jpg?sw=500,https://www.bonmarche.co.uk/dw/image/v2/BBCZ_PRD/on/demandware.static/-/Sites-master-catalog-bonmarche/default/dw143b1d77/zoom/43/43112607_alt2.jpg?sw=500", "unique_id": "079d323c6bbe45678fc51a5d543f2125", "trending_score": "0.0", "price": 25.0, "discounted_price": 0.0, "currency": "GBP", "product_code": "079d323c6bbe45678fc51a5d543f2125", "affinity_score": 0.0, "brand": "v_bonmarche_uk_usc", "store": "v_bonmarche_uk_usc", "streamoid_urls": null}, {"title": "Embroidered Overhead Kaftan", "gender": "women", "category": "dresses", "color": null, "product_url": "https://www.bonmarche.co.uk/swim-and-beachwear/embroidered-overhead-kaftan-171470.html?dwvar_171470_color=07&cgid=womens-swimwear", "thumbnail_url": ["http://d1q9qhpdr6ehzh.cloudfront.net/bb4f0021b931ceb603c5266bfe7a538c"], "chatbot_image": "https://www.bonmarche.co.uk/dw/image/v2/BBCZ_PRD/on/demandware.static/-/Sites-master-catalog-bonmarche/default/dw91b38e52/zoom/17/17147007_alt1.jpg?sw=500,https://www.bonmarche.co.uk/dw/image/v2/BBCZ_PRD/on/demandware.static/-/Sites-master-catalog-bonmarche/default/dw77765833/zoom/17/17147007_alt3.jpg?sw=500,https://www.bonmarche.co.uk/dw/image/v2/BBCZ_PRD/on/demandware.static/-/Sites-master-catalog-bonmarche/default/dw77f2644c/zoom/17/17147007_alt2.jpg?sw=500", "unique_id": "5ee89e222ebb4d69b79c23317b5467bc", "trending_score": "0.0", "price": 25.0, "discounted_price": 0.0, "currency": "GBP", "product_code": "5ee89e222ebb4d69b79c23317b5467bc", "affinity_score": 0.0, "brand": "v_bonmarche_uk_usc", "store": "v_bonmarche_uk_usc", "streamoid_urls": null}, {"title": "Bride's Squad Sleep Tee", "gender": "women", "category": "dresses", "color": "black black black black black black black black black black", "product_url": "https://www.boohoo.com/brides-squad-sleep-tee/LZZ90837.html", "thumbnail_url": ["http://d1q9qhpdr6ehzh.cloudfront.net/f5cc774becf4f524fc162403d1a0a8bb"], "chatbot_image": "https://media.boohoo.com/i/boohoo/lzz90837_black_xl/womens-black-bride's-squad-sleep-tee?%24product_page_main_magic_zoom%24%201x,%20//media.boohoo.com/i/boohoo/lzz90837_black_xl/womens-black-bride's-squad-sleep-tee?%24product_page_main_magic_zoom_2x%24%202x,%20//media.boohoo.com/i/boohoo/lzz90837_black_xl/womens-black-bride's-squad-sleep-tee?%24product_page_main_magic_zoom_3x%24%203x,https://media.boohoo.com/i/boohoo/lzz90837_black_xl_1/black-bride's-squad-sleep-tee?%24product_page_main_magic_zoom%24,https://media.boohoo.com/i/boohoo/lzz90837_black_xl_2/black-bride's-squad-sleep-tee?%24product_page_main_magic_zoom%24,https://media.boohoo.com/i/boohoo/lzz90837_black_xl_3/black-bride's-squad-sleep-tee?%24product_page_main_magic_zoom%24", "unique_id": "fd886a0cee4144ab8a7b781edcaa86fd", "trending_score": "0.0", "price": 8.0, "discounted_price": 8.0, "currency": "INR", "product_code": "f5cc774becf4f524fc162403d1a0a8bb_boohoo_com", "affinity_score": 0.0, "brand": null, "store": "boohoo_com", "streamoid_urls": null}, {"title": "'Insecta' ruffle V-neck midi dress", "gender": "women", "category": "dresses", "color": "black black black black black black black black black black", "product_url": "https://www.lanecrawford.com/pdp/AUQ628", "thumbnail_url": ["http://d1q9qhpdr6ehzh.cloudfront.net/811b778d24ba04e46a1c07795ae66eb0"], "chatbot_image": "http://media.lanecrawford.com/A/U/Q/AUQ628_in_xl.jpg,http://media.lanecrawford.com/A/U/Q/AUQ628_bk_xl.jpg,http://media.lanecrawford.com/A/U/Q/AUQ628_4_xl.jpg,http://media.lanecrawford.com/A/U/Q/AUQ628_ro_xl.jpg", "unique_id": "42fa0fcb290649c3a006969037cdea4e", "trending_score": "0.0", "price": 10200.0, "discounted_price": 10200.0, "currency": "HKD", "product_code": "AUQ628", "affinity_score": 0.0, "brand": "MATICEVSKI", "store": "v_lane_crawford", "streamoid_urls": null}, {"title": "dresses", "gender": "women", "category": "dresses", "color": "black black black black black black black black black black", "product_url": "https://i.pinimg.com", "thumbnail_url": ["http://d1q9qhpdr6ehzh.cloudfront.net/thumbnail/82c69ea327f8ea300dd1ca634b98e706"], "chatbot_image": null, "unique_id": "e90b1f82b57e430385c05ef696f059ea", "trending_score": "0.0", "price": 100.0, "discounted_price": 0.0, "currency": "INR", "product_code": "6162", "affinity_score": 0.0, "brand": "asos", "store": "v_website_demo", "streamoid_urls": null}, {"title": "Mock Neck Fit &amp;amp; Flare Dress", "gender": "women", "category": "dresses", "color": "black black black black black black black black black black", "product_url": "https://www.forever21.in/p/mock-neck-fit-amp-flare-dress-323073.html", "thumbnail_url": ["http://d1q9qhpdr6ehzh.cloudfront.net/112bde616d66484925e84f2a983d2e90"], "chatbot_image": "https://forever21.imgix.net/img/app/product/3/323073-1518511-large.jpg,https://forever21.imgix.net/img/app/product/3/323073-1518512-large.jpg,https://forever21.imgix.net/img/app/product/3/323073-1518513-large.jpg,https://forever21.imgix.net/img/app/product/3/323073-1518514-large.jpg,https://forever21.imgix.net/img/app/product/3/323073-1518510.jpg", "unique_id": "eef78d0773824a1cbdd687e8128e2131", "trending_score": "0.0", "price": 999.0, "discounted_price": 999.0, "currency": "INR", "product_code": "323073", "affinity_score": 0.0, "brand": "forever21", "store": "v_forever21", "streamoid_urls": null}, {"title": "Button-Front Midi Dress", "gender": "women", "category": "dresses", "color": "black black black black black black black black black black", "product_url": "https://www.forever21.in/p/button-front-midi-dress-323316.html", "thumbnail_url": ["http://d1q9qhpdr6ehzh.cloudfront.net/aa990c83089d14453f17c97a02c0fd42"], "chatbot_image": "https://forever21.imgix.net/img/app/product/3/323316-1519285-large.jpg,https://forever21.imgix.net/img/app/product/3/323316-1519286-large.jpg,https://forever21.imgix.net/img/app/product/3/323316-1519287-large.jpg,https://forever21.imgix.net/img/app/product/3/323316-1519288-large.jpg,https://forever21.imgix.net/img/app/product/3/323316-1519284.jpg", "unique_id": "055ff3e38b74414cb3d33a42d8f4f29a", "trending_score": "0.0", "price": 1899.0, "discounted_price": 1899.0, "currency": "INR", "product_code": "323316", "affinity_score": 0.0, "brand": "forever21", "store": "v_forever21", "streamoid_urls": null}, {"title": "'Tresa' cold shoulder midi dress", "gender": "women", "category": "dresses", "color": "black black black black black black black black black black", "product_url": "https://www.lanecrawford.com/pdp/AUQ785", "thumbnail_url": ["http://d1q9qhpdr6ehzh.cloudfront.net/70762565bf3e06527f9024973b1e6350"], "chatbot_image": "http://media.lanecrawford.com/A/U/Q/AUQ785_in_xl.jpg,http://media.lanecrawford.com/A/U/Q/AUQ785_bk_xl.jpg,http://media.lanecrawford.com/A/U/Q/AUQ785_4_xl.jpg,http://media.lanecrawford.com/A/U/Q/AUQ785_ro_xl.jpg", "unique_id": "1eec528571ce48ddad1d70d65d9a7728", "trending_score": "0.0", "price": 8800.0, "discounted_price": 8800.0, "currency": "HKD", "product_code": "AUQ785", "affinity_score": 0.0, "brand": "ROKSANDA", "store": "v_lane_crawford", "streamoid_urls": null}, {"title": "Pleated hem satin dress", "gender": "women", "category": "dresses", "color": "black black black black black black black black black black", "product_url": "https://www.lanecrawford.com/pdp/ARG410", "thumbnail_url": ["http://d1q9qhpdr6ehzh.cloudfront.net/8b1cd3f1bf79a1a92fe7281860c7915c"], "chatbot_image": "http://media.lanecrawford.com/A/R/G/ARG410_in_xl.jpg,http://media.lanecrawford.com/A/R/G/ARG410_bk_xl.jpg,http://media.lanecrawford.com/A/R/G/ARG410_ro_xl.jpg", "unique_id": "033c63f91ddf424c9bf84a71e8ab0086", "trending_score": "0.0", "price": 9600.0, "discounted_price": 3840.0, "currency": "HKD", "product_code": "ARG410", "affinity_score": 0.0, "brand": "CECILIE BAHNSEN", "store": "v_lane_crawford", "streamoid_urls": null}, {"title": "'Chrysalis' asymmetric V-neck dress", "gender": "women", "category": "dresses", "color": "black black black black black black black black black black", "product_url": "https://www.lanecrawford.com/pdp/AUQ622", "thumbnail_url": ["http://d1q9qhpdr6ehzh.cloudfront.net/15ac716ff96bf51b8b1ca548b1a5a30f"], "chatbot_image": "http://media.lanecrawford.com/A/U/Q/AUQ622_in_xl.jpg,http://media.lanecrawford.com/A/U/Q/AUQ622_bk_xl.jpg,http://media.lanecrawford.com/A/U/Q/AUQ622_4_xl.jpg,http://media.lanecrawford.com/A/U/Q/AUQ622_ro_xl.jpg", "unique_id": "3cc70c81b48f456ea7278ff7f17547e6", "trending_score": "0.0", "price": 11000.0, "discounted_price": 11000.0, "currency": "HKD", "product_code": "AUQ622", "affinity_score": 0.0, "brand": "MATICEVSKI", "store": "v_lane_crawford", "streamoid_urls": null}, {"title": "dresses", "gender": "women", "category": "dresses", "color": "black black black black black black black black black black", "product_url": "https://promgirl.com", "thumbnail_url": ["http://d1q9qhpdr6ehzh.cloudfront.net/thumbnail/fbef6460e3638ceb18ed4718765ec5e0"], "chatbot_image": null, "unique_id": "a0b760bf99774653b792ea7a2f3f1986", "trending_score": "0.0", "price": 100.0, "discounted_price": 0.0, "currency": "INR", "product_code": "6165", "affinity_score": 0.0, "brand": "asos", "store": "v_website_demo", "streamoid_urls": null}, {"title": "Feather halter neck sleeveless dress", "gender": "women", "category": "dresses", "color": "black black black black black black black black black black", "product_url": "https://www.lanecrawford.com/pdp/AUR441", "thumbnail_url": ["http://d1q9qhpdr6ehzh.cloudfront.net/bdb6118660eaf4d0169f57e93ac5991a"], "chatbot_image": "http://media.lanecrawford.com/A/U/R/AUR441_in_xl.jpg,http://media.lanecrawford.com/A/U/R/AUR441_bk_xl.jpg,http://media.lanecrawford.com/A/U/R/AUR441_4_xl.jpg,http://media.lanecrawford.com/A/U/R/AUR441_ro_xl.jpg", "unique_id": "353b9f4df3a640a59865629ec4ffda31", "trending_score": "0.0", "price": 19100.0, "discounted_price": 19100.0, "currency": "HKD", "product_code": "AUR441", "affinity_score": 0.0, "brand": "16ARLINGTON", "store": "v_lane_crawford", "streamoid_urls": null}, {"title": "Ruffle panel crepe and lace mini dress", "gender": "women", "category": "dresses", "color": "black black black black black black black black black black", "product_url": "https://www.lanecrawford.com/pdp/AUU086", "thumbnail_url": ["http://d1q9qhpdr6ehzh.cloudfront.net/eb5bdf2d1ce9c9b84cf937b9da9ac144"], "chatbot_image": "http://media.lanecrawford.com/A/U/U/AUU086_in_xl.jpg,http://media.lanecrawford.com/A/U/U/AUU086_bk_xl.jpg,http://media.lanecrawford.com/A/U/U/AUU086_4_xl.jpg,http://media.lanecrawford.com/A/U/U/AUU086_ro_xl.jpg", "unique_id": "3e069418020b44b8abd645d4c393144f", "trending_score": "0.0", "price": 3300.0, "discounted_price": 3300.0, "currency": "HKD", "product_code": "AUU086", "affinity_score": 0.0, "brand": "SELF-PORTRAIT", "store": "v_lane_crawford", "streamoid_urls": null}, {"title": "'Mona' V neck sash tie dress", "gender": "women", "category": "dresses", "color": "black black black black black black black black black black", "product_url": "https://www.lanecrawford.com/pdp/BKK921", "thumbnail_url": ["http://d1q9qhpdr6ehzh.cloudfront.net/edea7eb7302022d53906658146c345b2"], "chatbot_image": "http://media.lanecrawford.com/B/K/K/BKK921_in_xl.jpg,http://media.lanecrawford.com/B/K/K/BKK921_bk_xl.jpg,http://media.lanecrawford.com/B/K/K/BKK921_4_xl.jpg,http://media.lanecrawford.com/B/K/K/BKK921_ro_xl.jpg", "unique_id": "387fc134c64b471a9856adf47814662e", "trending_score": "0.0", "price": 3390.0, "discounted_price": 3390.0, "currency": "HKD", "product_code": "BKK921", "affinity_score": 0.0, "brand": "ALICE + OLIVIA", "store": "v_lane_crawford", "streamoid_urls": null}, {"title": "'Cairns' puff ombre detail maxi dress", "gender": "women", "category": "dresses", "color": "black black black black black black black black black black", "product_url": "https://www.lanecrawford.com/pdp/AUU427", "thumbnail_url": ["http://d1q9qhpdr6ehzh.cloudfront.net/38af03bb218d3a39592f19ca7315ea2c"], "chatbot_image": "http://media.lanecrawford.com/A/U/U/AUU427_in_xl.jpg,http://media.lanecrawford.com/A/U/U/AUU427_bk_xl.jpg,http://media.lanecrawford.com/A/U/U/AUU427_4_xl.jpg,http://media.lanecrawford.com/A/U/U/AUU427_ro_xl.jpg", "unique_id": "1c87d3ce7e1c4ee3bcfdedbc7e070de5", "trending_score": "0.0", "price": 5100.0, "discounted_price": 5100.0, "currency": "HKD", "product_code": "AUU427", "affinity_score": 0.0, "brand": "SOLACE LONDON", "store": "v_lane_crawford", "streamoid_urls": null}, {"title": "'Mereza' cutout back Ottoman knit dress", "gender": "women", "category": "dresses", "color": "black black black black black black black black black black", "product_url": "https://www.lanecrawford.com/pdp/ARH602", "thumbnail_url": ["http://d1q9qhpdr6ehzh.cloudfront.net/07c9ddab5ca62768938611146a2ce96a"], "chatbot_image": "http://media.lanecrawford.com/A/R/H/ARH602_in_xl.jpg,http://media.lanecrawford.com/A/R/H/ARH602_bk_xl.jpg,http://media.lanecrawford.com/A/R/H/ARH602_4_xl.jpg,http://media.lanecrawford.com/A/R/H/ARH602_ro_xl.jpg", "unique_id": "40011bd45ce64411bdc150089663269c", "trending_score": "0.0", "price": 7200.0, "discounted_price": 2160.0, "currency": "HKD", "product_code": "ARH602", "affinity_score": 0.0, "brand": "ROKSANDA", "store": "v_lane_crawford", "streamoid_urls": null}, {"title": "Silk and crystal detail dress", "gender": "women", "category": "dresses", "color": "black black black black black black black black black black", "product_url": "https://www.lanecrawford.com/pdp/AWJ790", "thumbnail_url": ["http://d1q9qhpdr6ehzh.cloudfront.net/47c968ac5ed626f53a53de8cab1ecaad"], "chatbot_image": "http://media.lanecrawford.com/A/W/J/AWJ790_in_xl.jpg,http://media.lanecrawford.com/A/W/J/AWJ790_bk_xl.jpg,http://media.lanecrawford.com/A/W/J/AWJ790_4_xl.jpg,http://media.lanecrawford.com/A/W/J/AWJ790_ro_xl.jpg", "unique_id": "284c7523e43c46c08c361e05b126cb8a", "trending_score": "0.0", "price": 19700.0, "discounted_price": 19700.0, "currency": "HKD", "product_code": "AWJ790", "affinity_score": 0.0, "brand": "ALEXANDER MCQUEEN", "store": "v_lane_crawford", "streamoid_urls": null}, {"title": "'Arati' frayed colourblock cashmere rib knit dress", "gender": "women", "category": "dresses", "color": "black black black black black black black black black black", "product_url": "https://www.lanecrawford.com/pdp/ARX952", "thumbnail_url": ["http://d1q9qhpdr6ehzh.cloudfront.net/c98a10a2373625bc019a32fc6d55f022"], "chatbot_image": "http://media.lanecrawford.com/A/R/X/ARX952_in_xl.jpg,http://media.lanecrawford.com/A/R/X/ARX952_bk_xl.jpg,http://media.lanecrawford.com/A/R/X/ARX952_4_xl.jpg,http://media.lanecrawford.com/A/R/X/ARX952_ro_xl.jpg", "unique_id": "3e93cc8847e04864b074d14f3c2754de", "trending_score": "0.0", "price": 9200.0, "discounted_price": 3680.0, "currency": "HKD", "product_code": "ARX952", "affinity_score": 0.0, "brand": "OYUNA", "store": "v_lane_crawford", "streamoid_urls": null}, {"title": "Classic stripe outseam dress", "gender": "women", "category": "dresses", "color": "black black black black black black charcoal gray charcoal gray charcoal gray charcoal gray", "product_url": "https://www.lanecrawford.com/pdp/BKO719", "thumbnail_url": ["http://d1q9qhpdr6ehzh.cloudfront.net/7853eb6c90981803dedd9082922f2432"], "chatbot_image": "http://media.lanecrawford.com/B/K/O/BKO719_in_xl.jpg,http://media.lanecrawford.com/B/K/O/BKO719_bk_xl.jpg,http://media.lanecrawford.com/B/K/O/BKO719_4_xl.jpg,http://media.lanecrawford.com/B/K/O/BKO719_ro_xl.jpg", "unique_id": "01333b19fc6e4ecf9f62d1a3ed5abef9", "trending_score": "0.0", "price": 4300.0, "discounted_price": 4300.0, "currency": "HKD", "product_code": "BKO719", "affinity_score": 0.0, "brand": "Y-3", "store": "v_lane_crawford", "streamoid_urls": null}, {"title": "'Finley' puff ombre detail mini dress", "gender": "women", "category": "dresses", "color": "black black black black black black black black black black", "product_url": "https://www.lanecrawford.com/pdp/AUU435", "thumbnail_url": ["http://d1q9qhpdr6ehzh.cloudfront.net/59e94e687d5acbda47b05a5232452c22"], "chatbot_image": "http://media.lanecrawford.com/A/U/U/AUU435_in_xl.jpg,http://media.lanecrawford.com/A/U/U/AUU435_bk_xl.jpg,http://media.lanecrawford.com/A/U/U/AUU435_4_xl.jpg,http://media.lanecrawford.com/A/U/U/AUU435_ro_xl.jpg", "unique_id": "0c5d129aae92486ba0a7ecb7dfbc2d9b", "trending_score": "0.0", "price": 4300.0, "discounted_price": 4300.0, "currency": "HKD", "product_code": "AUU435", "affinity_score": 0.0, "brand": "SOLACE LONDON", "store": "v_lane_crawford", "streamoid_urls": null}, {"title": "High Neck Bodycon Dress", "gender": "women", "category": "dresses", "color": "black black black black black black black black black black", "product_url": "https://www.forever21.in/p/high-neck-bodycon-dress-323467.html", "thumbnail_url": ["http://d1q9qhpdr6ehzh.cloudfront.net/ac85ad13bd69dcb4f2dd0d94871fd786"], "chatbot_image": "https://forever21.imgix.net/img/app/product/3/323467-1602947-large.jpg,https://forever21.imgix.net/img/app/product/3/323467-1602949-large.jpg,https://forever21.imgix.net/img/app/product/3/323467-1602951-large.jpg,https://forever21.imgix.net/img/app/product/3/323467-1602953-large.jpg,https://forever21.imgix.net/img/app/product/3/323467-1602946.jpg", "unique_id": "c151abbb3e6142c5abddf004e85aca89", "trending_score": "0.0", "price": 999.0, "discounted_price": 999.0, "currency": "INR", "product_code": "323467", "affinity_score": 0.0, "brand": "forever21", "store": "v_forever21", "streamoid_urls": null}, {"title": "Ribbed Knit Dress", "gender": "women", "category": "dresses", "color": "black black black black black black black black black black", "product_url": "https://www.forever21.in/p/ribbed-knit-dress-323749.html", "thumbnail_url": ["http://d1q9qhpdr6ehzh.cloudfront.net/0c4b147ca68e71ef824f31d44287900a"], "chatbot_image": "https://forever21.imgix.net/img/app/product/3/323749-1609563-large.jpg,https://forever21.imgix.net/img/app/product/3/323749-1609564-large.jpg,https://forever21.imgix.net/img/app/product/3/323749-1609565-large.jpg,https://forever21.imgix.net/img/app/product/3/323749-1609566-large.jpg,https://forever21.imgix.net/img/app/product/3/323749-1609562.jpg", "unique_id": "5ea4431fde964742b62d5375c2afa3f9", "trending_score": "0.0", "price": 1399.0, "discounted_price": 1399.0, "currency": "INR", "product_code": "323749", "affinity_score": 0.0, "brand": "forever21", "store": "v_forever21", "streamoid_urls": null}, {"title": "'Gauge and Tuck' single jersey dress", "gender": "women", "category": "dresses", "color": "black black black black black black black black black black", "product_url": "https://www.lanecrawford.com/pdp/AVK453", "thumbnail_url": ["http://d1q9qhpdr6ehzh.cloudfront.net/1536c9f3154d2573b6e28b76b81b8441"], "chatbot_image": "http://media.lanecrawford.com/A/V/K/AVK453_in_xl.jpg,http://media.lanecrawford.com/A/V/K/AVK453_bk_xl.jpg,http://media.lanecrawford.com/A/V/K/AVK453_4_xl.jpg,http://media.lanecrawford.com/A/V/K/AVK453_ro_xl.jpg", "unique_id": "522e070af2674576bbcd95749646462d", "trending_score": "0.0", "price": 1000.0, "discounted_price": 1000.0, "currency": "HKD", "product_code": "AVK453", "affinity_score": 0.0, "brand": "NINETY PERCENT", "store": "v_lane_crawford", "streamoid_urls": null}, {"title": "Sheer knit ruffle midi dress", "gender": "women", "category": "dresses", "color": "black black black black black black black black black black", "product_url": "https://www.lanecrawford.com/pdp/AWJ788", "thumbnail_url": ["http://d1q9qhpdr6ehzh.cloudfront.net/869587782b1263787ea0b5f56c2da05f"], "chatbot_image": "http://media.lanecrawford.com/A/W/J/AWJ788_in_xl.jpg,http://media.lanecrawford.com/A/W/J/AWJ788_bk_xl.jpg,http://media.lanecrawford.com/A/W/J/AWJ788_4_xl.jpg,http://media.lanecrawford.com/A/W/J/AWJ788_ro_xl.jpg", "unique_id": "10c1e8a453fb4d07a1c7752d00575dee", "trending_score": "0.0", "price": 24700.0, "discounted_price": 24700.0, "currency": "HKD", "product_code": "AWJ788", "affinity_score": 0.0, "brand": "ALEXANDER MCQUEEN", "store": "v_lane_crawford", "streamoid_urls": null}, {"title": "Asymmetric slit hem gathered detail dress", "gender": "women", "category": "dresses", "color": "black black black black black black black black black black", "product_url": "https://www.lanecrawford.com/pdp/AUW794", "thumbnail_url": ["http://d1q9qhpdr6ehzh.cloudfront.net/cf894dff704e729c6d3515491bb584cb"], "chatbot_image": "http://media.lanecrawford.com/A/U/W/AUW794_in_xl.jpg,http://media.lanecrawford.com/A/U/W/AUW794_bk_xl.jpg,http://media.lanecrawford.com/A/U/W/AUW794_4_xl.jpg,http://media.lanecrawford.com/A/U/W/AUW794_ro_xl.jpg", "unique_id": "48237d3830d44efc97f6d2885ecbb2fa", "trending_score": "0.0", "price": 1900.0, "discounted_price": 1900.0, "currency": "HKD", "product_code": "AUW794", "affinity_score": 0.0, "brand": "VINCE", "store": "v_lane_crawford", "streamoid_urls": null}, {"title": "Bow halterneck open back wrinkled dress", "gender": "women", "category": "dresses", "color": "black black black black black black black black black black", "product_url": "https://www.lanecrawford.com/pdp/AOW595", "thumbnail_url": ["http://d1q9qhpdr6ehzh.cloudfront.net/020b069de3969661e97368706e7bc7d4"], "chatbot_image": "http://media.lanecrawford.com/A/O/W/AOW595_in_xl.jpg,http://media.lanecrawford.com/A/O/W/AOW595_bk_xl.jpg,http://media.lanecrawford.com/A/O/W/AOW595_4_xl.jpg,http://media.lanecrawford.com/A/O/W/AOW595_ro_xl.jpg", "unique_id": "3d131bd43e054e6db57c91ece433ee44", "trending_score": "0.0", "price": 15400.0, "discounted_price": 15400.0, "currency": "HKD", "product_code": "AOW595", "affinity_score": 0.0, "brand": "MIU MIU", "store": "v_lane_crawford", "streamoid_urls": null}, {"title": "Knit camisole dress", "gender": "women", "category": "dresses", "color": "black black black black black black black black black black", "product_url": "https://www.lanecrawford.com.cn/pdp/AKJ602", "thumbnail_url": ["http://d1q9qhpdr6ehzh.cloudfront.net/73118ff241911e05d4e449d082d93625"], "chatbot_image": "http://media.lanecrawford.com.cn/A/K/J/AKJ602_in_xl.jpg,http://media.lanecrawford.com.cn/A/K/J/AKJ602_bk_xl.jpg,http://media.lanecrawford.com.cn/A/K/J/AKJ602_4_xl.jpg", "unique_id": "2c917ef2690047978cd7034e49a00663", "trending_score": "0.0", "price": 4600.0, "discounted_price": 4600.0, "currency": "RMB", "product_code": "AKJ602", "affinity_score": 0.0, "brand": "AZZEDINE ALA\u00c3\u008fA", "store": "v_lane_crawford", "streamoid_urls": null}, {"title": "Salvari Lace Dress", "gender": "women", "category": "dresses", "color": null, "product_url": "https://www.bonmarche.co.uk/dresses/salvari-lace-dress-431465.html?dwvar_431465_color=07&cgid=womens-dresses", "thumbnail_url": ["http://d1q9qhpdr6ehzh.cloudfront.net/e5c2b94f4bc2c0d835e0deed5acb9116"], "chatbot_image": "https://www.bonmarche.co.uk/dw/image/v2/BBCZ_PRD/on/demandware.static/-/Sites-master-catalog-bonmarche/default/dwbb892bec/zoom/43/43146507_alt1.jpg?sw=500,https://www.bonmarche.co.uk/dw/image/v2/BBCZ_PRD/on/demandware.static/-/Sites-master-catalog-bonmarche/default/dw8d5b6d16/zoom/43/43146507_alt3.jpg?sw=500,https://www.bonmarche.co.uk/dw/image/v2/BBCZ_PRD/on/demandware.static/-/Sites-master-catalog-bonmarche/default/dw5ec77e1b/zoom/43/43146507_alt2.jpg?sw=500", "unique_id": "4611930d438243a3b6cb7a41616635ba", "trending_score": "0.0", "price": 38.0, "discounted_price": 0.0, "currency": "GBP", "product_code": "4611930d438243a3b6cb7a41616635ba", "affinity_score": 0.0, "brand": "v_bonmarche_uk_usc", "store": "v_bonmarche_uk_usc", "streamoid_urls": null}, {"title": "Scarlett & Jo Velvet Spot Flock Dress", "gender": "women", "category": "dresses", "color": null, "product_url": "https://www.bonmarche.co.uk/dresses/scarlett-and-jo-velvet-spot-flock-dress-750045.html?dwvar_750045_color=07&cgid=womens-dresses", "thumbnail_url": ["http://d1q9qhpdr6ehzh.cloudfront.net/33c43b2bf2c69d57413e1178045785e8"], "chatbot_image": "https://www.bonmarche.co.uk/dw/image/v2/BBCZ_PRD/on/demandware.static/-/Sites-master-catalog-bonmarche/default/dw1198d033/zoom/75/75004507_alt1.jpg?sw=500,https://www.bonmarche.co.uk/dw/image/v2/BBCZ_PRD/on/demandware.static/-/Sites-master-catalog-bonmarche/default/dw93730a9f/zoom/75/75004507_alt3.jpg?sw=500,https://www.bonmarche.co.uk/dw/image/v2/BBCZ_PRD/on/demandware.static/-/Sites-master-catalog-bonmarche/default/dwfcd6e60b/zoom/75/75004507_alt2.jpg?sw=500", "unique_id": "8be4cde5d2434141a82e83a2cb12c46a", "trending_score": "0.0", "price": 80.0, "discounted_price": 0.0, "currency": "GBP", "product_code": "8be4cde5d2434141a82e83a2cb12c46a", "affinity_score": 0.0, "brand": "v_bonmarche_uk_usc", "store": "v_bonmarche_uk_usc", "streamoid_urls": null}, {"title": "Lace Up Beach Dress", "gender": "women", "category": "dresses", "color": null, "product_url": "https://www.bonmarche.co.uk/swim-and-beachwear/lace-up-beach-dress-171805.html?dwvar_171805_color=07&dwvar_171805_size=010", "thumbnail_url": ["http://d1q9qhpdr6ehzh.cloudfront.net/c33327011bfa057e6350bb79614edb87"], "chatbot_image": "https://www.bonmarche.co.uk/dw/image/v2/BBCZ_PRD/on/demandware.static/-/Sites-master-catalog-bonmarche/default/dwd85dfe09/zoom/17/17180507_alt1.jpg?sw=150,https://www.bonmarche.co.uk/dw/image/v2/BBCZ_PRD/on/demandware.static/-/Sites-master-catalog-bonmarche/default/dwdfaf301c/zoom/17/17180507_default.jpg?sw=150,https://www.bonmarche.co.uk/dw/image/v2/BBCZ_PRD/on/demandware.static/-/Sites-master-catalog-bonmarche/default/dw2def9472/zoom/17/17180507_alt2.jpg?sw=150,https://www.bonmarche.co.uk/dw/image/v2/BBCZ_PRD/on/demandware.static/-/Sites-master-catalog-bonmarche/default/dw680fcd86/zoom/17/17180507_alt3.jpg?sw=150", "unique_id": "4a04a8d6b8414eb6881a174ff8e48502", "trending_score": "0.0", "price": 18.0, "discounted_price": 18.0, "currency": "INR", "product_code": "c33327011bfa057e6350bb79614edb87_bonmarche_co_uk", "affinity_score": 0.0, "brand": null, "store": "bonmarche_co_uk", "streamoid_urls": null}, {"title": "Bride Squad Glitter Sleep Tee", "gender": "women", "category": "dresses", "color": "black black black black black black black black black black", "product_url": "https://www.boohoo.com/bride-squad-glitter-sleep-tee/NZZ90359.html", "thumbnail_url": ["http://d1q9qhpdr6ehzh.cloudfront.net/be0b7d6e28d6173c5af2a15ce3eda829"], "chatbot_image": "https://media.boohoo.com/i/boohoo/nzz90359_black_xl/womens-black-bride-squad-glitter-sleep-tee?%24product_page_main_magic_zoom%24%201x,%20//media.boohoo.com/i/boohoo/nzz90359_black_xl/womens-black-bride-squad-glitter-sleep-tee?%24product_page_main_magic_zoom_2x%24%202x,%20//media.boohoo.com/i/boohoo/nzz90359_black_xl/womens-black-bride-squad-glitter-sleep-tee?%24product_page_main_magic_zoom_3x%24%203x,https://media.boohoo.com/i/boohoo/nzz90359_black_xl_1/black-bride-squad-glitter-sleep-tee?%24product_page_main_magic_zoom%24,https://media.boohoo.com/i/boohoo/nzz90359_black_xl_2/black-bride-squad-glitter-sleep-tee?%24product_page_main_magic_zoom%24,https://media.boohoo.com/i/boohoo/nzz90359_black_xl_3/black-bride-squad-glitter-sleep-tee?%24product_page_main_magic_zoom%24", "unique_id": "ad1fc8d3310149c7a195618f0c86accd", "trending_score": "0.0", "price": 9.6, "discounted_price": 9.6, "currency": "INR", "product_code": "be0b7d6e28d6173c5af2a15ce3eda829_boohoo_com", "affinity_score": 0.0, "brand": null, "store": "boohoo_com", "streamoid_urls": null}, {"title": "Maternity Trim Nightie", "gender": "women", "category": "dresses", "color": "black black black black black black black black black black", "product_url": "https://www.boohoo.com/maternity-trim-nightie/BZZ46436.html", "thumbnail_url": ["http://d1q9qhpdr6ehzh.cloudfront.net/c1662e6d78be1dd7f921e9b090751001"], "chatbot_image": "https://media.boohoo.com/i/boohoo/bzz46436_black_xl/womens-black-maternity-trim-nightie?%24product_page_main_magic_zoom%24%201x,%20//media.boohoo.com/i/boohoo/bzz46436_black_xl/womens-black-maternity-trim-nightie?%24product_page_main_magic_zoom_2x%24%202x,%20//media.boohoo.com/i/boohoo/bzz46436_black_xl/womens-black-maternity-trim-nightie?%24product_page_main_magic_zoom_3x%24%203x,https://media.boohoo.com/i/boohoo/bzz46436_black_xl_1/black-maternity-trim-nightie?%24product_page_main_magic_zoom%24,https://media.boohoo.com/i/boohoo/bzz46436_black_xl_2/black-maternity-trim-nightie?%24product_page_main_magic_zoom%24,https://media.boohoo.com/i/boohoo/bzz46436_black_xl_3/black-maternity-trim-nightie?%24product_page_main_magic_zoom%24", "unique_id": "40e2002d832a4cfcb3d43f5b6e4c81f6", "trending_score": "0.0", "price": 10.0, "discounted_price": 10.0, "currency": "INR", "product_code": "c1662e6d78be1dd7f921e9b090751001_boohoo_com", "affinity_score": 0.0, "brand": null, "store": "boohoo_com", "streamoid_urls": null}, {"title": "Maternity Mama Nightie", "gender": "women", "category": "dresses", "color": "black black black black black black black black black black", "product_url": "https://www.boohoo.com/maternity-mama-nightie/BZZ48055.html", "thumbnail_url": ["http://d1q9qhpdr6ehzh.cloudfront.net/c5b65f86e7dd04e8d28fc3fe9f71325c"], "chatbot_image": "https://media.boohoo.com/i/boohoo/bzz48055_black_xl/womens-black-maternity-mama-nightie?%24product_page_main_magic_zoom%24%201x,%20//media.boohoo.com/i/boohoo/bzz48055_black_xl/womens-black-maternity-mama-nightie?%24product_page_main_magic_zoom_2x%24%202x,%20//media.boohoo.com/i/boohoo/bzz48055_black_xl/womens-black-maternity-mama-nightie?%24product_page_main_magic_zoom_3x%24%203x,https://media.boohoo.com/i/boohoo/bzz48055_black_xl_1/black-maternity-mama-nightie?%24product_page_main_magic_zoom%24,https://media.boohoo.com/i/boohoo/bzz48055_black_xl_2/black-maternity-mama-nightie?%24product_page_main_magic_zoom%24,https://media.boohoo.com/i/boohoo/bzz48055_black_xl_3/black-maternity-mama-nightie?%24product_page_main_magic_zoom%24", "unique_id": "93ee1e0876c447d68d51ed2bf827c5b5", "trending_score": "0.0", "price": 6.0, "discounted_price": 6.0, "currency": "INR", "product_code": "c5b65f86e7dd04e8d28fc3fe9f71325c_boohoo_com", "affinity_score": 0.0, "brand": null, "store": "boohoo_com", "streamoid_urls": null}, {"title": "'Lara' midi dress", "gender": "women", "category": "dresses", "color": "black black black black black black black black black black", "product_url": "https://www.lanecrawford.com/pdp/ARL224", "thumbnail_url": ["http://d1q9qhpdr6ehzh.cloudfront.net/795cd48328a9ba840f6c334de36dd10f"], "chatbot_image": "http://media.lanecrawford.com/A/R/L/ARL224_in_xl.jpg,http://media.lanecrawford.com/A/R/L/ARL224_bk_xl.jpg,http://media.lanecrawford.com/A/R/L/ARL224_4_xl.jpg,http://media.lanecrawford.com/A/R/L/ARL224_ro_xl.jpg", "unique_id": "498237d5ff9b41feacc8c1e0e7ef1025", "trending_score": "0.0", "price": 2300.0, "discounted_price": 920.0, "currency": "HKD", "product_code": "ARL224", "affinity_score": 0.0, "brand": "STAUD", "store": "v_lane_crawford", "streamoid_urls": null}, {"title": "Ribbed Knit Bodycon Dress", "gender": "women", "category": "dresses", "color": "black black black black black black charcoal gray charcoal gray charcoal gray charcoal gray", "product_url": "https://www.forever21.in/p/ribbed-knit-bodycon-dress-323375.html", "thumbnail_url": ["http://d1q9qhpdr6ehzh.cloudfront.net/913737e1c53f4e0597b694adbf208cc1"], "chatbot_image": "https://forever21.imgix.net/img/app/product/3/323375-1607085-large.jpg,https://forever21.imgix.net/img/app/product/3/323375-1607086-large.jpg,https://forever21.imgix.net/img/app/product/3/323375-1607087-large.jpg,https://forever21.imgix.net/img/app/product/3/323375-1607088-large.jpg,https://forever21.imgix.net/img/app/product/3/323375-1607084.jpg", "unique_id": "b5a9ea6d9dbd4147a74ac5eedfffa2a8", "trending_score": "0.0", "price": 949.0, "discounted_price": 949.0, "currency": "INR", "product_code": "323375", "affinity_score": 0.0, "brand": "forever21", "store": "v_forever21", "streamoid_urls": null}, {"title": "Maternity Pipe Detail Sleep Shirt", "gender": "women", "category": "dresses", "color": "black black black black black black black black black black", "product_url": "https://www.boohoo.com/maternity-pipe-detail-sleep-shirt/BZZ46297.html", "thumbnail_url": ["http://d1q9qhpdr6ehzh.cloudfront.net/0e25458bb5b1908642c2cf41860c579c"], "chatbot_image": "https://media.boohoo.com/i/boohoo/bzz46297_black_xl/womens-grey%20marl-maternity-pipe-detail-sleep-shirt?%24product_page_main_magic_zoom%24%201x,%20//media.boohoo.com/i/boohoo/bzz46297_black_xl/womens-grey%20marl-maternity-pipe-detail-sleep-shirt?%24product_page_main_magic_zoom_2x%24%202x,%20//media.boohoo.com/i/boohoo/bzz46297_black_xl/womens-grey%20marl-maternity-pipe-detail-sleep-shirt?%24product_page_main_magic_zoom_3x%24%203x,https://media.boohoo.com/i/boohoo/bzz46297_black_xl_1/grey-marl-maternity-pipe-detail-sleep-shirt?%24product_page_main_magic_zoom%24,https://media.boohoo.com/i/boohoo/bzz46297_black_xl_2/grey-marl-maternity-pipe-detail-sleep-shirt?%24product_page_main_magic_zoom%24,https://media.boohoo.com/i/boohoo/bzz46297_black_xl_3/grey-marl-maternity-pipe-detail-sleep-shirt?%24product_page_main_magic_zoom%24", "unique_id": "e4c7e18a63734bcab0f2f6ccc644fe2a", "trending_score": "0.0", "price": 12.0, "discounted_price": 12.0, "currency": "INR", "product_code": "0e25458bb5b1908642c2cf41860c579c_boohoo_com", "affinity_score": 0.0, "brand": null, "store": "boohoo_com", "streamoid_urls": null}], "debug": {"qrm": "", "query_without_qrm": "black dresses", "solr_query": "( ( ( (meta_color:\"black\")^10 ) ) AND ( ( (meta_comprehensive_category:\"dresses\") ) ) )^1 ", "graph": [[[{"color": ["black^10"]}, {"category": ["dresses"]}]]], "spell_corrected_query": "", "filter": [], "explicit_text": null, "fq": ["availability:1"]}, "numFound": 80, "facets": {"Collar Type": {}, "Ethnicity": {"western": 79, "fusion": 1}, "Fastening": {"unknown": 43, "none": 22, "zip_at_anywhere": 6, "buckle_at_waist": 4, "other-buttons_at_front": 4, "belt_at_waist": 1, "elastic_at_waist": 1, "lace-up_at_side": 1, "other-buttons_at_back": 1, "tie_at_back": 1, "tie_at_shoulder": 1, "tie_at_waist": 1}, "Fit": {"unknown": 69, "regular": 6, "loose": 3}, "Hemline Length": {"mid-thigh": 26, "knee": 19, "midcalf": 9, "full-length": 7, "upper-thigh": 7, "above-knee": 6, "above-ankle": 4, "ankle": 1, "below-knee": 1}, "Material": {"unknown": 50, "lace": 8, "crepe": 5, "fabric": 5, "cotton": 3, "down": 3, "chiffon": 2, "blended": 1, "corduroy": 1, "gingham": 1, "marled": 1, "mesh": 1, "polyester": 1, "tartan": 1, "tweed": 1, "velvet": 1}, "Neck Type": {}, "Primary Fibre": {"unknown": 59, "cotton": 5, "viscose": 4, "wool": 3, "linen": 2, "polyester": 2, "lyocell": 1, "rayon": 1, "silk": 1}, "Print Type": {"solid": 54, "colour-block": 6, "other-floral": 3, "branding": 2, "other-stripes": 2, "tropical": 2, "floral": 1, "geometric": 1, "gingham": 1, "graphic": 1, "leopard": 1, "other-check": 1, "other-geometric": 1, "other-graphic": 1, "polka": 1, "stripes": 1, "tartan": 1}, "Shoulder Type": {"regular": 42, "spaghetti-straps": 9, "bare": 5, "extended": 5, "one": 4, "tank-straps": 4, "broad-straps": 3, "cold": 3, "dropped": 2, "other-straps": 2, "off": 1}, "Silhouette": {"straight": 28, "a-line": 21, "sheath": 13, "fit-and-flare": 7, "tent": 3, "balloon": 2, "balloon-and-flare": 2, "balloon-and-straight": 1, "mermaid": 1, "trapeze": 1}, "Sleeve Length": {"sleeveless": 32, "full": 17, "half": 14, "cap": 7, "three-fourth": 5, "short": 3, "elbow": 2}, "Treatment": {"ripped": 43, "unknown": 25, "twisted": 5, "crinkled": 2, "brushed": 1, "ombre": 1, "tie-dye": 1}, "Type": {"midi": 9, "sheath": 7, "a-line": 6, "lace": 6, "asymmetric": 5, "bodycon": 4, "caftan": 3, "mini": 3, "sheer": 3, "shirt": 3, "slip": 3, "t-shirt": 3, "blouson": 2, "button-down": 2, "gown": 2, "halter": 2, "pinafore": 2, "prairie": 2, "shift": 2, "tunic": 2, "unknown": 2, "coat": 1, "layered": 1, "one-shoulder": 1, "skater": 1, "sweater": 1, "tiered": 1, "wrap": 1}, "Color": {"black": 80}, "Neck Shape": {"round": 47, "v": 16, "none": 8, "straight": 4, "square": 2, "u": 2, "unknown": 1}, "Neck Style": {"basic": 49, "mock": 7, "halter": 6, "asymmetric": 4, "spread": 3, "sweetheart": 3, "boat": 2, "split": 2, "notched": 1, "shawl": 1, "surplice": 1, "turtle": 1}, "gender": {"women": 80}, "category": {"dresses": 80}, "occasion type": {"elevated": 31, "party": 19, "everyday": 15, "beachwear": 7, "loungewear": 4, "special": 2, "business-casual": 1, "sleepwear": 1}, "Workindustry": {}, "Age": {}, "neck": {}, "arms": {}, "waist": {}, "stomach": {}, "shoulder": {}, "brand": {"forever21": 17, "v_bonmarche_uk_usc": 10, "ALEXANDER MCQUEEN": 3, "NORMA KAMALI": 3, "SELF-PORTRAIT": 3, "ALICE + OLIVIA": 2, "MATICEVSKI": 2, "OSCAR DE LA RENTA": 2, "ROKSANDA": 2, "SOLACE LONDON": 2, "STAUD": 2, "asos": 2, "16ARLINGTON": 1, "ALEX PERRY": 1, "AMIRI": 1, "AZZEDINE ALA\u00c3\u008fA": 1, "BALMAIN": 1, "CECILIE BAHNSEN": 1, "EQUIPMENT": 1, "GUCCI": 1, "JONATHAN LIANG": 1, "LEAL DACCARETT": 1, "MIU MIU": 1, "M\u00c3\u0084RCHEN": 1, "NINA RICCI": 1, "NINETY PERCENT": 1, "OYUNA": 1, "SACAI": 1, "SOLID & STRIPED": 1, "THEORY": 1, "TOGA ARCHIVES": 1, "VALENTINO": 1, "VINCE": 1, "Y-3": 1}, "sub_brand": {"forever21": 17}, "Department": {"regular": 78, "plus-size": 2}, "activity": {"leisure-holiday": 40, "social-outing": 23, "high-street-look": 22, "date-night": 21, "cocktail-party": 18, "dinner-party": 18, "unknown": 15, "hang-outs": 12, "anniversary": 10, "wedding": 9, "concert": 8, "girls-night-out": 6, "clubbing": 5, "black-tie-events": 2, "lounging": 2, "business-casual-work-wear": 1, "networking-event": 1, "work-from-home": 1}}, "isFashionQuery": true, "spell_corrected_query": "", "final_query": "", "message": ""}