{"products": [{"title": "Strappy Mesh Bralette", "gender": "women", "category": "innerwear-tops", "color": "black black black black black black black black black black", "product_url": "https://www.forever21.in/p/strappy-mesh-bralette-323719.html", "thumbnail_url": ["http://d1q9qhpdr6ehzh.cloudfront.net/880d01a322e88a2cd3099d3e47adaa24"], "chatbot_image": "https://forever21.imgix.net/img/app/product/3/323719-1627443-large.jpg,https://forever21.imgix.net/img/app/product/3/323719-1627444-large.jpg,https://forever21.imgix.net/img/app/product/3/323719-1627445-large.jpg,https://forever21.imgix.net/img/app/product/3/323719-1627442.jpg", "unique_id": "3295da781f824800aaf1d9518e23535b", "trending_score": "0.0", "price": 799.0, "discounted_price": 799.0, "currency": "INR", "product_code": "323719", "affinity_score": 0.0, "brand": "forever21", "store": "v_forever21", "streamoid_urls": null}, {"title": "V-Neck Seamless Bralette", "gender": "women", "category": "tops", "color": "black black black black black black black black black black", "product_url": "https://www.forever21.in/p/v-neck-seamless-bralette-324017.html", "thumbnail_url": ["http://d1q9qhpdr6ehzh.cloudfront.net/ad4cceb13a7d55b90a58e247e3a13c05"], "chatbot_image": "https://forever21.imgix.net/img/app/product/3/324017-1521488-large.jpg,https://forever21.imgix.net/img/app/product/3/324017-1521489-large.jpg,https://forever21.imgix.net/img/app/product/3/324017-1521490-large.jpg,https://forever21.imgix.net/img/app/product/3/324017-1521491-large.jpg,https://forever21.imgix.net/img/app/product/3/324017-1521487.jpg", "unique_id": "117bcfc2fa0f4f4ba561eae70b397e58", "trending_score": "0.0", "price": 599.0, "discounted_price": 599.0, "currency": "INR", "product_code": "324017", "affinity_score": 0.0, "brand": "forever21", "store": "v_forever21", "streamoid_urls": null}, {"title": "Longline Lace Up Bralet", "gender": "women", "category": "innerwear-tops", "color": "multicolor bronze bronze bronze bronze bronze bronze black black black", "product_url": "https://www.boohoo.com/longline-lace-up-bralet/LZZ87936.html", "thumbnail_url": ["http://d1q9qhpdr6ehzh.cloudfront.net/eb8ebe5a7d3d845ac8d04526ef0b15b9"], "chatbot_image": "https://media.boohoo.com/i/boohoo/lzz87936_black_xl/womens-black-longline-lace-up-bralet?%24product_page_main_magic_zoom%24%201x,%20//media.boohoo.com/i/boohoo/lzz87936_black_xl/womens-black-longline-lace-up-bralet?%24product_page_main_magic_zoom_2x%24%202x,%20//media.boohoo.com/i/boohoo/lzz87936_black_xl/womens-black-longline-lace-up-bralet?%24product_page_main_magic_zoom_3x%24%203x,https://media.boohoo.com/i/boohoo/lzz87936_black_xl_1/black-longline-lace-up-bralet?%24product_page_main_magic_zoom%24,https://media.boohoo.com/i/boohoo/lzz87936_black_xl_2/black-longline-lace-up-bralet?%24product_page_main_magic_zoom%24,https://media.boohoo.com/i/boohoo/lzz87936_black_xl_3/black-longline-lace-up-bralet?%24product_page_main_magic_zoom%24", "unique_id": "44f2044d568d4917a30d51e8393c054c", "trending_score": "0.0", "price": 12.0, "discounted_price": 12.0, "currency": "INR", "product_code": "eb8ebe5a7d3d845ac8d04526ef0b15b9_boohoo_com", "affinity_score": 0.0, "brand": null, "store": "boohoo_com", "streamoid_urls": null}, {"title": "Sheer Lace Bralette", "gender": "women", "category": "innerwear-tops", "color": "multicolor olive olive olive olive olive olive off white off white tan", "product_url": "https://www.forever21.in/p/sheer-lace-bralette-323665.html", "thumbnail_url": ["http://d1q9qhpdr6ehzh.cloudfront.net/392af549975d68989c9a034d857d9121"], "chatbot_image": "https://forever21.imgix.net/img/app/product/3/323665-1619459-large.jpg,https://forever21.imgix.net/img/app/product/3/323665-1619460-large.jpg,https://forever21.imgix.net/img/app/product/3/323665-1619461-large.jpg,https://forever21.imgix.net/img/app/product/3/323665-1619458.jpg", "unique_id": "d6832f494bf840da89569446c24355c8", "trending_score": "0.0", "price": 899.0, "discounted_price": 899.0, "currency": "INR", "product_code": "323665", "affinity_score": 0.0, "brand": "forever21", "store": "v_forever21", "streamoid_urls": null}, {"title": "Mix & Match Lace Bralet", "gender": "women", "category": "innerwear-tops", "color": "multicolor red red red red red red coral coral coral", "product_url": "https://www.boohoo.com/mix-match-lace-bralet/LZZ88569.html", "thumbnail_url": ["http://d1q9qhpdr6ehzh.cloudfront.net/588f81c65fd5967c92153e3e52a333b9"], "chatbot_image": "https://media.boohoo.com/i/boohoo/lzz88569_red_xl/womens-red-mix-&-match-lace-bralet?%24product_page_main_magic_zoom%24%201x,%20//media.boohoo.com/i/boohoo/lzz88569_red_xl/womens-red-mix-&-match-lace-bralet?%24product_page_main_magic_zoom_2x%24%202x,%20//media.boohoo.com/i/boohoo/lzz88569_red_xl/womens-red-mix-&-match-lace-bralet?%24product_page_main_magic_zoom_3x%24%203x,https://media.boohoo.com/i/boohoo/lzz88569_red_xl_1/red-mix-&-match-lace-bralet?%24product_page_main_magic_zoom%24,https://media.boohoo.com/i/boohoo/lzz88569_red_xl_2/red-mix-&-match-lace-bralet?%24product_page_main_magic_zoom%24,https://media.boohoo.com/i/boohoo/lzz88569_red_xl_3/red-mix-&-match-lace-bralet?%24product_page_main_magic_zoom%24", "unique_id": "529dab9f8ce14917ae078c1caff61046", "trending_score": "0.0", "price": 9.6, "discounted_price": 9.6, "currency": "INR", "product_code": "588f81c65fd5967c92153e3e52a333b9_boohoo_com", "affinity_score": 0.0, "brand": null, "store": "boohoo_com", "streamoid_urls": null}, {"title": "Open-Mesh Bralette", "gender": "women", "category": "innerwear-tops", "color": "multicolor black black black black black black tan tan black", "product_url": "https://www.forever21.in/p/open-mesh-bralette-324128.html", "thumbnail_url": ["http://d1q9qhpdr6ehzh.cloudfront.net/a46d67eb07a783ab2dcaa0da10648e64"], "chatbot_image": "https://forever21.imgix.net/img/app/product/3/324128-1618372-large.jpg,https://forever21.imgix.net/img/app/product/3/324128-1618373-large.jpg,https://forever21.imgix.net/img/app/product/3/324128-1618374-large.jpg,https://forever21.imgix.net/img/app/product/3/324128-1618375-large.jpg,https://forever21.imgix.net/img/app/product/3/324128-1618376-large.jpg,https://forever21.imgix.net/img/app/product/3/324128-1618371.jpg", "unique_id": "87e88f0d73e24c15a4dd9d04ecf98259", "trending_score": "0.0", "price": 799.0, "discounted_price": 799.0, "currency": "INR", "product_code": "324128", "affinity_score": 0.0, "brand": "forever21", "store": "v_forever21", "streamoid_urls": null}, {"title": "Seamless Scoop Bralette", "gender": "women", "category": "innerwear-tops", "color": "olive olive olive olive olive olive slate gray slate gray slate gray tan", "product_url": "https://www.forever21.in/p/seamless-scoop-bralette-323538.html", "thumbnail_url": ["http://d1q9qhpdr6ehzh.cloudfront.net/25b497b359eee83b2258fe3b29511468"], "chatbot_image": "https://forever21.imgix.net/img/app/product/3/323538-1519963-large.jpg,https://forever21.imgix.net/img/app/product/3/323538-1519964-large.jpg,https://forever21.imgix.net/img/app/product/3/323538-1519965-large.jpg,https://forever21.imgix.net/img/app/product/3/323538-1519962.jpg", "unique_id": "c516500700b64465aeca5ab12a506b3f", "trending_score": "0.0", "price": 399.0, "discounted_price": 399.0, "currency": "INR", "product_code": "323538", "affinity_score": 0.0, "brand": "forever21", "store": "v_forever21", "streamoid_urls": null}, {"title": "Sheer Lace Bralette", "gender": "women", "category": "innerwear-tops", "color": "multicolor white white white white white white tan tan off white", "product_url": "https://www.forever21.in/p/sheer-lace-bralette-323712.html", "thumbnail_url": ["http://d1q9qhpdr6ehzh.cloudfront.net/6d77b28960d6a7b77a7bc52b942887f9"], "chatbot_image": "https://forever21.imgix.net/img/app/product/3/323712-1619463-large.jpg,https://forever21.imgix.net/img/app/product/3/323712-1619464-large.jpg,https://forever21.imgix.net/img/app/product/3/323712-1619465-large.jpg,https://forever21.imgix.net/img/app/product/3/323712-1619462.jpg", "unique_id": "2e192f7516874a31bc74d9fa9e9be778", "trending_score": "0.0", "price": 899.0, "discounted_price": 899.0, "currency": "INR", "product_code": "323712", "affinity_score": 0.0, "brand": "forever21", "store": "v_forever21", "streamoid_urls": null}, {"title": "High Neck Strappy Bikini Top", "gender": "women", "category": "innerwear-tops", "color": "light-blue light-blue light-blue light-blue light-blue light-blue pale mint pale mint pale mint pale mint", "product_url": "https://www.forever21.in/p/high-neck-strappy-bikini-top-324216.html", "thumbnail_url": ["http://d1q9qhpdr6ehzh.cloudfront.net/0db1d6a47eb7fd9569924b2011585b3f"], "chatbot_image": "https://forever21.imgix.net/img/app/product/3/324216-1617086-large.jpg,https://forever21.imgix.net/img/app/product/3/324216-1617087-large.jpg,https://forever21.imgix.net/img/app/product/3/324216-1617088-large.jpg,https://forever21.imgix.net/img/app/product/3/324216-1617085.jpg", "unique_id": "f969dc9f7bb94685b9cabf0ed2abafc7", "trending_score": "0.0", "price": 999.0, "discounted_price": 700.0, "currency": "INR", "product_code": "324216", "affinity_score": 0.0, "brand": "forever21", "store": "v_forever21", "streamoid_urls": null}, {"title": "Seamless Scoop Bralette", "gender": "women", "category": "innerwear-tops", "color": "cream cream cream cream cream cream champagne champagne champagne champagne", "product_url": "https://www.forever21.in/p/seamless-scoop-bralette-323584.html", "thumbnail_url": ["http://d1q9qhpdr6ehzh.cloudfront.net/d61fa95932af080db1838c95e24c3330"], "chatbot_image": "https://forever21.imgix.net/img/app/product/3/323584-1520103-large.jpg,https://forever21.imgix.net/img/app/product/3/323584-1520104-large.jpg,https://forever21.imgix.net/img/app/product/3/323584-1520105-large.jpg,https://forever21.imgix.net/img/app/product/3/323584-1520106-large.jpg", "unique_id": "079625f2853f4e7cb029687ff4bb00b4", "trending_score": "0.0", "price": 399.0, "discounted_price": 399.0, "currency": "INR", "product_code": "323584", "affinity_score": 0.0, "brand": "forever21", "store": "v_forever21", "streamoid_urls": null}, {"title": "Seamless Ribbed Knit Bralette", "gender": "women", "category": "tops", "color": "multicolor black black black black black black black black powder blue", "product_url": "https://www.forever21.in/p/seamless-ribbed-knit-bralette-324012.html", "thumbnail_url": ["http://d1q9qhpdr6ehzh.cloudfront.net/710eb2acb4c06ba3631859275e3ce246"], "chatbot_image": "https://forever21.imgix.net/img/app/product/3/324012-1521462-large.jpg,https://forever21.imgix.net/img/app/product/3/324012-1521463-large.jpg,https://forever21.imgix.net/img/app/product/3/324012-1521464-large.jpg,https://forever21.imgix.net/img/app/product/3/324012-1521465-large.jpg,https://forever21.imgix.net/img/app/product/3/324012-1521461.jpg", "unique_id": "8558b0455b0b4ebfa325a1da4c0e0e09", "trending_score": "0.0", "price": 599.0, "discounted_price": 599.0, "currency": "INR", "product_code": "324012", "affinity_score": 0.0, "brand": "forever21", "store": "v_forever21", "streamoid_urls": null}, {"title": "Strappy Bralet", "gender": "women", "category": "innerwear-tops", "color": "red red red red red red post box red post box red post box red post box red", "product_url": "https://www.boohoo.com/strappy-bralet/LZZ90393.html", "thumbnail_url": ["http://d1q9qhpdr6ehzh.cloudfront.net/ef463549fdbcc73a3582e7c82ec08674"], "chatbot_image": "https://media.boohoo.com/i/boohoo/lzz90393_red_xl/womens-red-strappy-bralet?%24product_page_main_magic_zoom%24%201x,%20//media.boohoo.com/i/boohoo/lzz90393_red_xl/womens-red-strappy-bralet?%24product_page_main_magic_zoom_2x%24%202x,%20//media.boohoo.com/i/boohoo/lzz90393_red_xl/womens-red-strappy-bralet?%24product_page_main_magic_zoom_3x%24%203x,https://media.boohoo.com/i/boohoo/lzz90393_red_xl_1/red-strappy-bralet?%24product_page_main_magic_zoom%24,https://media.boohoo.com/i/boohoo/lzz90393_red_xl_2/red-strappy-bralet?%24product_page_main_magic_zoom%24,https://media.boohoo.com/i/boohoo/lzz90393_red_xl_3/red-strappy-bralet?%24product_page_main_magic_zoom%24", "unique_id": "641a0a564b5e4c1b86d1d2480a03633b", "trending_score": "0.0", "price": 12.8, "discounted_price": 12.8, "currency": "INR", "product_code": "ef463549fdbcc73a3582e7c82ec08674_boohoo_com", "affinity_score": 0.0, "brand": null, "store": "boohoo_com", "streamoid_urls": null}, {"title": "Scalloped Lace Bralette", "gender": "women", "category": "innerwear-tops", "color": "multicolor white white white white white white tan tan champagne", "product_url": "https://www.forever21.in/p/scalloped-lace-bralette-324262.html", "thumbnail_url": ["http://d1q9qhpdr6ehzh.cloudfront.net/7bc80d58fe233842681c20f602eb0987"], "chatbot_image": "https://forever21.imgix.net/img/app/product/3/324262-1619511-large.jpg,https://forever21.imgix.net/img/app/product/3/324262-1619512-large.jpg,https://forever21.imgix.net/img/app/product/3/324262-1619513-large.jpg,https://forever21.imgix.net/img/app/product/3/324262-1619514-large.jpg,https://forever21.imgix.net/img/app/product/3/324262-1619510.jpg", "unique_id": "cea351aa5fc14841bd3e23147c1cf790", "trending_score": "0.0", "price": 899.0, "discounted_price": 899.0, "currency": "INR", "product_code": "324262", "affinity_score": 0.0, "brand": "forever21", "store": "v_forever21", "streamoid_urls": null}, {"title": "V-Neck Seamless Bralette", "gender": "women", "category": "tops", "color": "white white white white white white off white off white off white off white", "product_url": "https://www.forever21.in/p/v-neck-seamless-bralette-323970.html", "thumbnail_url": ["http://d1q9qhpdr6ehzh.cloudfront.net/f29c6d8bfec5f533f90cfe350cb14b33"], "chatbot_image": "https://forever21.imgix.net/img/app/product/3/323970-1521336-large.jpg,https://forever21.imgix.net/img/app/product/3/323970-1521337-large.jpg,https://forever21.imgix.net/img/app/product/3/323970-1521338-large.jpg,https://forever21.imgix.net/img/app/product/3/323970-1521339-large.jpg,https://forever21.imgix.net/img/app/product/3/323970-1521335.jpg", "unique_id": "7afae5ae7e704d6e82dc17dd3151ac83", "trending_score": "0.0", "price": 599.0, "discounted_price": 599.0, "currency": "INR", "product_code": "323970", "affinity_score": 0.0, "brand": "forever21", "store": "v_forever21", "streamoid_urls": null}, {"title": "Sheer Lace Bralette", "gender": "women", "category": "innerwear-tops", "color": "black black black black black black black black black black", "product_url": "https://www.forever21.in/p/sheer-lace-bralette-323618.html", "thumbnail_url": ["http://d1q9qhpdr6ehzh.cloudfront.net/07752869f2206dc7cacc1b177c3517d4"], "chatbot_image": "https://forever21.imgix.net/img/app/product/3/323618-1619455-large.jpg,https://forever21.imgix.net/img/app/product/3/323618-1619456-large.jpg,https://forever21.imgix.net/img/app/product/3/323618-1619457-large.jpg,https://forever21.imgix.net/img/app/product/3/323618-1619454.jpg", "unique_id": "c67deb3a8296423ca307a3cb1c58b002", "trending_score": "0.0", "price": 899.0, "discounted_price": 899.0, "currency": "INR", "product_code": "323618", "affinity_score": 0.0, "brand": "forever21", "store": "v_forever21", "streamoid_urls": null}, {"title": "V-Neck Seamless Bralette", "gender": "women", "category": "tops", "color": "blue blue blue blue blue blue pale mint pale mint pale mint pale mint", "product_url": "https://www.forever21.in/p/v-neck-seamless-bralette-324064.html", "thumbnail_url": ["http://d1q9qhpdr6ehzh.cloudfront.net/c286ded09cb3701e5aa640dd3fe2d4d4"], "chatbot_image": "https://forever21.imgix.net/img/app/product/3/324064-1521641-large.jpg,https://forever21.imgix.net/img/app/product/3/324064-1521642-large.jpg,https://forever21.imgix.net/img/app/product/3/324064-1521643-large.jpg,https://forever21.imgix.net/img/app/product/3/324064-1521640.jpg", "unique_id": "d7db15973d354f17aeba78516e09f24a", "trending_score": "0.0", "price": 599.0, "discounted_price": 599.0, "currency": "INR", "product_code": "324064", "affinity_score": 0.0, "brand": "forever21", "store": "v_forever21", "streamoid_urls": null}, {"title": "Strappy Bralet", "gender": "women", "category": "innerwear-tops", "color": "multicolor red red red red red red maroon maroon crimson red", "product_url": "https://www.boohoo.com/strappy-bralet/LZZ90391.html", "thumbnail_url": ["http://d1q9qhpdr6ehzh.cloudfront.net/26bdf87e270ed5d40cdc9226a9a62407"], "chatbot_image": "https://media.boohoo.com/i/boohoo/lzz90391_wine_xl/womens-wine-strappy-bralet?%24product_page_main_magic_zoom%24%201x,%20//media.boohoo.com/i/boohoo/lzz90391_wine_xl/womens-wine-strappy-bralet?%24product_page_main_magic_zoom_2x%24%202x,%20//media.boohoo.com/i/boohoo/lzz90391_wine_xl/womens-wine-strappy-bralet?%24product_page_main_magic_zoom_3x%24%203x,https://media.boohoo.com/i/boohoo/lzz90391_wine_xl_1/wine-strappy-bralet?%24product_page_main_magic_zoom%24,https://media.boohoo.com/i/boohoo/lzz90391_wine_xl_2/wine-strappy-bralet?%24product_page_main_magic_zoom%24,https://media.boohoo.com/i/boohoo/lzz90391_wine_xl_3/wine-strappy-bralet?%24product_page_main_magic_zoom%24", "unique_id": "8346e947528e43c9a4b5994e272a1a35", "trending_score": "0.0", "price": 9.6, "discounted_price": 9.6, "currency": "INR", "product_code": "26bdf87e270ed5d40cdc9226a9a62407_boohoo_com", "affinity_score": 0.0, "brand": null, "store": "boohoo_com", "streamoid_urls": null}, {"title": "Scalloped Lace Bralette", "gender": "women", "category": "innerwear-tops", "color": "multicolor olive olive olive olive olive olive brown brown brown", "product_url": "https://www.forever21.in/p/scalloped-lace-bralette-324304.html", "thumbnail_url": ["http://d1q9qhpdr6ehzh.cloudfront.net/283e1ff094723eee02d0c843d716bb0c"], "chatbot_image": "https://forever21.imgix.net/img/app/product/3/324304-1619516-large.jpg,https://forever21.imgix.net/img/app/product/3/324304-1619517-large.jpg,https://forever21.imgix.net/img/app/product/3/324304-1619518-large.jpg,https://forever21.imgix.net/img/app/product/3/324304-1619515.jpg", "unique_id": "81afe17853fb44b89c7aa0996206d60a", "trending_score": "0.0", "price": 899.0, "discounted_price": 450.0, "currency": "INR", "product_code": "324304", "affinity_score": 0.0, "brand": "forever21", "store": "v_forever21", "streamoid_urls": null}, {"title": "Lace Triangle Bralette", "gender": "women", "category": "innerwear-tops", "color": "maroon maroon maroon maroon maroon maroon peach peach peach peach", "product_url": "https://www.forever21.in/p/lace-triangle-bralette-322929.html", "thumbnail_url": ["http://d1q9qhpdr6ehzh.cloudfront.net/cc9b642515609c54d992887712094a8d"], "chatbot_image": "https://forever21.imgix.net/img/app/product/3/322929-1630118-large.jpg,https://forever21.imgix.net/img/app/product/3/322929-1630119-large.jpg,https://forever21.imgix.net/img/app/product/3/322929-1630120-large.jpg,https://forever21.imgix.net/img/app/product/3/322929-1630117.jpg", "unique_id": "b53086c7cc424840b628684d7ba38c37", "trending_score": "0.0", "price": 899.0, "discounted_price": 899.0, "currency": "INR", "product_code": "322929", "affinity_score": 0.0, "brand": "forever21", "store": "v_forever21", "streamoid_urls": null}, {"title": "Strapping Longline Lace Bralet", "gender": "women", "category": "innerwear-tops", "color": "bronze bronze bronze bronze bronze bronze black black black", "product_url": "https://www.boohoo.com/strapping-longline-lace-bralet/LZZ89781.html", "thumbnail_url": ["http://d1q9qhpdr6ehzh.cloudfront.net/6b7875ebae9f7d96404904552f55de87"], "chatbot_image": "https://media.boohoo.com/i/boohoo/lzz89781_black_xl/womens-black-strapping-longline-lace-bralet?%24product_page_main_magic_zoom%24%201x,%20//media.boohoo.com/i/boohoo/lzz89781_black_xl/womens-black-strapping-longline-lace-bralet?%24product_page_main_magic_zoom_2x%24%202x,%20//media.boohoo.com/i/boohoo/lzz89781_black_xl/womens-black-strapping-longline-lace-bralet?%24product_page_main_magic_zoom_3x%24%203x,https://media.boohoo.com/i/boohoo/lzz89781_black_xl_1/black-strapping-longline-lace-bralet?%24product_page_main_magic_zoom%24,https://media.boohoo.com/i/boohoo/lzz89781_black_xl_2/black-strapping-longline-lace-bralet?%24product_page_main_magic_zoom%24,https://media.boohoo.com/i/boohoo/lzz89781_black_xl_3/black-strapping-longline-lace-bralet?%24product_page_main_magic_zoom%24", "unique_id": "3ce22420a05946e7be5a413977c3e157", "trending_score": "0.0", "price": 12.0, "discounted_price": 12.0, "currency": "INR", "product_code": "6b7875ebae9f7d96404904552f55de87_boohoo_com", "affinity_score": 0.0, "brand": null, "store": "boohoo_com", "streamoid_urls": null}, {"title": "Strappy Bralet", "gender": "women", "category": "innerwear-tops", "color": "multicolor copper copper copper copper copper copper black black black", "product_url": "https://www.boohoo.com/strappy-bralet/LZZ98846.html", "thumbnail_url": ["http://d1q9qhpdr6ehzh.cloudfront.net/e8017d52ee01f61abf933d1f36b2a6a1"], "chatbot_image": "https://media.boohoo.com/i/boohoo/lzz98846_black_xl/womens-black-strappy-bralet?%24product_page_main_magic_zoom%24%201x,%20//media.boohoo.com/i/boohoo/lzz98846_black_xl/womens-black-strappy-bralet?%24product_page_main_magic_zoom_2x%24%202x,%20//media.boohoo.com/i/boohoo/lzz98846_black_xl/womens-black-strappy-bralet?%24product_page_main_magic_zoom_3x%24%203x,https://media.boohoo.com/i/boohoo/lzz98846_black_xl_1/black-strappy-bralet?%24product_page_main_magic_zoom%24,https://media.boohoo.com/i/boohoo/lzz98846_black_xl_2/black-strappy-bralet?%24product_page_main_magic_zoom%24,https://media.boohoo.com/i/boohoo/lzz98846_black_xl_3/black-strappy-bralet?%24product_page_main_magic_zoom%24", "unique_id": "94579176480f4ebba188db4a81d0ec9b", "trending_score": "0.0", "price": 11.2, "discounted_price": 11.2, "currency": "INR", "product_code": "e8017d52ee01f61abf933d1f36b2a6a1_boohoo_com", "affinity_score": 0.0, "brand": null, "store": "boohoo_com", "streamoid_urls": null}, {"title": "Stripe Lace Longline Bralet", "gender": "women", "category": "innerwear-tops", "color": "multicolor green green green green green green seaweed seaweed seaweed", "product_url": "https://www.boohoo.com/stripe-lace-longline-bralet/LZZ87909.html", "thumbnail_url": ["http://d1q9qhpdr6ehzh.cloudfront.net/24a761e6f846f2fc507cd4decf00256a"], "chatbot_image": "https://media.boohoo.com/i/boohoo/lzz87909_emerald_xl/womens-emerald-stripe-lace-longline-bralet?%24product_page_main_magic_zoom%24%201x,%20//media.boohoo.com/i/boohoo/lzz87909_emerald_xl/womens-emerald-stripe-lace-longline-bralet?%24product_page_main_magic_zoom_2x%24%202x,%20//media.boohoo.com/i/boohoo/lzz87909_emerald_xl/womens-emerald-stripe-lace-longline-bralet?%24product_page_main_magic_zoom_3x%24%203x,https://media.boohoo.com/i/boohoo/lzz87909_emerald_xl_1/emerald-stripe-lace-longline-bralet?%24product_page_main_magic_zoom%24,https://media.boohoo.com/i/boohoo/lzz87909_emerald_xl_2/emerald-stripe-lace-longline-bralet?%24product_page_main_magic_zoom%24,https://media.boohoo.com/i/boohoo/lzz87909_emerald_xl_3/emerald-stripe-lace-longline-bralet?%24product_page_main_magic_zoom%24", "unique_id": "1860909ea7144024bb14c7d63759d40f", "trending_score": "0.0", "price": 12.8, "discounted_price": 12.8, "currency": "INR", "product_code": "24a761e6f846f2fc507cd4decf00256a_boohoo_com", "affinity_score": 0.0, "brand": null, "store": "boohoo_com", "streamoid_urls": null}, {"title": "Lace Up Caged Longline Bra", "gender": "women", "category": "innerwear-tops", "color": "red red red red red red fuchsia fuchsia fuchsia fuchsia", "product_url": "https://www.boohoo.com/lace-up-caged-longline-bra/LZZ88275.html", "thumbnail_url": ["http://d1q9qhpdr6ehzh.cloudfront.net/25853cfef91aa4d1949357e37c71b680"], "chatbot_image": "https://media.boohoo.com/i/boohoo/lzz88275_red_xl/womens-red-lace-up-caged-longline-bra?%24product_page_main_magic_zoom%24%201x,%20//media.boohoo.com/i/boohoo/lzz88275_red_xl/womens-red-lace-up-caged-longline-bra?%24product_page_main_magic_zoom_2x%24%202x,%20//media.boohoo.com/i/boohoo/lzz88275_red_xl/womens-red-lace-up-caged-longline-bra?%24product_page_main_magic_zoom_3x%24%203x,https://media.boohoo.com/i/boohoo/lzz88275_red_xl_1/red-lace-up-caged-longline-bra?%24product_page_main_magic_zoom%24,https://media.boohoo.com/i/boohoo/lzz88275_red_xl_2/red-lace-up-caged-longline-bra?%24product_page_main_magic_zoom%24,https://media.boohoo.com/i/boohoo/lzz88275_red_xl_3/red-lace-up-caged-longline-bra?%24product_page_main_magic_zoom%24", "unique_id": "a7ce97919a0448e48ab54eff9f140a49", "trending_score": "0.0", "price": 12.8, "discounted_price": 12.8, "currency": "INR", "product_code": "25853cfef91aa4d1949357e37c71b680_boohoo_com", "affinity_score": 0.0, "brand": null, "store": "boohoo_com", "streamoid_urls": null}, {"title": "Floral Embroidered Mesh Bustier Bra", "gender": "women", "category": "innerwear-tops", "color": "black black black black black black black black black black", "product_url": "https://www.forever21.in/p/floral-embroidered-mesh-bustier-bra-323362.html", "thumbnail_url": ["http://d1q9qhpdr6ehzh.cloudfront.net/55fd94ab96e3401b209d1c14b9ef4bb7"], "chatbot_image": "https://forever21.imgix.net/img/app/product/3/323362-1519432-large.jpg,https://forever21.imgix.net/img/app/product/3/323362-1519433-large.jpg,https://forever21.imgix.net/img/app/product/3/323362-1519434-large.jpg,https://forever21.imgix.net/img/app/product/3/323362-1519431.jpg", "unique_id": "f1557d350abc4514a4daccc99eb5716e", "trending_score": "0.0", "price": 1199.0, "discounted_price": 1199.0, "currency": "INR", "product_code": "323362", "affinity_score": 0.0, "brand": "forever21", "store": "v_forever21", "streamoid_urls": null}, {"title": "Applique Strapping Bralet", "gender": "women", "category": "innerwear-tops", "color": null, "product_url": "https://www.boohoo.com/applique-strapping-bralet/LZZ89223.html", "thumbnail_url": ["http://d1q9qhpdr6ehzh.cloudfront.net/dffa6d614b28d11dfb78e05076e5eb4a"], "chatbot_image": "https://media.boohoo.com/i/boohoo/lzz89223_red_xl/womens-red-applique-strapping-bralet?%24product_page_main_magic_zoom%24%201x,%20//media.boohoo.com/i/boohoo/lzz89223_red_xl/womens-red-applique-strapping-bralet?%24product_page_main_magic_zoom_2x%24%202x,%20//media.boohoo.com/i/boohoo/lzz89223_red_xl/womens-red-applique-strapping-bralet?%24product_page_main_magic_zoom_3x%24%203x,https://media.boohoo.com/i/boohoo/lzz89223_red_xl_1/red-applique-strapping-bralet?%24product_page_main_magic_zoom%24,https://media.boohoo.com/i/boohoo/lzz89223_red_xl_2/red-applique-strapping-bralet?%24product_page_main_magic_zoom%24,https://media.boohoo.com/i/boohoo/lzz89223_red_xl_3/red-applique-strapping-bralet?%24product_page_main_magic_zoom%24", "unique_id": "3ed062ba9a97469ab5d2f68dca5ed6a3", "trending_score": "0.0", "price": 9.0, "discounted_price": 9.0, "currency": "INR", "product_code": "dffa6d614b28d11dfb78e05076e5eb4a_boohoo_com", "affinity_score": 0.0, "brand": null, "store": "boohoo_com", "streamoid_urls": null}], "debug": {"qrm": "", "query_without_qrm": "bralette", "solr_query": "( ( ( (meta_type:\"bralette\")^10 ) ) )^1 ", "graph": [[[{"type": ["bralette^10"]}]]], "spell_corrected_query": "", "filter": [], "explicit_text": null, "fq": ["availability:1"]}, "numFound": 25, "facets": {"gender": {"women": 25}, "category": {"innerwear-tops": 21, "tops": 4}, "occasion type": {"intimates": 20, "everyday": 4, "swimwear": 1}, "Workindustry": {}, "Age": {}, "neck": {}, "arms": {}, "waist": {}, "stomach": {}, "shoulder": {}, "brand": {"forever21": 16}, "sub_brand": {"forever21": 16}, "Department": {"regular": 25}, "activity": {"unknown": 21, "hang-outs": 4, "leisure-holiday": 4}}, "isFashionQuery": true, "spell_corrected_query": "", "final_query": "", "message": ""}