{"products": [{"title": "Contemporary Satin Bodysuit", "gender": "women", "category": "tops", "color": "multicolor white white white white white white off white off white off white", "product_url": "https://www.forever21.in/p/contemporary-satin-bodysuit-324387.html", "thumbnail_url": ["http://d1q9qhpdr6ehzh.cloudfront.net/8c7e1432b27b117baa56123fbe2ebd1e"], "chatbot_image": "https://forever21.imgix.net/img/app/product/3/324387-1612107-large.jpg,https://forever21.imgix.net/img/app/product/3/324387-1612108-large.jpg,https://forever21.imgix.net/img/app/product/3/324387-1612109-large.jpg,https://forever21.imgix.net/img/app/product/3/324387-1612106.jpg", "unique_id": "b6183b62aab14539bef55fa9961b8dbb", "trending_score": "0.0", "price": 1399.0, "discounted_price": 1399.0, "currency": "INR", "product_code": "324387", "affinity_score": 0.0, "brand": "forever21", "store": "v_forever21", "streamoid_urls": null}, {"title": "Metallic Ring Bodysuit", "gender": "women", "category": "tops", "color": "white white white white white white pearl pearl pearl white", "product_url": "https://www.forever21.in/p/metallic-ring-bodysuit-324138.html", "thumbnail_url": ["http://d1q9qhpdr6ehzh.cloudfront.net/accfa9595132e78377ce50aa5e9fe22a"], "chatbot_image": "https://forever21.imgix.net/img/app/product/3/324138-1631588-large.jpg,https://forever21.imgix.net/img/app/product/3/324138-1631589-large.jpg,https://forever21.imgix.net/img/app/product/3/324138-1631590-large.jpg,https://forever21.imgix.net/img/app/product/3/324138-1631591-large.jpg,https://forever21.imgix.net/img/app/product/3/324138-1631587.jpg", "unique_id": "f4cfee8d45c3482bb0f56bb5f2fe75f9", "trending_score": "0.0", "price": 799.0, "discounted_price": 799.0, "currency": "INR", "product_code": "324138", "affinity_score": 0.0, "brand": "forever21", "store": "v_forever21", "streamoid_urls": null}, {"title": "Satin Strap V-Neck Bodysuit", "gender": "women", "category": "tops", "color": "white white white white white white off white off white off white off white", "product_url": "https://www.forever21.in/p/satin-strap-v-neck-bodysuit-324182.html", "thumbnail_url": ["http://d1q9qhpdr6ehzh.cloudfront.net/52315421d1f378e3562e83844e7b67cb"], "chatbot_image": "https://forever21.imgix.net/img/app/product/3/324182-1630242-large.jpg,https://forever21.imgix.net/img/app/product/3/324182-1630243-large.jpg,https://forever21.imgix.net/img/app/product/3/324182-1630244-large.jpg,https://forever21.imgix.net/img/app/product/3/324182-1630245-large.jpg,https://forever21.imgix.net/img/app/product/3/324182-1630241.jpg", "unique_id": "1af2323fac924b288048f3f2cce8a793", "trending_score": "0.0", "price": 699.0, "discounted_price": 799.0, "currency": "INR", "product_code": "324182", "affinity_score": 0.0, "brand": "forever21", "store": "v_forever21", "streamoid_urls": null}, {"title": "Contrast-Trimmed Bodysuit", "gender": "women", "category": "tops", "color": "white white white white white white white white white white", "product_url": "https://www.forever21.in/p/contrast-trimmed-bodysuit-323427.html", "thumbnail_url": ["http://d1q9qhpdr6ehzh.cloudfront.net/e380410abbb46de5ba8a8abf1ed5c723"], "chatbot_image": "https://forever21.imgix.net/img/app/product/3/323427-1611991-large.jpg,https://forever21.imgix.net/img/app/product/3/323427-1611992-large.jpg,https://forever21.imgix.net/img/app/product/3/323427-1611993-large.jpg,https://forever21.imgix.net/img/app/product/3/323427-1611994-large.jpg,https://forever21.imgix.net/img/app/product/3/323427-1611990.jpg", "unique_id": "529acc7df07047f59d627c9d40ea923d", "trending_score": "0.0", "price": 759.0, "discounted_price": 380.0, "currency": "INR", "product_code": "323427", "affinity_score": 0.0, "brand": "forever21", "store": "v_forever21", "streamoid_urls": null}, {"title": "Ribbed Scoop Neck Bodysuit", "gender": "women", "category": "tops", "color": "white white white white white white off white off white off white off white", "product_url": "https://www.forever21.in/p/ribbed-scoop-neck-bodysuit-324331.html", "thumbnail_url": ["http://d1q9qhpdr6ehzh.cloudfront.net/d5baaad720c295fdba7dc0a9efc4b425"], "chatbot_image": "https://forever21.imgix.net/img/app/product/3/324331-1597886-large.jpg,https://forever21.imgix.net/img/app/product/3/324331-1597887-large.jpg,https://forever21.imgix.net/img/app/product/3/324331-1597888-large.jpg,https://forever21.imgix.net/img/app/product/3/324331-1597889-large.jpg,https://forever21.imgix.net/img/app/product/3/324331-1597890-large.jpg,https://forever21.imgix.net/img/app/product/3/324331-1597885.jpg", "unique_id": "a6b1c3891c6247289b937188c6559a1a", "trending_score": "0.0", "price": 799.0, "discounted_price": 799.0, "currency": "INR", "product_code": "324331", "affinity_score": 0.0, "brand": "forever21", "store": "v_forever21", "streamoid_urls": null}, {"title": "Cutout-Front Seamless Bodysuit", "gender": "women", "category": "tops", "color": "white white white white white white off white off white off white", "product_url": "https://www.forever21.in/p/cutout-front-seamless-bodysuit-322981.html", "thumbnail_url": ["http://d1q9qhpdr6ehzh.cloudfront.net/88fb00ca539a399668340075ba3ad5db"], "chatbot_image": "https://forever21.imgix.net/img/app/product/3/322981-1638961-large.jpg,https://forever21.imgix.net/img/app/product/3/322981-1638962-large.jpg,https://forever21.imgix.net/img/app/product/3/322981-1638963-large.jpg,https://forever21.imgix.net/img/app/product/3/322981-1638964-large.jpg,https://forever21.imgix.net/img/app/product/3/322981-1638960.jpg", "unique_id": "896e7698587f4fc192932be4769212bb", "trending_score": "0.0", "price": 999.0, "discounted_price": 999.0, "currency": "INR", "product_code": "322981", "affinity_score": 0.0, "brand": "forever21", "store": "v_forever21", "streamoid_urls": null}, {"title": "Draped poplin wrap panelled shirt", "gender": "women", "category": "tops", "color": "multicolor white white white white white white off white off white off white", "product_url": "https://www.lanecrawford.com/pdp/BKK323", "thumbnail_url": ["http://d1q9qhpdr6ehzh.cloudfront.net/125772ad741e34d2dc21704ff8dae903"], "chatbot_image": "http://media.lanecrawford.com/B/K/K/BKK323_in_xl.jpg,http://media.lanecrawford.com/B/K/K/BKK323_bk_xl.jpg,http://media.lanecrawford.com/B/K/K/BKK323_4_xl.jpg,http://media.lanecrawford.com/B/K/K/BKK323_ro_xl.jpg", "unique_id": "0ed8026691a244e09ae3b3e018428c57", "trending_score": "0.0", "price": 15300.0, "discounted_price": 15300.0, "currency": "HKD", "product_code": "BKK323", "affinity_score": 0.0, "brand": "OSCAR DE LA RENTA", "store": "v_lane_crawford", "streamoid_urls": null}, {"title": "Smocked Crop Top", "gender": "women", "category": "tops", "color": "white white white white white white off white off white off white white", "product_url": "https://www.forever21.in/p/smocked-crop-top-324116.html", "thumbnail_url": ["http://d1q9qhpdr6ehzh.cloudfront.net/f5611fbdd93b397cff7759fb66882155"], "chatbot_image": "https://forever21.imgix.net/img/app/product/3/324116-1599948-large.jpg,https://forever21.imgix.net/img/app/product/3/324116-1599949-large.jpg,https://forever21.imgix.net/img/app/product/3/324116-1599950-large.jpg,https://forever21.imgix.net/img/app/product/3/324116-1599951-large.jpg,https://forever21.imgix.net/img/app/product/3/324116-1599947.jpg", "unique_id": "d6bb436444c647b0a8acd5da5b6163f8", "trending_score": "0.0", "price": 749.0, "discounted_price": 749.0, "currency": "INR", "product_code": "324116", "affinity_score": 0.0, "brand": "forever21", "store": "v_forever21", "streamoid_urls": null}, {"title": "Multicolor Striped Surplice Top", "gender": "women", "category": "tops", "color": "white white white white white white off white off white off white", "product_url": "https://www.forever21.in/p/multicolor-striped-surplice-top-323165.html", "thumbnail_url": ["http://d1q9qhpdr6ehzh.cloudfront.net/9c6d3d8090cc21c3ba10c1c8eede6887"], "chatbot_image": "https://forever21.imgix.net/img/app/product/3/323165-1518791-large.jpg,https://forever21.imgix.net/img/app/product/3/323165-1518792-large.jpg,https://forever21.imgix.net/img/app/product/3/323165-1518793-large.jpg,https://forever21.imgix.net/img/app/product/3/323165-1518794-large.jpg,https://forever21.imgix.net/img/app/product/3/323165-1518790.jpg", "unique_id": "33e1c9af29f1463abe9705b6cc258cb4", "trending_score": "0.0", "price": 1249.0, "discounted_price": 1249.0, "currency": "INR", "product_code": "323165", "affinity_score": 0.0, "brand": "forever21", "store": "v_forever21", "streamoid_urls": null}, {"title": "Cap Sleeve Crop Top", "gender": "women", "category": "tops", "color": "white white white white white white off white off white off white off white", "product_url": "https://www.forever21.in/p/cap-sleeve-crop-top-323119.html", "thumbnail_url": ["http://d1q9qhpdr6ehzh.cloudfront.net/d9380b3c339b8228467e8bc2c00cc2f2"], "chatbot_image": "https://forever21.imgix.net/img/app/product/3/323119-1635806-large.jpg,https://forever21.imgix.net/img/app/product/3/323119-1635807-large.jpg,https://forever21.imgix.net/img/app/product/3/323119-1635808-large.jpg,https://forever21.imgix.net/img/app/product/3/323119-1635809-large.jpg,https://forever21.imgix.net/img/app/product/3/323119-1635805.jpg", "unique_id": "2b090a80aac743efa950bd0749ce11cb", "trending_score": "0.0", "price": 949.0, "discounted_price": 949.0, "currency": "INR", "product_code": "323119", "affinity_score": 0.0, "brand": "forever21", "store": "v_forever21", "streamoid_urls": null}, {"title": "Cropped Contrast Trim Cami", "gender": "women", "category": "tops", "color": "white white white white white white off white off white off white off white", "product_url": "https://www.forever21.in/p/cropped-contrast-trim-cami-323162.html", "thumbnail_url": ["http://d1q9qhpdr6ehzh.cloudfront.net/fcf38a225a8e252a81387d6716b970a2"], "chatbot_image": "https://forever21.imgix.net/img/app/product/3/323162-1638984-large.jpg,https://forever21.imgix.net/img/app/product/3/323162-1638985-large.jpg,https://forever21.imgix.net/img/app/product/3/323162-1638986-large.jpg,https://forever21.imgix.net/img/app/product/3/323162-1638987-large.jpg,https://forever21.imgix.net/img/app/product/3/323162-1638983.jpg", "unique_id": "3f3fd65b67ed437f8b2d2d9d1af8dad6", "trending_score": "0.0", "price": 499.0, "discounted_price": 499.0, "currency": "INR", "product_code": "323162", "affinity_score": 0.0, "brand": "forever21", "store": "v_forever21", "streamoid_urls": null}, {"title": "'April' ruffle sleeveless top", "gender": "women", "category": "tops", "color": "white white white white white white off white off white off white off white", "product_url": "https://www.lanecrawford.com/pdp/BKU918", "thumbnail_url": ["http://d1q9qhpdr6ehzh.cloudfront.net/e2b055b64fd90df99b8cd59950f5f961"], "chatbot_image": "http://media.lanecrawford.com/B/K/U/BKU918_in_xl.jpg,http://media.lanecrawford.com/B/K/U/BKU918_bk_xl.jpg,http://media.lanecrawford.com/B/K/U/BKU918_4_xl.jpg,http://media.lanecrawford.com/B/K/U/BKU918_ro_xl.jpg", "unique_id": "2062db8678834c2aa8f9614cd7f6af28", "trending_score": "0.0", "price": 2590.0, "discounted_price": 2590.0, "currency": "HKD", "product_code": "BKU918", "affinity_score": 0.0, "brand": "ISABEL MARANT \u00c3\u0089TOILE", "store": "v_lane_crawford", "streamoid_urls": null}, {"title": "V-Neck Seamless Bralette", "gender": "women", "category": "tops", "color": "white white white white white white off white off white off white off white", "product_url": "https://www.forever21.in/p/v-neck-seamless-bralette-323970.html", "thumbnail_url": ["http://d1q9qhpdr6ehzh.cloudfront.net/f29c6d8bfec5f533f90cfe350cb14b33"], "chatbot_image": "https://forever21.imgix.net/img/app/product/3/323970-1521336-large.jpg,https://forever21.imgix.net/img/app/product/3/323970-1521337-large.jpg,https://forever21.imgix.net/img/app/product/3/323970-1521338-large.jpg,https://forever21.imgix.net/img/app/product/3/323970-1521339-large.jpg,https://forever21.imgix.net/img/app/product/3/323970-1521335.jpg", "unique_id": "7afae5ae7e704d6e82dc17dd3151ac83", "trending_score": "0.0", "price": 599.0, "discounted_price": 599.0, "currency": "INR", "product_code": "323970", "affinity_score": 0.0, "brand": "forever21", "store": "v_forever21", "streamoid_urls": null}, {"title": "Surplice Crop Top", "gender": "women", "category": "tops", "color": "white white white white white white pearl pearl pearl off white", "product_url": "https://www.forever21.in/p/surplice-crop-top-323056.html", "thumbnail_url": ["http://d1q9qhpdr6ehzh.cloudfront.net/315ca98a23c21ca8a54d28fc52ed2b35"], "chatbot_image": "https://forever21.imgix.net/img/app/product/3/323056-1614525-large.jpg,https://forever21.imgix.net/img/app/product/3/323056-1614526-large.jpg,https://forever21.imgix.net/img/app/product/3/323056-1614527-large.jpg,https://forever21.imgix.net/img/app/product/3/323056-1614528-large.jpg,https://forever21.imgix.net/img/app/product/3/323056-1614529-large.jpg,https://forever21.imgix.net/img/app/product/3/323056-1614524.jpg", "unique_id": "04551d8de94043c0b792e327acd3d758", "trending_score": "0.0", "price": 1259.0, "discounted_price": 1259.0, "currency": "INR", "product_code": "323056", "affinity_score": 0.0, "brand": "forever21", "store": "v_forever21", "streamoid_urls": null}, {"title": "Lace-Up Ribbed Crop Top", "gender": "women", "category": "tops", "color": "multicolor white white white white white white white white white", "product_url": "https://www.forever21.in/p/lace-up-ribbed-crop-top-323852.html", "thumbnail_url": ["http://d1q9qhpdr6ehzh.cloudfront.net/ea24b245de98aad6301c9251f663c929"], "chatbot_image": "https://forever21.imgix.net/img/app/product/3/323852-1619476-large.jpg,https://forever21.imgix.net/img/app/product/3/323852-1619477-large.jpg,https://forever21.imgix.net/img/app/product/3/323852-1619478-large.jpg,https://forever21.imgix.net/img/app/product/3/323852-1619479-large.jpg,https://forever21.imgix.net/img/app/product/3/323852-1619475.jpg", "unique_id": "4f70731727f34868ab9d01dea19a63d0", "trending_score": "0.0", "price": 899.0, "discounted_price": 899.0, "currency": "INR", "product_code": "323852", "affinity_score": 0.0, "brand": "forever21", "store": "v_forever21", "streamoid_urls": null}, {"title": "Smocked Off-the-Shoulder Ruffle Crop Top", "gender": "women", "category": "tops", "color": "multicolor white white white white white white khaki khaki off white", "product_url": "https://www.forever21.in/p/smocked-off-the-shoulder-ruffle-crop-top-323985.html", "thumbnail_url": ["http://d1q9qhpdr6ehzh.cloudfront.net/37f63df7221d48b5ff85ae727a79e596"], "chatbot_image": "https://forever21.imgix.net/img/app/product/3/323985-1614632-large.jpg,https://forever21.imgix.net/img/app/product/3/323985-1614633-large.jpg,https://forever21.imgix.net/img/app/product/3/323985-1614634-large.jpg,https://forever21.imgix.net/img/app/product/3/323985-1614635-large.jpg,https://forever21.imgix.net/img/app/product/3/323985-1614631.jpg", "unique_id": "5af77745ab564cf0bc1b874c0d482670", "trending_score": "0.0", "price": 1199.0, "discounted_price": 1199.0, "currency": "INR", "product_code": "323985", "affinity_score": 0.0, "brand": "forever21", "store": "v_forever21", "streamoid_urls": null}, {"title": "Broderie Shell Top", "gender": "women", "category": "tops", "color": null, "product_url": "https://www.bonmarche.co.uk/tops-and-t-shirts/broderie-shell-top-041606.html?dwvar_041606_color=44&cgid=womens-tops-t-shirts", "thumbnail_url": ["http://d1q9qhpdr6ehzh.cloudfront.net/0da589115f37107dbcb560a483a48853"], "chatbot_image": "https://www.bonmarche.co.uk/dw/image/v2/BBCZ_PRD/on/demandware.static/-/Sites-master-catalog-bonmarche/default/dw48c4b5c4/zoom/04/04160644_alt1.jpg?sw=500,https://www.bonmarche.co.uk/dw/image/v2/BBCZ_PRD/on/demandware.static/-/Sites-master-catalog-bonmarche/default/dw08f92f42/zoom/04/04160644_alt3.jpg?sw=500,https://www.bonmarche.co.uk/dw/image/v2/BBCZ_PRD/on/demandware.static/-/Sites-master-catalog-bonmarche/default/dwcff1eae8/zoom/04/04160644_alt2.jpg?sw=500", "unique_id": "259044b0e8a84e8e8b314cce0ce60d96", "trending_score": "0.0", "price": 18.0, "discounted_price": 0.0, "currency": "GBP", "product_code": "259044b0e8a84e8e8b314cce0ce60d96", "affinity_score": 0.0, "brand": "v_bonmarche_uk_usc", "store": "v_bonmarche_uk_usc", "streamoid_urls": null}, {"title": "Polka dot necktie slit hem top", "gender": "women", "category": "tops", "color": "white white white white white white light gray light gray light gray light gray", "product_url": "https://www.lanecrawford.com/pdp/AUO156", "thumbnail_url": ["http://d1q9qhpdr6ehzh.cloudfront.net/7e7f241d791722e773362af78938b782"], "chatbot_image": "http://media.lanecrawford.com/A/U/O/AUO156_in_xl.jpg,http://media.lanecrawford.com/A/U/O/AUO156_bk_xl.jpg,http://media.lanecrawford.com/A/U/O/AUO156_4_xl.jpg,http://media.lanecrawford.com/A/U/O/AUO156_ro_xl.jpg", "unique_id": "2336a7d90c914d43930c6cc03f290bf0", "trending_score": "0.0", "price": 4085.0, "discounted_price": 4085.0, "currency": "HKD", "product_code": "AUO156", "affinity_score": 0.0, "brand": "TIBI", "store": "v_lane_crawford", "streamoid_urls": null}, {"title": "Split Neck Top", "gender": "women", "category": "tops", "color": "white white white white white white off white off white off white off white", "product_url": "https://www.forever21.in/p/split-neck-top-323651.html", "thumbnail_url": ["http://d1q9qhpdr6ehzh.cloudfront.net/18b51e6f0e9f22776ab9d6d9aaf01134"], "chatbot_image": "https://forever21.imgix.net/img/app/product/3/323651-1599705-large.jpg,https://forever21.imgix.net/img/app/product/3/323651-1599706-large.jpg,https://forever21.imgix.net/img/app/product/3/323651-1599707-large.jpg,https://forever21.imgix.net/img/app/product/3/323651-1599708-large.jpg,https://forever21.imgix.net/img/app/product/3/323651-1599704.jpg", "unique_id": "8f84297942b84410b7c3a576b9a4f6f9", "trending_score": "0.0", "price": 1199.0, "discounted_price": 600.0, "currency": "INR", "product_code": "323651", "affinity_score": 0.0, "brand": "forever21", "store": "v_forever21", "streamoid_urls": null}, {"title": "Side collar tassel shirt", "gender": "women", "category": "tops", "color": "white white white white white white light gray light gray light gray light gray", "product_url": "https://www.lanecrawford.com/pdp/AUQ703", "thumbnail_url": ["http://d1q9qhpdr6ehzh.cloudfront.net/aa3ff884be70cbf97bc56af8bc346aa8"], "chatbot_image": "http://media.lanecrawford.com/A/U/Q/AUQ703_in_xl.jpg,http://media.lanecrawford.com/A/U/Q/AUQ703_bk_xl.jpg,http://media.lanecrawford.com/A/U/Q/AUQ703_4_xl.jpg,http://media.lanecrawford.com/A/U/Q/AUQ703_ro_xl.jpg", "unique_id": "4a110e15916a45d2abce36801548f844", "trending_score": "0.0", "price": 8600.0, "discounted_price": 8600.0, "currency": "HKD", "product_code": "AUQ703", "affinity_score": 0.0, "brand": "MONSE", "store": "v_lane_crawford", "streamoid_urls": null}, {"title": "LONG SLEEVE TOP", "gender": "women", "category": "tops", "color": "white white white white white white light gray light gray light gray light gray", "product_url": "https://www.oasis-stores.com/071311.html?dwvar_071311_color=02", "thumbnail_url": ["http://d1q9qhpdr6ehzh.cloudfront.net/48c3179e9390b95dcb5b5f3e8fa4f146"], "chatbot_image": "https://www.oasis-stores.com/dw/image/v2/AAWY_PRD/on/demandware.static/-/Sites-OASIS/default/dwff12cf2c/images/hi-res/oasis_07131102_2.jpg,https://www.oasis-stores.com/dw/image/v2/AAWY_PRD/on/demandware.static/-/Sites-OASIS/default/dw1f7521c8/images/hi-res/oasis_07131102_3.jpg,https://www.oasis-stores.com/dw/image/v2/AAWY_PRD/on/demandware.static/-/Sites-OASIS/default/dwf461634b/images/hi-res/oasis_07131102_4.jpg,https://www.oasis-stores.com/dw/image/v2/AAWY_PRD/on/demandware.static/-/Sites-OASIS/default/dwe328de0b/images/hi-res/oasis_07131102_5.jpg", "unique_id": "8329369e36b34fa8b55b82dddd484986", "trending_score": "0.0", "price": 16.0, "discounted_price": 16.0, "currency": "GBP", "product_code": "07131102", "affinity_score": 0.0, "brand": "v_oasis", "store": "v_oasis", "streamoid_urls": null}, {"title": "'Time Flew' polka dot drape cowl top", "gender": "women", "category": "tops", "color": "multicolor white white white white white white black black off white", "product_url": "https://www.lanecrawford.com/pdp/ARO947", "thumbnail_url": ["http://d1q9qhpdr6ehzh.cloudfront.net/67bdfa7aca5474a6561b9c0506a52cb8"], "chatbot_image": "http://media.lanecrawford.com/A/R/O/ARO947_in_xl.jpg,http://media.lanecrawford.com/A/R/O/ARO947_bk_xl.jpg,http://media.lanecrawford.com/A/R/O/ARO947_4_xl.jpg,http://media.lanecrawford.com/A/R/O/ARO947_ro_xl.jpg", "unique_id": "4f5eb350b3b544c7b14dc860687a5b79", "trending_score": "0.0", "price": 1350.0, "discounted_price": 405.0, "currency": "HKD", "product_code": "ARO947", "affinity_score": 0.0, "brand": "C/MEO COLLECTIVE", "store": "v_lane_crawford", "streamoid_urls": null}, {"title": "Ribbed Knit Cami", "gender": "women", "category": "tops", "color": "white white white white white white white white white white", "product_url": "https://www.forever21.in/p/ribbed-knit-cami-323012.html", "thumbnail_url": ["http://d1q9qhpdr6ehzh.cloudfront.net/79fe5e6e79ac4f57625e3c4fb1631bee"], "chatbot_image": "https://forever21.imgix.net/img/app/product/3/323012-1615804-large.jpg,https://forever21.imgix.net/img/app/product/3/323012-1615805-large.jpg,https://forever21.imgix.net/img/app/product/3/323012-1615806-large.jpg,https://forever21.imgix.net/img/app/product/3/323012-1615807-large.jpg,https://forever21.imgix.net/img/app/product/3/323012-1615803.jpg", "unique_id": "9ae4b8dddfa04595a49eb40368c27c21", "trending_score": "0.0", "price": 649.0, "discounted_price": 799.0, "currency": "INR", "product_code": "323012", "affinity_score": 0.0, "brand": "forever21", "store": "v_forever21", "streamoid_urls": null}, {"title": "Sleeveless Double Layer Vest", "gender": "women", "category": "tops", "color": "white white white white white white off white off white off white off white", "product_url": "https://www.bonmarche.co.uk/tops-and-t-shirts/sleeveless-double-layer-vest-041586.html?dwvar_041586_color=44&dwvar_041586_size=010", "thumbnail_url": ["http://d1q9qhpdr6ehzh.cloudfront.net/c89d8f8fd01fb7abd642df5223c77ca3"], "chatbot_image": "https://www.bonmarche.co.uk/dw/image/v2/BBCZ_PRD/on/demandware.static/-/Sites-master-catalog-bonmarche/default/dw5fefb99b/zoom/04/04158644_alt1.jpg?sw=500,https://www.bonmarche.co.uk/dw/image/v2/BBCZ_PRD/on/demandware.static/-/Sites-master-catalog-bonmarche/default/dw1d8814f1/zoom/04/04158644_alt3.jpg?sw=500,https://www.bonmarche.co.uk/dw/image/v2/BBCZ_PRD/on/demandware.static/-/Sites-master-catalog-bonmarche/default/dw337a2ce0/zoom/04/04158644_alt2.jpg?sw=500", "unique_id": "0fd5a59a47c3489491698f47c1e4fd8b", "trending_score": "0.0", "price": 18.0, "discounted_price": 0.0, "currency": "GBP", "product_code": "0fd5a59a47c3489491698f47c1e4fd8b", "affinity_score": 0.0, "brand": "v_bonmarche_uk_usc", "store": "v_bonmarche_uk_usc", "streamoid_urls": null}, {"title": "Studio 8 Maeve Top", "gender": "women", "category": "tops", "color": null, "product_url": "https://www.bonmarche.co.uk/tops-and-t-shirts/studio-8-maeve-top-740018.html?dwvar_740018_color=93&cgid=womens-tops-t-shirts", "thumbnail_url": ["http://d1q9qhpdr6ehzh.cloudfront.net/d3d948815484f99c07f2621f196504c0"], "chatbot_image": "https://www.bonmarche.co.uk/dw/image/v2/BBCZ_PRD/on/demandware.static/-/Sites-master-catalog-bonmarche/default/dwdbff5cf6/zoom/74/74001893_alt1.jpg?sw=500,https://www.bonmarche.co.uk/dw/image/v2/BBCZ_PRD/on/demandware.static/-/Sites-master-catalog-bonmarche/default/dw7906f74f/zoom/74/74001893_alt3.jpg?sw=500,https://www.bonmarche.co.uk/dw/image/v2/BBCZ_PRD/on/demandware.static/-/Sites-master-catalog-bonmarche/default/dwdbbedb35/zoom/74/74001893_alt2.jpg?sw=500", "unique_id": "17cdec0b76cf4d94b0676e4d472d31d8", "trending_score": "0.0", "price": 34.5, "discounted_price": 0.0, "currency": "GBP", "product_code": "17cdec0b76cf4d94b0676e4d472d31d8", "affinity_score": 0.0, "brand": "v_bonmarche_uk_usc", "store": "v_bonmarche_uk_usc", "streamoid_urls": null}, {"title": "SATIN TRIM VEST", "gender": "women", "category": "tops", "color": "white white white white white white off white off white off white off white", "product_url": "https://www.oasis-stores.com/071178.html?dwvar_071178_color=02", "thumbnail_url": ["http://d1q9qhpdr6ehzh.cloudfront.net/78f7cc9a39fd2d43d1b4484eb3038864"], "chatbot_image": "https://www.oasis-stores.com/dw/image/v2/AAWY_PRD/on/demandware.static/-/Sites-OASIS/default/dwd757bc7a/images/hi-res/oasis_07117802_2.jpg,https://www.oasis-stores.com/dw/image/v2/AAWY_PRD/on/demandware.static/-/Sites-OASIS/default/dw5d888489/images/hi-res/oasis_07117802_3.jpg,https://www.oasis-stores.com/dw/image/v2/AAWY_PRD/on/demandware.static/-/Sites-OASIS/default/dw12f04532/images/hi-res/oasis_07117802_4.jpg,https://www.oasis-stores.com/dw/image/v2/AAWY_PRD/on/demandware.static/-/Sites-OASIS/default/dw54445fb8/images/hi-res/oasis_07117802_5.jpg,https://www.oasis-stores.com/dw/image/v2/AAWY_PRD/on/demandware.static/-/Sites-OASIS/default/dw5f1cde0a/images/hi-res/oasis_07117802_6.jpg", "unique_id": "1fd4771d11244e8cbcdf6800aa39ff9f", "trending_score": "0.0", "price": 12.0, "discounted_price": 12.0, "currency": "GBP", "product_code": "07117802", "affinity_score": 0.0, "brand": "v_oasis", "store": "v_oasis", "streamoid_urls": null}, {"title": "Contrast Open-Shoulder Top", "gender": "women", "category": "tops", "color": "white white white white white white off white off white off white off white", "product_url": "https://www.forever21.in/p/contrast-open-shoulder-top-323369.html", "thumbnail_url": ["http://d1q9qhpdr6ehzh.cloudfront.net/fbf1a6727f8c5bb158a4085c8a893bf8"], "chatbot_image": "https://forever21.imgix.net/img/app/product/3/323369-1597768-large.jpg,https://forever21.imgix.net/img/app/product/3/323369-1597769-large.jpg,https://forever21.imgix.net/img/app/product/3/323369-1597770-large.jpg,https://forever21.imgix.net/img/app/product/3/323369-1597771-large.jpg,https://forever21.imgix.net/img/app/product/3/323369-1597767.jpg", "unique_id": "e33bb6a6fb99449b83b1fa41c37314b6", "trending_score": "0.0", "price": 1499.0, "discounted_price": 750.0, "currency": "INR", "product_code": "323369", "affinity_score": 0.0, "brand": "forever21", "store": "v_forever21", "streamoid_urls": null}, {"title": "Chiffon Ruffle Mock Neck Top", "gender": "women", "category": "tops", "color": "white white white white white white off white off white off white off white", "product_url": "https://www.forever21.in/p/chiffon-ruffle-mock-neck-top-323547.html", "thumbnail_url": ["http://d1q9qhpdr6ehzh.cloudfront.net/4dd77840efaf462954c4c7cded6403c5"], "chatbot_image": "https://forever21.imgix.net/img/app/product/3/323547-1520008-large.jpg,https://forever21.imgix.net/img/app/product/3/323547-1520009-large.jpg,https://forever21.imgix.net/img/app/product/3/323547-1520010-large.jpg,https://forever21.imgix.net/img/app/product/3/323547-1520011-large.jpg,https://forever21.imgix.net/img/app/product/3/323547-1520007.jpg", "unique_id": "717979e80f464aeb83614becacf8f51c", "trending_score": "0.0", "price": 1149.0, "discounted_price": 1149.0, "currency": "INR", "product_code": "323547", "affinity_score": 0.0, "brand": "forever21", "store": "v_forever21", "streamoid_urls": null}, {"title": "HIGH NECK FLORAL TOP", "gender": "women", "category": "tops", "color": "white white white white white white light gray light gray light gray light gray", "product_url": "https://www.oasis-stores.com/071457.html?dwvar_071457_color=16", "thumbnail_url": ["http://d1q9qhpdr6ehzh.cloudfront.net/637c700ff989a3b1ef1809ef8d847ece"], "chatbot_image": "https://www.oasis-stores.com/dw/image/v2/AAWY_PRD/on/demandware.static/-/Sites-OASIS/default/dw8de8f9e0/images/hi-res/oasis_07145716_2.jpg,https://www.oasis-stores.com/dw/image/v2/AAWY_PRD/on/demandware.static/-/Sites-OASIS/default/dwb9896089/images/hi-res/oasis_07145716_3.jpg,https://www.oasis-stores.com/dw/image/v2/AAWY_PRD/on/demandware.static/-/Sites-OASIS/default/dwbef0c458/images/hi-res/oasis_07145716_4.jpg,https://www.oasis-stores.com/dw/image/v2/AAWY_PRD/on/demandware.static/-/Sites-OASIS/default/dw4fcbdb75/images/hi-res/oasis_07145716_5.jpg,https://www.oasis-stores.com/dw/image/v2/AAWY_PRD/on/demandware.static/-/Sites-OASIS/default/dw7b763675/images/hi-res/oasis_07145716_6.jpg", "unique_id": "717e6ba9c60540e286cd4c15e34d2930", "trending_score": "0.0", "price": 34.0, "discounted_price": 34.0, "currency": "GBP", "product_code": "07145716", "affinity_score": 0.0, "brand": "v_oasis", "store": "v_oasis", "streamoid_urls": null}, {"title": "Sheer panel double neck plisse tank top", "gender": "women", "category": "tops", "color": "white white white white white white off white off white off white off white", "product_url": "https://www.lanecrawford.com/pdp/BKK841", "thumbnail_url": ["http://d1q9qhpdr6ehzh.cloudfront.net/f1d6da71ea6ee3b15811d90ab2e26836"], "chatbot_image": "http://media.lanecrawford.com/B/K/K/BKK841_in_xl.jpg,http://media.lanecrawford.com/B/K/K/BKK841_bk_xl.jpg,http://media.lanecrawford.com/B/K/K/BKK841_4_xl.jpg,http://media.lanecrawford.com/B/K/K/BKK841_ro_xl.jpg", "unique_id": "365cadcf7f9a47fb97d777eb6dc0a61d", "trending_score": "0.0", "price": 5000.0, "discounted_price": 5000.0, "currency": "HKD", "product_code": "BKK841", "affinity_score": 0.0, "brand": "SACAI", "store": "v_lane_crawford", "streamoid_urls": null}, {"title": "Shirred Tie-Neck Top", "gender": "women", "category": "tops", "color": "white white white white white white off white off white off white off white", "product_url": "https://www.forever21.in/p/shirred-tie-neck-top-323358.html", "thumbnail_url": ["http://d1q9qhpdr6ehzh.cloudfront.net/73de9802890db7626c29e2de1dcfadf8"], "chatbot_image": "https://forever21.imgix.net/img/app/product/3/323358-1519411-large.jpg,https://forever21.imgix.net/img/app/product/3/323358-1519412-large.jpg,https://forever21.imgix.net/img/app/product/3/323358-1519413-large.jpg,https://forever21.imgix.net/img/app/product/3/323358-1519414-large.jpg,https://forever21.imgix.net/img/app/product/3/323358-1519415-large.jpg,https://forever21.imgix.net/img/app/product/3/323358-1519410.jpg", "unique_id": "ca073c3f569640a1b910b39e37a328f6", "trending_score": "0.0", "price": 1399.0, "discounted_price": 1399.0, "currency": "INR", "product_code": "323358", "affinity_score": 0.0, "brand": "forever21", "store": "v_forever21", "streamoid_urls": null}, {"title": "Cotton-Blend Cami", "gender": "women", "category": "tops", "color": "white white white white white white off white off white off white off white", "product_url": "https://www.forever21.in/p/cotton-blend-cami-323265.html", "thumbnail_url": ["http://d1q9qhpdr6ehzh.cloudfront.net/433a813f630cbad9f1c83485be34097b"], "chatbot_image": "https://forever21.imgix.net/img/app/product/3/323265-1519117-large.jpg,https://forever21.imgix.net/img/app/product/3/323265-1519118-large.jpg,https://forever21.imgix.net/img/app/product/3/323265-1519119-large.jpg,https://forever21.imgix.net/img/app/product/3/323265-1519120-large.jpg,https://forever21.imgix.net/img/app/product/3/323265-1519116.jpg", "unique_id": "2ed782d42c3544a5b82037f754061b55", "trending_score": "0.0", "price": 299.0, "discounted_price": 299.0, "currency": "INR", "product_code": "323265", "affinity_score": 0.0, "brand": "forever21", "store": "v_forever21", "streamoid_urls": null}, {"title": "Plaid Balloon-Sleeve Top", "gender": "women", "category": "tops", "color": "white white white white white white light gray light gray light gray black", "product_url": "https://www.forever21.in/p/plaid-balloon-sleeve-top-323890.html", "thumbnail_url": ["http://d1q9qhpdr6ehzh.cloudfront.net/836325e6ded0346f986dd4b7e99be5c6"], "chatbot_image": "https://forever21.imgix.net/img/app/product/3/323890-1608415-large.jpg,https://forever21.imgix.net/img/app/product/3/323890-1608416-large.jpg,https://forever21.imgix.net/img/app/product/3/323890-1608417-large.jpg,https://forever21.imgix.net/img/app/product/3/323890-1608418-large.jpg,https://forever21.imgix.net/img/app/product/3/323890-1608414.jpg", "unique_id": "d0d63ca93d4046d586f3e416a89ac189", "trending_score": "0.0", "price": 1199.0, "discounted_price": 1199.0, "currency": "INR", "product_code": "323890", "affinity_score": 0.0, "brand": "forever21", "store": "v_forever21", "streamoid_urls": null}, {"title": "Lace Trim Cami", "gender": "women", "category": "tops", "color": null, "product_url": "https://www.bonmarche.co.uk/tops-and-t-shirts/lace-trim-cami-061343.html?dwvar_061343_color=93&cgid=womens-tops-t-shirts", "thumbnail_url": ["http://d1q9qhpdr6ehzh.cloudfront.net/f49abb029b26bda522c938b95acab1be"], "chatbot_image": "https://www.bonmarche.co.uk/dw/image/v2/BBCZ_PRD/on/demandware.static/-/Sites-master-catalog-bonmarche/default/dw967fd010/zoom/06/06134393_alt1.jpg?sw=500,https://www.bonmarche.co.uk/dw/image/v2/BBCZ_PRD/on/demandware.static/-/Sites-master-catalog-bonmarche/default/dwc80242e8/zoom/06/06134393_alt3.jpg?sw=500,https://www.bonmarche.co.uk/dw/image/v2/BBCZ_PRD/on/demandware.static/-/Sites-master-catalog-bonmarche/default/dwcd8b5b97/zoom/06/06134393_alt2.jpg?sw=500", "unique_id": "e43460bbdd8f4ecd8086cb114761372e", "trending_score": "0.0", "price": 5.0, "discounted_price": 0.0, "currency": "GBP", "product_code": "e43460bbdd8f4ecd8086cb114761372e", "affinity_score": 0.0, "brand": "v_bonmarche_uk_usc", "store": "v_bonmarche_uk_usc", "streamoid_urls": null}, {"title": "Embroidered Kaftan Top", "gender": "women", "category": "tops", "color": null, "product_url": "https://www.bonmarche.co.uk/swim-and-beachwear/embroidered-kaftan-top-171442.html?dwvar_171442_color=93&dwvar_171442_size=010", "thumbnail_url": ["http://d1q9qhpdr6ehzh.cloudfront.net/85b6757dc1a34dc082d6d1852b0e3108"], "chatbot_image": "https://www.bonmarche.co.uk/dw/image/v2/BBCZ_PRD/on/demandware.static/-/Sites-master-catalog-bonmarche/default/dw29fdd6de/zoom/17/17144293_alt1.jpg?sw=500,https://www.bonmarche.co.uk/dw/image/v2/BBCZ_PRD/on/demandware.static/-/Sites-master-catalog-bonmarche/default/dw11c6db2e/zoom/17/17144293_alt3.jpg?sw=500,https://www.bonmarche.co.uk/dw/image/v2/BBCZ_PRD/on/demandware.static/-/Sites-master-catalog-bonmarche/default/dwd107102c/zoom/17/17144293_alt2.jpg?sw=500", "unique_id": "330f2cdf03634a4997608addef533e3e", "trending_score": "0.0", "price": 13.0, "discounted_price": 0.0, "currency": "GBP", "product_code": "330f2cdf03634a4997608addef533e3e", "affinity_score": 0.0, "brand": "v_bonmarche_uk_usc", "store": "v_bonmarche_uk_usc", "streamoid_urls": null}, {"title": "Contemporary Stripe Bodysuit", "gender": "women", "category": "tops", "color": "white white white white white white white white white off white", "product_url": "https://www.forever21.in/p/contemporary-stripe-bodysuit-323616.html", "thumbnail_url": ["http://d1q9qhpdr6ehzh.cloudfront.net/a1f5fa4586651e7127478453fea50fba"], "chatbot_image": "https://forever21.imgix.net/img/app/product/3/323616-1617019-large.jpg,https://forever21.imgix.net/img/app/product/3/323616-1617020-large.jpg,https://forever21.imgix.net/img/app/product/3/323616-1617021-large.jpg,https://forever21.imgix.net/img/app/product/3/323616-1617022-large.jpg,https://forever21.imgix.net/img/app/product/3/323616-1617023-large.jpg,https://forever21.imgix.net/img/app/product/3/323616-1617018.jpg", "unique_id": "5f290f16702f450b9221d1051195c312", "trending_score": "0.0", "price": 999.0, "discounted_price": 999.0, "currency": "INR", "product_code": "323616", "affinity_score": 0.0, "brand": "forever21", "store": "v_forever21", "streamoid_urls": null}, {"title": "Contemporary Stripe Bodysuit", "gender": "women", "category": "tops", "color": "white white white white white white white white white white", "product_url": "https://www.forever21.in/p/contemporary-stripe-bodysuit-323569.html", "thumbnail_url": ["http://d1q9qhpdr6ehzh.cloudfront.net/c2d3c5dba29849c2a3e702df86a12495"], "chatbot_image": "https://forever21.imgix.net/img/app/product/3/323569-1617014-large.jpg,https://forever21.imgix.net/img/app/product/3/323569-1617015-large.jpg,https://forever21.imgix.net/img/app/product/3/323569-1617016-large.jpg,https://forever21.imgix.net/img/app/product/3/323569-1617017-large.jpg,https://forever21.imgix.net/img/app/product/3/323569-1617013.jpg", "unique_id": "70d33e90be6746129cce592ae34b9dc6", "trending_score": "0.0", "price": 999.0, "discounted_price": 999.0, "currency": "INR", "product_code": "323569", "affinity_score": 0.0, "brand": "forever21", "store": "v_forever21", "streamoid_urls": null}, {"title": "Contemporary Mesh Bodysuit", "gender": "women", "category": "tops", "color": "white white white white white white off white off white off white off white", "product_url": "https://www.forever21.in/p/contemporary-mesh-bodysuit-323159.html", "thumbnail_url": ["http://d1q9qhpdr6ehzh.cloudfront.net/61f5c9502416180d8de8e5301d6eff61"], "chatbot_image": "https://forever21.imgix.net/img/app/product/3/323159-1630144-large.jpg,https://forever21.imgix.net/img/app/product/3/323159-1630145-large.jpg,https://forever21.imgix.net/img/app/product/3/323159-1630146-large.jpg,https://forever21.imgix.net/img/app/product/3/323159-1630147-large.jpg,https://forever21.imgix.net/img/app/product/3/323159-1630143.jpg", "unique_id": "b1e602ad5be54778b403e29d4eb9a2ee", "trending_score": "0.0", "price": 1299.0, "discounted_price": 1299.0, "currency": "INR", "product_code": "323159", "affinity_score": 0.0, "brand": "forever21", "store": "v_forever21", "streamoid_urls": null}, {"title": "Surplice Shirred Hem Top", "gender": "women", "category": "tops", "color": "white white white white white white white white white white", "product_url": "https://www.forever21.in/p/surplice-shirred-hem-top-323306.html", "thumbnail_url": ["http://d1q9qhpdr6ehzh.cloudfront.net/001132556924a52c87bbcd4aeab20939"], "chatbot_image": "https://forever21.imgix.net/img/app/product/3/323306-1519230-large.jpg,https://forever21.imgix.net/img/app/product/3/323306-1519231-large.jpg,https://forever21.imgix.net/img/app/product/3/323306-1519232-large.jpg,https://forever21.imgix.net/img/app/product/3/323306-1519233-large.jpg,https://forever21.imgix.net/img/app/product/3/323306-1519234-large.jpg,https://forever21.imgix.net/img/app/product/3/323306-1519229.jpg", "unique_id": "f4465a5533c64859995f63e20e522c92", "trending_score": "0.0", "price": 1249.0, "discounted_price": 1299.0, "currency": "INR", "product_code": "323306", "affinity_score": 0.0, "brand": "forever21", "store": "v_forever21", "streamoid_urls": null}, {"title": "Linen Knotted Crop Cami", "gender": "women", "category": "tops", "color": "white white white white white white off white off white off white off white", "product_url": "https://www.forever21.in/p/linen-knotted-crop-cami-323502.html", "thumbnail_url": ["http://d1q9qhpdr6ehzh.cloudfront.net/0d2deb84e93966d48f155f0380a04a21"], "chatbot_image": "https://forever21.imgix.net/img/app/product/3/323502-1519868-large.jpg,https://forever21.imgix.net/img/app/product/3/323502-1519869-large.jpg,https://forever21.imgix.net/img/app/product/3/323502-1519870-large.jpg,https://forever21.imgix.net/img/app/product/3/323502-1519871-large.jpg,https://forever21.imgix.net/img/app/product/3/323502-1519867.jpg", "unique_id": "5313351d6ed84de9b4fc66a8e2f9d7fe", "trending_score": "0.0", "price": 1049.0, "discounted_price": 1049.0, "currency": "INR", "product_code": "323502", "affinity_score": 0.0, "brand": "forever21", "store": "v_forever21", "streamoid_urls": null}, {"title": "'Gaspard' embellished belt ruched neck top", "gender": "women", "category": "tops", "color": null, "product_url": "https://www.lanecrawford.com.cn/pdp/ARL607", "thumbnail_url": ["http://d1q9qhpdr6ehzh.cloudfront.net/177979f23a816e778725247122a938b3"], "chatbot_image": "http://media.lanecrawford.com.cn/A/R/L/ARL607_in_xl.jpg,http://media.lanecrawford.com.cn/A/R/L/ARL607_bk_xl.jpg,http://media.lanecrawford.com.cn/A/R/L/ARL607_1_xl.jpg,http://media.lanecrawford.com.cn/A/R/L/ARL607_4_xl.jpg,http://media.lanecrawford.com.cn/A/R/L/ARL607_ro_xl.jpg", "unique_id": "1c3086ad388d4f34b86637abf6fa6c52", "trending_score": "0.0", "price": 6800.0, "discounted_price": 2040.0, "currency": "RMB", "product_code": "ARL607", "affinity_score": 0.0, "brand": "ELLERY", "store": "v_lane_crawford", "streamoid_urls": null}, {"title": "Button sleeve panelled peplum top", "gender": "women", "category": "tops", "color": "white white white white white white light gray light gray light gray light gray", "product_url": "https://www.lanecrawford.com/pdp/AUV171", "thumbnail_url": ["http://d1q9qhpdr6ehzh.cloudfront.net/1b39b4b27440571df341a1cf7346259b"], "chatbot_image": "http://media.lanecrawford.com/A/U/V/AUV171_in_xl.jpg,http://media.lanecrawford.com/A/U/V/AUV171_bk_xl.jpg,http://media.lanecrawford.com/A/U/V/AUV171_4_xl.jpg,http://media.lanecrawford.com/A/U/V/AUV171_ro_xl.jpg", "unique_id": "12df95500ad74497bbcfe42299f3c856", "trending_score": "0.0", "price": 2900.0, "discounted_price": 2900.0, "currency": "HKD", "product_code": "AUV171", "affinity_score": 0.0, "brand": "3.1 PHILLIP LIM", "store": "v_lane_crawford", "streamoid_urls": null}, {"title": "tops", "gender": "women", "category": "tops", "color": "white white white white white white off white off white light gray light gray", "product_url": "https://yoybuy.com", "thumbnail_url": ["http://d1q9qhpdr6ehzh.cloudfront.net/thumbnail/4bfd6213c567c88588e500ee3dfd999c"], "chatbot_image": null, "unique_id": "d5e010c3bf7644d19bdc79b92af6ea90", "trending_score": "0.0", "price": 100.0, "discounted_price": 0.0, "currency": "INR", "product_code": "6073", "affinity_score": 0.0, "brand": "asos", "store": "v_website_demo", "streamoid_urls": null}, {"title": "Faux pearl shoulder peplum T-shirt", "gender": "women", "category": "tops", "color": "white white white white white white light gray light gray light gray light gray", "product_url": "https://www.lanecrawford.com.cn/pdp/ARG892", "thumbnail_url": ["http://d1q9qhpdr6ehzh.cloudfront.net/701b033bd7ee515f6214859e9ea0e8a8"], "chatbot_image": "http://media.lanecrawford.com.cn/A/R/G/ARG892_in_xl.jpg,http://media.lanecrawford.com.cn/A/R/G/ARG892_bk_xl.jpg,http://media.lanecrawford.com.cn/A/R/G/ARG892_4_xl.jpg,http://media.lanecrawford.com.cn/A/R/G/ARG892_ro_xl.jpg", "unique_id": "02292a2c44e7424cb39c3dc0a5814dad", "trending_score": "0.0", "price": 3100.0, "discounted_price": 1240.0, "currency": "RMB", "product_code": "ARG892", "affinity_score": 0.0, "brand": "3.1 PHILLIP LIM", "store": "v_lane_crawford", "streamoid_urls": null}, {"title": "Ruffle drape poplin peplum top", "gender": "women", "category": "tops", "color": "white white white white white white light gray light gray light gray light gray", "product_url": "https://www.lanecrawford.com/pdp/ARL393", "thumbnail_url": ["http://d1q9qhpdr6ehzh.cloudfront.net/c421bb2f35739feb56444c2bd4842b2f"], "chatbot_image": "http://media.lanecrawford.com/A/R/L/ARL393_in_xl.jpg,http://media.lanecrawford.com/A/R/L/ARL393_bk_xl.jpg,http://media.lanecrawford.com/A/R/L/ARL393_4_xl.jpg,http://media.lanecrawford.com/A/R/L/ARL393_ro_xl.jpg", "unique_id": "49f40b6af30e487fa3666221f5792919", "trending_score": "0.0", "price": 2400.0, "discounted_price": 960.0, "currency": "HKD", "product_code": "ARL393", "affinity_score": 0.0, "brand": "SELF-PORTRAIT", "store": "v_lane_crawford", "streamoid_urls": null}, {"title": "Linen Blend Woven Front Top", "gender": "women", "category": "tops", "color": null, "product_url": "https://www.bonmarche.co.uk/tops-and-t-shirts/linen-blend-woven-front-top-041491.html?dwvar_041491_color=93&cgid=womens-tops-t-shirts", "thumbnail_url": ["http://d1q9qhpdr6ehzh.cloudfront.net/c2a733d90d7dcf7d2abe12a8fc24073b"], "chatbot_image": "https://www.bonmarche.co.uk/dw/image/v2/BBCZ_PRD/on/demandware.static/-/Sites-master-catalog-bonmarche/default/dw1aa278ea/zoom/04/04149193_alt1.jpg?sw=500,https://www.bonmarche.co.uk/dw/image/v2/BBCZ_PRD/on/demandware.static/-/Sites-master-catalog-bonmarche/default/dw44068be2/zoom/04/04149193_alt3.jpg?sw=500,https://www.bonmarche.co.uk/dw/image/v2/BBCZ_PRD/on/demandware.static/-/Sites-master-catalog-bonmarche/default/dw1c16ce96/zoom/04/04149193_alt2.jpg?sw=500", "unique_id": "8a5d345b20c647469da8df7d0f5b30e9", "trending_score": "0.0", "price": 18.0, "discounted_price": 0.0, "currency": "GBP", "product_code": "8a5d345b20c647469da8df7d0f5b30e9", "affinity_score": 0.0, "brand": "v_bonmarche_uk_usc", "store": "v_bonmarche_uk_usc", "streamoid_urls": null}, {"title": "Glitter Knit Flounce Top", "gender": "women", "category": "tops", "color": "white white white white white white off white off white off white off white", "product_url": "https://www.forever21.in/p/glitter-knit-flounce-top-323788.html", "thumbnail_url": ["http://d1q9qhpdr6ehzh.cloudfront.net/c83063d380aea95304f72bf1225e5fcf"], "chatbot_image": "https://forever21.imgix.net/img/app/product/3/323788-1597821-large.jpg,https://forever21.imgix.net/img/app/product/3/323788-1597822-large.jpg,https://forever21.imgix.net/img/app/product/3/323788-1597823-large.jpg,https://forever21.imgix.net/img/app/product/3/323788-1597824-large.jpg,https://forever21.imgix.net/img/app/product/3/323788-1597825-large.jpg,https://forever21.imgix.net/img/app/product/3/323788-1597820.jpg", "unique_id": "e6718b0fe5e1404fb622166138138e70", "trending_score": "0.0", "price": 1199.0, "discounted_price": 1199.0, "currency": "INR", "product_code": "323788", "affinity_score": 0.0, "brand": "forever21", "store": "v_forever21", "streamoid_urls": null}, {"title": "Off-the-Shoulder Top", "gender": "women", "category": "tops", "color": "white white white white white white off white off white off white off white", "product_url": "https://www.forever21.in/p/off-the-shoulder-top-323802.html", "thumbnail_url": ["http://d1q9qhpdr6ehzh.cloudfront.net/ecc94ffbfc74b1d6b8afafb7c34f104d"], "chatbot_image": "https://forever21.imgix.net/img/app/product/3/323802-1617040-large.jpg,https://forever21.imgix.net/img/app/product/3/323802-1617041-large.jpg,https://forever21.imgix.net/img/app/product/3/323802-1617042-large.jpg,https://forever21.imgix.net/img/app/product/3/323802-1617043-large.jpg,https://forever21.imgix.net/img/app/product/3/323802-1617039.jpg", "unique_id": "77b40ddd917b411c901bf7db384b963c", "trending_score": "0.0", "price": 1699.0, "discounted_price": 1699.0, "currency": "INR", "product_code": "323802", "affinity_score": 0.0, "brand": "forever21", "store": "v_forever21", "streamoid_urls": null}, {"title": "Striped Off-the-Shoulder Top", "gender": "women", "category": "tops", "color": "white white white white white white slate gray slate gray slate gray", "product_url": "https://www.forever21.in/p/striped-off-the-shoulder-top-324021.html", "thumbnail_url": ["http://d1q9qhpdr6ehzh.cloudfront.net/f929fa007f2cdb914eeee5422f31d947"], "chatbot_image": "https://forever21.imgix.net/img/app/product/3/324021-1599219-large.jpg,https://forever21.imgix.net/img/app/product/3/324021-1599222-large.jpg,https://forever21.imgix.net/img/app/product/3/324021-1599224-large.jpg,https://forever21.imgix.net/img/app/product/3/324021-1599226-large.jpg,https://forever21.imgix.net/img/app/product/3/324021-1599228-large.jpg,https://forever21.imgix.net/img/app/product/3/324021-1599217.jpg", "unique_id": "5ac2b1d2799b4993a2c06d31223c9a87", "trending_score": "0.0", "price": 1099.0, "discounted_price": 550.0, "currency": "INR", "product_code": "324021", "affinity_score": 0.0, "brand": "forever21", "store": "v_forever21", "streamoid_urls": null}, {"title": "Pinstripe Off-the-Shoulder Top", "gender": "women", "category": "tops", "color": "white white white white white white off white off white off white off white", "product_url": "https://www.forever21.in/p/pinstripe-off-the-shoulder-top-322942.html", "thumbnail_url": ["http://d1q9qhpdr6ehzh.cloudfront.net/7c705f5e4bdbce8a8e80e293077497ed"], "chatbot_image": "https://forever21.imgix.net/img/app/product/3/322942-1518112-large.jpg,https://forever21.imgix.net/img/app/product/3/322942-1518113-large.jpg,https://forever21.imgix.net/img/app/product/3/322942-1518114-large.jpg,https://forever21.imgix.net/img/app/product/3/322942-1518115-large.jpg,https://forever21.imgix.net/img/app/product/3/322942-1518116-large.jpg,https://forever21.imgix.net/img/app/product/3/322942-1518111.jpg", "unique_id": "6887494555eb4d7eb92c2a238d364cae", "trending_score": "0.0", "price": 1299.0, "discounted_price": 1299.0, "currency": "INR", "product_code": "322942", "affinity_score": 0.0, "brand": "forever21", "store": "v_forever21", "streamoid_urls": null}, {"title": "Contemporary Striped Top", "gender": "women", "category": "tops", "color": "multicolor white white white white white white navy navy light gray", "product_url": "https://www.forever21.in/p/contemporary-striped-top-323149.html", "thumbnail_url": ["http://d1q9qhpdr6ehzh.cloudfront.net/b9fe5c632e471b8a5fe70f6786639232"], "chatbot_image": "https://forever21.imgix.net/img/app/product/3/323149-1616966-large.jpg,https://forever21.imgix.net/img/app/product/3/323149-1616967-large.jpg,https://forever21.imgix.net/img/app/product/3/323149-1616968-large.jpg,https://forever21.imgix.net/img/app/product/3/323149-1616969-large.jpg,https://forever21.imgix.net/img/app/product/3/323149-1616970-large.jpg,https://forever21.imgix.net/img/app/product/3/323149-1616965.jpg", "unique_id": "321a21a7930244659c4aee959535a0bf", "trending_score": "0.0", "price": 1199.0, "discounted_price": 1199.0, "currency": "INR", "product_code": "323149", "affinity_score": 0.0, "brand": "forever21", "store": "v_forever21", "streamoid_urls": null}, {"title": "Smocked Off-the-Shoulder Top", "gender": "women", "category": "tops", "color": "white white white white white white off white off white off white off white", "product_url": "https://www.forever21.in/p/smocked-off-the-shoulder-top-323892.html", "thumbnail_url": ["http://d1q9qhpdr6ehzh.cloudfront.net/d0e670796e6b9def7a535af6c34d0f6f"], "chatbot_image": "https://forever21.imgix.net/img/app/product/3/323892-1610826-large.jpg,https://forever21.imgix.net/img/app/product/3/323892-1610827-large.jpg,https://forever21.imgix.net/img/app/product/3/323892-1610828-large.jpg,https://forever21.imgix.net/img/app/product/3/323892-1610829-large.jpg,https://forever21.imgix.net/img/app/product/3/323892-1610825.jpg", "unique_id": "7d81d76ee55140da8bb56b6fbd19ee80", "trending_score": "0.0", "price": 999.0, "discounted_price": 999.0, "currency": "INR", "product_code": "323892", "affinity_score": 0.0, "brand": "forever21", "store": "v_forever21", "streamoid_urls": null}, {"title": "Polka Dot Off-the-Shoulder Top", "gender": "women", "category": "tops", "color": "white white white white white white white white white", "product_url": "https://www.forever21.in/p/polka-dot-off-the-shoulder-top-324220.html", "thumbnail_url": ["http://d1q9qhpdr6ehzh.cloudfront.net/45da629ad85323ce5f8d17e969c74696"], "chatbot_image": "https://forever21.imgix.net/img/app/product/3/324220-1621960-large.jpg,https://forever21.imgix.net/img/app/product/3/324220-1621961-large.jpg,https://forever21.imgix.net/img/app/product/3/324220-1621962-large.jpg,https://forever21.imgix.net/img/app/product/3/324220-1621963-large.jpg,https://forever21.imgix.net/img/app/product/3/324220-1621959.jpg", "unique_id": "4bcb4fb97c984cb9836b283e0458f74e", "trending_score": "0.0", "price": 999.0, "discounted_price": 999.0, "currency": "INR", "product_code": "324220", "affinity_score": 0.0, "brand": "forever21", "store": "v_forever21", "streamoid_urls": null}, {"title": "Off-the-Shoulder Tie-Sleeve Top", "gender": "women", "category": "tops", "color": "white white white white white white off white off white off white off white", "product_url": "https://www.forever21.in/p/off-the-shoulder-tie-sleeve-top-324157.html", "thumbnail_url": ["http://d1q9qhpdr6ehzh.cloudfront.net/b421b04dd670c51c04cc5c2478338098"], "chatbot_image": "https://forever21.imgix.net/img/app/product/3/324157-1521946-large.jpg,https://forever21.imgix.net/img/app/product/3/324157-1521947-large.jpg,https://forever21.imgix.net/img/app/product/3/324157-1521948-large.jpg,https://forever21.imgix.net/img/app/product/3/324157-1521949-large.jpg,https://forever21.imgix.net/img/app/product/3/324157-1521945.jpg", "unique_id": "cab770c782aa440dac3a5fc1d135a0ab", "trending_score": "0.0", "price": 1299.0, "discounted_price": 1299.0, "currency": "INR", "product_code": "324157", "affinity_score": 0.0, "brand": "forever21", "store": "v_forever21", "streamoid_urls": null}], "debug": {"qrm": "", "query_without_qrm": "white tops", "solr_query": "( ( ( (meta_color:\"white\")^10 OR (meta_color:\"off white\")^8 ) ) AND ( ( (meta_comprehensive_category:\"tops\") ) ) )^1 ", "graph": [[[{"color": ["white^10", "off white^8"]}, {"category": ["tops"]}]]], "spell_corrected_query": "", "filter": [], "explicit_text": null, "fq": ["availability:1"]}, "numFound": 54, "facets": {"Collar Type": {}, "Ethnicity": {"western": 54}, "Fastening": {"none": 19, "unknown": 12, "elastic_at_back": 6, "elastic_at_front": 6, "snap_at_front": 6, "buckle_at_waist": 2, "tie_at_front": 2, "elastic_at_waist": 1, "hook-and-eye_at_waist": 1, "knot_at_front": 1, "other-buttons_at_back": 1, "other-buttons_at_front": 1, "tie_at_shoulder": 1, "zip_at_side": 1}, "Fit": {"unknown": 45, "regular": 6, "slim": 2}, "Hemline Length": {"hip": 31, "unknown": 9, "waist": 8, "above-waist": 2, "below-waist": 2, "knee": 1, "underbust": 1}, "Material": {"unknown": 40, "chiffon": 3, "blended": 2, "cotton": 2, "poplin": 2, "crepe": 1, "denim": 1, "fabric": 1, "linen-blend": 1, "mesh": 1, "plisse": 1, "polyester": 1, "terry": 1, "thread": 1}, "Neck Type": {}, "Primary Fibre": {"unknown": 43, "cotton": 7, "linen": 2, "polyester": 1}, "Print Type": {"solid": 39, "other-stripes": 5, "polka": 2, "colour-block": 1, "geometric": 1, "gingham": 1, "other-check": 1, "other-floral": 1, "other-geometric": 1, "pin-stripe": 1, "stripes": 1}, "Shoulder Type": {"regular": 25, "off": 11, "spaghetti-straps": 9, "dropped": 2, "extended": 2, "tank-straps": 2, "bare": 1, "cold": 1, "one": 1}, "Silhouette": {"straight": 23, "sheath": 15, "fit-and-flare": 7, "a-line": 3, "balloon": 3, "trapeze": 2, "balloon-and-fitted": 1}, "Sleeve Length": {"sleeveless": 16, "full": 14, "half": 11, "short": 6, "bracelet": 3, "three-fourth": 3, "below-elbow": 1}, "Treatment": {"none": 33, "ripped": 11, "unknown": 3, "brushed": 2, "crinkled": 2, "twisted": 2}, "Type": {"gypsy": 9, "unknown": 7, "basic-bodysuit": 6, "basic": 5, "camisole": 5, "body-blouse": 3, "peplum": 3, "surplice": 3, "crop-top": 2, "peasant": 2, "bralette": 1, "bustier": 1, "cold-shoulder": 1, "corset": 1, "kaftan": 1, "pop-over": 1, "shell": 1, "tunic": 1, "wrap": 1}, "Color": {"white": 54}, "Neck Shape": {"v": 13, "none": 12, "straight": 11, "round": 9, "u": 6, "square": 2, "unknown": 1}, "Neck Style": {"collarless": 44, "scoop": 6, "mock": 5, "surplice": 3, "sweetheart": 3, "pussy-bow": 2, "basic": 1, "boat": 1, "cowl": 1, "mandarin": 1, "notched": 1, "split": 1}, "gender": {"women": 54}, "category": {"tops": 54}, "occasion type": {"everyday": 33, "elevated": 20, "beachwear": 1}, "Workindustry": {}, "Age": {}, "neck": {}, "arms": {}, "waist": {}, "stomach": {}, "shoulder": {}, "brand": {"forever21": 34, "v_bonmarche_uk_usc": 6, "v_oasis": 3, "3.1 PHILLIP LIM": 2, "C/MEO COLLECTIVE": 1, "ELLERY": 1, "ISABEL MARANT \u00c3\u0089TOILE": 1, "MONSE": 1, "OSCAR DE LA RENTA": 1, "SACAI": 1, "SELF-PORTRAIT": 1, "TIBI": 1, "asos": 1}, "sub_brand": {"forever21": 34}, "Department": {"regular": 53, "plus-size": 1}, "activity": {"leisure-holiday": 51, "hang-outs": 33, "high-street-look": 20, "date-night": 13, "airport-look": 12, "brunch": 12, "college-look": 12, "social-outing": 12, "concert": 11, "girls-night-out": 10, "errands": 9, "anniversary": 7, "clubbing": 7, "dinner-party": 6, "work-from-home": 5, "adventure-holiday": 4, "lounging": 4, "unknown": 1}}, "isFashionQuery": true, "spell_corrected_query": "", "final_query": "", "message": ""}