{"products": [{"title": "'Ranee' pleated sleeve crop blouse", "gender": "women", "category": "tops", "color": "black black black black black black black black black black", "product_url": "https://www.lanecrawford.com/pdp/BKK922", "thumbnail_url": ["http://d1q9qhpdr6ehzh.cloudfront.net/d17875e847bb19e6639dfc1317dd931e"], "chatbot_image": "http://media.lanecrawford.com/B/K/K/BKK922_in_xl.jpg,http://media.lanecrawford.com/B/K/K/BKK922_bk_xl.jpg,http://media.lanecrawford.com/B/K/K/BKK922_4_xl.jpg,http://media.lanecrawford.com/B/K/K/BKK922_ro_xl.jpg", "unique_id": "09e3de10439f452e9fef486b860e7a5a", "trending_score": "0.0", "price": 3790.0, "discounted_price": 3790.0, "currency": "HKD", "product_code": "BKK922", "affinity_score": 0.0, "brand": "ALICE + OLIVIA", "store": "v_lane_crawford", "streamoid_urls": null}, {"title": "Goldie' ruffle patchwork floral print linen cropped top", "gender": "women", "category": "tops", "color": "multicolor off-white off-white off-white off-white off-white off-white light gray light gray beige", "product_url": "https://www.lanecrawford.com/pdp/AQE558", "thumbnail_url": ["http://d1q9qhpdr6ehzh.cloudfront.net/221c1a12dcf976aa4a9e6ec477e2f968"], "chatbot_image": "http://media.lanecrawford.com/A/Q/E/AQE558_in_xl.jpg,http://media.lanecrawford.com/A/Q/E/AQE558_bk_xl.jpg,http://media.lanecrawford.com/A/Q/E/AQE558_ro_xl.jpg", "unique_id": "28c12721ae4b4b83a5522bed54c53dc5", "trending_score": "0.0", "price": 3700.0, "discounted_price": 1110.0, "currency": "HKD", "product_code": "AQE558", "affinity_score": 0.0, "brand": "ZIMMERMANN", "store": "v_lane_crawford", "streamoid_urls": null}, {"title": "'Pouf' tie blouse", "gender": "women", "category": "tops", "color": "silver silver silver silver silver silver slate gray slate gray slate gray", "product_url": "https://www.lanecrawford.com/pdp/AVK533", "thumbnail_url": ["http://d1q9qhpdr6ehzh.cloudfront.net/e8ea5694650590359f5da1eb6e16fa05"], "chatbot_image": "http://media.lanecrawford.com/A/V/K/AVK533_in_xl.jpg,http://media.lanecrawford.com/A/V/K/AVK533_bk_xl.jpg,http://media.lanecrawford.com/A/V/K/AVK533_4_xl.jpg,http://media.lanecrawford.com/A/V/K/AVK533_ro_xl.jpg", "unique_id": "007ecadaffcd4754af35c946bec119c1", "trending_score": "0.0", "price": 3100.0, "discounted_price": 3100.0, "currency": "HKD", "product_code": "AVK533", "affinity_score": 0.0, "brand": "LISA MARIE FERNANDEZ", "store": "v_lane_crawford", "streamoid_urls": null}, {"title": "Smocked Crop Top", "gender": "women", "category": "tops", "color": "white white white white white white off white off white off white white", "product_url": "https://www.forever21.in/p/smocked-crop-top-324116.html", "thumbnail_url": ["http://d1q9qhpdr6ehzh.cloudfront.net/f5611fbdd93b397cff7759fb66882155"], "chatbot_image": "https://forever21.imgix.net/img/app/product/3/324116-1599948-large.jpg,https://forever21.imgix.net/img/app/product/3/324116-1599949-large.jpg,https://forever21.imgix.net/img/app/product/3/324116-1599950-large.jpg,https://forever21.imgix.net/img/app/product/3/324116-1599951-large.jpg,https://forever21.imgix.net/img/app/product/3/324116-1599947.jpg", "unique_id": "d6bb436444c647b0a8acd5da5b6163f8", "trending_score": "0.0", "price": 749.0, "discounted_price": 749.0, "currency": "INR", "product_code": "324116", "affinity_score": 0.0, "brand": "forever21", "store": "v_forever21", "streamoid_urls": null}, {"title": "Rib knit ruffle hem top", "gender": "women", "category": "tops", "color": "dark-brown dark-brown dark-brown dark-brown dark-brown dark-brown chocolate chocolate chocolate chocolate", "product_url": "https://www.lanecrawford.com/pdp/AWJ067", "thumbnail_url": ["http://d1q9qhpdr6ehzh.cloudfront.net/562db365aa3145147fa26f50803b45fc"], "chatbot_image": "http://media.lanecrawford.com/A/W/J/AWJ067_in_xl.jpg,http://media.lanecrawford.com/A/W/J/AWJ067_bk_xl.jpg,http://media.lanecrawford.com/A/W/J/AWJ067_4_xl.jpg,http://media.lanecrawford.com/A/W/J/AWJ067_ro_xl.jpg", "unique_id": "22eb088914184117880ebcbcc8c3e571", "trending_score": "0.0", "price": 2500.0, "discounted_price": 2500.0, "currency": "HKD", "product_code": "AWJ067", "affinity_score": 0.0, "brand": "ALEXANDERWANG.T", "store": "v_lane_crawford", "streamoid_urls": null}, {"title": "Twist-Front Crop Tee", "gender": "women", "category": "tops", "color": "black black black black black black black black black black", "product_url": "https://www.forever21.in/p/twist-front-crop-tee-323128.html", "thumbnail_url": ["http://d1q9qhpdr6ehzh.cloudfront.net/bc558ccc9323c887e0df7664700e8071"], "chatbot_image": "https://forever21.imgix.net/img/app/product/3/323128-1518697-large.jpg,https://forever21.imgix.net/img/app/product/3/323128-1518698-large.jpg,https://forever21.imgix.net/img/app/product/3/323128-1518699-large.jpg,https://forever21.imgix.net/img/app/product/3/323128-1518700-large.jpg,https://forever21.imgix.net/img/app/product/3/323128-1518701-large.jpg,https://forever21.imgix.net/img/app/product/3/323128-1518696.jpg", "unique_id": "053d86fc673c4b3c8e35b75202894a90", "trending_score": "0.0", "price": 749.0, "discounted_price": 749.0, "currency": "INR", "product_code": "323128", "affinity_score": 0.0, "brand": "forever21", "store": "v_forever21", "streamoid_urls": null}, {"title": "Orange Print Crop Top", "gender": "women", "category": "tops", "color": "black black black black black black black black black black", "product_url": "https://www.forever21.in/p/orange-print-crop-top-324282.html", "thumbnail_url": ["http://d1q9qhpdr6ehzh.cloudfront.net/ada57f67247d9a7e4a4bd260910e94c2"], "chatbot_image": "https://forever21.imgix.net/img/app/product/3/324282-1522327-large.jpg,https://forever21.imgix.net/img/app/product/3/324282-1522328-large.jpg,https://forever21.imgix.net/img/app/product/3/324282-1522329-large.jpg,https://forever21.imgix.net/img/app/product/3/324282-1522330-large.jpg,https://forever21.imgix.net/img/app/product/3/324282-1522331-large.jpg,https://forever21.imgix.net/img/app/product/3/324282-1522332-large.jpg,https://forever21.imgix.net/img/app/product/3/324282-1522326.jpg", "unique_id": "f43a452551e847dcb41a4e6d0da52bff", "trending_score": "0.0", "price": 1149.0, "discounted_price": 1149.0, "currency": "INR", "product_code": "324282", "affinity_score": 0.0, "brand": "forever21", "store": "v_forever21", "streamoid_urls": null}, {"title": "Lace-Up Ribbed Crop Top", "gender": "women", "category": "tops", "color": "multicolor white white white white white white white white white", "product_url": "https://www.forever21.in/p/lace-up-ribbed-crop-top-323852.html", "thumbnail_url": ["http://d1q9qhpdr6ehzh.cloudfront.net/ea24b245de98aad6301c9251f663c929"], "chatbot_image": "https://forever21.imgix.net/img/app/product/3/323852-1619476-large.jpg,https://forever21.imgix.net/img/app/product/3/323852-1619477-large.jpg,https://forever21.imgix.net/img/app/product/3/323852-1619478-large.jpg,https://forever21.imgix.net/img/app/product/3/323852-1619479-large.jpg,https://forever21.imgix.net/img/app/product/3/323852-1619475.jpg", "unique_id": "4f70731727f34868ab9d01dea19a63d0", "trending_score": "0.0", "price": 899.0, "discounted_price": 899.0, "currency": "INR", "product_code": "323852", "affinity_score": 0.0, "brand": "forever21", "store": "v_forever21", "streamoid_urls": null}, {"title": "Twist-Front Crop Tee", "gender": "women", "category": "tops", "color": "olive olive olive olive olive olive olive olive olive", "product_url": "https://www.forever21.in/p/twist-front-crop-tee-323175.html", "thumbnail_url": ["http://d1q9qhpdr6ehzh.cloudfront.net/eb1a28622bc296ba706e69719e88ae66"], "chatbot_image": "https://forever21.imgix.net/img/app/product/3/323175-1518843-large.jpg,https://forever21.imgix.net/img/app/product/3/323175-1518844-large.jpg,https://forever21.imgix.net/img/app/product/3/323175-1518845-large.jpg,https://forever21.imgix.net/img/app/product/3/323175-1518846-large.jpg,https://forever21.imgix.net/img/app/product/3/323175-1518842.jpg", "unique_id": "f17ea5056c734fc2816967a6d7ae846d", "trending_score": "0.0", "price": 749.0, "discounted_price": 749.0, "currency": "INR", "product_code": "323175", "affinity_score": 0.0, "brand": "forever21", "store": "v_forever21", "streamoid_urls": null}, {"title": "Smocked Crop Top", "gender": "women", "category": "tops", "color": "black black black black black black black black black black", "product_url": "https://www.forever21.in/p/smocked-crop-top-324070.html", "thumbnail_url": ["http://d1q9qhpdr6ehzh.cloudfront.net/f6e270aa825b01f2211f1a9a631211c2"], "chatbot_image": "https://forever21.imgix.net/img/app/product/3/324070-1599943-large.jpg,https://forever21.imgix.net/img/app/product/3/324070-1599944-large.jpg,https://forever21.imgix.net/img/app/product/3/324070-1599945-large.jpg,https://forever21.imgix.net/img/app/product/3/324070-1599946-large.jpg,https://forever21.imgix.net/img/app/product/3/324070-1599942.jpg", "unique_id": "ab5ca0833dee48bd8d91fe3cfbf39462", "trending_score": "0.0", "price": 749.0, "discounted_price": 749.0, "currency": "INR", "product_code": "324070", "affinity_score": 0.0, "brand": "forever21", "store": "v_forever21", "streamoid_urls": null}, {"title": "Ribbed Zipper-Front Crop Top", "gender": "women", "category": "tops", "color": "black black black black black black black black black black", "product_url": "https://www.forever21.in/p/ribbed-zipper-front-crop-top-324306.html", "thumbnail_url": ["http://d1q9qhpdr6ehzh.cloudfront.net/454b7c9414ec181d34a8a70f01f15163"], "chatbot_image": "https://forever21.imgix.net/img/app/product/3/324306-1621971-large.jpg,https://forever21.imgix.net/img/app/product/3/324306-1621972-large.jpg,https://forever21.imgix.net/img/app/product/3/324306-1621973-large.jpg,https://forever21.imgix.net/img/app/product/3/324306-1621974-large.jpg,https://forever21.imgix.net/img/app/product/3/324306-1621970.jpg", "unique_id": "3d1e8dcfc7ed4e66b8c0603f6c73a151", "trending_score": "0.0", "price": 899.0, "discounted_price": 899.0, "currency": "INR", "product_code": "324306", "affinity_score": 0.0, "brand": "forever21", "store": "v_forever21", "streamoid_urls": null}, {"title": "Ribbed Zipper-Front Crop Top", "gender": "women", "category": "tops", "color": "red red red red red red post box red post box red post box red off white", "product_url": "https://www.forever21.in/p/ribbed-zipper-front-crop-top-324264.html", "thumbnail_url": ["http://d1q9qhpdr6ehzh.cloudfront.net/01078a8e96e52e22820d7d70a8433923"], "chatbot_image": "https://forever21.imgix.net/img/app/product/3/324264-1621965-large.jpg,https://forever21.imgix.net/img/app/product/3/324264-1621966-large.jpg,https://forever21.imgix.net/img/app/product/3/324264-1621967-large.jpg,https://forever21.imgix.net/img/app/product/3/324264-1621968-large.jpg,https://forever21.imgix.net/img/app/product/3/324264-1621969-large.jpg,https://forever21.imgix.net/img/app/product/3/324264-1621964.jpg", "unique_id": "1abc70c45cde48c18724b63616189c96", "trending_score": "0.0", "price": 899.0, "discounted_price": 630.0, "currency": "INR", "product_code": "324264", "affinity_score": 0.0, "brand": "forever21", "store": "v_forever21", "streamoid_urls": null}], "debug": {"qrm": "", "query_without_qrm": "crop top", "solr_query": "( ( ( (meta_type:\"crop-top\")^10 ) ) )^1 ", "graph": [[[{"type": ["crop-top^10"]}]]], "spell_corrected_query": "", "filter": [], "explicit_text": null, "fq": ["availability:1"]}, "numFound": 12, "facets": {"gender": {"women": 12}, "category": {"tops": 12}, "occasion type": {"everyday": 6, "elevated": 5, "party": 1}, "Workindustry": {}, "Age": {}, "neck": {}, "arms": {}, "waist": {}, "stomach": {}, "shoulder": {}, "brand": {"forever21": 8, "ALEXANDERWANG.T": 1, "ALICE + OLIVIA": 1, "LISA MARIE FERNANDEZ": 1, "ZIMMERMANN": 1}, "sub_brand": {"forever21": 8}, "Department": {"regular": 12}, "activity": {"leisure-holiday": 10, "concert": 6, "hang-outs": 6, "date-night": 5, "girls-night-out": 5, "high-street-look": 5, "social-outing": 4, "anniversary": 2, "brunch": 2, "college-look": 2, "clubbing": 1, "cocktail-party": 1, "dinner-party": 1}}, "isFashionQuery": true, "spell_corrected_query": "", "final_query": "", "message": ""}