{"products": [{"title": "Slim fit jeans", "gender": "men", "category": "jeans", "color": "black black black black black black black black black black", "product_url": "https://www.lanecrawford.com/pdp/AAJ875", "thumbnail_url": ["http://d1q9qhpdr6ehzh.cloudfront.net/592fe3f9cd1cbc6a9cede44b68e5b7fc"], "chatbot_image": "http://media.lanecrawford.com/A/A/J/AAJ875_in_xl.jpg,http://media.lanecrawford.com/A/A/J/AAJ875_fr_xl.jpg,http://media.lanecrawford.com/A/A/J/AAJ875_bk_xl.jpg,http://media.lanecrawford.com/A/A/J/AAJ875_1_xl.jpg,http://media.lanecrawford.com/A/A/J/AAJ875_ro_xl.jpg", "unique_id": "2aea9883ec2b46b988a401e6a23cc254", "trending_score": "0.0", "price": 1800.0, "discounted_price": 1800.0, "currency": "HKD", "product_code": "AAJ875", "affinity_score": 0.0, "brand": "ACNE STUDIOS", "store": "v_lane_crawford", "streamoid_urls": null}, {"title": "Logo number print straight leg jeans", "gender": "men", "category": "jeans", "color": "black black black black black black black black black black", "product_url": "https://www.lanecrawford.com/pdp/AUH725", "thumbnail_url": ["http://d1q9qhpdr6ehzh.cloudfront.net/029e37376b1cf5d9e9b7d2687bde93d7"], "chatbot_image": "http://media.lanecrawford.com/A/U/H/AUH725_in_xl.jpg,http://media.lanecrawford.com/A/U/H/AUH725_bk_xl.jpg,http://media.lanecrawford.com/A/U/H/AUH725_4_xl.jpg,http://media.lanecrawford.com/A/U/H/AUH725_ro_xl.jpg", "unique_id": "0967697f1a3044648b850ae20de9c46f", "trending_score": "0.0", "price": 6400.0, "discounted_price": 3200.0, "currency": "HKD", "product_code": "AUH725", "affinity_score": 0.0, "brand": "VALENTINO", "store": "v_lane_crawford", "streamoid_urls": null}, {"title": "'Tyler' viscose slim fit jean", "gender": "men", "category": "jeans", "color": "black black black black black black black black black black", "product_url": "https://www.lanecrawford.com/pdp/AUR075", "thumbnail_url": ["http://d1q9qhpdr6ehzh.cloudfront.net/92dc7a1ba438159e83883f2daff82fcb"], "chatbot_image": "http://media.lanecrawford.com/A/U/R/AUR075_in_xl.jpg,http://media.lanecrawford.com/A/U/R/AUR075_bk_xl.jpg,http://media.lanecrawford.com/A/U/R/AUR075_4_xl.jpg,http://media.lanecrawford.com/A/U/R/AUR075_ro_xl.jpg", "unique_id": "1cad1273b0c44fd6a1284230761579e9", "trending_score": "0.0", "price": 1850.0, "discounted_price": 1850.0, "currency": "HKD", "product_code": "AUR075", "affinity_score": 0.0, "brand": "J BRAND", "store": "v_lane_crawford", "streamoid_urls": null}, {"title": "Skinny fit unwashed biker jeans", "gender": "men", "category": "jeans", "color": "black black black black black black black black black black", "product_url": "https://www.lanecrawford.com/pdp/AUX990", "thumbnail_url": ["http://d1q9qhpdr6ehzh.cloudfront.net/623b9afa48fe000b234d64537cd97cea"], "chatbot_image": "http://media.lanecrawford.com/A/U/X/AUX990_in_xl.jpg,http://media.lanecrawford.com/A/U/X/AUX990_bk_xl.jpg,http://media.lanecrawford.com/A/U/X/AUX990_4_xl.jpg,http://media.lanecrawford.com/A/U/X/AUX990_ro_xl.jpg", "unique_id": "19585d9b4d61409b8ecf6490f2a5cdfa", "trending_score": "0.0", "price": 4050.0, "discounted_price": 4050.0, "currency": "HKD", "product_code": "AUX990", "affinity_score": 0.0, "brand": "NEIL BARRETT", "store": "v_lane_crawford", "streamoid_urls": null}, {"title": "'Bolt' skinny jeans", "gender": "men", "category": "jeans", "color": "black black black black black black black black black black", "product_url": "https://www.lanecrawford.com/pdp/BBV895", "thumbnail_url": ["http://d1q9qhpdr6ehzh.cloudfront.net/bda287010addd19539ff9f821cacd4bc"], "chatbot_image": "http://media.lanecrawford.com/B/B/V/BBV895_in_xl.jpg,http://media.lanecrawford.com/B/B/V/BBV895_fr_xl.jpg,http://media.lanecrawford.com/B/B/V/BBV895_bk_xl.jpg,http://media.lanecrawford.com/B/B/V/BBV895_ro_xl.jpg", "unique_id": "04a306a7cfbf4f2cbb2eee2bfccdbc21", "trending_score": "0.0", "price": 1500.0, "discounted_price": 1500.0, "currency": "HKD", "product_code": "BBV895", "affinity_score": 0.0, "brand": "DENHAM", "store": "v_lane_crawford", "streamoid_urls": null}, {"title": "jeans", "gender": "men", "category": "jeans", "color": "black black black black black black indigo indigo indigo navy", "product_url": "https://media.boohooman.com", "thumbnail_url": ["http://d1q9qhpdr6ehzh.cloudfront.net/thumbnail/0f93e1f335a23c52220a78cf561739d8"], "chatbot_image": null, "unique_id": "8a7de1aac1af48b0846143ac31093526", "trending_score": "0.0", "price": 100.0, "discounted_price": 0.0, "currency": "INR", "product_code": "6252", "affinity_score": 0.0, "brand": "all online store", "store": "v_website_demo", "streamoid_urls": null}, {"title": "jeans", "gender": "women", "category": "jeans", "color": "black black black black black black black black black black", "product_url": "https://nymag.com", "thumbnail_url": ["http://d1q9qhpdr6ehzh.cloudfront.net/thumbnail/8d00331486079cce8091b669140cbdc1"], "chatbot_image": null, "unique_id": "32c18722d777460dbb863b74c0d54a4b", "trending_score": "0.0", "price": 100.0, "discounted_price": 0.0, "currency": "INR", "product_code": "6126", "affinity_score": 0.0, "brand": "asos", "store": "v_website_demo", "streamoid_urls": null}, {"title": "'10 Inch Capri' staggered cuff skinny jeans", "gender": "women", "category": "jeans", "color": "black black black black black black black black black black", "product_url": "https://www.lanecrawford.com/pdp/AJK065", "thumbnail_url": ["http://d1q9qhpdr6ehzh.cloudfront.net/45e13efdc261267f11e117bc26a61b68"], "chatbot_image": "http://media.lanecrawford.com/A/J/K/AJK065_in_xl.jpg,http://media.lanecrawford.com/A/J/K/AJK065_fr_xl.jpg,http://media.lanecrawford.com/A/J/K/AJK065_bk_xl.jpg,http://media.lanecrawford.com/A/J/K/AJK065_ro_xl.jpg", "unique_id": "13dc52d73b324fe18b6017def2720098", "trending_score": "0.0", "price": 1700.0, "discounted_price": 1700.0, "currency": "HKD", "product_code": "AJK065", "affinity_score": 0.0, "brand": "RAG & BONE/JEAN", "store": "v_lane_crawford", "streamoid_urls": null}, {"title": "'Joplin' flare jeans", "gender": "women", "category": "jeans", "color": "black black black black black black black black black black", "product_url": "https://www.lanecrawford.com/pdp/AUO806", "thumbnail_url": ["http://d1q9qhpdr6ehzh.cloudfront.net/3207e79e68d6397e9664b8a2641e6439"], "chatbot_image": "http://media.lanecrawford.com/A/U/O/AUO806_in_xl.jpg,http://media.lanecrawford.com/A/U/O/AUO806_bk_xl.jpg,http://media.lanecrawford.com/A/U/O/AUO806_4_xl.jpg,http://media.lanecrawford.com/A/U/O/AUO806_ro_xl.jpg", "unique_id": "054cbe6901a3438aa21b7b4c8b62dd73", "trending_score": "0.0", "price": 2300.0, "discounted_price": 2300.0, "currency": "HKD", "product_code": "AUO806", "affinity_score": 0.0, "brand": "L'AGENCE", "store": "v_lane_crawford", "streamoid_urls": null}, {"title": "'Margotstarburst' embellished crop skinny jeans", "gender": "women", "category": "jeans", "color": "black black black black black black black black black black", "product_url": "https://www.lanecrawford.com/pdp/AUO820", "thumbnail_url": ["http://d1q9qhpdr6ehzh.cloudfront.net/dea1a07603048a51a2caa89a4b4b5a22"], "chatbot_image": "http://media.lanecrawford.com/A/U/O/AUO820_in_xl.jpg,http://media.lanecrawford.com/A/U/O/AUO820_bk_xl.jpg,http://media.lanecrawford.com/A/U/O/AUO820_4_xl.jpg,http://media.lanecrawford.com/A/U/O/AUO820_ro_xl.jpg", "unique_id": "4ccd1edd4a2249d7ad43f55cab3aa14f", "trending_score": "0.0", "price": 6650.0, "discounted_price": 6650.0, "currency": "HKD", "product_code": "AUO820", "affinity_score": 0.0, "brand": "L'AGENCE", "store": "v_lane_crawford", "streamoid_urls": null}, {"title": "x Lane Crawford flip waist jeans", "gender": "women", "category": "jeans", "color": "black black black black black black black black black black", "product_url": "https://www.lanecrawford.com/pdp/AUU652", "thumbnail_url": ["http://d1q9qhpdr6ehzh.cloudfront.net/d9ba1bcb00804f211df9bf58c4832bc0"], "chatbot_image": "http://media.lanecrawford.com/A/U/U/AUU652_in_xl.jpg,http://media.lanecrawford.com/A/U/U/AUU652_fr_xl.jpg,http://media.lanecrawford.com/A/U/U/AUU652_bk_xl.jpg,http://media.lanecrawford.com/A/U/U/AUU652_4_xl.jpg,http://media.lanecrawford.com/A/U/U/AUU652_ro_xl.jpg", "unique_id": "30041b34bb5c434e9f7d9e0296fd3067", "trending_score": "0.0", "price": 2900.0, "discounted_price": 2900.0, "currency": "HKD", "product_code": "AUU652", "affinity_score": 0.0, "brand": "ALEXANDER WANG", "store": "v_lane_crawford", "streamoid_urls": null}, {"title": "'Margot' coated cropped skinny jeans", "gender": "women", "category": "jeans", "color": "black black black black black black charcoal gray charcoal gray charcoal gray charcoal gray", "product_url": "https://www.lanecrawford.com/pdp/AUO798", "thumbnail_url": ["http://d1q9qhpdr6ehzh.cloudfront.net/8fd3b90882abd619ceaf90882b67482b"], "chatbot_image": "http://media.lanecrawford.com/A/U/O/AUO798_in_xl.jpg,http://media.lanecrawford.com/A/U/O/AUO798_bk_xl.jpg,http://media.lanecrawford.com/A/U/O/AUO798_4_xl.jpg,http://media.lanecrawford.com/A/U/O/AUO798_ro_xl.jpg", "unique_id": "0c0741860eb84fef88c293e806b9a29e", "trending_score": "0.0", "price": 2300.0, "discounted_price": 2300.0, "currency": "HKD", "product_code": "AUO798", "affinity_score": 0.0, "brand": "L'AGENCE", "store": "v_lane_crawford", "streamoid_urls": null}, {"title": "Bl\u00c3\u00a5 konst mece black overdye jeans", "gender": "women", "category": "jeans", "color": "black black black black black black black black black black", "product_url": "https://www.lanecrawford.com/pdp/AVL748", "thumbnail_url": ["http://d1q9qhpdr6ehzh.cloudfront.net/55e857ae4888bbbf12d839923c884524"], "chatbot_image": "http://media.lanecrawford.com/A/V/L/AVL748_in_xl.jpg,http://media.lanecrawford.com/A/V/L/AVL748_bk_xl.jpg,http://media.lanecrawford.com/A/V/L/AVL748_4_xl.jpg,http://media.lanecrawford.com/A/V/L/AVL748_ro_xl.jpg", "unique_id": "499c8fc93ad646f5b1ae5eca6dde0960", "trending_score": "0.0", "price": 2400.0, "discounted_price": 2400.0, "currency": "HKD", "product_code": "AVL748", "affinity_score": 0.0, "brand": "ACNE STUDIOS", "store": "v_lane_crawford", "streamoid_urls": null}, {"title": "'Zoey' double buckle waist frayed cuff jeans", "gender": "women", "category": "jeans", "color": "black black black black black black black black black black", "product_url": "https://www.lanecrawford.com/pdp/ARJ265", "thumbnail_url": ["http://d1q9qhpdr6ehzh.cloudfront.net/661080149d3559af9ea1b0cfbc4c5465"], "chatbot_image": "http://media.lanecrawford.com/A/R/J/ARJ265_in_xl.jpg,http://media.lanecrawford.com/A/R/J/ARJ265_bk_xl.jpg,http://media.lanecrawford.com/A/R/J/ARJ265_4_xl.jpg,http://media.lanecrawford.com/A/R/J/ARJ265_ro_xl.jpg", "unique_id": "25802d82968f4a89ac8a0b673cf5cc8d", "trending_score": "0.0", "price": 2100.0, "discounted_price": 630.0, "currency": "HKD", "product_code": "ARJ265", "affinity_score": 0.0, "brand": "GRLFRND", "store": "v_lane_crawford", "streamoid_urls": null}, {"title": "'Photo Ready Skinny Leg' jeans", "gender": "women", "category": "jeans", "color": "black black black black black black black black black black", "product_url": "https://www.lanecrawford.com/pdp/IJI906", "thumbnail_url": ["http://d1q9qhpdr6ehzh.cloudfront.net/bac8dd463919639fc94199185f37d18f"], "chatbot_image": "http://media.lanecrawford.com/I/J/I/IJI906_in_xl.jpg,http://media.lanecrawford.com/I/J/I/IJI906_fr_xl.jpg,http://media.lanecrawford.com/I/J/I/IJI906_bk_xl.jpg,http://media.lanecrawford.com/I/J/I/IJI906_2_xl.jpg,http://media.lanecrawford.com/I/J/I/IJI906_ro_xl.jpg", "unique_id": "12d7c4abb331447297dd974d5fd04533", "trending_score": "0.0", "price": 1600.0, "discounted_price": 1600.0, "currency": "HKD", "product_code": "IJI906", "affinity_score": 0.0, "brand": "J BRAND", "store": "v_lane_crawford", "streamoid_urls": null}, {"title": "High-Rise Ripped Knee Jeans", "gender": "women", "category": "jeans", "color": "black black black black black black black black black black", "product_url": "https://www.forever21.in/p/high-rise-ripped-knee-jeans-323305.html", "thumbnail_url": ["http://d1q9qhpdr6ehzh.cloudfront.net/338f1d021661281695501f8ae0eedd6b"], "chatbot_image": "https://forever21.imgix.net/img/app/product/3/323305-1519224-large.jpg,https://forever21.imgix.net/img/app/product/3/323305-1519225-large.jpg,https://forever21.imgix.net/img/app/product/3/323305-1519226-large.jpg,https://forever21.imgix.net/img/app/product/3/323305-1519227-large.jpg,https://forever21.imgix.net/img/app/product/3/323305-1519228-large.jpg,https://forever21.imgix.net/img/app/product/3/323305-1519223.jpg", "unique_id": "051c890e51ad4f6aa215eebca9748c35", "trending_score": "0.0", "price": 2249.0, "discounted_price": 2249.0, "currency": "INR", "product_code": "323305", "affinity_score": 0.0, "brand": "forever21", "store": "v_forever21", "streamoid_urls": null}, {"title": "Mid-Rise Skinny Jeans", "gender": "women", "category": "jeans", "color": "black black black black black black black black black black", "product_url": "https://www.forever21.in/p/mid-rise-skinny-jeans-323567.html", "thumbnail_url": ["http://d1q9qhpdr6ehzh.cloudfront.net/6d4da4214be05a933938a530fc617e61"], "chatbot_image": "https://forever21.imgix.net/img/app/product/3/323567-1614585-large.jpg,https://forever21.imgix.net/img/app/product/3/323567-1614586-large.jpg,https://forever21.imgix.net/img/app/product/3/323567-1614587-large.jpg,https://forever21.imgix.net/img/app/product/3/323567-1614588-large.jpg,https://forever21.imgix.net/img/app/product/3/323567-1614584.jpg", "unique_id": "7f33798cb87d4dbdbe54f2993aa415f7", "trending_score": "0.0", "price": 1679.0, "discounted_price": 1679.0, "currency": "INR", "product_code": "323567", "affinity_score": 0.0, "brand": "forever21", "store": "v_forever21", "streamoid_urls": null}, {"title": "'Le Original' patchwork jeans", "gender": "women", "category": "jeans", "color": "black black black black black black charcoal gray charcoal gray charcoal gray charcoal gray", "product_url": "https://www.lanecrawford.com/pdp/ARJ037", "thumbnail_url": ["http://d1q9qhpdr6ehzh.cloudfront.net/cfab10db2d4f3346c30fe5cee9610c00"], "chatbot_image": "http://media.lanecrawford.com/A/R/J/ARJ037_in_xl.jpg,http://media.lanecrawford.com/A/R/J/ARJ037_bk_xl.jpg,http://media.lanecrawford.com/A/R/J/ARJ037_4_xl.jpg,http://media.lanecrawford.com/A/R/J/ARJ037_ro_xl.jpg", "unique_id": "39e42da7d41347cbbf2cfe84d974d2b2", "trending_score": "0.0", "price": 2300.0, "discounted_price": 920.0, "currency": "HKD", "product_code": "ARJ037", "affinity_score": 0.0, "brand": "FRAME DENIM", "store": "v_lane_crawford", "streamoid_urls": null}, {"title": "'Boy' paint splatter ripped skinny jeans", "gender": "men", "category": "jeans", "color": "black black black black black black charcoal gray charcoal gray charcoal gray charcoal gray", "product_url": "https://www.lanecrawford.com/pdp/AQW806", "thumbnail_url": ["http://d1q9qhpdr6ehzh.cloudfront.net/4f1c749f315393047dbc5f664f14a58e"], "chatbot_image": "http://media.lanecrawford.com/A/Q/W/AQW806_in_xl.jpg,http://media.lanecrawford.com/A/Q/W/AQW806_bk_xl.jpg,http://media.lanecrawford.com/A/Q/W/AQW806_4_xl.jpg,http://media.lanecrawford.com/A/Q/W/AQW806_ro_xl.jpg", "unique_id": "4389f85cc7bc41289e5bda5c660742a6", "trending_score": "0.0", "price": 3400.0, "discounted_price": 1360.0, "currency": "HKD", "product_code": "AQW806", "affinity_score": 0.0, "brand": "R13", "store": "v_lane_crawford", "streamoid_urls": null}, {"title": "Bead skull strass distressed jeans", "gender": "women", "category": "jeans", "color": "black black black black black black black black black black", "product_url": "https://www.lanecrawford.com/pdp/AUJ709", "thumbnail_url": ["http://d1q9qhpdr6ehzh.cloudfront.net/a9330a98e1d598b2a847560536ab6579"], "chatbot_image": "http://media.lanecrawford.com/A/U/J/AUJ709_in_xl.jpg,http://media.lanecrawford.com/A/U/J/AUJ709_fr_xl.jpg,http://media.lanecrawford.com/A/U/J/AUJ709_bk_xl.jpg,http://media.lanecrawford.com/A/U/J/AUJ709_4_xl.jpg,http://media.lanecrawford.com/A/U/J/AUJ709_ro_xl.jpg", "unique_id": "044b755049034d3981cc48982e2e0a8e", "trending_score": "0.0", "price": 8400.0, "discounted_price": 4200.0, "currency": "HKD", "product_code": "AUJ709", "affinity_score": 0.0, "brand": "FAITH CONNEXION", "store": "v_lane_crawford", "streamoid_urls": null}, {"title": "Zippered Denim Pants", "gender": "women", "category": "jeans", "color": "black black black black black black black black black black", "product_url": "https://www.forever21.in/p/zippered-denim-pants-324102.html", "thumbnail_url": ["http://d1q9qhpdr6ehzh.cloudfront.net/b5070322be1a6d068c98b9a6d759be9e"], "chatbot_image": "https://forever21.imgix.net/img/app/product/3/324102-1521749-large.jpg,https://forever21.imgix.net/img/app/product/3/324102-1521750-large.jpg,https://forever21.imgix.net/img/app/product/3/324102-1521751-large.jpg,https://forever21.imgix.net/img/app/product/3/324102-1521752-large.jpg,https://forever21.imgix.net/img/app/product/3/324102-1521753-large.jpg,https://forever21.imgix.net/img/app/product/3/324102-1521748.jpg", "unique_id": "5c8f5d37136a4dcaafbf56b8a104751c", "trending_score": "0.0", "price": 2049.0, "discounted_price": 2049.0, "currency": "INR", "product_code": "324102", "affinity_score": 0.0, "brand": "forever21", "store": "v_forever21", "streamoid_urls": null}, {"title": "Psychedelic Patch Jeans", "gender": "women", "category": "jeans", "color": "black black black black black black black black black black", "product_url": "https://www.forever21.in/p/psychedelic-patch-jeans-323893.html", "thumbnail_url": ["http://d1q9qhpdr6ehzh.cloudfront.net/90f89d044f8771e0f099dc782e0d53ec"], "chatbot_image": "https://forever21.imgix.net/img/app/product/3/323893-1612043-large.jpg,https://forever21.imgix.net/img/app/product/3/323893-1612044-large.jpg,https://forever21.imgix.net/img/app/product/3/323893-1612045-large.jpg,https://forever21.imgix.net/img/app/product/3/323893-1612046-large.jpg,https://forever21.imgix.net/img/app/product/3/323893-1612047-large.jpg,https://forever21.imgix.net/img/app/product/3/323893-1612042.jpg", "unique_id": "8217f6de7f4c456893ba772f6f7c6d63", "trending_score": "0.0", "price": 2039.0, "discounted_price": 2039.0, "currency": "INR", "product_code": "323893", "affinity_score": 0.0, "brand": "forever21", "store": "v_forever21", "streamoid_urls": null}, {"title": "'North stay' skinny jeans", "gender": "men", "category": "jeans", "color": "black black black black black black black black black black", "product_url": "https://www.lanecrawford.com/pdp/AVJ679", "thumbnail_url": ["http://d1q9qhpdr6ehzh.cloudfront.net/c01adab4493f49ffe352e724188dc644"], "chatbot_image": "http://media.lanecrawford.com/A/V/J/AVJ679_in_xl.jpg,http://media.lanecrawford.com/A/V/J/AVJ679_bk_xl.jpg,http://media.lanecrawford.com/A/V/J/AVJ679_4_xl.jpg,http://media.lanecrawford.com/A/V/J/AVJ679_ro_xl.jpg", "unique_id": "2962b788bf044688886b05d8e4d95cd7", "trending_score": "0.0", "price": 1800.0, "discounted_price": 1800.0, "currency": "HKD", "product_code": "AVJ679", "affinity_score": 0.0, "brand": "ACNE STUDIOS", "store": "v_lane_crawford", "streamoid_urls": null}, {"title": "'Thrasher' distressed Jeans", "gender": "men", "category": "jeans", "color": "black black black black black black black black black black", "product_url": "https://www.lanecrawford.com/pdp/AUO665", "thumbnail_url": ["http://d1q9qhpdr6ehzh.cloudfront.net/7735abe69ecc5adc3e1135dd3b4c73e4"], "chatbot_image": "http://media.lanecrawford.com/A/U/O/AUO665_in_xl.jpg,http://media.lanecrawford.com/A/U/O/AUO665_bk_xl.jpg,http://media.lanecrawford.com/A/U/O/AUO665_4_xl.jpg,http://media.lanecrawford.com/A/U/O/AUO665_ro_xl.jpg", "unique_id": "2f1f0a8c08914b3dbbf5832c4422baf6", "trending_score": "0.0", "price": 7750.0, "discounted_price": 7750.0, "currency": "HKD", "product_code": "AUO665", "affinity_score": 0.0, "brand": "AMIRI", "store": "v_lane_crawford", "streamoid_urls": null}, {"title": "''L'Homme' skinny jeans", "gender": "men", "category": "jeans", "color": "black black black black black black black black black black", "product_url": "https://www.lanecrawford.com/pdp/AUV069", "thumbnail_url": ["http://d1q9qhpdr6ehzh.cloudfront.net/f8aa8e7576ca5d4a27ce0483325be2d5"], "chatbot_image": "http://media.lanecrawford.com/A/U/V/AUV069_in_xl.jpg,http://media.lanecrawford.com/A/U/V/AUV069_bk_xl.jpg,http://media.lanecrawford.com/A/U/V/AUV069_4_xl.jpg,http://media.lanecrawford.com/A/U/V/AUV069_ro_xl.jpg", "unique_id": "103dd055a0ae4a619303138855f111be", "trending_score": "0.0", "price": 1700.0, "discounted_price": 1700.0, "currency": "HKD", "product_code": "AUV069", "affinity_score": 0.0, "brand": "FRAME DENIM", "store": "v_lane_crawford", "streamoid_urls": null}, {"title": "jeans", "gender": "women", "category": "jeans", "color": "black black black black black black black black black black", "product_url": "https://yoursclothing.com", "thumbnail_url": ["http://d1q9qhpdr6ehzh.cloudfront.net/thumbnail/d7b5892581958b62c03583e41de5b6aa"], "chatbot_image": null, "unique_id": "c5403bf5e4544a7b8a36e7915fb0b40b", "trending_score": "0.0", "price": 100.0, "discounted_price": 0.0, "currency": "INR", "product_code": "6001", "affinity_score": 0.0, "brand": "yours clothing", "store": "v_website_demo", "streamoid_urls": null}, {"title": "Chain outseam jeans", "gender": "men", "category": "jeans", "color": "black black black black black black black black black black", "product_url": "https://www.lanecrawford.com/pdp/ARI441", "thumbnail_url": ["http://d1q9qhpdr6ehzh.cloudfront.net/9a322bd31860b96e24a3cd2783076aa5"], "chatbot_image": "http://media.lanecrawford.com/A/R/I/ARI441_in_xl.jpg,http://media.lanecrawford.com/A/R/I/ARI441_fr_xl.jpg,http://media.lanecrawford.com/A/R/I/ARI441_bk_xl.jpg,http://media.lanecrawford.com/A/R/I/ARI441_4_xl.jpg,http://media.lanecrawford.com/A/R/I/ARI441_ro_xl.jpg", "unique_id": "35c8d6bf5ef24f74a0a01f7253b88565", "trending_score": "0.0", "price": 3200.0, "discounted_price": 1280.0, "currency": "HKD", "product_code": "ARI441", "affinity_score": 0.0, "brand": "EIDOS", "store": "v_lane_crawford", "streamoid_urls": null}, {"title": "'Stack' distressed skinny jeans", "gender": "men", "category": "jeans", "color": "black black black black black black black black black black", "product_url": "https://www.lanecrawford.com/pdp/AQV163", "thumbnail_url": ["http://d1q9qhpdr6ehzh.cloudfront.net/9e7b5eb85709f9a13a9252a79734a685"], "chatbot_image": "http://media.lanecrawford.com/A/Q/V/AQV163_in_xl.jpg,http://media.lanecrawford.com/A/Q/V/AQV163_bk_xl.jpg,http://media.lanecrawford.com/A/Q/V/AQV163_4_xl.jpg,http://media.lanecrawford.com/A/Q/V/AQV163_ro_xl.jpg", "unique_id": "29a10ff041cd4f4fa03d60e187feda98", "trending_score": "0.0", "price": 5900.0, "discounted_price": 5900.0, "currency": "HKD", "product_code": "AQV163", "affinity_score": 0.0, "brand": "AMIRI", "store": "v_lane_crawford", "streamoid_urls": null}, {"title": "'Tyler Taper' slim fit jeans", "gender": "men", "category": "jeans", "color": "black black black black black black black black black black", "product_url": "https://www.lanecrawford.com/pdp/ALB199", "thumbnail_url": ["http://d1q9qhpdr6ehzh.cloudfront.net/ab6cb1b82ab0c3a78e3c24e31ad4281c"], "chatbot_image": "http://media.lanecrawford.com/A/L/B/ALB199_in_xl.jpg,http://media.lanecrawford.com/A/L/B/ALB199_fr_xl.jpg,http://media.lanecrawford.com/A/L/B/ALB199_bk_xl.jpg,http://media.lanecrawford.com/A/L/B/ALB199_4_xl.jpg,http://media.lanecrawford.com/A/L/B/ALB199_ro_xl.jpg", "unique_id": "437fdf7bca97453da5ec0dbc8257bf80", "trending_score": "0.0", "price": 1700.0, "discounted_price": 1700.0, "currency": "HKD", "product_code": "ALB199", "affinity_score": 0.0, "brand": "J BRAND", "store": "v_lane_crawford", "streamoid_urls": null}, {"title": "'Maria' skinny jeans", "gender": "women", "category": "jeans", "color": "black black black black black black black black black black", "product_url": "https://www.lanecrawford.com/pdp/AQE420", "thumbnail_url": ["http://d1q9qhpdr6ehzh.cloudfront.net/a3fdab06c6f0a5b76f5cd6a37d6d0102"], "chatbot_image": "http://media.lanecrawford.com/A/Q/E/AQE420_in_xl.jpg,http://media.lanecrawford.com/A/Q/E/AQE420_bk_xl.jpg,http://media.lanecrawford.com/A/Q/E/AQE420_4_xl.jpg,http://media.lanecrawford.com/A/Q/E/AQE420_ro_xl.jpg", "unique_id": "3b0da8c62a09459f9edea6638236491d", "trending_score": "0.0", "price": 1500.0, "discounted_price": 1500.0, "currency": "HKD", "product_code": "AQE420", "affinity_score": 0.0, "brand": "J BRAND", "store": "v_lane_crawford", "streamoid_urls": null}, {"title": "Staggered cuff jeans", "gender": "women", "category": "jeans", "color": "black black black black black black black black black black", "product_url": "https://www.lanecrawford.com.cn/pdp/ABU467", "thumbnail_url": ["http://d1q9qhpdr6ehzh.cloudfront.net/a995033cc274442cdaa2d1850f9e8520"], "chatbot_image": "http://media.lanecrawford.com.cn/A/B/U/ABU467_in_xl.jpg,http://media.lanecrawford.com.cn/A/B/U/ABU467_fr_xl.jpg,http://media.lanecrawford.com.cn/A/B/U/ABU467_bk_xl.jpg,http://media.lanecrawford.com.cn/A/B/U/ABU467_4_xl.jpg,http://media.lanecrawford.com.cn/A/B/U/ABU467_ro_xl.jpg", "unique_id": "10abf5738a7f4d87ae0ce3c0fb5fb044", "trending_score": "0.0", "price": 1600.0, "discounted_price": 1600.0, "currency": "RMB", "product_code": "ABU467", "affinity_score": 0.0, "brand": "RAG & BONE/JEAN", "store": "v_lane_crawford", "streamoid_urls": null}, {"title": "Stripe pocket frayed cuff denim jeans", "gender": "men", "category": "jeans", "color": "black black black black black black black black black black", "product_url": "https://www.lanecrawford.com/pdp/AQY373", "thumbnail_url": ["http://d1q9qhpdr6ehzh.cloudfront.net/c5d2f8f7c0a47835aef4b2997493fb56"], "chatbot_image": "http://media.lanecrawford.com/A/Q/Y/AQY373_in_xl.jpg,http://media.lanecrawford.com/A/Q/Y/AQY373_bk_xl.jpg,http://media.lanecrawford.com/A/Q/Y/AQY373_4_xl.jpg,http://media.lanecrawford.com/A/Q/Y/AQY373_ro_xl.jpg", "unique_id": "2b61a911e60743eca38a8d758738ad11", "trending_score": "0.0", "price": 4300.0, "discounted_price": 2580.0, "currency": "HKD", "product_code": "AQY373", "affinity_score": 0.0, "brand": "MAISON MARGIELA", "store": "v_lane_crawford", "streamoid_urls": null}, {"title": "'MX1' pleated leather patch skinny jeans", "gender": "men", "category": "jeans", "color": "black black black black black black black black black black", "product_url": "https://www.lanecrawford.com/pdp/AUO661", "thumbnail_url": ["http://d1q9qhpdr6ehzh.cloudfront.net/b3699733b74f2e09c1f3a53492135401"], "chatbot_image": "http://media.lanecrawford.com/A/U/O/AUO661_in_xl.jpg,http://media.lanecrawford.com/A/U/O/AUO661_bk_xl.jpg,http://media.lanecrawford.com/A/U/O/AUO661_4_xl.jpg,http://media.lanecrawford.com/A/U/O/AUO661_ro_xl.jpg", "unique_id": "3d89482331ae4b22b3ae60abdf3bd88b", "trending_score": "0.0", "price": 9500.0, "discounted_price": 9500.0, "currency": "HKD", "product_code": "AUO661", "affinity_score": 0.0, "brand": "AMIRI", "store": "v_lane_crawford", "streamoid_urls": null}], "debug": {"qrm": "", "query_without_qrm": "black jeans", "solr_query": "( ( ( (meta_color:\"black\")^10 ) ) AND ( ( (meta_comprehensive_category:\"jeans\") ) ) )^1 ", "graph": [[[{"color": ["black^10"]}, {"category": ["jeans"]}]]], "spell_corrected_query": "", "filter": [], "explicit_text": null, "fq": ["availability:1"]}, "numFound": 33, "facets": {"Ethnicity": {"western": 33}, "Fastening": {"zip_at_anywhere": 15, "unknown": 14, "buckle_at_waist": 2, "velcro_at_front": 1, "zip_at_front": 1}, "Fit": {"regular": 14, "skinny": 12, "slim": 7}, "Hemline Length": {"full-length": 17, "ankle": 14, "above-ankle": 2}, "Material": {"denim": 22, "unknown": 7, "leather": 1}, "Primary Fibre": {"unknown": 18, "cotton": 11, "viscose": 1}, "Print Type": {"solid": 27, "abstract": 1, "colour-block": 1, "other-graphic": 1}, "Silhouette": {"unknown": 30}, "Treatment": {"whiskered": 22, "ripped": 4, "distressed": 3, "none": 2, "other-wash": 1, "stone-wash": 1}, "Type": {"skinny": 11, "ripped": 9, "tapered": 6, "basic": 4, "boot-cut": 2, "straight": 1}, "Waist Rise": {"mid": 22, "short": 5, "high": 2, "low": 2, "natural": 2}, "Color": {"black": 33}, "gender": {"women": 18, "men": 15}, "category": {"jeans": 33}, "occasion type": {"everyday": 30, "elevated": 3}, "Workindustry": {}, "Age": {}, "neck": {}, "arms": {}, "waist": {}, "stomach": {}, "shoulder": {}, "brand": {"J BRAND": 4, "forever21": 4, "ACNE STUDIOS": 3, "AMIRI": 3, "L'AGENCE": 3, "FRAME DENIM": 2, "RAG & BONE/JEAN": 2, "ALEXANDER WANG": 1, "DENHAM": 1, "EIDOS": 1, "FAITH CONNEXION": 1, "GRLFRND": 1, "MAISON MARGIELA": 1, "NEIL BARRETT": 1, "R13": 1, "VALENTINO": 1, "all online store": 1, "asos": 1, "yours clothing": 1}, "sub_brand": {"forever21": 4}, "Department": {"regular": 30, "plus-size": 2, "maternity": 1}, "activity": {"leisure-holiday": 32, "college-look": 29, "hang-outs": 29, "airport-look": 28, "errands": 21, "adventure-holiday": 19, "work-from-home": 13, "concert": 3, "date-night": 3, "girls-night-out": 3, "high-street-look": 3, "brunch": 1, "lounging": 1, "social-outing": 1, "unknown": 1}}, "isFashionQuery": true, "spell_corrected_query": "", "final_query": "", "message": ""}