{"products": [{"title": "Slogan print T-shirt", "gender": "women", "category": "t-shirts", "color": "white white white white white white light gray light gray light gray light gray", "product_url": "https://www.lanecrawford.com/pdp/AUX069", "thumbnail_url": ["http://d1q9qhpdr6ehzh.cloudfront.net/2d345354c1a02af0242ce524af5a0786"], "chatbot_image": "http://media.lanecrawford.com/A/U/X/AUX069_in_xl.jpg,http://media.lanecrawford.com/A/U/X/AUX069_bk_xl.jpg,http://media.lanecrawford.com/A/U/X/AUX069_4_xl.jpg,http://media.lanecrawford.com/A/U/X/AUX069_ro_xl.jpg", "unique_id": "330a464dd5e946a3af099f3e5c884d41", "trending_score": "0.0", "price": 1300.0, "discounted_price": 1300.0, "currency": "HKD", "product_code": "AUX069", "affinity_score": 0.0, "brand": "VICTORIA, VICTORIA BECKHAM", "store": "v_lane_crawford", "streamoid_urls": null}, {"title": "'BB Paris' slogan embroidered T-shirt", "gender": "women", "category": "t-shirts", "color": "light-blue light-blue light-blue light-blue light-blue light-blue pale mint pale mint pale mint pale mint", "product_url": "https://www.lanecrawford.com/pdp/AUA424", "thumbnail_url": ["http://d1q9qhpdr6ehzh.cloudfront.net/98a21445a5ee2a1a42916804d0d6f0a3"], "chatbot_image": "http://media.lanecrawford.com/A/U/A/AUA424_in_xl.jpg,http://media.lanecrawford.com/A/U/A/AUA424_bk_xl.jpg,http://media.lanecrawford.com/A/U/A/AUA424_4_xl.jpg,http://media.lanecrawford.com/A/U/A/AUA424_ro_xl.jpg", "unique_id": "06155ea8efb9461ba33095b3d2518e88", "trending_score": "0.0", "price": 3700.0, "discounted_price": 3700.0, "currency": "HKD", "product_code": "AUA424", "affinity_score": 0.0, "brand": "BALENCIAGA", "store": "v_lane_crawford", "streamoid_urls": null}, {"title": "'Co-driver' tie dye logo T-shirt", "gender": "women", "category": "t-shirts", "color": "mauve mauve mauve mauve mauve mauve peach peach peach peach", "product_url": "https://www.lanecrawford.com/pdp/AUW864", "thumbnail_url": ["http://d1q9qhpdr6ehzh.cloudfront.net/e38b9f58b08bb2b05005cacac0b13316"], "chatbot_image": "http://media.lanecrawford.com/A/U/W/AUW864_in_xl.jpg,http://media.lanecrawford.com/A/U/W/AUW864_bk_xl.jpg,http://media.lanecrawford.com/A/U/W/AUW864_4_xl.jpg,http://media.lanecrawford.com/A/U/W/AUW864_ro_xl.jpg", "unique_id": "2b47fba7e49648d88ccfac595b376e25", "trending_score": "0.0", "price": 1100.0, "discounted_price": 1100.0, "currency": "HKD", "product_code": "AUW864", "affinity_score": 0.0, "brand": "P.E NATION", "store": "v_lane_crawford", "streamoid_urls": null}, {"title": "Oversized cotton top", "gender": "women", "category": "t-shirts", "color": "white white white white white white light gray light gray light gray light gray", "product_url": "https://www.lanecrawford.com/pdp/AVK460", "thumbnail_url": ["http://d1q9qhpdr6ehzh.cloudfront.net/f255dc24922d4d86b0dd5dbad95c7ac1"], "chatbot_image": "http://media.lanecrawford.com/A/V/K/AVK460_in_xl.jpg,http://media.lanecrawford.com/A/V/K/AVK460_bk_xl.jpg,http://media.lanecrawford.com/A/V/K/AVK460_4_xl.jpg,http://media.lanecrawford.com/A/V/K/AVK460_ro_xl.jpg", "unique_id": "19cfbd13f82149edb2b61f454ca32ca3", "trending_score": "0.0", "price": 600.0, "discounted_price": 600.0, "currency": "HKD", "product_code": "AVK460", "affinity_score": 0.0, "brand": "NINETY PERCENT", "store": "v_lane_crawford", "streamoid_urls": null}, {"title": "'BB' logo print T-shirt", "gender": "women", "category": "t-shirts", "color": "black black black black black black black black black black", "product_url": "https://www.lanecrawford.com/pdp/BKL784", "thumbnail_url": ["http://d1q9qhpdr6ehzh.cloudfront.net/163032d09f993bf53ee66c6b76c0bcee"], "chatbot_image": "http://media.lanecrawford.com/B/K/L/BKL784_in_xl.jpg,http://media.lanecrawford.com/B/K/L/BKL784_bk_xl.jpg,http://media.lanecrawford.com/B/K/L/BKL784_4_xl.jpg,http://media.lanecrawford.com/B/K/L/BKL784_ro_xl.jpg", "unique_id": "0b64e996b6fd4415accd58834453a02b", "trending_score": "0.0", "price": 4500.0, "discounted_price": 4500.0, "currency": "HKD", "product_code": "BKL784", "affinity_score": 0.0, "brand": "BALENCIAGA", "store": "v_lane_crawford", "streamoid_urls": null}, {"title": "'The Rug' slogan print T-shirt", "gender": "women", "category": "t-shirts", "color": "black black black black black black black black black black", "product_url": "https://www.lanecrawford.com/pdp/BKK831", "thumbnail_url": ["http://d1q9qhpdr6ehzh.cloudfront.net/abd8aa4777a9a3b265a609f329d01686"], "chatbot_image": "http://media.lanecrawford.com/B/K/K/BKK831_in_xl.jpg,http://media.lanecrawford.com/B/K/K/BKK831_bk_xl.jpg,http://media.lanecrawford.com/B/K/K/BKK831_4_xl.jpg,http://media.lanecrawford.com/B/K/K/BKK831_ro_xl.jpg", "unique_id": "368216dc618b4e3fa387328c29f412a4", "trending_score": "0.0", "price": 1900.0, "discounted_price": 1900.0, "currency": "HKD", "product_code": "BKK831", "affinity_score": 0.0, "brand": "SACAI", "store": "v_lane_crawford", "streamoid_urls": null}, {"title": "Colourblock logo print T-shirt", "gender": "women", "category": "t-shirts", "color": "blue blue blue blue blue blue indigo indigo indigo indigo", "product_url": "https://www.lanecrawford.com/pdp/BKK370", "thumbnail_url": ["http://d1q9qhpdr6ehzh.cloudfront.net/f69def5902265cfd6a00bb5ac4cb64a7"], "chatbot_image": "http://media.lanecrawford.com/B/K/K/BKK370_in_xl.jpg,http://media.lanecrawford.com/B/K/K/BKK370_bk_xl.jpg,http://media.lanecrawford.com/B/K/K/BKK370_4_xl.jpg,http://media.lanecrawford.com/B/K/K/BKK370_ro_xl.jpg", "unique_id": "2bd5c10d9b2f443b8bd5ae0d505cfa33", "trending_score": "0.0", "price": 1090.0, "discounted_price": 1090.0, "currency": "HKD", "product_code": "BKK370", "affinity_score": 0.0, "brand": "PUMA", "store": "v_lane_crawford", "streamoid_urls": null}, {"title": "'Gucci Tennis' embroidered floral print T-shirt", "gender": "women", "category": "t-shirts", "color": "beige beige beige beige beige beige beige beige beige", "product_url": "https://www.lanecrawford.com/pdp/ARH344", "thumbnail_url": ["http://d1q9qhpdr6ehzh.cloudfront.net/f38f75064641a9c0b105c310a2266028"], "chatbot_image": "http://media.lanecrawford.com/A/R/H/ARH344_in_xl.jpg,http://media.lanecrawford.com/A/R/H/ARH344_bk_xl.jpg,http://media.lanecrawford.com/A/R/H/ARH344_ro_xl.jpg", "unique_id": "12776904e74f45218d17a6c6e9cdde79", "trending_score": "0.0", "price": 6500.0, "discounted_price": 6500.0, "currency": "HKD", "product_code": "ARH344", "affinity_score": 0.0, "brand": "GUCCI", "store": "v_lane_crawford", "streamoid_urls": null}, {"title": "Logo graphic print oversized T-shirt", "gender": "women", "category": "t-shirts", "color": "red red red red red red post box red post box red post box red post box red", "product_url": "https://www.lanecrawford.com/pdp/BKJ245", "thumbnail_url": ["http://d1q9qhpdr6ehzh.cloudfront.net/2c3c6fbc0ccc783c9b63e8b4b4c893cf"], "chatbot_image": "http://media.lanecrawford.com/B/K/J/BKJ245_in_xl.jpg,http://media.lanecrawford.com/B/K/J/BKJ245_bk_xl.jpg,http://media.lanecrawford.com/B/K/J/BKJ245_4_xl.jpg,http://media.lanecrawford.com/B/K/J/BKJ245_ro_xl.jpg", "unique_id": "173136db1bfa45dfab045464f08720af", "trending_score": "0.0", "price": 3800.0, "discounted_price": 3800.0, "currency": "HKD", "product_code": "BKJ245", "affinity_score": 0.0, "brand": "GUCCI", "store": "v_lane_crawford", "streamoid_urls": null}, {"title": "Logo print T-shirt", "gender": "women", "category": "t-shirts", "color": "yellow yellow yellow yellow yellow yellow gold gold gold gold", "product_url": "https://www.lanecrawford.com/pdp/BKX870", "thumbnail_url": ["http://d1q9qhpdr6ehzh.cloudfront.net/642c55dbbd099f1d6b9cc036b19cd420"], "chatbot_image": "http://media.lanecrawford.com/B/K/X/BKX870_in_xl.jpg,http://media.lanecrawford.com/B/K/X/BKX870_fr_xl.jpg,http://media.lanecrawford.com/B/K/X/BKX870_bk_xl.jpg,http://media.lanecrawford.com/B/K/X/BKX870_4_xl.jpg,http://media.lanecrawford.com/B/K/X/BKX870_ro_xl.jpg", "unique_id": "32f5d31c76e343f4bfd62957e889eda4", "trending_score": "0.0", "price": 1700.0, "discounted_price": 1700.0, "currency": "HKD", "product_code": "BKX870", "affinity_score": 0.0, "brand": "VETEMENTS", "store": "v_lane_crawford", "streamoid_urls": null}, {"title": "New York City Cutout Tee", "gender": "women", "category": "t-shirts", "color": "brown brown brown brown brown brown tan tan tan", "product_url": "https://www.forever21.in/p/new-york-city-cutout-tee-322930.html", "thumbnail_url": ["http://d1q9qhpdr6ehzh.cloudfront.net/c91ef5fb33a347049c3c083e26d2cb0d"], "chatbot_image": "https://forever21.imgix.net/img/app/product/3/322930-1631545-large.jpg,https://forever21.imgix.net/img/app/product/3/322930-1631546-large.jpg,https://forever21.imgix.net/img/app/product/3/322930-1631547-large.jpg,https://forever21.imgix.net/img/app/product/3/322930-1631548-large.jpg,https://forever21.imgix.net/img/app/product/3/322930-1631544.jpg", "unique_id": "25723a1d20be4808ab8ec20dc9bbca72", "trending_score": "0.0", "price": 1299.0, "discounted_price": 1299.0, "currency": "INR", "product_code": "322930", "affinity_score": 0.0, "brand": "forever21", "store": "v_forever21", "streamoid_urls": null}, {"title": "Basic Long-Sleeved Tee", "gender": "women", "category": "t-shirts", "color": "orange orange orange orange orange orange orange orange orange orange", "product_url": "https://www.forever21.in/p/basic-long-sleeved-tee-323428.html", "thumbnail_url": ["http://d1q9qhpdr6ehzh.cloudfront.net/26bff09286946d28ede41ad91b80fee8"], "chatbot_image": "https://forever21.imgix.net/img/app/product/3/323428-1613256-large.jpg,https://forever21.imgix.net/img/app/product/3/323428-1613257-large.jpg,https://forever21.imgix.net/img/app/product/3/323428-1613258-large.jpg,https://forever21.imgix.net/img/app/product/3/323428-1613259-large.jpg,https://forever21.imgix.net/img/app/product/3/323428-1613255.jpg", "unique_id": "1fc7835e4e824ee188613a0d99cd9454", "trending_score": "0.0", "price": 1199.0, "discounted_price": 1199.0, "currency": "INR", "product_code": "323428", "affinity_score": 0.0, "brand": "forever21", "store": "v_forever21", "streamoid_urls": null}, {"title": "'Battle Punk Boy' distressed graphic print T-shirt", "gender": "women", "category": "t-shirts", "color": "gray gray gray gray gray gray slate gray slate gray slate gray slate gray", "product_url": "https://www.lanecrawford.com/pdp/AQI986", "thumbnail_url": ["http://d1q9qhpdr6ehzh.cloudfront.net/129f74510157881c1259c151e49d1446"], "chatbot_image": "http://media.lanecrawford.com/A/Q/I/AQI986_in_xl.jpg,http://media.lanecrawford.com/A/Q/I/AQI986_bk_xl.jpg,http://media.lanecrawford.com/A/Q/I/AQI986_4_xl.jpg,http://media.lanecrawford.com/A/Q/I/AQI986_ro_xl.jpg", "unique_id": "46ffbd2566534277931aafd62dd69021", "trending_score": "0.0", "price": 3100.0, "discounted_price": 1240.0, "currency": "HKD", "product_code": "AQI986", "affinity_score": 0.0, "brand": "R13", "store": "v_lane_crawford", "streamoid_urls": null}, {"title": "Graphic print polo shirt", "gender": "women", "category": "t-shirts", "color": "multicolor white white white white white white off white off white off white", "product_url": "https://www.lanecrawford.com/pdp/AUV611", "thumbnail_url": ["http://d1q9qhpdr6ehzh.cloudfront.net/9904ed767852bf442bd199710fb1bd93"], "chatbot_image": "http://media.lanecrawford.com/A/U/V/AUV611_in_xl.jpg,http://media.lanecrawford.com/A/U/V/AUV611_bk_xl.jpg,http://media.lanecrawford.com/A/U/V/AUV611_4_xl.jpg,http://media.lanecrawford.com/A/U/V/AUV611_ro_xl.jpg", "unique_id": "1ab88c53c0b8468c8be5fdeb0d82f7eb", "trending_score": "0.0", "price": 5000.0, "discounted_price": 2500.0, "currency": "HKD", "product_code": "AUV611", "affinity_score": 0.0, "brand": "ALEXANDER WANG", "store": "v_lane_crawford", "streamoid_urls": null}, {"title": "Panelled virgin wool sweatshirt", "gender": "women", "category": "t-shirts", "color": "light-gray light-gray light-gray light-gray light-gray light-gray silver silver silver silver", "product_url": "https://www.lanecrawford.com.cn/pdp/ARW843", "thumbnail_url": ["http://d1q9qhpdr6ehzh.cloudfront.net/af8bafb6207410feef38c0057504b730"], "chatbot_image": "http://media.lanecrawford.com.cn/A/R/W/ARW843_in_xl.jpg,http://media.lanecrawford.com.cn/A/R/W/ARW843_bk_xl.jpg,http://media.lanecrawford.com.cn/A/R/W/ARW843_4_xl.jpg,http://media.lanecrawford.com.cn/A/R/W/ARW843_ro_xl.jpg", "unique_id": "44c44b4caa044e95935fdfa4b91db4cc", "trending_score": "0.0", "price": 13900.0, "discounted_price": 6950.0, "currency": "RMB", "product_code": "ARW843", "affinity_score": 0.0, "brand": "JIL SANDER", "store": "v_lane_crawford", "streamoid_urls": null}, {"title": "Zebra print T-shirt", "gender": "women", "category": "t-shirts", "color": "black black black black black black charcoal gray charcoal gray charcoal gray charcoal gray", "product_url": "https://www.lanecrawford.com/pdp/AUY034", "thumbnail_url": ["http://d1q9qhpdr6ehzh.cloudfront.net/b1a9eb1b5438516b55d75cffce734967"], "chatbot_image": "http://media.lanecrawford.com/A/U/Y/AUY034_in_xl.jpg,http://media.lanecrawford.com/A/U/Y/AUY034_bk_xl.jpg,http://media.lanecrawford.com/A/U/Y/AUY034_4_xl.jpg,http://media.lanecrawford.com/A/U/Y/AUY034_ro_xl.jpg", "unique_id": "2814780849ce4065ad66facdaa076216", "trending_score": "0.0", "price": 1000.0, "discounted_price": 1000.0, "currency": "HKD", "product_code": "AUY034", "affinity_score": 0.0, "brand": "RAG & BONE/JEAN", "store": "v_lane_crawford", "streamoid_urls": null}, {"title": "Relaxed Fit Long Sleeve Top", "gender": "women", "category": "t-shirts", "color": "yellow yellow yellow yellow yellow yellow camel camel camel camel", "product_url": "https://www.forever21.in/p/relaxed-fit-long-sleeve-top-323310.html", "thumbnail_url": ["http://d1q9qhpdr6ehzh.cloudfront.net/709291c1967977227330b7f00c2123f8"], "chatbot_image": "https://forever21.imgix.net/img/app/product/3/323310-1519252-large.jpg,https://forever21.imgix.net/img/app/product/3/323310-1519253-large.jpg,https://forever21.imgix.net/img/app/product/3/323310-1519254-large.jpg,https://forever21.imgix.net/img/app/product/3/323310-1519255-large.jpg,https://forever21.imgix.net/img/app/product/3/323310-1519256-large.jpg,https://forever21.imgix.net/img/app/product/3/323310-1519251.jpg", "unique_id": "1636176985314fa48bfde359b373edb4", "trending_score": "0.0", "price": 949.0, "discounted_price": 999.0, "currency": "INR", "product_code": "323310", "affinity_score": 0.0, "brand": "forever21", "store": "v_forever21", "streamoid_urls": null}, {"title": "'Diamond' T-shirt", "gender": "women", "category": "t-shirts", "color": "mauve mauve mauve mauve mauve mauve beige beige beige beige", "product_url": "https://www.lanecrawford.com/pdp/BKK518", "thumbnail_url": ["http://d1q9qhpdr6ehzh.cloudfront.net/0e6dbd4d839cb136bd5515fbccb51461"], "chatbot_image": "http://media.lanecrawford.com/B/K/K/BKK518_in_xl.jpg,http://media.lanecrawford.com/B/K/K/BKK518_bk_xl.jpg,http://media.lanecrawford.com/B/K/K/BKK518_4_xl.jpg,http://media.lanecrawford.com/B/K/K/BKK518_ro_xl.jpg", "unique_id": "0f7937f91c374e27986a2d9545eb40c2", "trending_score": "0.0", "price": 6750.0, "discounted_price": 6750.0, "currency": "HKD", "product_code": "BKK518", "affinity_score": 0.0, "brand": "MIU MIU", "store": "v_lane_crawford", "streamoid_urls": null}, {"title": "Split-Back Tee", "gender": "women", "category": "t-shirts", "color": "white white white white white white off white off white off white off white", "product_url": "https://www.forever21.in/p/split-back-tee-323323.html", "thumbnail_url": ["http://d1q9qhpdr6ehzh.cloudfront.net/7c2a6c707a92a7dd1c030d96c45d247b"], "chatbot_image": "https://forever21.imgix.net/img/app/product/3/323323-1600652-large.jpg,https://forever21.imgix.net/img/app/product/3/323323-1600653-large.jpg,https://forever21.imgix.net/img/app/product/3/323323-1600654-large.jpg,https://forever21.imgix.net/img/app/product/3/323323-1600655-large.jpg,https://forever21.imgix.net/img/app/product/3/323323-1600651.jpg", "unique_id": "d2fc2b704a8045d0bacb77405f8120e7", "trending_score": "0.0", "price": 949.0, "discounted_price": 949.0, "currency": "INR", "product_code": "323323", "affinity_score": 0.0, "brand": "forever21", "store": "v_forever21", "streamoid_urls": null}, {"title": "'Bambi' graphic print T-shirt", "gender": "women", "category": "t-shirts", "color": "white white white white white white light gray light gray light gray light gray", "product_url": "https://www.lanecrawford.com/pdp/BKL047", "thumbnail_url": ["http://d1q9qhpdr6ehzh.cloudfront.net/ea3e1e4e21005171e65c8d0947b54871"], "chatbot_image": "http://media.lanecrawford.com/B/K/L/BKL047_in_xl.jpg,http://media.lanecrawford.com/B/K/L/BKL047_bk_xl.jpg,http://media.lanecrawford.com/B/K/L/BKL047_4_xl.jpg,http://media.lanecrawford.com/B/K/L/BKL047_ro_xl.jpg", "unique_id": "50e6d31259204d4084ae0bf25d6b6704", "trending_score": "0.0", "price": 3800.0, "discounted_price": 3800.0, "currency": "HKD", "product_code": "BKL047", "affinity_score": 0.0, "brand": "BURBERRY", "store": "v_lane_crawford", "streamoid_urls": null}, {"title": "Crewneck cashmere blend T-shirt", "gender": "women", "category": "t-shirts", "color": "turquoise turquoise turquoise turquoise turquoise turquoise pale mint pale mint pale mint pale mint", "product_url": "https://www.lanecrawford.com/pdp/AWH432", "thumbnail_url": ["http://d1q9qhpdr6ehzh.cloudfront.net/b3d0af993e544502e56f1894ecdefcbd"], "chatbot_image": "http://media.lanecrawford.com/A/W/H/AWH432_in_xl.jpg,http://media.lanecrawford.com/A/W/H/AWH432_bk_xl.jpg,http://media.lanecrawford.com/A/W/H/AWH432_4_xl.jpg,http://media.lanecrawford.com/A/W/H/AWH432_ro_xl.jpg", "unique_id": "3e144c82a556483481e2e4e1811684f2", "trending_score": "0.0", "price": 2600.0, "discounted_price": 2600.0, "currency": "HKD", "product_code": "AWH432", "affinity_score": 0.0, "brand": "EXTREME CASHMERE", "store": "v_lane_crawford", "streamoid_urls": null}, {"title": "Crystal logo embellished T-shirt", "gender": "women", "category": "t-shirts", "color": "white white white white white white light gray light gray light gray light gray", "product_url": "https://www.lanecrawford.com/pdp/BKL058", "thumbnail_url": ["http://d1q9qhpdr6ehzh.cloudfront.net/b88d2f87956b51ce4fdbce199200662c"], "chatbot_image": "http://media.lanecrawford.com/B/K/L/BKL058_in_xl.jpg,http://media.lanecrawford.com/B/K/L/BKL058_bk_xl.jpg,http://media.lanecrawford.com/B/K/L/BKL058_4_xl.jpg,http://media.lanecrawford.com/B/K/L/BKL058_ro_xl.jpg", "unique_id": "390e19cdc45c428abbc3c3f003b82070", "trending_score": "0.0", "price": 5900.0, "discounted_price": 5900.0, "currency": "HKD", "product_code": "BKL058", "affinity_score": 0.0, "brand": "BURBERRY", "store": "v_lane_crawford", "streamoid_urls": null}, {"title": "Raw-Cut Jersey Knit Tee", "gender": "women", "category": "t-shirts", "color": "khaki khaki khaki khaki khaki khaki pearl pearl pearl pearl", "product_url": "https://www.forever21.in/p/raw-cut-jersey-knit-tee-323840.html", "thumbnail_url": ["http://d1q9qhpdr6ehzh.cloudfront.net/5a96b649e721e0f4ebb9c6f4d90c7c91"], "chatbot_image": "https://forever21.imgix.net/img/app/product/3/323840-1603044-large.jpg,https://forever21.imgix.net/img/app/product/3/323840-1603045-large.jpg,https://forever21.imgix.net/img/app/product/3/323840-1603047-large.jpg,https://forever21.imgix.net/img/app/product/3/323840-1603048-large.jpg,https://forever21.imgix.net/img/app/product/3/323840-1603043.jpg", "unique_id": "571c9c16725a43f2b111f6d5992d440b", "trending_score": "0.0", "price": 1299.0, "discounted_price": 1299.0, "currency": "INR", "product_code": "323840", "affinity_score": 0.0, "brand": "forever21", "store": "v_forever21", "streamoid_urls": null}, {"title": "Relaxed Fit Long Sleeve Top", "gender": "women", "category": "t-shirts", "color": "black black black black black black black black black black", "product_url": "https://www.forever21.in/p/relaxed-fit-long-sleeve-top-323264.html", "thumbnail_url": ["http://d1q9qhpdr6ehzh.cloudfront.net/c46aa5f67d2325ddcf518024502d0070"], "chatbot_image": "https://forever21.imgix.net/img/app/product/3/323264-1519112-large.jpg,https://forever21.imgix.net/img/app/product/3/323264-1519113-large.jpg,https://forever21.imgix.net/img/app/product/3/323264-1519114-large.jpg,https://forever21.imgix.net/img/app/product/3/323264-1519115-large.jpg,https://forever21.imgix.net/img/app/product/3/323264-1519111.jpg", "unique_id": "263a2f493f964e36ad39b28e77e79c96", "trending_score": "0.0", "price": 949.0, "discounted_price": 999.0, "currency": "INR", "product_code": "323264", "affinity_score": 0.0, "brand": "forever21", "store": "v_forever21", "streamoid_urls": null}, {"title": "'VLOGO' print flared hem T-shirt", "gender": "women", "category": "t-shirts", "color": "white white white white white white light gray light gray light gray light gray", "product_url": "https://www.lanecrawford.com/pdp/AWE208", "thumbnail_url": ["http://d1q9qhpdr6ehzh.cloudfront.net/d3ea469bb7e4493ac963769d5f65cb0a"], "chatbot_image": "http://media.lanecrawford.com/A/W/E/AWE208_in_xl.jpg,http://media.lanecrawford.com/A/W/E/AWE208_bk_xl.jpg,http://media.lanecrawford.com/A/W/E/AWE208_4_xl.jpg,http://media.lanecrawford.com/A/W/E/AWE208_ro_xl.jpg", "unique_id": "08a1449e1f5e44cfbae71562aed79312", "trending_score": "0.0", "price": 5300.0, "discounted_price": 5300.0, "currency": "HKD", "product_code": "AWE208", "affinity_score": 0.0, "brand": "VALENTINO", "store": "v_lane_crawford", "streamoid_urls": null}, {"title": "'The Opinion' slogan print T-shirt", "gender": "women", "category": "t-shirts", "color": "black black black black black black black black black black", "product_url": "https://www.lanecrawford.com/pdp/BKK812", "thumbnail_url": ["http://d1q9qhpdr6ehzh.cloudfront.net/db2cae8ace89f0a9cb3d6acb298c1ad5"], "chatbot_image": "http://media.lanecrawford.com/B/K/K/BKK812_in_xl.jpg,http://media.lanecrawford.com/B/K/K/BKK812_bk_xl.jpg,http://media.lanecrawford.com/B/K/K/BKK812_4_xl.jpg,http://media.lanecrawford.com/B/K/K/BKK812_ro_xl.jpg", "unique_id": "26d6c3d8a7804dbe85556136884cc81f", "trending_score": "0.0", "price": 1900.0, "discounted_price": 1900.0, "currency": "HKD", "product_code": "BKK812", "affinity_score": 0.0, "brand": "SACAI", "store": "v_lane_crawford", "streamoid_urls": null}, {"title": "Boxy Waffle Knit Top", "gender": "women", "category": "t-shirts", "color": "maroon maroon maroon maroon maroon maroon maroon maroon maroon maroon", "product_url": "https://www.forever21.in/p/boxy-waffle-knit-top-323899.html", "thumbnail_url": ["http://d1q9qhpdr6ehzh.cloudfront.net/a0d330b29da4e3b26611ca70b7bc4ea6"], "chatbot_image": "https://forever21.imgix.net/img/app/product/3/323899-1619481-large.jpg,https://forever21.imgix.net/img/app/product/3/323899-1619482-large.jpg,https://forever21.imgix.net/img/app/product/3/323899-1619483-large.jpg,https://forever21.imgix.net/img/app/product/3/323899-1619484-large.jpg,https://forever21.imgix.net/img/app/product/3/323899-1619480.jpg", "unique_id": "32beed0f05094bc7938ce7ad476d1b00", "trending_score": "0.0", "price": 949.0, "discounted_price": 949.0, "currency": "INR", "product_code": "323899", "affinity_score": 0.0, "brand": "forever21", "store": "v_forever21", "streamoid_urls": null}, {"title": "Tie neck cutout T-shirt", "gender": "women", "category": "t-shirts", "color": "white white white white white white light gray light gray light gray light gray", "product_url": "https://www.lanecrawford.com/pdp/AUR068", "thumbnail_url": ["http://d1q9qhpdr6ehzh.cloudfront.net/6f0a13beecce24e18ebda9c68b1fb9b0"], "chatbot_image": "http://media.lanecrawford.com/A/U/R/AUR068_in_xl.jpg,http://media.lanecrawford.com/A/U/R/AUR068_bk_xl.jpg,http://media.lanecrawford.com/A/U/R/AUR068_4_xl.jpg,http://media.lanecrawford.com/A/U/R/AUR068_ro_xl.jpg", "unique_id": "1813842bef504f01b40074cc8795b424", "trending_score": "0.0", "price": 1600.0, "discounted_price": 1600.0, "currency": "HKD", "product_code": "AUR068", "affinity_score": 0.0, "brand": "TOGA ARCHIVES", "store": "v_lane_crawford", "streamoid_urls": null}, {"title": "'Stella 2001' logo print T-shirt", "gender": "women", "category": "t-shirts", "color": "light-blue light-blue light-blue light-blue light-blue light-blue powder blue powder blue powder blue powder blue", "product_url": "https://www.lanecrawford.com.cn/pdp/ARY015", "thumbnail_url": ["http://d1q9qhpdr6ehzh.cloudfront.net/f5457e160ae7d369772b3d33d8adf8d0"], "chatbot_image": "http://media.lanecrawford.com.cn/A/R/Y/ARY015_in_xl.jpg,http://media.lanecrawford.com.cn/A/R/Y/ARY015_bk_xl.jpg,http://media.lanecrawford.com.cn/A/R/Y/ARY015_4_xl.jpg,http://media.lanecrawford.com.cn/A/R/Y/ARY015_ro_xl.jpg", "unique_id": "2b58483289aa488dab8a2b3b4d6890fa", "trending_score": "0.0", "price": 2050.0, "discounted_price": 2050.0, "currency": "RMB", "product_code": "ARY015", "affinity_score": 0.0, "brand": "STELLA MCCARTNEY", "store": "v_lane_crawford", "streamoid_urls": null}, {"title": "Contemporary Mesh Knit Top", "gender": "women", "category": "t-shirts", "color": "lavender lavender lavender lavender lavender lavender light gray light gray light gray baby pink", "product_url": "https://www.forever21.in/p/contemporary-mesh-knit-top-323602.html", "thumbnail_url": ["http://d1q9qhpdr6ehzh.cloudfront.net/ff6203f2c8856404888e733b4a40304d"], "chatbot_image": "https://forever21.imgix.net/img/app/product/3/323602-1597800-large.jpg,https://forever21.imgix.net/img/app/product/3/323602-1597801-large.jpg,https://forever21.imgix.net/img/app/product/3/323602-1597802-large.jpg,https://forever21.imgix.net/img/app/product/3/323602-1597803-large.jpg,https://forever21.imgix.net/img/app/product/3/323602-1597799.jpg", "unique_id": "1a0a266ef6f44878a2b056d97cd9b051", "trending_score": "0.0", "price": 949.0, "discounted_price": 949.0, "currency": "INR", "product_code": "323602", "affinity_score": 0.0, "brand": "forever21", "store": "v_forever21", "streamoid_urls": null}, {"title": "Mix logo print oversized T-shirt", "gender": "women", "category": "t-shirts", "color": "multicolor off-white off-white off-white off-white off-white off-white light gray light gray beige", "product_url": "https://www.lanecrawford.com.cn/pdp/ARH350", "thumbnail_url": ["http://d1q9qhpdr6ehzh.cloudfront.net/5a6b1a4568d3ae6841dc45d5240b542c"], "chatbot_image": "http://media.lanecrawford.com.cn/A/R/H/ARH350_in_xl.jpg,http://media.lanecrawford.com.cn/A/R/H/ARH350_bk_xl.jpg,http://media.lanecrawford.com.cn/A/R/H/ARH350_1_xl.jpg,http://media.lanecrawford.com.cn/A/R/H/ARH350_ro_xl.jpg", "unique_id": "378078dd414841aabd8c032f7a0a859e", "trending_score": "0.0", "price": 6100.0, "discounted_price": 6100.0, "currency": "RMB", "product_code": "ARH350", "affinity_score": 0.0, "brand": "GUCCI", "store": "v_lane_crawford", "streamoid_urls": null}, {"title": "Pearl loop detail crop t-shirt", "gender": "women", "category": "t-shirts", "color": "multicolor white white white white white white light gray light gray light gray", "product_url": "https://www.lanecrawford.com/pdp/AUV205", "thumbnail_url": ["http://d1q9qhpdr6ehzh.cloudfront.net/e168bb02c9cd6eecb2b30e66c7b43082"], "chatbot_image": "http://media.lanecrawford.com/A/U/V/AUV205_in_xl.jpg,http://media.lanecrawford.com/A/U/V/AUV205_bk_xl.jpg,http://media.lanecrawford.com/A/U/V/AUV205_4_xl.jpg,http://media.lanecrawford.com/A/U/V/AUV205_ro_xl.jpg", "unique_id": "4898c0e969f24715bd5d3cecbb5dddad", "trending_score": "0.0", "price": 2900.0, "discounted_price": 2900.0, "currency": "HKD", "product_code": "AUV205", "affinity_score": 0.0, "brand": "3.1 PHILLIP LIM", "store": "v_lane_crawford", "streamoid_urls": null}, {"title": "'Gucci Tennis' embroidered T-shirt", "gender": "women", "category": "t-shirts", "color": "pink pink pink pink pink pink coral coral coral coral", "product_url": "https://www.lanecrawford.com/pdp/ARH328", "thumbnail_url": ["http://d1q9qhpdr6ehzh.cloudfront.net/9e9a1beff01520ac47a353475b9342bd"], "chatbot_image": "http://media.lanecrawford.com/A/R/H/ARH328_in_xl.jpg,http://media.lanecrawford.com/A/R/H/ARH328_bk_xl.jpg,http://media.lanecrawford.com/A/R/H/ARH328_1_xl.jpg,http://media.lanecrawford.com/A/R/H/ARH328_ro_xl.jpg", "unique_id": "175e25958bee4a5897d93c7544ae1ea0", "trending_score": "0.0", "price": 5200.0, "discounted_price": 5200.0, "currency": "HKD", "product_code": "ARH328", "affinity_score": 0.0, "brand": "GUCCI", "store": "v_lane_crawford", "streamoid_urls": null}, {"title": "Side tie split hem T-shirt", "gender": "women", "category": "t-shirts", "color": "multicolor white white white white white white light gray light gray light gray", "product_url": "https://www.lanecrawford.com/pdp/ARK450", "thumbnail_url": ["http://d1q9qhpdr6ehzh.cloudfront.net/b755e6e6d37eea91335965ef0ad2449f"], "chatbot_image": "http://media.lanecrawford.com/A/R/K/ARK450_in_xl.jpg,http://media.lanecrawford.com/A/R/K/ARK450_bk_xl.jpg,http://media.lanecrawford.com/A/R/K/ARK450_4_xl.jpg,http://media.lanecrawford.com/A/R/K/ARK450_ro_xl.jpg", "unique_id": "18f4c501911e42a3ae95e5bb3d3ee537", "trending_score": "0.0", "price": 1700.0, "discounted_price": 850.0, "currency": "HKD", "product_code": "ARK450", "affinity_score": 0.0, "brand": "3.1 PHILLIP LIM", "store": "v_lane_crawford", "streamoid_urls": null}, {"title": "Chest pocket stripe T-shirt", "gender": "women", "category": "t-shirts", "color": "silver silver silver silver silver silver silver silver silver silver", "product_url": "https://www.lanecrawford.com/pdp/AQI693", "thumbnail_url": ["http://d1q9qhpdr6ehzh.cloudfront.net/f49e7f4421d855303e0c505585d0030d"], "chatbot_image": "http://media.lanecrawford.com/A/Q/I/AQI693_in_xl.jpg,http://media.lanecrawford.com/A/Q/I/AQI693_bk_xl.jpg,http://media.lanecrawford.com/A/Q/I/AQI693_4_xl.jpg,http://media.lanecrawford.com/A/Q/I/AQI693_ro_xl.jpg", "unique_id": "12a8f60c0f124dfaa59c918de74feb5e", "trending_score": "0.0", "price": 1100.0, "discounted_price": 440.0, "currency": "HKD", "product_code": "AQI693", "affinity_score": 0.0, "brand": "ALEXANDERWANG.T", "store": "v_lane_crawford", "streamoid_urls": null}, {"title": "Chalk stripe reversible sweater", "gender": "men", "category": "t-shirts", "color": "black black black black black black black black black black", "product_url": "https://www.lanecrawford.com/pdp/AUV649", "thumbnail_url": ["http://d1q9qhpdr6ehzh.cloudfront.net/3ef2016dc30fb4134b11e8a69c4ec76e"], "chatbot_image": "http://media.lanecrawford.com/A/U/V/AUV649_in_xl.jpg,http://media.lanecrawford.com/A/U/V/AUV649_bk_xl.jpg,http://media.lanecrawford.com/A/U/V/AUV649_4_xl.jpg,http://media.lanecrawford.com/A/U/V/AUV649_ro_xl.jpg", "unique_id": "014f296a60664e9cae67ce053bd23d18", "trending_score": "0.0", "price": 5650.0, "discounted_price": 5650.0, "currency": "HKD", "product_code": "AUV649", "affinity_score": 0.0, "brand": "UMA WANG ", "store": "v_lane_crawford", "streamoid_urls": null}, {"title": "Zippered Sleeveless Hoodie", "gender": "men", "category": "t-shirts", "color": "khaki khaki khaki khaki khaki khaki khaki khaki khaki khaki", "product_url": "https://www.forever21.in/p/zippered-sleeveless-hoodie-323186.html", "thumbnail_url": ["http://d1q9qhpdr6ehzh.cloudfront.net/80d20d7ba8ee20fe21bb366b77860fda"], "chatbot_image": "https://forever21.imgix.net/img/app/product/3/323186-1602808-large.jpg,https://forever21.imgix.net/img/app/product/3/323186-1602809-large.jpg,https://forever21.imgix.net/img/app/product/3/323186-1602811-large.jpg,https://forever21.imgix.net/img/app/product/3/323186-1602807.jpg", "unique_id": "b85789dd0ef0420394a57d606c9aa77a", "trending_score": "0.0", "price": 1399.0, "discounted_price": 980.0, "currency": "INR", "product_code": "323186", "affinity_score": 0.0, "brand": "forever21", "store": "v_forever21", "streamoid_urls": null}, {"title": "'Est. 1917' logo print oversized T-shirt", "gender": "men", "category": "t-shirts", "color": "navy navy navy navy navy navy navy navy navy navy", "product_url": "https://www.lanecrawford.com/pdp/ARB029", "thumbnail_url": ["http://d1q9qhpdr6ehzh.cloudfront.net/3982136a0a31aeab5548e01de72cf365"], "chatbot_image": "http://media.lanecrawford.com/A/R/B/ARB029_in_xl.jpg,http://media.lanecrawford.com/A/R/B/ARB029_bk_xl.jpg,http://media.lanecrawford.com/A/R/B/ARB029_4_xl.jpg,http://media.lanecrawford.com/A/R/B/ARB029_ro_xl.jpg", "unique_id": "2450667c6ecb4ad780190e0f23631ca8", "trending_score": "0.0", "price": 4700.0, "discounted_price": 3290.0, "currency": "HKD", "product_code": "ARB029", "affinity_score": 0.0, "brand": "BALENCIAGA", "store": "v_lane_crawford", "streamoid_urls": null}, {"title": "Bird print cotton T-shirt", "gender": "men", "category": "t-shirts", "color": "off-white off-white off-white off-white off-white off-white light gray light gray light gray light gray", "product_url": "https://www.lanecrawford.com/pdp/AUR989", "thumbnail_url": ["http://d1q9qhpdr6ehzh.cloudfront.net/ad307cd27acd924fe6cd15739adef247"], "chatbot_image": "http://media.lanecrawford.com/A/U/R/AUR989_in_xl.jpg,http://media.lanecrawford.com/A/U/R/AUR989_bk_xl.jpg,http://media.lanecrawford.com/A/U/R/AUR989_4_xl.jpg,http://media.lanecrawford.com/A/U/R/AUR989_ro_xl.jpg", "unique_id": "0a0d219c0295461f889bb419a4e4ce6f", "trending_score": "0.0", "price": 2050.0, "discounted_price": 2050.0, "currency": "HKD", "product_code": "AUR989", "affinity_score": 0.0, "brand": "CORNERSTONE", "store": "v_lane_crawford", "streamoid_urls": null}, {"title": "'Sun' T-shirt", "gender": "men", "category": "t-shirts", "color": "olive olive olive olive olive olive olive olive olive olive", "product_url": "https://www.lanecrawford.com/pdp/AUR941", "thumbnail_url": ["http://d1q9qhpdr6ehzh.cloudfront.net/04f258701fb55dea72e5a97df0885ba4"], "chatbot_image": "http://media.lanecrawford.com/A/U/R/AUR941_in_xl.jpg,http://media.lanecrawford.com/A/U/R/AUR941_bk_xl.jpg,http://media.lanecrawford.com/A/U/R/AUR941_4_xl.jpg,http://media.lanecrawford.com/A/U/R/AUR941_ro_xl.jpg", "unique_id": "4e6384aabfb44cefa76d17bf8ae9d4ac", "trending_score": "0.0", "price": 600.0, "discounted_price": 600.0, "currency": "HKD", "product_code": "AUR941", "affinity_score": 0.0, "brand": "DENHAM", "store": "v_lane_crawford", "streamoid_urls": null}, {"title": "Faux Suede Cap-Sleeve Hoodie", "gender": "men", "category": "t-shirts", "color": "light-gray light-gray light-gray light-gray light-gray light-gray light gray light gray light gray light gray", "product_url": "https://www.forever21.in/p/faux-suede-cap-sleeve-hoodie-324278.html", "thumbnail_url": ["http://d1q9qhpdr6ehzh.cloudfront.net/b31107ceeaf1a79a83f2cdccb3b5119a"], "chatbot_image": "https://forever21.imgix.net/img/app/product/3/324278-1522305-large.jpg,https://forever21.imgix.net/img/app/product/3/324278-1522306-large.jpg,https://forever21.imgix.net/img/app/product/3/324278-1522307-large.jpg,https://forever21.imgix.net/img/app/product/3/324278-1522308-large.jpg,https://forever21.imgix.net/img/app/product/3/324278-1522309-large.jpg,https://forever21.imgix.net/img/app/product/3/324278-1522304.jpg", "unique_id": "98d8122af52f40788b2a37fc86f92081", "trending_score": "0.0", "price": 1599.0, "discounted_price": 1599.0, "currency": "INR", "product_code": "324278", "affinity_score": 0.0, "brand": "forever21", "store": "v_forever21", "streamoid_urls": null}, {"title": "Tie-dye effect T-shirt", "gender": "men", "category": "t-shirts", "color": "white white white white white white off white off white off white off white", "product_url": "https://www.lanecrawford.com.cn/pdp/AUG076", "thumbnail_url": ["http://d1q9qhpdr6ehzh.cloudfront.net/dd2815703503c8084cab5a4d710c1bec"], "chatbot_image": "http://media.lanecrawford.com.cn/A/U/G/AUG076_in_xl.jpg,http://media.lanecrawford.com.cn/A/U/G/AUG076_bk_xl.jpg,http://media.lanecrawford.com.cn/A/U/G/AUG076_4_xl.jpg,http://media.lanecrawford.com.cn/A/U/G/AUG076_ro_xl.jpg", "unique_id": "38bf0694966446e6802493cebe77d2eb", "trending_score": "0.0", "price": 1600.0, "discounted_price": 800.0, "currency": "RMB", "product_code": "AUG076", "affinity_score": 0.0, "brand": "DRIES VAN NOTEN", "store": "v_lane_crawford", "streamoid_urls": null}, {"title": "Longline Pocket Tee", "gender": "men", "category": "t-shirts", "color": "white white white white white white white white white white", "product_url": "https://www.forever21.in/p/longline-pocket-tee-324412.html", "thumbnail_url": ["http://d1q9qhpdr6ehzh.cloudfront.net/c82066f8c3c63c8a1f32b45f5f6cc5cb"], "chatbot_image": "https://forever21.imgix.net/img/app/product/3/324412-1522710-large.jpg,https://forever21.imgix.net/img/app/product/3/324412-1522711-large.jpg,https://forever21.imgix.net/img/app/product/3/324412-1522712-large.jpg,https://forever21.imgix.net/img/app/product/3/324412-1522713-large.jpg,https://forever21.imgix.net/img/app/product/3/324412-1522714-large.jpg,https://forever21.imgix.net/img/app/product/3/324412-1522709.jpg", "unique_id": "fb45189bb73c406cbf6abbfe8b29ffb7", "trending_score": "0.0", "price": 949.0, "discounted_price": 949.0, "currency": "INR", "product_code": "324412", "affinity_score": 0.0, "brand": "forever21", "store": "v_forever21", "streamoid_urls": null}, {"title": "'ACG' logo print T-shirt", "gender": "men", "category": "t-shirts", "color": "off-white off-white off-white off-white off-white off-white off white off white off white off white", "product_url": "https://www.lanecrawford.com/pdp/AUO361", "thumbnail_url": ["http://d1q9qhpdr6ehzh.cloudfront.net/d934369a69282cf42e18a29c08ed226d"], "chatbot_image": "http://media.lanecrawford.com/A/U/O/AUO361_in_xl.jpg,http://media.lanecrawford.com/A/U/O/AUO361_bk_xl.jpg,http://media.lanecrawford.com/A/U/O/AUO361_ro_xl.jpg", "unique_id": "0ba113e69b1a4649ba74ea5815cf7fd9", "trending_score": "0.0", "price": 299.0, "discounted_price": 299.0, "currency": "HKD", "product_code": "AUO361", "affinity_score": 0.0, "brand": "NIKELAB", "store": "v_lane_crawford", "streamoid_urls": null}, {"title": "Logo embroidered T-shirt", "gender": "men", "category": "t-shirts", "color": "mustard mustard mustard mustard mustard mustard camel camel camel camel", "product_url": "https://www.lanecrawford.com/pdp/BKK012", "thumbnail_url": ["http://d1q9qhpdr6ehzh.cloudfront.net/53dcd78dc9efdff69631edd6d98420a3"], "chatbot_image": "http://media.lanecrawford.com/B/K/K/BKK012_in_xl.jpg,http://media.lanecrawford.com/B/K/K/BKK012_bk_xl.jpg,http://media.lanecrawford.com/B/K/K/BKK012_4_xl.jpg,http://media.lanecrawford.com/B/K/K/BKK012_ro_xl.jpg", "unique_id": "4a9ec8c944eb4350bac9ee8e426543c5", "trending_score": "0.0", "price": 2900.0, "discounted_price": 2900.0, "currency": "HKD", "product_code": "BKK012", "affinity_score": 0.0, "brand": "BOTTEGA VENETA", "store": "v_lane_crawford", "streamoid_urls": null}, {"title": "'BB' logo print oversized turtleneck sweatshirt", "gender": "men", "category": "t-shirts", "color": "black black black black black black charcoal gray charcoal gray charcoal gray charcoal gray", "product_url": "https://www.lanecrawford.com/pdp/ARB037", "thumbnail_url": ["http://d1q9qhpdr6ehzh.cloudfront.net/730635fa587741291f389c477d839a40"], "chatbot_image": "http://media.lanecrawford.com/A/R/B/ARB037_in_xl.jpg,http://media.lanecrawford.com/A/R/B/ARB037_bk_xl.jpg,http://media.lanecrawford.com/A/R/B/ARB037_4_xl.jpg,http://media.lanecrawford.com/A/R/B/ARB037_ro_xl.jpg", "unique_id": "28880f3e891e4959af1b89fe26c052e2", "trending_score": "0.0", "price": 5200.0, "discounted_price": 5200.0, "currency": "HKD", "product_code": "ARB037", "affinity_score": 0.0, "brand": "BALENCIAGA", "store": "v_lane_crawford", "streamoid_urls": null}, {"title": "Short Sleeve Zip-Pocket Hoodie", "gender": "men", "category": "t-shirts", "color": "black black black black black black charcoal gray charcoal gray charcoal gray charcoal gray", "product_url": "https://www.forever21.in/p/short-sleeve-zip-pocket-hoodie-323813.html", "thumbnail_url": ["http://d1q9qhpdr6ehzh.cloudfront.net/8f8443d22d7f2d2ff2a2cf7e32510b14"], "chatbot_image": "https://forever21.imgix.net/img/app/product/3/323813-1639070-large.jpg,https://forever21.imgix.net/img/app/product/3/323813-1639071-large.jpg,https://forever21.imgix.net/img/app/product/3/323813-1639072-large.jpg,https://forever21.imgix.net/img/app/product/3/323813-1639073-large.jpg,https://forever21.imgix.net/img/app/product/3/323813-1639074-large.jpg,https://forever21.imgix.net/img/app/product/3/323813-1639069.jpg", "unique_id": "b7a93944dbe7406c944aeba36785d8c8", "trending_score": "0.0", "price": 1599.0, "discounted_price": 1599.0, "currency": "INR", "product_code": "323813", "affinity_score": 0.0, "brand": "forever21", "store": "v_forever21", "streamoid_urls": null}, {"title": "GG logo embroidered stripe long sleeve polo shirt", "gender": "men", "category": "t-shirts", "color": "red red red red red red post box red post box red post box red post box red", "product_url": "https://www.lanecrawford.com/pdp/AUK709", "thumbnail_url": ["http://d1q9qhpdr6ehzh.cloudfront.net/8842a67bcdfa64911eaafff70fa66c72"], "chatbot_image": "http://media.lanecrawford.com/A/U/K/AUK709_in_xl.jpg,http://media.lanecrawford.com/A/U/K/AUK709_bk_xl.jpg,http://media.lanecrawford.com/A/U/K/AUK709_4_xl.jpg,http://media.lanecrawford.com/A/U/K/AUK709_ro_xl.jpg", "unique_id": "53363614e00c4a75b9744a4811df1297", "trending_score": "0.0", "price": 7600.0, "discounted_price": 7600.0, "currency": "HKD", "product_code": "AUK709", "affinity_score": 0.0, "brand": "GUCCI", "store": "v_lane_crawford", "streamoid_urls": null}, {"title": "'Sapporo' logo print T-shirt", "gender": "men", "category": "t-shirts", "color": "black black black black black black charcoal gray charcoal gray charcoal gray charcoal gray", "product_url": "https://www.lanecrawford.com/pdp/AUR936", "thumbnail_url": ["http://d1q9qhpdr6ehzh.cloudfront.net/8c341ee55d0e6bbdcdd0cd4a18b1e0c4"], "chatbot_image": "http://media.lanecrawford.com/A/U/R/AUR936_in_xl.jpg,http://media.lanecrawford.com/A/U/R/AUR936_bk_xl.jpg,http://media.lanecrawford.com/A/U/R/AUR936_4_xl.jpg,http://media.lanecrawford.com/A/U/R/AUR936_ro_xl.jpg", "unique_id": "499ff22f23af4dcbb799e00c89451437", "trending_score": "0.0", "price": 500.0, "discounted_price": 500.0, "currency": "HKD", "product_code": "AUR936", "affinity_score": 0.0, "brand": "DENHAM", "store": "v_lane_crawford", "streamoid_urls": null}, {"title": "'BB' logo print oversized T-shirt", "gender": "men", "category": "t-shirts", "color": "navy navy navy navy navy navy navy navy navy navy", "product_url": "https://www.lanecrawford.com/pdp/ARB039", "thumbnail_url": ["http://d1q9qhpdr6ehzh.cloudfront.net/1834dd7e014a064bef1c2c551b88b32a"], "chatbot_image": "http://media.lanecrawford.com/A/R/B/ARB039_in_xl.jpg,http://media.lanecrawford.com/A/R/B/ARB039_bk_xl.jpg,http://media.lanecrawford.com/A/R/B/ARB039_4_xl.jpg,http://media.lanecrawford.com/A/R/B/ARB039_ro_xl.jpg", "unique_id": "0f280d7a496a4f909b8af3cf623c2699", "trending_score": "0.0", "price": 4700.0, "discounted_price": 4700.0, "currency": "HKD", "product_code": "ARB039", "affinity_score": 0.0, "brand": "BALENCIAGA", "store": "v_lane_crawford", "streamoid_urls": null}], "debug": {"qrm": "", "query_without_qrm": "oversized tshirts", "solr_query": "( ( ( (alias:\"oversized\") ) OR ( (meta_fit:\"loose\")^10 ) OR ( (meta_type:\"oversized\")^10 ) ) AND ( ( (meta_comprehensive_category:\"t-shirts\") ) ) )^1 ", "graph": [[[{"alias": ["oversized"], "fit": ["loose^10"], "type": ["oversized^10"]}, {"category": ["t-shirts"]}]]], "query_without_stopwords": "", "spell_corrected_query": "", "filter": [], "explicit_text": null, "fq": ["availability:1"]}, "numFound": 50, "facets": {"Collar Type": {}, "Ethnicity": {"western": 50}, "Fastening": {"unknown": 40, "none": 8, "drawstring_at_back": 2, "drawstring_at_front": 2, "zip_at_anywhere": 1}, "Fit": {"loose": 50}, "Hemline Length": {"hip": 43, "mid-thigh": 4, "below-hip": 1, "upper-thigh": 1, "waist": 1}, "Material": {"unknown": 48, "mesh": 1, "terry": 1}, "Neck Type": {}, "Primary Fibre": {"cotton": 25, "unknown": 24, "wool": 1}, "Print Type": {"solid": 20, "other-graphic": 18, "graphic": 5, "other-stripes": 3, "branding": 2, "colour-block": 1, "other-floral": 1}, "Shoulder Type": {"regular": 30, "dropped": 16, "extended": 4}, "Silhouette": {"unknown": 50}, "Sleeve Length": {"half": 36, "full": 9, "elbow": 2, "cap": 1, "short": 1, "three-fourth": 1}, "Treatment": {"ripped": 38, "unknown": 7, "none": 5}, "Type": {"round-neck": 41, "hooded": 3, "raglan": 3, "high-neck": 1, "polo": 1, "rugby": 1}, "Color": {"white": 12, "black": 9, "off-white": 3, "khaki": 2, "light-blue": 2, "light-gray": 2, "mauve": 2, "navy": 2, "red": 2, "yellow": 2, "beige": 1, "blue": 1, "brown": 1, "gray": 1, "lavender": 1, "maroon": 1, "mustard": 1, "olive": 1, "orange": 1, "pink": 1, "silver": 1, "turquoise": 1}, "Neck Shape": {"round": 44, "none": 6}, "Neck Style": {"crew": 32, "basic": 11, "hood": 3, "polo": 2, "pussy-bow": 1, "turtle": 1}, "gender": {"women": 35, "men": 15}, "category": {"t-shirts": 50}, "occasion type": {"everyday": 50}, "Workindustry": {}, "Age": {}, "neck": {}, "arms": {}, "waist": {}, "stomach": {}, "shoulder": {}, "brand": {"forever21": 12, "BALENCIAGA": 5, "GUCCI": 5, "3.1 PHILLIP LIM": 2, "BURBERRY": 2, "DENHAM": 2, "SACAI": 2, "ALEXANDER WANG": 1, "ALEXANDERWANG.T": 1, "BOTTEGA VENETA": 1, "CORNERSTONE": 1, "DRIES VAN NOTEN": 1, "EXTREME CASHMERE": 1, "JIL SANDER": 1, "MIU MIU": 1, "NIKELAB": 1, "NINETY PERCENT": 1, "P.E NATION": 1, "PUMA": 1, "R13": 1, "RAG & BONE/JEAN": 1, "STELLA MCCARTNEY": 1, "TOGA ARCHIVES": 1, "UMA WANG ": 1, "VALENTINO": 1, "VETEMENTS": 1, "VICTORIA, VICTORIA BECKHAM": 1}, "sub_brand": {"forever21": 12}, "Department": {"regular": 50}, "activity": {"college-look": 49, "airport-look": 45, "adventure-holiday": 24, "errands": 24, "lounging": 24, "work-from-home": 23, "unknown": 1}}, "isFashionQuery": true, "spell_corrected_query": "", "query_without_stopwords": "", "final_query": "", "message": ""}