{"products": [{"title": "Ruffled detail sleeveless dress", "gender": "women", "category": "dresses", "color": "black black black black black black black black black black", "product_url": "https://www.lanecrawford.com/pdp/AWJ787", "thumbnail_url": ["http://d1q9qhpdr6ehzh.cloudfront.net/4dc4cf5b020c968ccf7cb2fb50e542b8"], "chatbot_image": "http://media.lanecrawford.com/A/W/J/AWJ787_in_xl.jpg,http://media.lanecrawford.com/A/W/J/AWJ787_bk_xl.jpg,http://media.lanecrawford.com/A/W/J/AWJ787_4_xl.jpg,http://media.lanecrawford.com/A/W/J/AWJ787_ro_xl.jpg", "unique_id": "4eabb51f6c9743118d0117b69ed62d1f", "trending_score": "0.0", "price": 15700.0, "discounted_price": 15700.0, "currency": "HKD", "product_code": "AWJ787", "affinity_score": 0.0, "brand": "ALEXANDER MCQUEEN", "store": "v_lane_crawford", "streamoid_urls": null}, {"title": "'Glimmer' sequin embroidered ruffle dress", "gender": "women", "category": "dresses", "color": "silver silver silver silver silver silver silver silver silver silver", "product_url": "https://www.lanecrawford.com/pdp/AUR624", "thumbnail_url": ["http://d1q9qhpdr6ehzh.cloudfront.net/3587e8f733d328732f8fe275cb2c291f"], "chatbot_image": "http://media.lanecrawford.com/A/U/R/AUR624_in_xl.jpg,http://media.lanecrawford.com/A/U/R/AUR624_bk_xl.jpg,http://media.lanecrawford.com/A/U/R/AUR624_4_xl.jpg,http://media.lanecrawford.com/A/U/R/AUR624_ro_xl.jpg", "unique_id": "097721485d374476b1c93b306383be4f", "trending_score": "0.0", "price": 3600.0, "discounted_price": 3600.0, "currency": "HKD", "product_code": "AUR624", "affinity_score": 0.0, "brand": "NEEDLE & THREAD", "store": "v_lane_crawford", "streamoid_urls": null}, {"title": "'Claude' sequin panel halterneck silk chiffon dress", "gender": "women", "category": "dresses", "color": "navy navy navy navy navy navy black black black black", "product_url": "https://www.lanecrawford.com/pdp/AQL573", "thumbnail_url": ["http://d1q9qhpdr6ehzh.cloudfront.net/9a112d7cc06b4ef591171e41bd131bab"], "chatbot_image": "http://media.lanecrawford.com/A/Q/L/AQL573_in_xl.jpg,http://media.lanecrawford.com/A/Q/L/AQL573_bk_xl.jpg,http://media.lanecrawford.com/A/Q/L/AQL573_4_xl.jpg,http://media.lanecrawford.com/A/Q/L/AQL573_ro_xl.jpg", "unique_id": "2b1cb29d0df74586a52a5949302614a6", "trending_score": "0.0", "price": 10500.0, "discounted_price": 4200.0, "currency": "HKD", "product_code": "AQL573", "affinity_score": 0.0, "brand": "TIBI", "store": "v_lane_crawford", "streamoid_urls": null}, {"title": "Floral embroidered guipure lace midi dress", "gender": "women", "category": "dresses", "color": "silver silver silver silver silver silver silver silver silver khaki", "product_url": "https://www.lanecrawford.com/pdp/AUU080", "thumbnail_url": ["http://d1q9qhpdr6ehzh.cloudfront.net/0cb1ed3a6798e29620bff0ac00871c14"], "chatbot_image": "http://media.lanecrawford.com/A/U/U/AUU080_in_xl.jpg,http://media.lanecrawford.com/A/U/U/AUU080_bk_xl.jpg,http://media.lanecrawford.com/A/U/U/AUU080_4_xl.jpg,http://media.lanecrawford.com/A/U/U/AUU080_ro_xl.jpg", "unique_id": "04603e8b534944ebacac5219c4e5d206", "trending_score": "0.0", "price": 3600.0, "discounted_price": 3600.0, "currency": "HKD", "product_code": "AUU080", "affinity_score": 0.0, "brand": "SELF-PORTRAIT", "store": "v_lane_crawford", "streamoid_urls": null}, {"title": "'Paula' one shoulder dress", "gender": "women", "category": "dresses", "color": "black black black black black black charcoal gray charcoal gray charcoal gray charcoal gray", "product_url": "https://www.lanecrawford.com/pdp/ARL223", "thumbnail_url": ["http://d1q9qhpdr6ehzh.cloudfront.net/07f3f87799240c1bf883e0a24e5ddf78"], "chatbot_image": "http://media.lanecrawford.com/A/R/L/ARL223_in_xl.jpg,http://media.lanecrawford.com/A/R/L/ARL223_bk_xl.jpg,http://media.lanecrawford.com/A/R/L/ARL223_4_xl.jpg,http://media.lanecrawford.com/A/R/L/ARL223_ro_xl.jpg", "unique_id": "51c4826884d6489db64fb15b3b453ab1", "trending_score": "0.0", "price": 1900.0, "discounted_price": 760.0, "currency": "HKD", "product_code": "ARL223", "affinity_score": 0.0, "brand": "STAUD", "store": "v_lane_crawford", "streamoid_urls": null}, {"title": "'Super Eight' flutter mini dress", "gender": "women", "category": "dresses", "color": "off-white off-white off-white off-white off-white off-white light gray light gray light gray light gray", "product_url": "https://www.lanecrawford.com/pdp/AUY311", "thumbnail_url": ["http://d1q9qhpdr6ehzh.cloudfront.net/9321d9019eaea9253739af37c965fb0e"], "chatbot_image": "http://media.lanecrawford.com/A/U/Y/AUY311_in_xl.jpg,http://media.lanecrawford.com/A/U/Y/AUY311_bk_xl.jpg,http://media.lanecrawford.com/A/U/Y/AUY311_4_xl.jpg,http://media.lanecrawford.com/A/U/Y/AUY311_ro_xl.jpg", "unique_id": "40bf2ed253494feea48e5cf5efb09acb", "trending_score": "0.0", "price": 13800.0, "discounted_price": 13800.0, "currency": "HKD", "product_code": "AUY311", "affinity_score": 0.0, "brand": "ZIMMERMANN", "store": "v_lane_crawford", "streamoid_urls": null}, {"title": "'Blaze' colourblock sequin dress", "gender": "women", "category": "dresses", "color": "purple purple purple purple purple purple violet violet purple", "product_url": "https://www.lanecrawford.com/pdp/ARO977", "thumbnail_url": ["http://d1q9qhpdr6ehzh.cloudfront.net/74ad15a7f26d97fcb8e810fec5a4ae4d"], "chatbot_image": "http://media.lanecrawford.com/A/R/O/ARO977_in_xl.jpg,http://media.lanecrawford.com/A/R/O/ARO977_bk_xl.jpg,http://media.lanecrawford.com/A/R/O/ARO977_4_xl.jpg,http://media.lanecrawford.com/A/R/O/ARO977_ro_xl.jpg", "unique_id": "40c5ffcf8e8240d58a671e6b4f69efef", "trending_score": "0.0", "price": 4990.0, "discounted_price": 1996.0, "currency": "HKD", "product_code": "ARO977", "affinity_score": 0.0, "brand": "ALICE + OLIVIA", "store": "v_lane_crawford", "streamoid_urls": null}, {"title": "'Minnie' slip dress", "gender": "women", "category": "dresses", "color": "light-gray light-gray light-gray light-gray light-gray light-gray light gray light gray light gray light gray", "product_url": "https://www.lanecrawford.com/pdp/ARL225", "thumbnail_url": ["http://d1q9qhpdr6ehzh.cloudfront.net/1d010cc22b78fb058a1e88117567e09b"], "chatbot_image": "http://media.lanecrawford.com/A/R/L/ARL225_in_xl.jpg,http://media.lanecrawford.com/A/R/L/ARL225_bk_xl.jpg,http://media.lanecrawford.com/A/R/L/ARL225_4_xl.jpg,http://media.lanecrawford.com/A/R/L/ARL225_ro_xl.jpg", "unique_id": "4f5b94f4360f405cb38931c2396f5104", "trending_score": "0.0", "price": 1800.0, "discounted_price": 720.0, "currency": "HKD", "product_code": "ARL225", "affinity_score": 0.0, "brand": "STAUD", "store": "v_lane_crawford", "streamoid_urls": null}, {"title": "Puff sleeve ruffle lace dress", "gender": "women", "category": "dresses", "color": "navy navy navy navy navy navy navy navy navy navy", "product_url": "https://www.lanecrawford.com/pdp/ARL402", "thumbnail_url": ["http://d1q9qhpdr6ehzh.cloudfront.net/9269382194fa92c14db3a528736977b1"], "chatbot_image": "http://media.lanecrawford.com/A/R/L/ARL402_in_xl.jpg,http://media.lanecrawford.com/A/R/L/ARL402_bk_xl.jpg,http://media.lanecrawford.com/A/R/L/ARL402_4_xl.jpg,http://media.lanecrawford.com/A/R/L/ARL402_ro_xl.jpg", "unique_id": "3cac8fc2ee0a46b7b11d3531e8c7c13c", "trending_score": "0.0", "price": 3400.0, "discounted_price": 1360.0, "currency": "HKD", "product_code": "ARL402", "affinity_score": 0.0, "brand": "SELF-PORTRAIT", "store": "v_lane_crawford", "streamoid_urls": null}, {"title": "'Snowdrop' sequin embellished embroidered dress", "gender": "women", "category": "dresses", "color": "beige beige beige beige beige beige beige beige beige beige", "product_url": "https://www.lanecrawford.com/pdp/AUR554", "thumbnail_url": ["http://d1q9qhpdr6ehzh.cloudfront.net/87b335bed25bfdb07a2ea654261d81c3"], "chatbot_image": "http://media.lanecrawford.com/A/U/R/AUR554_in_xl.jpg,http://media.lanecrawford.com/A/U/R/AUR554_bk_xl.jpg,http://media.lanecrawford.com/A/U/R/AUR554_4_xl.jpg,http://media.lanecrawford.com/A/U/R/AUR554_ro_xl.jpg", "unique_id": "186543023ec0493889271d6ca6d83a85", "trending_score": "0.0", "price": 5100.0, "discounted_price": 5100.0, "currency": "HKD", "product_code": "AUR554", "affinity_score": 0.0, "brand": "NEEDLE & THREAD", "store": "v_lane_crawford", "streamoid_urls": null}, {"title": "'Keep it together' sheer panel shirt dress", "gender": "women", "category": "dresses", "color": "olive olive olive olive olive olive olive olive olive chocolate", "product_url": "https://www.lanecrawford.com/pdp/AUQ488", "thumbnail_url": ["http://d1q9qhpdr6ehzh.cloudfront.net/3210b3ff38dbc9bbc37f7e2ebcaa565e"], "chatbot_image": "http://media.lanecrawford.com/A/U/Q/AUQ488_in_xl.jpg,http://media.lanecrawford.com/A/U/Q/AUQ488_bk_xl.jpg,http://media.lanecrawford.com/A/U/Q/AUQ488_4_xl.jpg,http://media.lanecrawford.com/A/U/Q/AUQ488_ro_xl.jpg", "unique_id": "4bff8d5cea4748c192a69bf77735567d", "trending_score": "0.0", "price": 6800.0, "discounted_price": 6800.0, "currency": "HKD", "product_code": "AUQ488", "affinity_score": 0.0, "brand": "MAGGIE MARILYN", "store": "v_lane_crawford", "streamoid_urls": null}, {"title": "'Aguacero' sequin peter pan collar mini dress", "gender": "women", "category": "dresses", "color": "white white white white white white light gray light gray light gray light gray", "product_url": "https://www.lanecrawford.com/pdp/AUO276", "thumbnail_url": ["http://d1q9qhpdr6ehzh.cloudfront.net/e8d08e0816e10c138d5208a5caed7569"], "chatbot_image": "http://media.lanecrawford.com/A/U/O/AUO276_in_xl.jpg,http://media.lanecrawford.com/A/U/O/AUO276_bk_xl.jpg,http://media.lanecrawford.com/A/U/O/AUO276_4_xl.jpg,http://media.lanecrawford.com/A/U/O/AUO276_ro_xl.jpg", "unique_id": "04c29fbb2fb447699a9f793549910777", "trending_score": "0.0", "price": 7900.0, "discounted_price": 7900.0, "currency": "HKD", "product_code": "AUO276", "affinity_score": 0.0, "brand": "LEAL DACCARETT", "store": "v_lane_crawford", "streamoid_urls": null}, {"title": "'Super Eight' butterfly lace mini dress", "gender": "women", "category": "dresses", "color": "light-gray light-gray light-gray light-gray light-gray light-gray light gray light gray light gray silver", "product_url": "https://www.lanecrawford.com/pdp/AUY324", "thumbnail_url": ["http://d1q9qhpdr6ehzh.cloudfront.net/ae7edbc374e1da11dc4d152e3763424a"], "chatbot_image": "http://media.lanecrawford.com/A/U/Y/AUY324_in_xl.jpg,http://media.lanecrawford.com/A/U/Y/AUY324_bk_xl.jpg,http://media.lanecrawford.com/A/U/Y/AUY324_1_xl.jpg,http://media.lanecrawford.com/A/U/Y/AUY324_4_xl.jpg,http://media.lanecrawford.com/A/U/Y/AUY324_ro_xl.jpg", "unique_id": "4cc75004833d4c62bda59e9a0847d717", "trending_score": "0.0", "price": 18000.0, "discounted_price": 18000.0, "currency": "HKD", "product_code": "AUY324", "affinity_score": 0.0, "brand": "ZIMMERMANN", "store": "v_lane_crawford", "streamoid_urls": null}, {"title": "'Tempest' sequin embroidered dress", "gender": "women", "category": "dresses", "color": "light-gray light-gray light-gray light-gray light-gray light-gray light gray light gray light gray light gray", "product_url": "https://www.lanecrawford.com/pdp/AUR599", "thumbnail_url": ["http://d1q9qhpdr6ehzh.cloudfront.net/09802d5cd72a41c0d6183d4f67e2f0bd"], "chatbot_image": "http://media.lanecrawford.com/A/U/R/AUR599_in_xl.jpg,http://media.lanecrawford.com/A/U/R/AUR599_bk_xl.jpg,http://media.lanecrawford.com/A/U/R/AUR599_4_xl.jpg,http://media.lanecrawford.com/A/U/R/AUR599_ro_xl.jpg", "unique_id": "2461411923f1464aac6967fbb0facdcf", "trending_score": "0.0", "price": 3800.0, "discounted_price": 3800.0, "currency": "HKD", "product_code": "AUR599", "affinity_score": 0.0, "brand": "NEEDLE & THREAD", "store": "v_lane_crawford", "streamoid_urls": null}, {"title": "'Combo' contrast bodice silk georgette slip dress", "gender": "women", "category": "dresses", "color": "beige beige beige beige beige beige beige beige beige beige", "product_url": "https://www.lanecrawford.com/pdp/ARA774", "thumbnail_url": ["http://d1q9qhpdr6ehzh.cloudfront.net/a24430c6fff733330ae6ca45259e7212"], "chatbot_image": "http://media.lanecrawford.com/A/R/A/ARA774_in_xl.jpg,http://media.lanecrawford.com/A/R/A/ARA774_bk_xl.jpg,http://media.lanecrawford.com/A/R/A/ARA774_4_xl.jpg,http://media.lanecrawford.com/A/R/A/ARA774_ro_xl.jpg", "unique_id": "201bfe68ed8a40c885aa04d25c47a358", "trending_score": "0.0", "price": 5300.0, "discounted_price": 2120.0, "currency": "HKD", "product_code": "ARA774", "affinity_score": 0.0, "brand": "THEORY", "store": "v_lane_crawford", "streamoid_urls": null}, {"title": "Lace hem cross back silk satin slip dress", "gender": "women", "category": "dresses", "color": "navy navy navy navy navy navy charcoal gray charcoal gray charcoal gray charcoal gray", "product_url": "https://www.lanecrawford.com.cn/pdp/ARE033", "thumbnail_url": ["http://d1q9qhpdr6ehzh.cloudfront.net/ad4a60df59e20e0b634542079b3e840e"], "chatbot_image": "http://media.lanecrawford.com.cn/A/R/E/ARE033_in_xl.jpg,http://media.lanecrawford.com.cn/A/R/E/ARE033_bk_xl.jpg,http://media.lanecrawford.com.cn/A/R/E/ARE033_4_xl.jpg,http://media.lanecrawford.com.cn/A/R/E/ARE033_ro_xl.jpg", "unique_id": "0a4a880f46a04c94b26b48e832afd813", "trending_score": "0.0", "price": 3800.0, "discounted_price": 1140.0, "currency": "RMB", "product_code": "ARE033", "affinity_score": 0.0, "brand": "EQUIL", "store": "v_lane_crawford", "streamoid_urls": null}, {"title": "'Solitude' flared textured stripe strapless dress", "gender": "women", "category": "dresses", "color": "off-white off-white off-white off-white off-white off-white off white off white off white light gray", "product_url": "https://www.lanecrawford.com.cn/pdp/AQG888", "thumbnail_url": ["http://d1q9qhpdr6ehzh.cloudfront.net/4198395fad47e8e0a2898bdcf22810cc"], "chatbot_image": "http://media.lanecrawford.com.cn/A/Q/G/AQG888_in_xl.jpg,http://media.lanecrawford.com.cn/A/Q/G/AQG888_bk_xl.jpg,http://media.lanecrawford.com.cn/A/Q/G/AQG888_4_xl.jpg,http://media.lanecrawford.com.cn/A/Q/G/AQG888_ro_xl.jpg", "unique_id": "1fdd55bdacb24e4491fe54419cd87d74", "trending_score": "0.0", "price": 2000.0, "discounted_price": 2000.0, "currency": "RMB", "product_code": "AQG888", "affinity_score": 0.0, "brand": "C/MEO COLLECTIVE", "store": "v_lane_crawford", "streamoid_urls": null}, {"title": "'Meryl' colourblock pleated snakeskin print dress", "gender": "women", "category": "dresses", "color": "multicolor maroon maroon maroon maroon maroon maroon chocolate chocolate navy", "product_url": "https://www.lanecrawford.com.cn/pdp/ARO970", "thumbnail_url": ["http://d1q9qhpdr6ehzh.cloudfront.net/85f35d53db8a8b6434bac9c95b6c93be"], "chatbot_image": "http://media.lanecrawford.com.cn/A/R/O/ARO970_in_xl.jpg,http://media.lanecrawford.com.cn/A/R/O/ARO970_fr_xl.jpg,http://media.lanecrawford.com.cn/A/R/O/ARO970_bk_xl.jpg,http://media.lanecrawford.com.cn/A/R/O/ARO970_4_xl.jpg,http://media.lanecrawford.com.cn/A/R/O/ARO970_ro_xl.jpg", "unique_id": "287c40aed27d4fe09ffeda1ec0098d8c", "trending_score": "0.0", "price": 5190.0, "discounted_price": 2076.0, "currency": "RMB", "product_code": "ARO970", "affinity_score": 0.0, "brand": "ALICE + OLIVIA", "store": "v_lane_crawford", "streamoid_urls": null}, {"title": "'Quinta' pleated tiered dress", "gender": "women", "category": "dresses", "color": "black black black black black black black black black black", "product_url": "https://www.lanecrawford.com.cn/pdp/ARG527", "thumbnail_url": ["http://d1q9qhpdr6ehzh.cloudfront.net/9006bcb9c243faf3f3299d2747985e30"], "chatbot_image": "http://media.lanecrawford.com.cn/A/R/G/ARG527_in_xl.jpg,http://media.lanecrawford.com.cn/A/R/G/ARG527_bk_xl.jpg,http://media.lanecrawford.com.cn/A/R/G/ARG527_ro_xl.jpg", "unique_id": "2181a8cb8a4a45cbb1b45ddb5056e5d0", "trending_score": "0.0", "price": 14700.0, "discounted_price": 4410.0, "currency": "RMB", "product_code": "ARG527", "affinity_score": 0.0, "brand": "LEAL DACCARETT", "store": "v_lane_crawford", "streamoid_urls": null}, {"title": "Sequin check lace trim tiered halterneck dress", "gender": "women", "category": "dresses", "color": "navy navy navy navy navy navy black black black navy", "product_url": "https://www.lanecrawford.com/pdp/ARL406", "thumbnail_url": ["http://d1q9qhpdr6ehzh.cloudfront.net/c1be15046d26d7b47d80f6534d9efa04"], "chatbot_image": "http://media.lanecrawford.com/A/R/L/ARL406_in_xl.jpg,http://media.lanecrawford.com/A/R/L/ARL406_bk_xl.jpg,http://media.lanecrawford.com/A/R/L/ARL406_ro_xl.jpg", "unique_id": "0faf795ca24048189aa3177fa4f0de14", "trending_score": "0.0", "price": 3400.0, "discounted_price": 1360.0, "currency": "HKD", "product_code": "ARL406", "affinity_score": 0.0, "brand": "SELF-PORTRAIT", "store": "v_lane_crawford", "streamoid_urls": null}, {"title": "Belted laser cut leather shirt dress", "gender": "women", "category": "dresses", "color": "dark-brown dark-brown dark-brown dark-brown dark-brown dark-brown chocolate chocolate chocolate chocolate", "product_url": "https://www.lanecrawford.com/pdp/AQW726", "thumbnail_url": ["http://d1q9qhpdr6ehzh.cloudfront.net/571b753cffebdd37713bd9138684ed77"], "chatbot_image": "http://media.lanecrawford.com/A/Q/W/AQW726_in_xl.jpg,http://media.lanecrawford.com/A/Q/W/AQW726_bk_xl.jpg,http://media.lanecrawford.com/A/Q/W/AQW726_1_xl.jpg,http://media.lanecrawford.com/A/Q/W/AQW726_4_xl.jpg,http://media.lanecrawford.com/A/Q/W/AQW726_ro_xl.jpg", "unique_id": "0b4dd18cef8243b5960810822cb6ab4e", "trending_score": "0.0", "price": 53500.0, "discounted_price": 53500.0, "currency": "HKD", "product_code": "AQW726", "affinity_score": 0.0, "brand": "BOTTEGA VENETA", "store": "v_lane_crawford", "streamoid_urls": null}, {"title": "Floral embroidered guipure lace tiered gown", "gender": "women", "category": "dresses", "color": "silver silver silver silver silver silver gray gray gray gray", "product_url": "https://www.lanecrawford.com/pdp/AUU090", "thumbnail_url": ["http://d1q9qhpdr6ehzh.cloudfront.net/bb242f81f92c2ae78d08c196a9bc6dc2"], "chatbot_image": "http://media.lanecrawford.com/A/U/U/AUU090_in_xl.jpg,http://media.lanecrawford.com/A/U/U/AUU090_bk_xl.jpg,http://media.lanecrawford.com/A/U/U/AUU090_4_xl.jpg,http://media.lanecrawford.com/A/U/U/AUU090_ro_xl.jpg", "unique_id": "15bce346809f4270a05ee0c04933629e", "trending_score": "0.0", "price": 5400.0, "discounted_price": 5400.0, "currency": "HKD", "product_code": "AUU090", "affinity_score": 0.0, "brand": "SELF-PORTRAIT", "store": "v_lane_crawford", "streamoid_urls": null}, {"title": "Floral lace button up bishop sleeve dress", "gender": "women", "category": "dresses", "color": "black black black black black black black black black black", "product_url": "https://www.lanecrawford.com/pdp/AUJ070", "thumbnail_url": ["http://d1q9qhpdr6ehzh.cloudfront.net/a05237c75176aaaabce19d38324f3b20"], "chatbot_image": "http://media.lanecrawford.com/A/U/J/AUJ070_in_xl.jpg,http://media.lanecrawford.com/A/U/J/AUJ070_bk_xl.jpg,http://media.lanecrawford.com/A/U/J/AUJ070_4_xl.jpg,http://media.lanecrawford.com/A/U/J/AUJ070_ro_xl.jpg", "unique_id": "14705dd386c245ae96f23db7bbc4eed7", "trending_score": "0.0", "price": 33900.0, "discounted_price": 33900.0, "currency": "HKD", "product_code": "AUJ070", "affinity_score": 0.0, "brand": "GUCCI", "store": "v_lane_crawford", "streamoid_urls": null}, {"title": "dresses", "gender": "women", "category": "dresses", "color": "bronze bronze bronze bronze bronze bronze wine wine wine wine", "product_url": "https://assets.https://myntassets.com", "thumbnail_url": ["http://d1q9qhpdr6ehzh.cloudfront.net/thumbnail/af54d05be1d8809e4c5d184e432b8e48"], "chatbot_image": null, "unique_id": "76230cd4aa3c48659396a93a5697a058", "trending_score": "0.0", "price": 100.0, "discounted_price": 0.0, "currency": "INR", "product_code": "6169", "affinity_score": 0.0, "brand": "asos", "store": "v_website_demo", "streamoid_urls": null}, {"title": "'Avery' panelled mixed floral print ruffle lace trim sheer dress", "gender": "women", "category": "dresses", "color": "black black black black black black black black black black", "product_url": "https://www.lanecrawford.com/pdp/ARK514", "thumbnail_url": ["http://d1q9qhpdr6ehzh.cloudfront.net/920bb95304731d4a217cb48e5faf420b"], "chatbot_image": "http://media.lanecrawford.com/A/R/K/ARK514_in_xl.jpg,http://media.lanecrawford.com/A/R/K/ARK514_bk_xl.jpg,http://media.lanecrawford.com/A/R/K/ARK514_4_xl.jpg,http://media.lanecrawford.com/A/R/K/ARK514_ro_xl.jpg", "unique_id": "03c0f421674a49fb825a533fd9dca191", "trending_score": "0.0", "price": 3900.0, "discounted_price": 1170.0, "currency": "HKD", "product_code": "ARK514", "affinity_score": 0.0, "brand": "JONATHAN LIANG", "store": "v_lane_crawford", "streamoid_urls": null}, {"title": "'Inka' sequin mini dress", "gender": "women", "category": "dresses", "color": "multicolor gray gray gray gray gray gray charcoal gray charcoal gray slate gray", "product_url": "https://www.lanecrawford.com/pdp/BKK919", "thumbnail_url": ["http://d1q9qhpdr6ehzh.cloudfront.net/7d391724590b66b8e91dc985fb235513"], "chatbot_image": "http://media.lanecrawford.com/B/K/K/BKK919_in_xl.jpg,http://media.lanecrawford.com/B/K/K/BKK919_bk_xl.jpg,http://media.lanecrawford.com/B/K/K/BKK919_4_xl.jpg,http://media.lanecrawford.com/B/K/K/BKK919_ro_xl.jpg", "unique_id": "3653d319edda4d398e4d42de544aff5e", "trending_score": "0.0", "price": 5650.0, "discounted_price": 5650.0, "currency": "HKD", "product_code": "BKK919", "affinity_score": 0.0, "brand": "ALICE + OLIVIA", "store": "v_lane_crawford", "streamoid_urls": null}, {"title": "Sequin embellished turtleneck fishtail dress", "gender": "women", "category": "dresses", "color": "black black black black black black black black black black", "product_url": "https://www.lanecrawford.com/pdp/AUR977", "thumbnail_url": ["http://d1q9qhpdr6ehzh.cloudfront.net/b29b23ab8a394ff9229bb816be44debe"], "chatbot_image": "http://media.lanecrawford.com/A/U/R/AUR977_in_xl.jpg,http://media.lanecrawford.com/A/U/R/AUR977_bk_xl.jpg,http://media.lanecrawford.com/A/U/R/AUR977_4_xl.jpg,http://media.lanecrawford.com/A/U/R/AUR977_ro_xl.jpg", "unique_id": "2f1b8171493a458781b56e660493bf0d", "trending_score": "0.0", "price": 3400.0, "discounted_price": 3400.0, "currency": "HKD", "product_code": "AUR977", "affinity_score": 0.0, "brand": "NORMA KAMALI", "store": "v_lane_crawford", "streamoid_urls": null}, {"title": "Floral sequin embellished dress", "gender": "women", "category": "dresses", "color": "black black black black black black black black black black", "product_url": "https://www.lanecrawford.com/pdp/AUU084", "thumbnail_url": ["http://d1q9qhpdr6ehzh.cloudfront.net/14a3262c19c04ced73c65f5854ffaf24"], "chatbot_image": "http://media.lanecrawford.com/A/U/U/AUU084_in_xl.jpg,http://media.lanecrawford.com/A/U/U/AUU084_bk_xl.jpg,http://media.lanecrawford.com/A/U/U/AUU084_4_xl.jpg,http://media.lanecrawford.com/A/U/U/AUU084_ro_xl.jpg", "unique_id": "064328f5bd28401698bf3f04677f5072", "trending_score": "0.0", "price": 4800.0, "discounted_price": 4800.0, "currency": "HKD", "product_code": "AUU084", "affinity_score": 0.0, "brand": "SELF-PORTRAIT", "store": "v_lane_crawford", "streamoid_urls": null}, {"title": "Lace belted dress", "gender": "women", "category": "dresses", "color": "black black black black black black black black black black", "product_url": "https://www.lanecrawford.com/pdp/BKK839", "thumbnail_url": ["http://d1q9qhpdr6ehzh.cloudfront.net/4387ab2e803e71c0301ecfa59a04c8a0"], "chatbot_image": "http://media.lanecrawford.com/B/K/K/BKK839_in_xl.jpg,http://media.lanecrawford.com/B/K/K/BKK839_bk_xl.jpg,http://media.lanecrawford.com/B/K/K/BKK839_4_xl.jpg,http://media.lanecrawford.com/B/K/K/BKK839_ro_xl.jpg", "unique_id": "18a73338368545e193fd3e056755e3d0", "trending_score": "0.0", "price": 10000.0, "discounted_price": 10000.0, "currency": "HKD", "product_code": "BKK839", "affinity_score": 0.0, "brand": "SACAI", "store": "v_lane_crawford", "streamoid_urls": null}, {"title": "Floral embroidered sheer panel dress", "gender": "women", "category": "dresses", "color": "black black black black black black black black black black", "product_url": "https://www.lanecrawford.com.cn/pdp/ARE587", "thumbnail_url": ["http://d1q9qhpdr6ehzh.cloudfront.net/d27931a71a21ccd9a90041ca82605c42"], "chatbot_image": "http://media.lanecrawford.com.cn/A/R/E/ARE587_in_xl.jpg,http://media.lanecrawford.com.cn/A/R/E/ARE587_bk_xl.jpg,http://media.lanecrawford.com.cn/A/R/E/ARE587_4_xl.jpg,http://media.lanecrawford.com.cn/A/R/E/ARE587_ro_xl.jpg", "unique_id": "12d0e5226a9a4461867761e7635fdac7", "trending_score": "0.0", "price": 19740.0, "discounted_price": 7896.0, "currency": "RMB", "product_code": "ARE587", "affinity_score": 0.0, "brand": "AMIRI", "store": "v_lane_crawford", "streamoid_urls": null}, {"title": "Lace trim pleated metallic leopard devor\u00c3\u00a9 V-neck mini dress", "gender": "women", "category": "dresses", "color": "black black black black black black black black black black", "product_url": "https://www.lanecrawford.com.cn/pdp/ARJ174", "thumbnail_url": ["http://d1q9qhpdr6ehzh.cloudfront.net/b9509bc3f20875ab519936dc377c181a"], "chatbot_image": "http://media.lanecrawford.com.cn/A/R/J/ARJ174_in_xl.jpg,http://media.lanecrawford.com.cn/A/R/J/ARJ174_bk_xl.jpg,http://media.lanecrawford.com.cn/A/R/J/ARJ174_4_xl.jpg,http://media.lanecrawford.com.cn/A/R/J/ARJ174_ro_xl.jpg", "unique_id": "1caf559120b54c4ebd9b7aa4215869c6", "trending_score": "0.0", "price": 3400.0, "discounted_price": 1360.0, "currency": "RMB", "product_code": "ARJ174", "affinity_score": 0.0, "brand": "SELF-PORTRAIT", "store": "v_lane_crawford", "streamoid_urls": null}, {"title": "dresses", "gender": "women", "category": "dresses", "color": "black black black black black black black black black black", "product_url": "https://promgirl.com", "thumbnail_url": ["http://d1q9qhpdr6ehzh.cloudfront.net/thumbnail/fbef6460e3638ceb18ed4718765ec5e0"], "chatbot_image": null, "unique_id": "a0b760bf99774653b792ea7a2f3f1986", "trending_score": "0.0", "price": 100.0, "discounted_price": 0.0, "currency": "INR", "product_code": "6165", "affinity_score": 0.0, "brand": "asos", "store": "v_website_demo", "streamoid_urls": null}, {"title": "Feather halter neck sleeveless dress", "gender": "women", "category": "dresses", "color": "black black black black black black black black black black", "product_url": "https://www.lanecrawford.com/pdp/AUR441", "thumbnail_url": ["http://d1q9qhpdr6ehzh.cloudfront.net/bdb6118660eaf4d0169f57e93ac5991a"], "chatbot_image": "http://media.lanecrawford.com/A/U/R/AUR441_in_xl.jpg,http://media.lanecrawford.com/A/U/R/AUR441_bk_xl.jpg,http://media.lanecrawford.com/A/U/R/AUR441_4_xl.jpg,http://media.lanecrawford.com/A/U/R/AUR441_ro_xl.jpg", "unique_id": "353b9f4df3a640a59865629ec4ffda31", "trending_score": "0.0", "price": 19100.0, "discounted_price": 19100.0, "currency": "HKD", "product_code": "AUR441", "affinity_score": 0.0, "brand": "16ARLINGTON", "store": "v_lane_crawford", "streamoid_urls": null}, {"title": "Ruffle panel crepe and lace mini dress", "gender": "women", "category": "dresses", "color": "black black black black black black black black black black", "product_url": "https://www.lanecrawford.com/pdp/AUU086", "thumbnail_url": ["http://d1q9qhpdr6ehzh.cloudfront.net/eb5bdf2d1ce9c9b84cf937b9da9ac144"], "chatbot_image": "http://media.lanecrawford.com/A/U/U/AUU086_in_xl.jpg,http://media.lanecrawford.com/A/U/U/AUU086_bk_xl.jpg,http://media.lanecrawford.com/A/U/U/AUU086_4_xl.jpg,http://media.lanecrawford.com/A/U/U/AUU086_ro_xl.jpg", "unique_id": "3e069418020b44b8abd645d4c393144f", "trending_score": "0.0", "price": 3300.0, "discounted_price": 3300.0, "currency": "HKD", "product_code": "AUU086", "affinity_score": 0.0, "brand": "SELF-PORTRAIT", "store": "v_lane_crawford", "streamoid_urls": null}, {"title": "'Mona' V neck sash tie dress", "gender": "women", "category": "dresses", "color": "black black black black black black black black black black", "product_url": "https://www.lanecrawford.com/pdp/BKK921", "thumbnail_url": ["http://d1q9qhpdr6ehzh.cloudfront.net/edea7eb7302022d53906658146c345b2"], "chatbot_image": "http://media.lanecrawford.com/B/K/K/BKK921_in_xl.jpg,http://media.lanecrawford.com/B/K/K/BKK921_bk_xl.jpg,http://media.lanecrawford.com/B/K/K/BKK921_4_xl.jpg,http://media.lanecrawford.com/B/K/K/BKK921_ro_xl.jpg", "unique_id": "387fc134c64b471a9856adf47814662e", "trending_score": "0.0", "price": 3390.0, "discounted_price": 3390.0, "currency": "HKD", "product_code": "BKK921", "affinity_score": 0.0, "brand": "ALICE + OLIVIA", "store": "v_lane_crawford", "streamoid_urls": null}, {"title": "'Finley' puff ombre detail mini dress", "gender": "women", "category": "dresses", "color": "black black black black black black black black black black", "product_url": "https://www.lanecrawford.com/pdp/AUU435", "thumbnail_url": ["http://d1q9qhpdr6ehzh.cloudfront.net/59e94e687d5acbda47b05a5232452c22"], "chatbot_image": "http://media.lanecrawford.com/A/U/U/AUU435_in_xl.jpg,http://media.lanecrawford.com/A/U/U/AUU435_bk_xl.jpg,http://media.lanecrawford.com/A/U/U/AUU435_4_xl.jpg,http://media.lanecrawford.com/A/U/U/AUU435_ro_xl.jpg", "unique_id": "0c5d129aae92486ba0a7ecb7dfbc2d9b", "trending_score": "0.0", "price": 4300.0, "discounted_price": 4300.0, "currency": "HKD", "product_code": "AUU435", "affinity_score": 0.0, "brand": "SOLACE LONDON", "store": "v_lane_crawford", "streamoid_urls": null}, {"title": "'Aquatic' houndstooth check folded panel one shoulder dress", "gender": "women", "category": "dresses", "color": "navy navy navy navy navy navy charcoal gray charcoal gray charcoal gray charcoal gray", "product_url": "https://www.lanecrawford.com/pdp/ARH087", "thumbnail_url": ["http://d1q9qhpdr6ehzh.cloudfront.net/77c78fb22cf779c748f12eed075f0863"], "chatbot_image": "http://media.lanecrawford.com/A/R/H/ARH087_in_xl.jpg,http://media.lanecrawford.com/A/R/H/ARH087_bk_xl.jpg,http://media.lanecrawford.com/A/R/H/ARH087_4_xl.jpg,http://media.lanecrawford.com/A/R/H/ARH087_ro_xl.jpg", "unique_id": "0c73b6471c24459ea608af12a0746f3f", "trending_score": "0.0", "price": 11600.0, "discounted_price": 4640.0, "currency": "HKD", "product_code": "ARH087", "affinity_score": 0.0, "brand": "MATICEVSKI", "store": "v_lane_crawford", "streamoid_urls": null}, {"title": "Sheer knit ruffle midi dress", "gender": "women", "category": "dresses", "color": "black black black black black black black black black black", "product_url": "https://www.lanecrawford.com/pdp/AWJ788", "thumbnail_url": ["http://d1q9qhpdr6ehzh.cloudfront.net/869587782b1263787ea0b5f56c2da05f"], "chatbot_image": "http://media.lanecrawford.com/A/W/J/AWJ788_in_xl.jpg,http://media.lanecrawford.com/A/W/J/AWJ788_bk_xl.jpg,http://media.lanecrawford.com/A/W/J/AWJ788_4_xl.jpg,http://media.lanecrawford.com/A/W/J/AWJ788_ro_xl.jpg", "unique_id": "10c1e8a453fb4d07a1c7752d00575dee", "trending_score": "0.0", "price": 24700.0, "discounted_price": 24700.0, "currency": "HKD", "product_code": "AWJ788", "affinity_score": 0.0, "brand": "ALEXANDER MCQUEEN", "store": "v_lane_crawford", "streamoid_urls": null}, {"title": "Bow halterneck open back wrinkled dress", "gender": "women", "category": "dresses", "color": "black black black black black black black black black black", "product_url": "https://www.lanecrawford.com/pdp/AOW595", "thumbnail_url": ["http://d1q9qhpdr6ehzh.cloudfront.net/020b069de3969661e97368706e7bc7d4"], "chatbot_image": "http://media.lanecrawford.com/A/O/W/AOW595_in_xl.jpg,http://media.lanecrawford.com/A/O/W/AOW595_bk_xl.jpg,http://media.lanecrawford.com/A/O/W/AOW595_4_xl.jpg,http://media.lanecrawford.com/A/O/W/AOW595_ro_xl.jpg", "unique_id": "3d131bd43e054e6db57c91ece433ee44", "trending_score": "0.0", "price": 15400.0, "discounted_price": 15400.0, "currency": "HKD", "product_code": "AOW595", "affinity_score": 0.0, "brand": "MIU MIU", "store": "v_lane_crawford", "streamoid_urls": null}, {"title": "Salvari Lace Dress", "gender": "women", "category": "dresses", "color": null, "product_url": "https://www.bonmarche.co.uk/dresses/salvari-lace-dress-431465.html?dwvar_431465_color=07&cgid=womens-dresses", "thumbnail_url": ["http://d1q9qhpdr6ehzh.cloudfront.net/e5c2b94f4bc2c0d835e0deed5acb9116"], "chatbot_image": "https://www.bonmarche.co.uk/dw/image/v2/BBCZ_PRD/on/demandware.static/-/Sites-master-catalog-bonmarche/default/dwbb892bec/zoom/43/43146507_alt1.jpg?sw=500,https://www.bonmarche.co.uk/dw/image/v2/BBCZ_PRD/on/demandware.static/-/Sites-master-catalog-bonmarche/default/dw8d5b6d16/zoom/43/43146507_alt3.jpg?sw=500,https://www.bonmarche.co.uk/dw/image/v2/BBCZ_PRD/on/demandware.static/-/Sites-master-catalog-bonmarche/default/dw5ec77e1b/zoom/43/43146507_alt2.jpg?sw=500", "unique_id": "4611930d438243a3b6cb7a41616635ba", "trending_score": "0.0", "price": 38.0, "discounted_price": 0.0, "currency": "GBP", "product_code": "4611930d438243a3b6cb7a41616635ba", "affinity_score": 0.0, "brand": "v_bonmarche_uk_usc", "store": "v_bonmarche_uk_usc", "streamoid_urls": null}, {"title": "'Lara' midi dress", "gender": "women", "category": "dresses", "color": "black black black black black black black black black black", "product_url": "https://www.lanecrawford.com/pdp/ARL224", "thumbnail_url": ["http://d1q9qhpdr6ehzh.cloudfront.net/795cd48328a9ba840f6c334de36dd10f"], "chatbot_image": "http://media.lanecrawford.com/A/R/L/ARL224_in_xl.jpg,http://media.lanecrawford.com/A/R/L/ARL224_bk_xl.jpg,http://media.lanecrawford.com/A/R/L/ARL224_4_xl.jpg,http://media.lanecrawford.com/A/R/L/ARL224_ro_xl.jpg", "unique_id": "498237d5ff9b41feacc8c1e0e7ef1025", "trending_score": "0.0", "price": 2300.0, "discounted_price": 920.0, "currency": "HKD", "product_code": "ARL224", "affinity_score": 0.0, "brand": "STAUD", "store": "v_lane_crawford", "streamoid_urls": null}, {"title": "\u00e2\u0080\u009cLustre\u00e2\u0080\u0099 short sleeve crewneck midi dress", "gender": "women", "category": "dresses", "color": "charcoal-gray charcoal-gray charcoal-gray charcoal-gray charcoal-gray charcoal-gray black black black black", "product_url": "https://www.lanecrawford.com/pdp/BKJ482", "thumbnail_url": ["http://d1q9qhpdr6ehzh.cloudfront.net/d1ed74e5de5eed5101fda4048813847d"], "chatbot_image": "http://media.lanecrawford.com/B/K/J/BKJ482_in_xl.jpg,http://media.lanecrawford.com/B/K/J/BKJ482_bk_xl.jpg,http://media.lanecrawford.com/B/K/J/BKJ482_4_xl.jpg,http://media.lanecrawford.com/B/K/J/BKJ482_ro_xl.jpg", "unique_id": "492bad12a38248e8bb8cfaeda6138a93", "trending_score": "0.0", "price": 1700.0, "discounted_price": 1700.0, "currency": "HKD", "product_code": "BKJ482", "affinity_score": 0.0, "brand": "C/MEO COLLECTIVE", "store": "v_lane_crawford", "streamoid_urls": null}], "debug": {"qrm": "", "query_without_qrm": "party dresses", "solr_query": "( ( ( (meta_occasion_type:\"party\") ) ) AND ( ( (meta_comprehensive_category:\"dresses\") ) ) )^1 ", "graph": [[[{"occasion_type": ["party"], "vendor_occasion": ["party"]}, {"category": ["dresses"]}]]], "query_without_stopwords": "", "spell_corrected_query": "", "filter": [], "explicit_text": null, "fq": ["availability:1"]}, "numFound": 42, "facets": {"Collar Type": {}, "Ethnicity": {"western": 42}, "Fastening": {"unknown": 39, "none": 2, "buckle_at_waist": 1}, "Fit": {"unknown": 39, "loose": 1}, "Hemline Length": {"mid-thigh": 19, "midcalf": 7, "knee": 5, "above-knee": 3, "above-ankle": 2, "ankle": 2, "below-knee": 2, "full-length": 2}, "Material": {"unknown": 24, "lace": 11, "chiffon": 1, "crepe": 1, "georgette": 1, "houndstooth": 1, "leather": 1}, "Neck Type": {}, "Primary Fibre": {"unknown": 34, "silk": 3, "cotton": 1, "linen": 1, "nylon": 1}, "Print Type": {"solid": 27, "colour-block": 8, "other-floral": 4, "abstract": 2, "other-stripes": 1}, "Shoulder Type": {"regular": 27, "bare": 5, "spaghetti-straps": 4, "extended": 3, "one": 3}, "Silhouette": {"straight": 20, "a-line": 8, "fit-and-flare": 6, "sheath": 4, "balloon": 1, "balloon-and-straight": 1, "trapeze": 1, "trumpet": 1}, "Sleeve Length": {"half": 13, "full": 12, "sleeveless": 12, "three-fourth": 3, "cap": 2}, "Treatment": {"ripped": 39, "twisted": 1}, "Type": {"lace": 9, "sheath": 4, "midi": 3, "shirt": 3, "slip": 3, "unknown": 3, "halter": 2, "sheer": 2, "a-line": 1, "asymmetric": 1, "blouson": 1, "bodycon": 1, "coat": 1, "fit-and-flare": 1, "gown": 1, "layered": 1, "mini": 1, "one-shoulder": 1, "shift": 1, "strapless": 1, "tiered": 1}, "Color": {"black": 19, "navy": 5, "light-gray": 3, "silver": 3, "beige": 2, "off-white": 2, "bronze": 1, "charcoal-gray": 1, "dark-brown": 1, "gray": 1, "maroon": 1, "olive": 1, "purple": 1, "white": 1}, "Neck Shape": {"round": 20, "v": 12, "none": 5, "straight": 3, "unknown": 2}, "Neck Style": {"basic": 17, "mock": 8, "asymmetric": 4, "halter": 2, "shirt-collar": 2, "spread": 2, "sweetheart": 2, "boat": 1, "peter-pan": 1, "shawl": 1, "surplice": 1, "turtle": 1}, "gender": {"women": 42}, "category": {"dresses": 42}, "occasion type": {"party": 42}, "Workindustry": {}, "Age": {}, "neck": {}, "arms": {}, "waist": {}, "stomach": {}, "shoulder": {}, "brand": {"SELF-PORTRAIT": 7, "ALICE + OLIVIA": 4, "NEEDLE & THREAD": 3, "STAUD": 3, "ALEXANDER MCQUEEN": 2, "C/MEO COLLECTIVE": 2, "LEAL DACCARETT": 2, "ZIMMERMANN": 2, "asos": 2, "16ARLINGTON": 1, "AMIRI": 1, "BOTTEGA VENETA": 1, "EQUIL": 1, "GUCCI": 1, "JONATHAN LIANG": 1, "MAGGIE MARILYN": 1, "MATICEVSKI": 1, "MIU MIU": 1, "NORMA KAMALI": 1, "SACAI": 1, "SOLACE LONDON": 1, "THEORY": 1, "TIBI": 1, "v_bonmarche_uk_usc": 1}, "sub_brand": {}, "Department": {"regular": 40, "plus-size": 2}, "activity": {"dinner-party": 38, "cocktail-party": 34, "wedding": 14, "clubbing": 11, "concert": 11, "unknown": 3}}, "isFashionQuery": true, "spell_corrected_query": "", "query_without_stopwords": "", "final_query": "", "message": ""}