{"products": [{"title": "Metallic Twist-Front Headband", "gender": "women", "category": "hair-accessories", "color": "multicolor white white white white white white powder blue powder blue powder blue", "product_url": "https://www.forever21.in/p/metallic-twist-front-headband-323857.html", "thumbnail_url": ["http://d1q9qhpdr6ehzh.cloudfront.net/4db2974d0e4479a73d55f6eef0d6035d"], "chatbot_image": "https://forever21.imgix.net/img/app/product/3/323857-1625134-large.jpg,https://forever21.imgix.net/img/app/product/3/323857-1625135-large.jpg,https://forever21.imgix.net/img/app/product/3/323857-1625133.jpg", "unique_id": "4a9624c8629441c78a8a0b0768368414", "trending_score": "0.0", "price": 299.0, "discounted_price": 299.0, "currency": "INR", "product_code": "323857", "affinity_score": 0.0, "brand": "forever21", "store": "v_forever21", "streamoid_urls": null}, {"title": "Twist-Front Headwrap", "gender": "women", "category": "hair-accessories", "color": "gold gold gold gold gold gold champagne champagne champagne gray", "product_url": "https://www.forever21.in/p/twist-front-headwrap-324316.html", "thumbnail_url": ["http://d1q9qhpdr6ehzh.cloudfront.net/d1840454488961230e8cae31f3f73932"], "chatbot_image": "https://forever21.imgix.net/img/app/product/3/324316-1635267-large.jpg,https://forever21.imgix.net/img/app/product/3/324316-1635268-large.jpg,https://forever21.imgix.net/img/app/product/3/324316-1635266.jpg", "unique_id": "099fbce6d6454c4b9f6eb6a685ca87c9", "trending_score": "0.0", "price": 249.0, "discounted_price": 249.0, "currency": "INR", "product_code": "324316", "affinity_score": 0.0, "brand": "forever21", "store": "v_forever21", "streamoid_urls": null}, {"title": "Large Bow Hair Barrette", "gender": "women", "category": "hair-accessories", "color": "green green green green green green seaweed seaweed seaweed seaweed", "product_url": "https://www.forever21.in/p/large-bow-hair-barrette-323809.html", "thumbnail_url": ["http://d1q9qhpdr6ehzh.cloudfront.net/d92649b7eb3482ca80200f064a5a2630"], "chatbot_image": "https://forever21.imgix.net/img/app/product/3/323809-1625131-large.jpg,https://forever21.imgix.net/img/app/product/3/323809-1625132-large.jpg,https://forever21.imgix.net/img/app/product/3/323809-1625130.jpg", "unique_id": "c07988abf3e7414fa701bdafd48e98c4", "trending_score": "0.0", "price": 199.0, "discounted_price": 199.0, "currency": "INR", "product_code": "323809", "affinity_score": 0.0, "brand": "forever21", "store": "v_forever21", "streamoid_urls": null}, {"title": "Glitter Cat Ear Headband", "gender": "women", "category": "hair-accessories", "color": "gray gray gray gray gray gray white white white white", "product_url": "https://www.forever21.in/p/glitter-cat-ear-headband-323628.html", "thumbnail_url": ["http://d1q9qhpdr6ehzh.cloudfront.net/f2d63753119bb755d664dbef13004373"], "chatbot_image": "https://forever21.imgix.net/img/app/product/3/323628-1633311-large.jpg,https://forever21.imgix.net/img/app/product/3/323628-1633312-large.jpg,https://forever21.imgix.net/img/app/product/3/323628-1633313-large.jpg,https://forever21.imgix.net/img/app/product/3/323628-1633310.jpg", "unique_id": "0c64c6f9478047b4bdee4efeb5ca685f", "trending_score": "0.0", "price": 349.0, "discounted_price": 349.0, "currency": "INR", "product_code": "323628", "affinity_score": 0.0, "brand": "forever21", "store": "v_forever21", "streamoid_urls": null}, {"title": "Star Bobby Pin Set", "gender": "women", "category": "hair-accessories", "color": "silver silver silver silver silver silver white white white white", "product_url": "https://www.forever21.in/p/star-bobby-pin-set-323051.html", "thumbnail_url": ["http://d1q9qhpdr6ehzh.cloudfront.net/78bd3f43efdfc99b4af96c2bdfa76b87"], "chatbot_image": "https://forever21.imgix.net/img/app/product/3/323051-1608343-large.jpg,https://forever21.imgix.net/img/app/product/3/323051-1608344-large.jpg,https://forever21.imgix.net/img/app/product/3/323051-1608342.jpg", "unique_id": "a289962b892b4b15a9395ac9197b3c8c", "trending_score": "0.0", "price": 199.0, "discounted_price": 199.0, "currency": "INR", "product_code": "323051", "affinity_score": 0.0, "brand": "forever21", "store": "v_forever21", "streamoid_urls": null}, {"title": "Rose Hair Clip", "gender": "women", "category": "hair-accessories", "color": "gold gold gold gold gold gold champagne champagne champagne charcoal gray", "product_url": "https://www.forever21.in/p/rose-hair-clip-324139.html", "thumbnail_url": ["http://d1q9qhpdr6ehzh.cloudfront.net/4c00f54e59a99ed94a6d1a2563051e89"], "chatbot_image": "https://forever21.imgix.net/img/app/product/3/324139-1633351-large.jpg,https://forever21.imgix.net/img/app/product/3/324139-1633352-large.jpg,https://forever21.imgix.net/img/app/product/3/324139-1633353-large.jpg,https://forever21.imgix.net/img/app/product/3/324139-1633350.jpg", "unique_id": "7ee36789284b4aab9533da495cd45a73", "trending_score": "0.0", "price": 199.0, "discounted_price": 199.0, "currency": "INR", "product_code": "324139", "affinity_score": 0.0, "brand": "forever21", "store": "v_forever21", "streamoid_urls": null}, {"title": "Twist-Front Headband", "gender": "women", "category": "hair-accessories", "color": "black black black black black black black black black black", "product_url": "https://www.forever21.in/p/twist-front-headband-323275.html", "thumbnail_url": ["http://d1q9qhpdr6ehzh.cloudfront.net/54c9b462b7a9dd8312d36032363aad17"], "chatbot_image": "https://forever21.imgix.net/img/app/product/3/323275-1519164-large.jpg,https://forever21.imgix.net/img/app/product/3/323275-1519163.jpg", "unique_id": "29c4dc0e1a614d36a42410e28bc8d823", "trending_score": "0.0", "price": 349.0, "discounted_price": 140.0, "currency": "INR", "product_code": "323275", "affinity_score": 0.0, "brand": "forever21", "store": "v_forever21", "streamoid_urls": null}, {"title": "'Flash' glass crystal barette", "gender": "women", "category": "hair-accessories", "color": "light-gray light-gray light-gray light-gray light-gray light-gray white white white white", "product_url": "https://www.lanecrawford.com.cn/pdp/AUQ101", "thumbnail_url": ["http://d1q9qhpdr6ehzh.cloudfront.net/a99c9a29eab82331d069611e6c718b77"], "chatbot_image": "http://media.lanecrawford.com.cn/A/U/Q/AUQ101_in_xl.jpg,http://media.lanecrawford.com.cn/A/U/Q/AUQ101_1_xl.jpg,http://media.lanecrawford.com.cn/A/U/Q/AUQ101_ro_xl.jpg", "unique_id": "103faf1ad646440e9583f2c8987c6bf5", "trending_score": "1617494400.0.00934143", "price": 1560.0, "discounted_price": 780.0, "currency": "RMB", "product_code": "AUQ101", "affinity_score": 0.0, "brand": "ISABEL MARANT", "store": "v_lane_crawford", "streamoid_urls": null}, {"title": "Glitter Cat Ear Headband", "gender": "women", "category": "hair-accessories", "color": "lavender lavender lavender lavender lavender lavender mauve mauve mauve mauve", "product_url": "https://www.forever21.in/p/glitter-cat-ear-headband-322975.html", "thumbnail_url": ["http://d1q9qhpdr6ehzh.cloudfront.net/b378231380ce0511d5cf42ba429b5c06"], "chatbot_image": "https://forever21.imgix.net/img/app/product/3/322975-1625055-large.jpg,https://forever21.imgix.net/img/app/product/3/322975-1625056-large.jpg,https://forever21.imgix.net/img/app/product/3/322975-1625057-large.jpg,https://forever21.imgix.net/img/app/product/3/322975-1625058-large.jpg,https://forever21.imgix.net/img/app/product/3/322975-1625054.jpg", "unique_id": "48bbc126f1a747d0b1ebbbdc49273e72", "trending_score": "0.0", "price": 399.0, "discounted_price": 399.0, "currency": "INR", "product_code": "322975", "affinity_score": 0.0, "brand": "forever21", "store": "v_forever21", "streamoid_urls": null}, {"title": "Large Bow Hair Barrette", "gender": "women", "category": "hair-accessories", "color": "pink pink pink pink pink pink baby pink baby pink baby pink baby pink", "product_url": "https://www.forever21.in/p/large-bow-hair-barrette-323762.html", "thumbnail_url": ["http://d1q9qhpdr6ehzh.cloudfront.net/47c801edb92d34d60e55a0c134caa4ea"], "chatbot_image": "https://forever21.imgix.net/img/app/product/3/323762-1625127-large.jpg,https://forever21.imgix.net/img/app/product/3/323762-1625128-large.jpg,https://forever21.imgix.net/img/app/product/3/323762-1625129-large.jpg,https://forever21.imgix.net/img/app/product/3/323762-1625126.jpg", "unique_id": "27196e1e966240cfa27b2abe9d08de82", "trending_score": "0.0", "price": 199.0, "discounted_price": 199.0, "currency": "INR", "product_code": "323762", "affinity_score": 0.0, "brand": "forever21", "store": "v_forever21", "streamoid_urls": null}, {"title": "Twist-Front Headwrap", "gender": "women", "category": "hair-accessories", "color": "orange orange orange orange orange orange rust rust rust white", "product_url": "https://www.forever21.in/p/twist-front-headwrap-323228.html", "thumbnail_url": ["http://d1q9qhpdr6ehzh.cloudfront.net/07ccea69ccf72199a0e88e5b6192844b"], "chatbot_image": "https://forever21.imgix.net/img/app/product/3/323228-1519019-large.jpg,https://forever21.imgix.net/img/app/product/3/323228-1519018.jpg", "unique_id": "0bdcee0ec82241c4b4844543a6dccc6c", "trending_score": "0.0", "price": 349.0, "discounted_price": 349.0, "currency": "INR", "product_code": "323228", "affinity_score": 0.0, "brand": "forever21", "store": "v_forever21", "streamoid_urls": null}, {"title": "Floral Charm Headband", "gender": "women", "category": "hair-accessories", "color": "cream cream cream cream cream cream baby pink baby pink baby pink pearl", "product_url": "https://www.forever21.in/p/floral-charm-headband-323535.html", "thumbnail_url": ["http://d1q9qhpdr6ehzh.cloudfront.net/16d0199287e990a1f0cbd5cbfec4a5c7"], "chatbot_image": "https://forever21.imgix.net/img/app/product/3/323535-1633305-large.jpg,https://forever21.imgix.net/img/app/product/3/323535-1633306-large.jpg,https://forever21.imgix.net/img/app/product/3/323535-1633307-large.jpg,https://forever21.imgix.net/img/app/product/3/323535-1633304.jpg", "unique_id": "15fe96b634234de7abd49605ff675ba8", "trending_score": "0.0", "price": 399.0, "discounted_price": 399.0, "currency": "INR", "product_code": "323535", "affinity_score": 0.0, "brand": "forever21", "store": "v_forever21", "streamoid_urls": null}, {"title": "Orchid Headband", "gender": "women", "category": "hair-accessories", "color": "pink pink pink pink pink pink pink pink pink pink", "product_url": "https://www.forever21.in/p/orchid-headband-323670.html", "thumbnail_url": ["http://d1q9qhpdr6ehzh.cloudfront.net/d2454122d0d7ab9a1fa94468574756e8"], "chatbot_image": "https://forever21.imgix.net/img/app/product/3/323670-1625120-large.jpg,https://forever21.imgix.net/img/app/product/3/323670-1625121-large.jpg,https://forever21.imgix.net/img/app/product/3/323670-1625122-large.jpg,https://forever21.imgix.net/img/app/product/3/323670-1625119.jpg", "unique_id": "ba73e0c51d0f47b9ad431685e956217b", "trending_score": "0.0", "price": 299.0, "discounted_price": 299.0, "currency": "INR", "product_code": "323670", "affinity_score": 0.0, "brand": "forever21", "store": "v_forever21", "streamoid_urls": null}, {"title": "Tie-Dye Scrunchie Set", "gender": "women", "category": "hair-accessories", "color": "lime-green lime-green lime-green lime-green lime-green lime-green white white white white", "product_url": "https://www.forever21.in/p/tie-dye-scrunchie-set-324046.html", "thumbnail_url": ["http://d1q9qhpdr6ehzh.cloudfront.net/87591c2528a3759ecefd730ab2989a8f"], "chatbot_image": "https://forever21.imgix.net/img/app/product/3/324046-1633345-large.jpg,https://forever21.imgix.net/img/app/product/3/324046-1633346-large.jpg,https://forever21.imgix.net/img/app/product/3/324046-1633344.jpg", "unique_id": "d0be7b5efb17436d9f71910f2125af74", "trending_score": "0.0", "price": 349.0, "discounted_price": 349.0, "currency": "INR", "product_code": "324046", "affinity_score": 0.0, "brand": "forever21", "store": "v_forever21", "streamoid_urls": null}, {"title": "Tie-Dye Scrunchie Set", "gender": "women", "category": "hair-accessories", "color": "white white white white white white white white white white", "product_url": "https://www.forever21.in/p/tie-dye-scrunchie-set-323999.html", "thumbnail_url": ["http://d1q9qhpdr6ehzh.cloudfront.net/17d3f16df77b627aca38a33a9be50740"], "chatbot_image": "https://forever21.imgix.net/img/app/product/3/323999-1633342-large.jpg,https://forever21.imgix.net/img/app/product/3/323999-1633343-large.jpg,https://forever21.imgix.net/img/app/product/3/323999-1633341.jpg", "unique_id": "e086a8211ad74dc6b66f4e437893c2e1", "trending_score": "0.0", "price": 349.0, "discounted_price": 349.0, "currency": "INR", "product_code": "323999", "affinity_score": 0.0, "brand": "forever21", "store": "v_forever21", "streamoid_urls": null}, {"title": "Metallic Twist-Front Headband", "gender": "women", "category": "hair-accessories", "color": "pink pink pink pink pink pink pearl pearl pearl baby pink", "product_url": "https://www.forever21.in/p/metallic-twist-front-headband-323904.html", "thumbnail_url": ["http://d1q9qhpdr6ehzh.cloudfront.net/5b2460a66de7ecb8a6512b23452d4c77"], "chatbot_image": "https://forever21.imgix.net/img/app/product/3/323904-1625137-large.jpg,https://forever21.imgix.net/img/app/product/3/323904-1625138-large.jpg,https://forever21.imgix.net/img/app/product/3/323904-1625136.jpg", "unique_id": "96c8e4339494472a8f1e5613a4f272d1", "trending_score": "0.0", "price": 299.0, "discounted_price": 150.0, "currency": "INR", "product_code": "323904", "affinity_score": 0.0, "brand": "forever21", "store": "v_forever21", "streamoid_urls": null}, {"title": "Hair Tie and Bobby Pin Set", "gender": "women", "category": "hair-accessories", "color": "pink pink pink pink pink pink baby pink baby pink baby pink baby pink", "product_url": "https://www.forever21.in/p/hair-tie-and-bobby-pin-set-323909.html", "thumbnail_url": ["http://d1q9qhpdr6ehzh.cloudfront.net/4d291a92f8cbfa132c0bc4770ade11d5"], "chatbot_image": "https://forever21.imgix.net/img/app/product/3/323909-1633337-large.jpg,https://forever21.imgix.net/img/app/product/3/323909-1633338-large.jpg,https://forever21.imgix.net/img/app/product/3/323909-1633336.jpg", "unique_id": "024661c6ec504097879f2fdc020efd18", "trending_score": "0.0", "price": 299.0, "discounted_price": 299.0, "currency": "INR", "product_code": "323909", "affinity_score": 0.0, "brand": "forever21", "store": "v_forever21", "streamoid_urls": null}, {"title": "Reindeer headband", "gender": "women", "category": "hair-accessories", "color": "khaki khaki khaki khaki khaki khaki white white white white", "product_url": "https://www.lanecrawford.com/pdp/ARR936", "thumbnail_url": ["http://d1q9qhpdr6ehzh.cloudfront.net/739c649dabad6b91b536dd2a61fcadbc"], "chatbot_image": "http://media.lanecrawford.com/A/R/R/ARR936_in_xl.jpg", "unique_id": "1e53c7e0c67a481aa8190438463528b4", "trending_score": "0.0", "price": 130.0, "discounted_price": 39.0, "currency": "HKD", "product_code": "ARR936", "affinity_score": 0.0, "brand": "MERI MERI", "store": "v_lane_crawford", "streamoid_urls": null}, {"title": "Crushed Velvet Scrunchie", "gender": "women", "category": "hair-accessories", "color": "black black black black black black black black black black", "product_url": "https://www.forever21.in/p/crushed-velvet-scrunchie-323562.html", "thumbnail_url": ["http://d1q9qhpdr6ehzh.cloudfront.net/082b642d2fc9ac718554143bcc800b5a"], "chatbot_image": "https://forever21.imgix.net/img/app/product/3/323562-1608388-large.jpg,https://forever21.imgix.net/img/app/product/3/323562-1608389-large.jpg,https://forever21.imgix.net/img/app/product/3/323562-1608390-large.jpg,https://forever21.imgix.net/img/app/product/3/323562-1608387.jpg", "unique_id": "05a509a893884e15b337bc0d124529ec", "trending_score": "0.0", "price": 199.0, "discounted_price": 199.0, "currency": "INR", "product_code": "323562", "affinity_score": 0.0, "brand": "forever21", "store": "v_forever21", "streamoid_urls": null}, {"title": "Striped Bow-Tie Hair Clip", "gender": "women", "category": "hair-accessories", "color": "black black black black black black black black black black", "product_url": "https://www.forever21.in/p/striped-bow-tie-hair-clip-323089.html", "thumbnail_url": ["http://d1q9qhpdr6ehzh.cloudfront.net/aa4b60ab4dfd83f439b55ceb5401e684"], "chatbot_image": "https://forever21.imgix.net/img/app/product/3/323089-1518587-large.jpg,https://forever21.imgix.net/img/app/product/3/323089-1518586.jpg", "unique_id": "afa469ab07214074a16a199a04922c67", "trending_score": "0.0", "price": 199.0, "discounted_price": 199.0, "currency": "INR", "product_code": "323089", "affinity_score": 0.0, "brand": "forever21", "store": "v_forever21", "streamoid_urls": null}, {"title": "Iridescent Sheer Scrunchie", "gender": "women", "category": "hair-accessories", "color": "pink pink pink pink pink pink white white white white", "product_url": "https://www.forever21.in/p/iridescent-sheer-scrunchie-324088.html", "thumbnail_url": ["http://d1q9qhpdr6ehzh.cloudfront.net/b48668fdcfe3aa393d318ae999eec67b"], "chatbot_image": "https://forever21.imgix.net/img/app/product/3/324088-1625154-large.jpg,https://forever21.imgix.net/img/app/product/3/324088-1625155-large.jpg,https://forever21.imgix.net/img/app/product/3/324088-1625153.jpg", "unique_id": "549c5a8c4f8047f9842751dfd8871406", "trending_score": "0.0", "price": 199.0, "discounted_price": 199.0, "currency": "INR", "product_code": "324088", "affinity_score": 0.0, "brand": "forever21", "store": "v_forever21", "streamoid_urls": null}, {"title": "Ribbed Chenille Headwrap", "gender": "women", "category": "hair-accessories", "color": "mustard mustard mustard mustard mustard mustard white white white white", "product_url": "https://www.forever21.in/p/ribbed-chenille-headwrap-322940.html", "thumbnail_url": ["http://d1q9qhpdr6ehzh.cloudfront.net/b6f3800bcb33b79ae407d74b9906c49f"], "chatbot_image": "https://forever21.imgix.net/img/app/product/3/322940-1518104-large.jpg,https://forever21.imgix.net/img/app/product/3/322940-1518105-large.jpg,https://forever21.imgix.net/img/app/product/3/322940-1518103.jpg", "unique_id": "8b8bbe96ddea4d048826f3e04ba3e665", "trending_score": "0.0", "price": 249.0, "discounted_price": 249.0, "currency": "INR", "product_code": "322940", "affinity_score": 0.0, "brand": "forever21", "store": "v_forever21", "streamoid_urls": null}, {"title": "Rhinestone Tiara Headband", "gender": "women", "category": "hair-accessories", "color": "multicolor copper copper copper copper copper copper beige beige hazelnut", "product_url": "https://www.forever21.in/p/rhinestone-tiara-headband-323516.html", "thumbnail_url": ["http://d1q9qhpdr6ehzh.cloudfront.net/7f221a22555e752ee0bf7e0a8d300b22"], "chatbot_image": "https://forever21.imgix.net/img/app/product/3/323516-1608384-large.jpg,https://forever21.imgix.net/img/app/product/3/323516-1608385-large.jpg,https://forever21.imgix.net/img/app/product/3/323516-1608386-large.jpg,https://forever21.imgix.net/img/app/product/3/323516-1608383.jpg", "unique_id": "85bb734331744bd392499174a27b9007", "trending_score": "0.0", "price": 399.0, "discounted_price": 399.0, "currency": "INR", "product_code": "323516", "affinity_score": 0.0, "brand": "forever21", "store": "v_forever21", "streamoid_urls": null}, {"title": "Twist-Front Headwrap", "gender": "women", "category": "hair-accessories", "color": "black black black black black black black black black black", "product_url": "https://www.forever21.in/p/twist-front-headwrap-324273.html", "thumbnail_url": ["http://d1q9qhpdr6ehzh.cloudfront.net/1e8d57ed35f749f1f543368b90114a59"], "chatbot_image": "https://forever21.imgix.net/img/app/product/3/324273-1635264-large.jpg,https://forever21.imgix.net/img/app/product/3/324273-1635265-large.jpg,https://forever21.imgix.net/img/app/product/3/324273-1635263.jpg", "unique_id": "4408798abab5467681067786c22b792e", "trending_score": "0.0", "price": 249.0, "discounted_price": 249.0, "currency": "INR", "product_code": "324273", "affinity_score": 0.0, "brand": "forever21", "store": "v_forever21", "streamoid_urls": null}, {"title": "Twist-Front Headwrap", "gender": "women", "category": "hair-accessories", "color": "maroon maroon maroon maroon maroon maroon crimson red crimson red crimson red crimson red", "product_url": "https://www.forever21.in/p/twist-front-headwrap-323181.html", "thumbnail_url": ["http://d1q9qhpdr6ehzh.cloudfront.net/33d2004a552e9e4ef5d36940f6ccef97"], "chatbot_image": "https://forever21.imgix.net/img/app/product/3/323181-1518870-large.jpg,https://forever21.imgix.net/img/app/product/3/323181-1518869.jpg", "unique_id": "14b689245c4e4c6c8fce090c1527447b", "trending_score": "0.0", "price": 349.0, "discounted_price": 349.0, "currency": "INR", "product_code": "323181", "affinity_score": 0.0, "brand": "forever21", "store": "v_forever21", "streamoid_urls": null}, {"title": "'Flash' glass crystal barrette", "gender": "women", "category": "hair-accessories", "color": "white white white white white white white white white white", "product_url": "https://www.lanecrawford.com/pdp/ARH458", "thumbnail_url": ["http://d1q9qhpdr6ehzh.cloudfront.net/d506abe8718ee6fce789f394062a4713"], "chatbot_image": "http://media.lanecrawford.com/A/R/H/ARH458_in_xl.jpg,http://media.lanecrawford.com/A/R/H/ARH458_1_xl.jpg,http://media.lanecrawford.com/A/R/H/ARH458_ro_xl.jpg", "unique_id": "3118b352105e446d8af952a9afb5992b", "trending_score": "0.0", "price": 1550.0, "discounted_price": 775.0, "currency": "HKD", "product_code": "ARH458", "affinity_score": 0.0, "brand": "ISABEL MARANT", "store": "v_lane_crawford", "streamoid_urls": null}, {"title": "Reversible sequin crown", "gender": "women", "category": "hair-accessories", "color": "multicolor mauve mauve mauve mauve mauve mauve white white baby pink", "product_url": "https://www.lanecrawford.com/pdp/ARR934", "thumbnail_url": ["http://d1q9qhpdr6ehzh.cloudfront.net/331c4216aecc02bc92ec07160d085a66"], "chatbot_image": "http://media.lanecrawford.com/A/R/R/ARR934_in_xl.jpg", "unique_id": "377ba34e523e44459a5955ea70d39b60", "trending_score": "0.0", "price": 180.0, "discounted_price": 54.0, "currency": "HKD", "product_code": "ARR934", "affinity_score": 0.0, "brand": "MERI MERI", "store": "v_lane_crawford", "streamoid_urls": null}, {"title": "Knotted Braid Headband", "gender": "women", "category": "hair-accessories", "color": "multicolor nude nude nude nude nude nude tan tan tan", "product_url": "https://www.forever21.in/p/knotted-braid-headband-323491.html", "thumbnail_url": ["http://d1q9qhpdr6ehzh.cloudfront.net/26a2981cf565a9489cdf2fcde8fa872d"], "chatbot_image": "https://forever21.imgix.net/img/app/product/3/323491-1635208-large.jpg,https://forever21.imgix.net/img/app/product/3/323491-1635209-large.jpg,https://forever21.imgix.net/img/app/product/3/323491-1635210-large.jpg,https://forever21.imgix.net/img/app/product/3/323491-1635207.jpg", "unique_id": "bed3ee6fe66c4e6496bc3a3e796de2e4", "trending_score": "0.0", "price": 249.0, "discounted_price": 249.0, "currency": "INR", "product_code": "323491", "affinity_score": 0.0, "brand": "forever21", "store": "v_forever21", "streamoid_urls": null}, {"title": "Butterfly Hair Clips", "gender": "women", "category": "hair-accessories", "color": "lavender lavender lavender lavender lavender lavender white white white white", "product_url": "https://www.forever21.in/p/butterfly-hair-clips-323623.html", "thumbnail_url": ["http://d1q9qhpdr6ehzh.cloudfront.net/af275520d0de057f6eb48d758babcb35"], "chatbot_image": "https://forever21.imgix.net/img/app/product/3/323623-1625117-large.jpg,https://forever21.imgix.net/img/app/product/3/323623-1625118-large.jpg,https://forever21.imgix.net/img/app/product/3/323623-1625116.jpg", "unique_id": "0d17726fbf7445a6b4fc1ba37c818e7b", "trending_score": "0.0", "price": 299.0, "discounted_price": 299.0, "currency": "INR", "product_code": "323623", "affinity_score": 0.0, "brand": "forever21", "store": "v_forever21", "streamoid_urls": null}, {"title": "Rainbow Glitter Pom Pom Headband", "gender": "women", "category": "hair-accessories", "color": "off-white off-white off-white off-white off-white off-white white white white white", "product_url": "https://www.forever21.in/p/rainbow-glitter-pom-pom-headband-323814.html", "thumbnail_url": ["http://d1q9qhpdr6ehzh.cloudfront.net/0c65977920d8a7c52118786bb037cbea"], "chatbot_image": "https://forever21.imgix.net/img/app/product/3/323814-1633329-large.jpg,https://forever21.imgix.net/img/app/product/3/323814-1633330-large.jpg,https://forever21.imgix.net/img/app/product/3/323814-1633331-large.jpg,https://forever21.imgix.net/img/app/product/3/323814-1633328.jpg", "unique_id": "5199c81e65334ed98a99467b7d251189", "trending_score": "0.0", "price": 499.0, "discounted_price": 250.0, "currency": "INR", "product_code": "323814", "affinity_score": 0.0, "brand": "forever21", "store": "v_forever21", "streamoid_urls": null}, {"title": "Large Bow Hair Barrette", "gender": "women", "category": "hair-accessories", "color": "maroon maroon maroon maroon maroon maroon crimson red crimson red crimson red crimson red", "product_url": "https://www.forever21.in/p/large-bow-hair-barrette-323717.html", "thumbnail_url": ["http://d1q9qhpdr6ehzh.cloudfront.net/4fadedcac2be0bd1187c06305b6bb355"], "chatbot_image": "https://forever21.imgix.net/img/app/product/3/323717-1625124-large.jpg,https://forever21.imgix.net/img/app/product/3/323717-1625125-large.jpg,https://forever21.imgix.net/img/app/product/3/323717-1625123.jpg", "unique_id": "5860608718d544a4aef2dc8fb9fd5c01", "trending_score": "0.0", "price": 199.0, "discounted_price": 199.0, "currency": "INR", "product_code": "323717", "affinity_score": 0.0, "brand": "forever21", "store": "v_forever21", "streamoid_urls": null}, {"title": "Fuzzy Metallic Twist-Front Headwrap", "gender": "women", "category": "hair-accessories", "color": "light-blue light-blue light-blue light-blue light-blue light-blue white white white white", "product_url": "https://www.forever21.in/p/fuzzy-metallic-twist-front-headwrap-323776.html", "thumbnail_url": ["http://d1q9qhpdr6ehzh.cloudfront.net/e72ec1f8d63cd99865f6b52886d30807"], "chatbot_image": "https://forever21.imgix.net/img/app/product/3/323776-1520716-large.jpg,https://forever21.imgix.net/img/app/product/3/323776-1520715.jpg", "unique_id": "0bd5ff5204be40fcb068adf9329beca0", "trending_score": "0.0", "price": 349.0, "discounted_price": 349.0, "currency": "INR", "product_code": "323776", "affinity_score": 0.0, "brand": "forever21", "store": "v_forever21", "streamoid_urls": null}, {"title": "Rainbow Glitter Pom Pom Headband", "gender": "women", "category": "hair-accessories", "color": "beige beige beige beige beige beige powder blue powder blue powder blue pearl", "product_url": "https://www.forever21.in/p/rainbow-glitter-pom-pom-headband-323767.html", "thumbnail_url": ["http://d1q9qhpdr6ehzh.cloudfront.net/7424d7b383ee6771be50d187a4bd6ab4"], "chatbot_image": "https://forever21.imgix.net/img/app/product/3/323767-1633324-large.jpg,https://forever21.imgix.net/img/app/product/3/323767-1633325-large.jpg,https://forever21.imgix.net/img/app/product/3/323767-1633326-large.jpg,https://forever21.imgix.net/img/app/product/3/323767-1633327-large.jpg,https://forever21.imgix.net/img/app/product/3/323767-1633323.jpg", "unique_id": "9ea12dce5a3a4b61ac54fa75e1e42236", "trending_score": "0.0", "price": 499.0, "discounted_price": 250.0, "currency": "INR", "product_code": "323767", "affinity_score": 0.0, "brand": "forever21", "store": "v_forever21", "streamoid_urls": null}, {"title": "Watermelon Hair Clip Set", "gender": "women", "category": "hair-accessories", "color": "multicolor rust rust rust rust rust rust white white parrot green", "product_url": "https://www.forever21.in/p/watermelon-hair-clip-set-323255.html", "thumbnail_url": ["http://d1q9qhpdr6ehzh.cloudfront.net/d23ad251df31ee19af2c4a14a3db5379"], "chatbot_image": "https://forever21.imgix.net/img/app/product/3/323255-1633285-large.jpg,https://forever21.imgix.net/img/app/product/3/323255-1633286-large.jpg,https://forever21.imgix.net/img/app/product/3/323255-1633287-large.jpg,https://forever21.imgix.net/img/app/product/3/323255-1633284.jpg", "unique_id": "b0e1e314b363425b9ec7eea944201ff6", "trending_score": "0.0", "price": 199.0, "discounted_price": 199.0, "currency": "INR", "product_code": "323255", "affinity_score": 0.0, "brand": "forever21", "store": "v_forever21", "streamoid_urls": null}, {"title": "Fuzzy Metallic Twist-Front Headwrap", "gender": "women", "category": "hair-accessories", "color": "mauve mauve mauve mauve mauve mauve white white white white", "product_url": "https://www.forever21.in/p/fuzzy-metallic-twist-front-headwrap-323730.html", "thumbnail_url": ["http://d1q9qhpdr6ehzh.cloudfront.net/03fc69e6d08d462ff04acd3de696d5a8"], "chatbot_image": "https://forever21.imgix.net/img/app/product/3/323730-1520577-large.jpg,https://forever21.imgix.net/img/app/product/3/323730-1520578-large.jpg,https://forever21.imgix.net/img/app/product/3/323730-1520576.jpg", "unique_id": "4cfcd5b4228043d59e7f39c66d6a36d2", "trending_score": "0.0", "price": 349.0, "discounted_price": 349.0, "currency": "INR", "product_code": "323730", "affinity_score": 0.0, "brand": "forever21", "store": "v_forever21", "streamoid_urls": null}, {"title": "Sequined Mesh Scrunchie", "gender": "women", "category": "hair-accessories", "color": "multicolor peach peach peach peach peach peach tan tan tan", "product_url": "https://www.forever21.in/p/sequined-mesh-scrunchie-323703.html", "thumbnail_url": ["http://d1q9qhpdr6ehzh.cloudfront.net/235cfe08017bfa2ca6d9b12309d5bd65"], "chatbot_image": "https://forever21.imgix.net/img/app/product/3/323703-1608400-large.jpg,https://forever21.imgix.net/img/app/product/3/323703-1608399.jpg", "unique_id": "5b8fc5b5a86e405089fcf1ab26a6818b", "trending_score": "0.0", "price": 199.0, "discounted_price": 199.0, "currency": "INR", "product_code": "323703", "affinity_score": 0.0, "brand": "forever21", "store": "v_forever21", "streamoid_urls": null}, {"title": "Crushed Velvet Scrunchie", "gender": "women", "category": "hair-accessories", "color": "multicolor charcoal-gray charcoal-gray charcoal-gray charcoal-gray charcoal-gray charcoal-gray black black black", "product_url": "https://www.forever21.in/p/crushed-velvet-scrunchie-323656.html", "thumbnail_url": ["http://d1q9qhpdr6ehzh.cloudfront.net/41691967441529a2a5b3fb24a3a773fa"], "chatbot_image": "https://forever21.imgix.net/img/app/product/3/323656-1608396-large.jpg,https://forever21.imgix.net/img/app/product/3/323656-1608397-large.jpg,https://forever21.imgix.net/img/app/product/3/323656-1608398-large.jpg,https://forever21.imgix.net/img/app/product/3/323656-1608395.jpg", "unique_id": "b69e7e3f32d7402a8b8c96a50750f073", "trending_score": "0.0", "price": 199.0, "discounted_price": 199.0, "currency": "INR", "product_code": "323656", "affinity_score": 0.0, "brand": "forever21", "store": "v_forever21", "streamoid_urls": null}, {"title": "Crushed Velvet Scrunchie", "gender": "women", "category": "hair-accessories", "color": "black black black black black black black black black black", "product_url": "https://www.forever21.in/p/crushed-velvet-scrunchie-323609.html", "thumbnail_url": ["http://d1q9qhpdr6ehzh.cloudfront.net/d1545ddf615ecaf34ac7f2ba72450d28"], "chatbot_image": "https://forever21.imgix.net/img/app/product/3/323609-1608392-large.jpg,https://forever21.imgix.net/img/app/product/3/323609-1608393-large.jpg,https://forever21.imgix.net/img/app/product/3/323609-1608394-large.jpg,https://forever21.imgix.net/img/app/product/3/323609-1608391.jpg", "unique_id": "b3b5f3ac83b34afe91424d1c71c33181", "trending_score": "0.0", "price": 199.0, "discounted_price": 199.0, "currency": "INR", "product_code": "323609", "affinity_score": 0.0, "brand": "forever21", "store": "v_forever21", "streamoid_urls": null}, {"title": "Paisley Pop Headwrap", "gender": "women", "category": "hair-accessories", "color": "blue blue blue blue blue blue white white indigo indigo", "product_url": "https://www.forever21.in/p/paisley-pop-headwrap-324047.html", "thumbnail_url": ["http://d1q9qhpdr6ehzh.cloudfront.net/c9da967845f8147d6e8c1acf59c31fe9"], "chatbot_image": "https://forever21.imgix.net/img/app/product/3/324047-1639089-large.jpg,https://forever21.imgix.net/img/app/product/3/324047-1639090-large.jpg,https://forever21.imgix.net/img/app/product/3/324047-1639088.jpg", "unique_id": "14fa1d47b660404c9634cafc60bfb64c", "trending_score": "0.0", "price": 259.0, "discounted_price": 259.0, "currency": "INR", "product_code": "324047", "affinity_score": 0.0, "brand": "forever21", "store": "v_forever21", "streamoid_urls": null}, {"title": "Glitter Cat Ear Headband", "gender": "women", "category": "hair-accessories", "color": "white white white white white white white white white white", "product_url": "https://www.forever21.in/p/glitter-cat-ear-headband-323675.html", "thumbnail_url": ["http://d1q9qhpdr6ehzh.cloudfront.net/cd4edecc3cb6570e177596098b53fef6"], "chatbot_image": "https://forever21.imgix.net/img/app/product/3/323675-1633315-large.jpg,https://forever21.imgix.net/img/app/product/3/323675-1633316-large.jpg,https://forever21.imgix.net/img/app/product/3/323675-1633317-large.jpg,https://forever21.imgix.net/img/app/product/3/323675-1633314.jpg", "unique_id": "4a2b5a8349bc4ffdb8dc0cead3c8f6db", "trending_score": "0.0", "price": 349.0, "discounted_price": 175.0, "currency": "INR", "product_code": "323675", "affinity_score": 0.0, "brand": "forever21", "store": "v_forever21", "streamoid_urls": null}, {"title": "Floral Cat Ear Headband", "gender": "women", "category": "hair-accessories", "color": "multicolor charcoal-gray charcoal-gray charcoal-gray charcoal-gray charcoal-gray charcoal-gray black black black", "product_url": "https://www.forever21.in/p/floral-cat-ear-headband-324309.html", "thumbnail_url": ["http://d1q9qhpdr6ehzh.cloudfront.net/5cf744fa3bdfc1a828489fb8b950f068"], "chatbot_image": "https://forever21.imgix.net/img/app/product/3/324309-1625184-large.jpg,https://forever21.imgix.net/img/app/product/3/324309-1625185-large.jpg,https://forever21.imgix.net/img/app/product/3/324309-1625186-large.jpg,https://forever21.imgix.net/img/app/product/3/324309-1625187-large.jpg,https://forever21.imgix.net/img/app/product/3/324309-1625183.jpg", "unique_id": "592e93799d954bf68c966187f685e236", "trending_score": "0.0", "price": 349.0, "discounted_price": 349.0, "currency": "INR", "product_code": "324309", "affinity_score": 0.0, "brand": "forever21", "store": "v_forever21", "streamoid_urls": null}, {"title": "Diamond jade 18k white gold hair pin", "gender": "women", "category": "hair-accessories", "color": "green green green green green green white white white white", "product_url": "https://www.lanecrawford.com/pdp/OIA324", "thumbnail_url": ["http://d1q9qhpdr6ehzh.cloudfront.net/cd7a68779f359982e77a00b766915570"], "chatbot_image": "http://media.lanecrawford.com/O/I/A/OIA324_in_xl.jpg,http://media.lanecrawford.com/O/I/A/OIA324_1_xl.jpg", "unique_id": "3bb0b2bc4c5e42c0b63350f889a4a0b3", "trending_score": "0.0", "price": 880000.0, "discounted_price": 880000.0, "currency": "HKD", "product_code": "OIA324", "affinity_score": 0.0, "brand": "SAMUEL KUNG", "store": "v_lane_crawford", "streamoid_urls": null}, {"title": "Fuzzy Metallic Twist-Front Headwrap", "gender": "women", "category": "hair-accessories", "color": "white white white white white white white white white white", "product_url": "https://www.forever21.in/p/fuzzy-metallic-twist-front-headwrap-323684.html", "thumbnail_url": ["http://d1q9qhpdr6ehzh.cloudfront.net/07428a85cd2be6faf9c138b09b25854a"], "chatbot_image": "https://forever21.imgix.net/img/app/product/3/323684-1520437-large.jpg,https://forever21.imgix.net/img/app/product/3/323684-1520436.jpg", "unique_id": "6134d054ffcc46bfa1e8de3870a685a5", "trending_score": "0.0", "price": 349.0, "discounted_price": 349.0, "currency": "INR", "product_code": "323684", "affinity_score": 0.0, "brand": "forever21", "store": "v_forever21", "streamoid_urls": null}, {"title": "Tie-Dye Headwrap", "gender": "women", "category": "hair-accessories", "color": "off-white off-white off-white off-white off-white off-white off white off white off white off white", "product_url": "https://www.forever21.in/p/tie-dye-headwrap-324186.html", "thumbnail_url": ["http://d1q9qhpdr6ehzh.cloudfront.net/2169c6fa4c536b6dfee9be351e0eb525"], "chatbot_image": "https://forever21.imgix.net/img/app/product/3/324186-1635255-large.jpg,https://forever21.imgix.net/img/app/product/3/324186-1635256-large.jpg,https://forever21.imgix.net/img/app/product/3/324186-1635254.jpg", "unique_id": "28850509cca949a19b29dfc6e1a28f3b", "trending_score": "0.0", "price": 199.0, "discounted_price": 199.0, "currency": "INR", "product_code": "324186", "affinity_score": 0.0, "brand": "forever21", "store": "v_forever21", "streamoid_urls": null}, {"title": "Sweet Graphic Hair Pin Set", "gender": "women", "category": "hair-accessories", "color": "unknown unknown unknown unknown unknown unknown black black black black", "product_url": "https://www.forever21.in/p/sweet-graphic-hair-pin-set-324093.html", "thumbnail_url": ["http://d1q9qhpdr6ehzh.cloudfront.net/070007247c5ae4dc8ef23ea333d428f3"], "chatbot_image": "https://forever21.imgix.net/img/app/product/3/324093-1633348-large.jpg,https://forever21.imgix.net/img/app/product/3/324093-1633349-large.jpg,https://forever21.imgix.net/img/app/product/3/324093-1633347.jpg", "unique_id": "5a8febe9c88342c7b5efca01dac26f63", "trending_score": "0.0", "price": 149.0, "discounted_price": 149.0, "currency": "INR", "product_code": "324093", "affinity_score": 0.0, "brand": "forever21", "store": "v_forever21", "streamoid_urls": null}, {"title": "XOXO Graphic Hair Pin Set", "gender": "women", "category": "hair-accessories", "color": "unknown unknown unknown unknown unknown unknown white white white white", "product_url": "https://www.forever21.in/p/xoxo-graphic-hair-pin-set-324228.html", "thumbnail_url": ["http://d1q9qhpdr6ehzh.cloudfront.net/10f7ee8f9e06d3c210f300599fa6c33f"], "chatbot_image": "https://forever21.imgix.net/img/app/product/3/324228-1633362-large.jpg,https://forever21.imgix.net/img/app/product/3/324228-1633363-large.jpg,https://forever21.imgix.net/img/app/product/3/324228-1633364-large.jpg,https://forever21.imgix.net/img/app/product/3/324228-1633361.jpg", "unique_id": "0197ac18a8c640858c23d80cbb84213d", "trending_score": "0.0", "price": 149.0, "discounted_price": 149.0, "currency": "INR", "product_code": "324228", "affinity_score": 0.0, "brand": "forever21", "store": "v_forever21", "streamoid_urls": null}, {"title": "Rose Headband", "gender": "women", "category": "hair-accessories", "color": "nude nude nude nude nude nude tan tan tan tan", "product_url": "https://www.forever21.in/p/rose-headband-323203.html", "thumbnail_url": ["http://d1q9qhpdr6ehzh.cloudfront.net/42df882077d955868a52851fc6bbe452"], "chatbot_image": "https://forever21.imgix.net/img/app/product/3/323203-1625075-large.jpg,https://forever21.imgix.net/img/app/product/3/323203-1625076-large.jpg,https://forever21.imgix.net/img/app/product/3/323203-1625077-large.jpg,https://forever21.imgix.net/img/app/product/3/323203-1625074.jpg", "unique_id": "e83aae2859ff43be92e38d219099bac9", "trending_score": "0.0", "price": 449.0, "discounted_price": 449.0, "currency": "INR", "product_code": "323203", "affinity_score": 0.0, "brand": "forever21", "store": "v_forever21", "streamoid_urls": null}, {"title": "Faux Pearl Swirl Pin Set", "gender": "women", "category": "hair-accessories", "color": "off-white off-white off-white off-white off-white off-white white white white white", "product_url": "https://www.forever21.in/p/faux-pearl-swirl-pin-set-323161.html", "thumbnail_url": ["http://d1q9qhpdr6ehzh.cloudfront.net/e9c9ddd005d9dddbe66e4fac1f5659ad"], "chatbot_image": "https://forever21.imgix.net/img/app/product/3/323161-1633276-large.jpg,https://forever21.imgix.net/img/app/product/3/323161-1633277-large.jpg,https://forever21.imgix.net/img/app/product/3/323161-1633275.jpg", "unique_id": "f6a5c9270c1d459b816ec42f86f788c6", "trending_score": "0.0", "price": 199.0, "discounted_price": 199.0, "currency": "INR", "product_code": "323161", "affinity_score": 0.0, "brand": "forever21", "store": "v_forever21", "streamoid_urls": null}, {"title": "Floral Cat Ear Headband", "gender": "women", "category": "hair-accessories", "color": "red red red red red red white white white white", "product_url": "https://www.forever21.in/p/floral-cat-ear-headband-323065.html", "thumbnail_url": ["http://d1q9qhpdr6ehzh.cloudfront.net/afe30e07bf826701915d42c3c56e6ad6"], "chatbot_image": "https://forever21.imgix.net/img/app/product/3/323065-1625064-large.jpg,https://forever21.imgix.net/img/app/product/3/323065-1625065-large.jpg,https://forever21.imgix.net/img/app/product/3/323065-1625063.jpg", "unique_id": "939609f63c254593807a004368da4961", "trending_score": "0.0", "price": 399.0, "discounted_price": 399.0, "currency": "INR", "product_code": "323065", "affinity_score": 0.0, "brand": "forever21", "store": "v_forever21", "streamoid_urls": null}, {"title": "Floral Cat Ear Headband", "gender": "women", "category": "hair-accessories", "color": "multicolor copper copper copper copper copper copper off white off white tan", "product_url": "https://www.forever21.in/p/floral-cat-ear-headband-323020.html", "thumbnail_url": ["http://d1q9qhpdr6ehzh.cloudfront.net/6b0cd72f10c451788a748afebe3f2523"], "chatbot_image": "https://forever21.imgix.net/img/app/product/3/323020-1625060-large.jpg,https://forever21.imgix.net/img/app/product/3/323020-1625061-large.jpg,https://forever21.imgix.net/img/app/product/3/323020-1625062-large.jpg,https://forever21.imgix.net/img/app/product/3/323020-1625059.jpg", "unique_id": "f76ad598e39a4376b5e49334d00c96b3", "trending_score": "0.0", "price": 399.0, "discounted_price": 160.0, "currency": "INR", "product_code": "323020", "affinity_score": 0.0, "brand": "forever21", "store": "v_forever21", "streamoid_urls": null}, {"title": "Iridescent Sheer Scrunchie", "gender": "women", "category": "hair-accessories", "color": "pink pink pink pink pink pink baby pink baby pink baby pink baby pink", "product_url": "https://www.forever21.in/p/iridescent-sheer-scrunchie-324134.html", "thumbnail_url": ["http://d1q9qhpdr6ehzh.cloudfront.net/a7594034a2878e84ab8c0b78c404307c"], "chatbot_image": "https://forever21.imgix.net/img/app/product/3/324134-1625157-large.jpg,https://forever21.imgix.net/img/app/product/3/324134-1625158-large.jpg,https://forever21.imgix.net/img/app/product/3/324134-1625156.jpg", "unique_id": "412ff4c2b9ed4f83b853c0d40851bf99", "trending_score": "0.0", "price": 199.0, "discounted_price": 199.0, "currency": "INR", "product_code": "324134", "affinity_score": 0.0, "brand": "forever21", "store": "v_forever21", "streamoid_urls": null}, {"title": "Mesh Headwrap", "gender": "women", "category": "hair-accessories", "color": "multicolor nude nude nude nude nude nude pearl pearl pearl", "product_url": "https://www.forever21.in/p/mesh-headwrap-323111.html", "thumbnail_url": ["http://d1q9qhpdr6ehzh.cloudfront.net/058f8f7fe8a5b1fcd0ebcb35dd9967d1"], "chatbot_image": "https://forever21.imgix.net/img/app/product/3/323111-1625067-large.jpg,https://forever21.imgix.net/img/app/product/3/323111-1625068-large.jpg,https://forever21.imgix.net/img/app/product/3/323111-1625069-large.jpg,https://forever21.imgix.net/img/app/product/3/323111-1625066.jpg", "unique_id": "a1ede9f5a030473c90f9fa8ea4425c99", "trending_score": "0.0", "price": 299.0, "discounted_price": 299.0, "currency": "INR", "product_code": "323111", "affinity_score": 0.0, "brand": "forever21", "store": "v_forever21", "streamoid_urls": null}, {"title": "Multi-Colored Hair Tie Set", "gender": "women", "category": "hair-accessories", "color": "multicolor pink pink pink pink pink pink baby pink baby pink peach", "product_url": "https://www.forever21.in/p/multi-colored-hair-tie-set-323100.html", "thumbnail_url": ["http://d1q9qhpdr6ehzh.cloudfront.net/cc486b887cb4045ba388886a9009f1a0"], "chatbot_image": "https://forever21.imgix.net/img/app/product/3/323100-1611958-large.jpg,https://forever21.imgix.net/img/app/product/3/323100-1611959-large.jpg,https://forever21.imgix.net/img/app/product/3/323100-1611957.jpg", "unique_id": "ea125544886f40e68840bd99234e373a", "trending_score": "0.0", "price": 99.0, "discounted_price": 99.0, "currency": "INR", "product_code": "323100", "affinity_score": 0.0, "brand": "forever21", "store": "v_forever21", "streamoid_urls": null}, {"title": "'Runway' faux pearl barrette", "gender": "women", "category": "hair-accessories", "color": "mustard mustard mustard mustard mustard mustard white white white white", "product_url": "https://www.lanecrawford.com/pdp/ARU072", "thumbnail_url": ["http://d1q9qhpdr6ehzh.cloudfront.net/8f130786a610a68c14ed5f76d0647c91"], "chatbot_image": "http://media.lanecrawford.com/A/R/U/ARU072_in_xl.jpg,http://media.lanecrawford.com/A/R/U/ARU072_1_xl.jpg,http://media.lanecrawford.com/A/R/U/ARU072_ro_xl.jpg", "unique_id": "1b56e78cbe5447e9adf2e455e643a016", "trending_score": "0.0", "price": 1990.0, "discounted_price": 995.0, "currency": "HKD", "product_code": "ARU072", "affinity_score": 0.0, "brand": "OSCAR DE LA RENTA", "store": "v_lane_crawford", "streamoid_urls": null}, {"title": "Floral Hair Pin Set", "gender": "women", "category": "hair-accessories", "color": "white white white white white white white white white white", "product_url": "https://www.forever21.in/p/floral-hair-pin-set-323116.html", "thumbnail_url": ["http://d1q9qhpdr6ehzh.cloudfront.net/ac0c63a514c9bbbaf05d4c4e560a5222"], "chatbot_image": "https://forever21.imgix.net/img/app/product/3/323116-1633273-large.jpg,https://forever21.imgix.net/img/app/product/3/323116-1633274-large.jpg,https://forever21.imgix.net/img/app/product/3/323116-1633272.jpg", "unique_id": "a30a92e3d0154404a2401a80a616794a", "trending_score": "0.0", "price": 199.0, "discounted_price": 60.0, "currency": "INR", "product_code": "323116", "affinity_score": 0.0, "brand": "forever21", "store": "v_forever21", "streamoid_urls": null}, {"title": "Twist-Front Headwrap", "gender": "women", "category": "hair-accessories", "color": "black black black black black black charcoal gray charcoal gray charcoal gray charcoal gray", "product_url": "https://www.forever21.in/p/twist-front-headwrap-323134.html", "thumbnail_url": ["http://d1q9qhpdr6ehzh.cloudfront.net/1dce3139ee981f51bf690947493f2e10"], "chatbot_image": "https://forever21.imgix.net/img/app/product/3/323134-1518722-large.jpg,https://forever21.imgix.net/img/app/product/3/323134-1518721.jpg", "unique_id": "4bf0fbe555634b6bb785213b31c9c59e", "trending_score": "0.0", "price": 349.0, "discounted_price": 349.0, "currency": "INR", "product_code": "323134", "affinity_score": 0.0, "brand": "forever21", "store": "v_forever21", "streamoid_urls": null}, {"title": "Ribbed Chenille Headwrap", "gender": "women", "category": "hair-accessories", "color": "peach peach peach peach peach peach white white white white", "product_url": "https://www.forever21.in/p/ribbed-chenille-headwrap-322988.html", "thumbnail_url": ["http://d1q9qhpdr6ehzh.cloudfront.net/8bc554e5ff0f19411672d961ffb84e86"], "chatbot_image": "https://forever21.imgix.net/img/app/product/3/322988-1518253-large.jpg,https://forever21.imgix.net/img/app/product/3/322988-1518254-large.jpg,https://forever21.imgix.net/img/app/product/3/322988-1518252.jpg", "unique_id": "bd530231529d4b228349a1b7eb3e98b2", "trending_score": "0.0", "price": 249.0, "discounted_price": 249.0, "currency": "INR", "product_code": "322988", "affinity_score": 0.0, "brand": "forever21", "store": "v_forever21", "streamoid_urls": null}, {"title": "Floral Rhinestone Hair Pin Set", "gender": "women", "category": "hair-accessories", "color": "beige beige beige beige beige beige white white white white", "product_url": "https://www.forever21.in/p/floral-rhinestone-hair-pin-set-323864.html", "thumbnail_url": ["http://d1q9qhpdr6ehzh.cloudfront.net/faf1165905d21c5bda2383af7a92a767"], "chatbot_image": "https://forever21.imgix.net/img/app/product/3/323864-1635246-large.jpg,https://forever21.imgix.net/img/app/product/3/323864-1635245.jpg", "unique_id": "f77feb16440c4802a14179f380c2c768", "trending_score": "0.0", "price": 249.0, "discounted_price": 249.0, "currency": "INR", "product_code": "323864", "affinity_score": 0.0, "brand": "forever21", "store": "v_forever21", "streamoid_urls": null}, {"title": "Floral Rhinestone Hair Pin Set", "gender": "women", "category": "hair-accessories", "color": "unknown unknown unknown unknown unknown unknown white white white white", "product_url": "https://www.forever21.in/p/floral-rhinestone-hair-pin-set-323816.html", "thumbnail_url": ["http://d1q9qhpdr6ehzh.cloudfront.net/412cd0205ef0e257bb852d5ca53f2799"], "chatbot_image": "https://forever21.imgix.net/img/app/product/3/323816-1635242-large.jpg,https://forever21.imgix.net/img/app/product/3/323816-1635243-large.jpg,https://forever21.imgix.net/img/app/product/3/323816-1635244-large.jpg,https://forever21.imgix.net/img/app/product/3/323816-1635241.jpg", "unique_id": "30efbc5e880d4b32ba46c934a4fc5b4e", "trending_score": "0.0", "price": 249.0, "discounted_price": 249.0, "currency": "INR", "product_code": "323816", "affinity_score": 0.0, "brand": "forever21", "store": "v_forever21", "streamoid_urls": null}, {"title": "Star Bobby Pin Set", "gender": "women", "category": "hair-accessories", "color": "silver silver silver silver silver silver white white white white", "product_url": "https://www.forever21.in/p/star-bobby-pin-set-323097.html", "thumbnail_url": ["http://d1q9qhpdr6ehzh.cloudfront.net/90ddb9cc2e34577110bebb488317df36"], "chatbot_image": "https://forever21.imgix.net/img/app/product/3/323097-1608346-large.jpg,https://forever21.imgix.net/img/app/product/3/323097-1608347-large.jpg,https://forever21.imgix.net/img/app/product/3/323097-1608345.jpg", "unique_id": "c880795525fa43bb9ed3413d9f767264", "trending_score": "0.0", "price": 199.0, "discounted_price": 199.0, "currency": "INR", "product_code": "323097", "affinity_score": 0.0, "brand": "forever21", "store": "v_forever21", "streamoid_urls": null}, {"title": "Rainbow Glitter Pom Pom Headband", "gender": "women", "category": "hair-accessories", "color": "peach peach peach peach peach peach white white white white", "product_url": "https://www.forever21.in/p/rainbow-glitter-pom-pom-headband-323862.html", "thumbnail_url": ["http://d1q9qhpdr6ehzh.cloudfront.net/344161573bdc56bd37aa28a407184051"], "chatbot_image": "https://forever21.imgix.net/img/app/product/3/323862-1633333-large.jpg,https://forever21.imgix.net/img/app/product/3/323862-1633334-large.jpg,https://forever21.imgix.net/img/app/product/3/323862-1633335-large.jpg,https://forever21.imgix.net/img/app/product/3/323862-1633332.jpg", "unique_id": "9695454e6fe348e5b9dba41c4545db99", "trending_score": "0.0", "price": 499.0, "discounted_price": 250.0, "currency": "INR", "product_code": "323862", "affinity_score": 0.0, "brand": "forever21", "store": "v_forever21", "streamoid_urls": null}, {"title": "Knotted Braid Headband", "gender": "women", "category": "hair-accessories", "color": "copper copper copper copper copper copper off white off white off white", "product_url": "https://www.forever21.in/p/knotted-braid-headband-323445.html", "thumbnail_url": ["http://d1q9qhpdr6ehzh.cloudfront.net/d0768308f1af5de4d2981327ca7b28ed"], "chatbot_image": "https://forever21.imgix.net/img/app/product/3/323445-1635198-large.jpg,https://forever21.imgix.net/img/app/product/3/323445-1635199-large.jpg,https://forever21.imgix.net/img/app/product/3/323445-1635200-large.jpg,https://forever21.imgix.net/img/app/product/3/323445-1635197.jpg", "unique_id": "eeaf270795934bd581672cfd8ca296a9", "trending_score": "0.0", "price": 249.0, "discounted_price": 249.0, "currency": "INR", "product_code": "323445", "affinity_score": 0.0, "brand": "forever21", "store": "v_forever21", "streamoid_urls": null}, {"title": "Floral Cluster Hair Tie", "gender": "women", "category": "hair-accessories", "color": "nude nude nude nude nude nude white white white white", "product_url": "https://www.forever21.in/p/floral-cluster-hair-tie-324267.html", "thumbnail_url": ["http://d1q9qhpdr6ehzh.cloudfront.net/04854240e668985e03e1eeff29d87b07"], "chatbot_image": "https://forever21.imgix.net/img/app/product/3/324267-1625178-large.jpg,https://forever21.imgix.net/img/app/product/3/324267-1625179-large.jpg,https://forever21.imgix.net/img/app/product/3/324267-1625180-large.jpg,https://forever21.imgix.net/img/app/product/3/324267-1625181-large.jpg,https://forever21.imgix.net/img/app/product/3/324267-1625182-large.jpg,https://forever21.imgix.net/img/app/product/3/324267-1625177.jpg", "unique_id": "6482e80520a54b8e833327298e52b0f6", "trending_score": "0.0", "price": 199.0, "discounted_price": 199.0, "currency": "INR", "product_code": "324267", "affinity_score": 0.0, "brand": "forever21", "store": "v_forever21", "streamoid_urls": null}, {"title": "Metallic Twist-Front Headband", "gender": "women", "category": "hair-accessories", "color": "multicolor pink pink pink pink pink pink mauve mauve mauve", "product_url": "https://www.forever21.in/p/metallic-twist-front-headband-323949.html", "thumbnail_url": ["http://d1q9qhpdr6ehzh.cloudfront.net/6c2cc94a1f9aa10c229480443d0d4cf1"], "chatbot_image": "https://forever21.imgix.net/img/app/product/3/323949-1625140-large.jpg,https://forever21.imgix.net/img/app/product/3/323949-1625141-large.jpg,https://forever21.imgix.net/img/app/product/3/323949-1625142-large.jpg,https://forever21.imgix.net/img/app/product/3/323949-1625139.jpg", "unique_id": "07e1ab12ea564cdd82bf25628092720d", "trending_score": "0.0", "price": 299.0, "discounted_price": 299.0, "currency": "INR", "product_code": "323949", "affinity_score": 0.0, "brand": "forever21", "store": "v_forever21", "streamoid_urls": null}, {"title": "Accordion-Pleated Bow Headwrap", "gender": "women", "category": "hair-accessories", "color": "off-white off-white off-white off-white off-white off-white off white off white off white beige", "product_url": "https://www.forever21.in/p/accordion-pleated-bow-headwrap-323397.html", "thumbnail_url": ["http://d1q9qhpdr6ehzh.cloudfront.net/94dc86e054b8339d233d7ef6dc91210a"], "chatbot_image": "https://forever21.imgix.net/img/app/product/3/323397-1635195-large.jpg,https://forever21.imgix.net/img/app/product/3/323397-1635196-large.jpg,https://forever21.imgix.net/img/app/product/3/323397-1635194.jpg", "unique_id": "6fca9f0c0bfe45049e5624e6d78e9865", "trending_score": "0.0", "price": 249.0, "discounted_price": 249.0, "currency": "INR", "product_code": "323397", "affinity_score": 0.0, "brand": "forever21", "store": "v_forever21", "streamoid_urls": null}], "debug": {"qrm": "", "query_without_qrm": "hair accessories", "solr_query": "( ( ( (meta_comprehensive_category:\"hair-accessories\") ) ) )^1 ", "graph": [[[{"category": ["hair-accessories"]}]]], "spell_corrected_query": "", "filter": [], "explicit_text": null, "fq": ["availability:1"]}, "numFound": 65, "facets": {"Ethnicity": {"unknown": 65}, "Material": {"unknown": 63, "glass": 2}, "Print Type": {"unknown": 63, "awning": 1, "other-floral": 1}, "Type": {"hair-band": 15, "twist-headband": 13, "unknown": 8, "french-barette": 7, "scrunchie": 6, "basic-headband": 5, "bobby-pin": 4, "alligator-clip": 3, "elastic-hair-tie": 2, "hair-pin": 2}, "Color": {"pink": 8, "black": 6, "white": 6, "nude": 4, "off-white": 4, "copper": 3, "peach": 3, "unknown": 3, "beige": 2, "charcoal-gray": 2, "gold": 2, "green": 2, "lavender": 2, "maroon": 2, "mauve": 2, "mustard": 2, "silver": 2, "blue": 1, "cream": 1, "gray": 1, "khaki": 1, "light-blue": 1, "light-gray": 1, "lime-green": 1, "orange": 1, "red": 1, "rust": 1}, "gender": {"women": 65}, "category": {"hair-accessories": 65}, "occasion type": {"everyday": 31, "elevated": 22, "party": 12}, "Workindustry": {}, "Age": {}, "neck": {}, "arms": {}, "waist": {}, "stomach": {}, "shoulder": {}, "brand": {"forever21": 59, "ISABEL MARANT": 2, "MERI MERI": 2, "OSCAR DE LA RENTA": 1, "SAMUEL KUNG": 1}, "sub_brand": {"forever21": 59}, "Department": {"regular": 65}, "activity": {"leisure-holiday": 44, "college-look": 27, "hang-outs": 27, "brunch": 14, "unknown": 14, "date-night": 11, "girls-night-out": 11, "social-outing": 11, "airport-look": 5, "cocktail-party": 5, "concert": 5, "wedding": 5, "adventure-holiday": 2, "clubbing": 2, "dinner-party": 2, "errands": 2, "lounging": 2, "work-from-home": 2}}, "isFashionQuery": true, "spell_corrected_query": "", "final_query": "", "message": ""}