{"products": [{"title": "Distressed Slim-Fit Jeans", "gender": "men", "category": "jeans", "color": "blue blue blue blue blue blue navy navy navy navy", "product_url": "https://www.forever21.in/p/distressed-slim-fit-jeans-323960.html", "thumbnail_url": ["http://d1q9qhpdr6ehzh.cloudfront.net/f94d54933c87ef51885bce61abd94b1b"], "chatbot_image": "https://forever21.imgix.net/img/app/product/3/323960-1521287-large.jpg,https://forever21.imgix.net/img/app/product/3/323960-1521288-large.jpg,https://forever21.imgix.net/img/app/product/3/323960-1521289-large.jpg,https://forever21.imgix.net/img/app/product/3/323960-1521290-large.jpg,https://forever21.imgix.net/img/app/product/3/323960-1521291-large.jpg,https://forever21.imgix.net/img/app/product/3/323960-1521286.jpg", "unique_id": "9483cdbe0d4c420aa6d4a5ebfa6b5f5b", "trending_score": "0.0", "price": 1799.0, "discounted_price": 1799.0, "currency": "INR", "product_code": "323960", "affinity_score": 0.0, "brand": "forever21", "store": "v_forever21", "streamoid_urls": null}, {"title": "Distressed Slim-Fit Jeans", "gender": "men", "category": "jeans", "color": "blue blue blue blue blue blue gray gray gray gray", "product_url": "https://www.forever21.in/p/distressed-slim-fit-jeans-323915.html", "thumbnail_url": ["http://d1q9qhpdr6ehzh.cloudfront.net/9fe095cbfec5416e9145b7a3704d67d2"], "chatbot_image": "https://forever21.imgix.net/img/app/product/3/323915-1521144-large.jpg,https://forever21.imgix.net/img/app/product/3/323915-1521145-large.jpg,https://forever21.imgix.net/img/app/product/3/323915-1521146-large.jpg,https://forever21.imgix.net/img/app/product/3/323915-1521147-large.jpg,https://forever21.imgix.net/img/app/product/3/323915-1521148-large.jpg,https://forever21.imgix.net/img/app/product/3/323915-1521143.jpg", "unique_id": "367c4d668520407e971ea48bbe042596", "trending_score": "0.0", "price": 1799.0, "discounted_price": 1799.0, "currency": "INR", "product_code": "323915", "affinity_score": 0.0, "brand": "forever21", "store": "v_forever21", "streamoid_urls": null}, {"title": "Zip-Hem Distressed Jeans", "gender": "men", "category": "jeans", "color": "blue blue blue blue blue blue powder blue powder blue powder blue gray", "product_url": "https://www.forever21.in/p/zip-hem-distressed-jeans-323533.html", "thumbnail_url": ["http://d1q9qhpdr6ehzh.cloudfront.net/3dfec7a671d26a6af9a87527b3246bbe"], "chatbot_image": "https://forever21.imgix.net/img/app/product/3/323533-1630178-large.jpg,https://forever21.imgix.net/img/app/product/3/323533-1630179-large.jpg,https://forever21.imgix.net/img/app/product/3/323533-1630180-large.jpg,https://forever21.imgix.net/img/app/product/3/323533-1630181-large.jpg,https://forever21.imgix.net/img/app/product/3/323533-1630182-large.jpg,https://forever21.imgix.net/img/app/product/3/323533-1630183-large.jpg,https://forever21.imgix.net/img/app/product/3/323533-1630177.jpg", "unique_id": "156f4e9d9d114f65a08b07b00eacc170", "trending_score": "0.0", "price": 2499.0, "discounted_price": 1250.0, "currency": "INR", "product_code": "323533", "affinity_score": 0.0, "brand": "forever21", "store": "v_forever21", "streamoid_urls": null}, {"title": "'MX1' leopard print patch ripped skinny jeans", "gender": "men", "category": "jeans", "color": "multicolor olive olive olive olive olive olive slate gray slate gray slate gray", "product_url": "https://www.lanecrawford.com/pdp/AUO725", "thumbnail_url": ["http://d1q9qhpdr6ehzh.cloudfront.net/fe0b0e197d14657cb00f6a54c397b3b3"], "chatbot_image": "http://media.lanecrawford.com/A/U/O/AUO725_in_xl.jpg,http://media.lanecrawford.com/A/U/O/AUO725_bk_xl.jpg,http://media.lanecrawford.com/A/U/O/AUO725_4_xl.jpg,http://media.lanecrawford.com/A/U/O/AUO725_ro_xl.jpg", "unique_id": "4d534fbae03248e88ed4be0f2eae6505", "trending_score": "0.0", "price": 9500.0, "discounted_price": 9500.0, "currency": "HKD", "product_code": "AUO725", "affinity_score": 0.0, "brand": "AMIRI", "store": "v_lane_crawford", "streamoid_urls": null}, {"title": "Distressed Striped-Trim Skinny Jeans", "gender": "men", "category": "jeans", "color": "blue blue blue blue blue blue powder blue powder blue powder blue white", "product_url": "https://www.forever21.in/p/distressed-striped-trim-skinny-jeans-323693.html", "thumbnail_url": ["http://d1q9qhpdr6ehzh.cloudfront.net/3b612169ca43393d8cef37b56e54c638"], "chatbot_image": "https://forever21.imgix.net/img/app/product/3/323693-1520478-large.jpg,https://forever21.imgix.net/img/app/product/3/323693-1520479-large.jpg,https://forever21.imgix.net/img/app/product/3/323693-1520480-large.jpg,https://forever21.imgix.net/img/app/product/3/323693-1520481-large.jpg,https://forever21.imgix.net/img/app/product/3/323693-1520482-large.jpg,https://forever21.imgix.net/img/app/product/3/323693-1520477.jpg", "unique_id": "5063f4bd27f54628802f55e1d8bc5dc1", "trending_score": "0.0", "price": 1799.0, "discounted_price": 1799.0, "currency": "INR", "product_code": "323693", "affinity_score": 0.0, "brand": "forever21", "store": "v_forever21", "streamoid_urls": null}, {"title": "Distressed Floral-Embroidered Jeans", "gender": "women", "category": "jeans", "color": "multicolor light-blue light-blue light-blue light-blue light-blue light-blue powder blue powder blue powder blue", "product_url": "https://www.forever21.in/p/distressed-floral-embroidered-jeans-322946.html", "thumbnail_url": ["http://d1q9qhpdr6ehzh.cloudfront.net/ecd1dcb126180f4cc99557dc950098ec"], "chatbot_image": "https://forever21.imgix.net/img/app/product/3/322946-1518133-large.jpg,https://forever21.imgix.net/img/app/product/3/322946-1518134-large.jpg,https://forever21.imgix.net/img/app/product/3/322946-1518135-large.jpg,https://forever21.imgix.net/img/app/product/3/322946-1518136-large.jpg,https://forever21.imgix.net/img/app/product/3/322946-1518132.jpg", "unique_id": "0d2f4f3046bc4383b7387b67d7bc4fc4", "trending_score": "0.0", "price": 2399.0, "discounted_price": 2399.0, "currency": "INR", "product_code": "322946", "affinity_score": 0.0, "brand": "forever21", "store": "v_forever21", "streamoid_urls": null}, {"title": "High-Rise Ripped Knee Skinny Jeans", "gender": "women", "category": "jeans", "color": "blue blue blue blue blue blue off white off white off white off white", "product_url": "https://www.forever21.in/p/high-rise-ripped-knee-skinny-jeans-324323.html", "thumbnail_url": ["http://d1q9qhpdr6ehzh.cloudfront.net/e222bc5b17eb54a5bb58c5a92c9983c9"], "chatbot_image": "https://forever21.imgix.net/img/app/product/3/324323-1522447-large.jpg,https://forever21.imgix.net/img/app/product/3/324323-1522448-large.jpg,https://forever21.imgix.net/img/app/product/3/324323-1522449-large.jpg,https://forever21.imgix.net/img/app/product/3/324323-1522450-large.jpg,https://forever21.imgix.net/img/app/product/3/324323-1522446.jpg", "unique_id": "f1f15d74e2da47c797ca41fde119f2f1", "trending_score": "0.0", "price": 2099.0, "discounted_price": 2099.0, "currency": "INR", "product_code": "324323", "affinity_score": 0.0, "brand": "forever21", "store": "v_forever21", "streamoid_urls": null}, {"title": "'Le Original' patchwork jeans", "gender": "women", "category": "jeans", "color": "black black black black black black charcoal gray charcoal gray charcoal gray charcoal gray", "product_url": "https://www.lanecrawford.com/pdp/ARJ037", "thumbnail_url": ["http://d1q9qhpdr6ehzh.cloudfront.net/cfab10db2d4f3346c30fe5cee9610c00"], "chatbot_image": "http://media.lanecrawford.com/A/R/J/ARJ037_in_xl.jpg,http://media.lanecrawford.com/A/R/J/ARJ037_bk_xl.jpg,http://media.lanecrawford.com/A/R/J/ARJ037_4_xl.jpg,http://media.lanecrawford.com/A/R/J/ARJ037_ro_xl.jpg", "unique_id": "39e42da7d41347cbbf2cfe84d974d2b2", "trending_score": "0.0", "price": 2300.0, "discounted_price": 920.0, "currency": "HKD", "product_code": "ARJ037", "affinity_score": 0.0, "brand": "FRAME DENIM", "store": "v_lane_crawford", "streamoid_urls": null}, {"title": "'Boy' paint splatter ripped skinny jeans", "gender": "men", "category": "jeans", "color": "black black black black black black charcoal gray charcoal gray charcoal gray charcoal gray", "product_url": "https://www.lanecrawford.com/pdp/AQW806", "thumbnail_url": ["http://d1q9qhpdr6ehzh.cloudfront.net/4f1c749f315393047dbc5f664f14a58e"], "chatbot_image": "http://media.lanecrawford.com/A/Q/W/AQW806_in_xl.jpg,http://media.lanecrawford.com/A/Q/W/AQW806_bk_xl.jpg,http://media.lanecrawford.com/A/Q/W/AQW806_4_xl.jpg,http://media.lanecrawford.com/A/Q/W/AQW806_ro_xl.jpg", "unique_id": "4389f85cc7bc41289e5bda5c660742a6", "trending_score": "0.0", "price": 3400.0, "discounted_price": 1360.0, "currency": "HKD", "product_code": "AQW806", "affinity_score": 0.0, "brand": "R13", "store": "v_lane_crawford", "streamoid_urls": null}, {"title": "Distressed Mid Rise Skinny Jeans", "gender": "women", "category": "jeans", "color": "multicolor blue blue blue blue blue blue light gray light gray gray", "product_url": "https://www.forever21.in/p/distressed-mid-rise-skinny-jeans-323027.html", "thumbnail_url": ["http://d1q9qhpdr6ehzh.cloudfront.net/c4b0c9f735e7a6aad0adabd43ae0fd6f"], "chatbot_image": "https://forever21.imgix.net/img/app/product/3/323027-1518367-large.jpg,https://forever21.imgix.net/img/app/product/3/323027-1518368-large.jpg,https://forever21.imgix.net/img/app/product/3/323027-1518369-large.jpg,https://forever21.imgix.net/img/app/product/3/323027-1518370-large.jpg,https://forever21.imgix.net/img/app/product/3/323027-1518366.jpg", "unique_id": "3b8546bb894849cf908d6bded79af37f", "trending_score": "0.0", "price": 2249.0, "discounted_price": 2249.0, "currency": "INR", "product_code": "323027", "affinity_score": 0.0, "brand": "forever21", "store": "v_forever21", "streamoid_urls": null}, {"title": "Distressed Skinny Jeans", "gender": "women", "category": "jeans", "color": "multicolor blue blue blue blue blue blue indigo indigo off white", "product_url": "https://www.forever21.in/p/distressed-skinny-jeans-324180.html", "thumbnail_url": ["http://d1q9qhpdr6ehzh.cloudfront.net/db647bac79f1004c7f6ce9063be711f2"], "chatbot_image": "https://forever21.imgix.net/img/app/product/3/324180-1626289-large.jpg,https://forever21.imgix.net/img/app/product/3/324180-1626290-large.jpg,https://forever21.imgix.net/img/app/product/3/324180-1626291-large.jpg,https://forever21.imgix.net/img/app/product/3/324180-1626292-large.jpg,https://forever21.imgix.net/img/app/product/3/324180-1626288.jpg", "unique_id": "bf74e54373fe4e83b6319333a70f02b8", "trending_score": "0.0", "price": 1699.0, "discounted_price": 1699.0, "currency": "INR", "product_code": "324180", "affinity_score": 0.0, "brand": "forever21", "store": "v_forever21", "streamoid_urls": null}, {"title": "Psychedelic Patch Jeans", "gender": "women", "category": "jeans", "color": "black black black black black black black black black black", "product_url": "https://www.forever21.in/p/psychedelic-patch-jeans-323893.html", "thumbnail_url": ["http://d1q9qhpdr6ehzh.cloudfront.net/90f89d044f8771e0f099dc782e0d53ec"], "chatbot_image": "https://forever21.imgix.net/img/app/product/3/323893-1612043-large.jpg,https://forever21.imgix.net/img/app/product/3/323893-1612044-large.jpg,https://forever21.imgix.net/img/app/product/3/323893-1612045-large.jpg,https://forever21.imgix.net/img/app/product/3/323893-1612046-large.jpg,https://forever21.imgix.net/img/app/product/3/323893-1612047-large.jpg,https://forever21.imgix.net/img/app/product/3/323893-1612042.jpg", "unique_id": "8217f6de7f4c456893ba772f6f7c6d63", "trending_score": "0.0", "price": 2039.0, "discounted_price": 2039.0, "currency": "INR", "product_code": "323893", "affinity_score": 0.0, "brand": "forever21", "store": "v_forever21", "streamoid_urls": null}, {"title": "'Mick' ripped skinny jeans", "gender": "men", "category": "jeans", "color": "blue blue blue blue blue blue slate gray slate gray slate gray charcoal gray", "product_url": "https://www.lanecrawford.com/pdp/AQW386", "thumbnail_url": ["http://d1q9qhpdr6ehzh.cloudfront.net/0ab0f6d8b2e0b24b79eb8297e16d9002"], "chatbot_image": "http://media.lanecrawford.com/A/Q/W/AQW386_in_xl.jpg,http://media.lanecrawford.com/A/Q/W/AQW386_bk_xl.jpg,http://media.lanecrawford.com/A/Q/W/AQW386_4_xl.jpg,http://media.lanecrawford.com/A/Q/W/AQW386_ro_xl.jpg", "unique_id": "23950c5d28364bebab3d3600eba1b057", "trending_score": "0.0", "price": 2450.0, "discounted_price": 1225.0, "currency": "HKD", "product_code": "AQW386", "affinity_score": 0.0, "brand": "J BRAND", "store": "v_lane_crawford", "streamoid_urls": null}, {"title": "'Razor' rip-and-repair washed slim jeans", "gender": "men", "category": "jeans", "color": "multicolor blue blue blue blue blue blue navy navy navy", "product_url": "https://www.lanecrawford.com/pdp/AUR949", "thumbnail_url": ["http://d1q9qhpdr6ehzh.cloudfront.net/9442573b43976668d9f01788da2a19fa"], "chatbot_image": "http://media.lanecrawford.com/A/U/R/AUR949_in_xl.jpg,http://media.lanecrawford.com/A/U/R/AUR949_bk_xl.jpg,http://media.lanecrawford.com/A/U/R/AUR949_4_xl.jpg,http://media.lanecrawford.com/A/U/R/AUR949_ro_xl.jpg", "unique_id": "402dc53559704f978e80cab0d9e32eb5", "trending_score": "0.0", "price": 2950.0, "discounted_price": 2950.0, "currency": "HKD", "product_code": "AUR949", "affinity_score": 0.0, "brand": "DENHAM", "store": "v_lane_crawford", "streamoid_urls": null}, {"title": "'Cropped Skinny' distressed jeans", "gender": "women", "category": "jeans", "color": "blue blue blue blue blue blue navy navy navy navy", "product_url": "https://www.lanecrawford.com/pdp/AEL833", "thumbnail_url": ["http://d1q9qhpdr6ehzh.cloudfront.net/784dbbb1f4fdff046086364292cedf2f"], "chatbot_image": "http://media.lanecrawford.com/A/E/L/AEL833_in_xl.jpg,http://media.lanecrawford.com/A/E/L/AEL833_fr_xl.jpg,http://media.lanecrawford.com/A/E/L/AEL833_bk_xl.jpg,http://media.lanecrawford.com/A/E/L/AEL833_2_xl.jpg,http://media.lanecrawford.com/A/E/L/AEL833_ro_xl.jpg", "unique_id": "3f92b9925b2444678ab5ae84f090fe9b", "trending_score": "0.0", "price": 1690.0, "discounted_price": 1690.0, "currency": "HKD", "product_code": "AEL833", "affinity_score": 0.0, "brand": "J BRAND", "store": "v_lane_crawford", "streamoid_urls": null}, {"title": "High-Rise Ripped Knee Skinny Jeans", "gender": "women", "category": "jeans", "color": "light-blue light-blue light-blue light-blue light-blue light-blue off white off white off white off white", "product_url": "https://www.forever21.in/p/high-rise-ripped-knee-skinny-jeans-324280.html", "thumbnail_url": ["http://d1q9qhpdr6ehzh.cloudfront.net/a9e3dbdd2fa93e0b49da338a3680ee9e"], "chatbot_image": "https://forever21.imgix.net/img/app/product/3/324280-1522317-large.jpg,https://forever21.imgix.net/img/app/product/3/324280-1522318-large.jpg,https://forever21.imgix.net/img/app/product/3/324280-1522319-large.jpg,https://forever21.imgix.net/img/app/product/3/324280-1522320-large.jpg,https://forever21.imgix.net/img/app/product/3/324280-1522316.jpg", "unique_id": "ce2467ce3e164f87b533dd5e2405071e", "trending_score": "0.0", "price": 2099.0, "discounted_price": 2099.0, "currency": "INR", "product_code": "324280", "affinity_score": 0.0, "brand": "forever21", "store": "v_forever21", "streamoid_urls": null}, {"title": "jeans", "gender": "men", "category": "jeans", "color": "black black black black black black indigo indigo indigo navy", "product_url": "https://media.boohooman.com", "thumbnail_url": ["http://d1q9qhpdr6ehzh.cloudfront.net/thumbnail/0f93e1f335a23c52220a78cf561739d8"], "chatbot_image": null, "unique_id": "8a7de1aac1af48b0846143ac31093526", "trending_score": "0.0", "price": 100.0, "discounted_price": 0.0, "currency": "INR", "product_code": "6252", "affinity_score": 0.0, "brand": "all online store", "store": "v_website_demo", "streamoid_urls": null}, {"title": "'Graffiti' paint splatter print ripped jeans", "gender": "men", "category": "jeans", "color": "multicolor blue blue blue blue blue blue powder blue powder blue powder blue", "product_url": "https://www.lanecrawford.com/pdp/AQV146", "thumbnail_url": ["http://d1q9qhpdr6ehzh.cloudfront.net/e75d6db0620acdf8d5060ed4c87e84a6"], "chatbot_image": "http://media.lanecrawford.com/A/Q/V/AQV146_in_xl.jpg,http://media.lanecrawford.com/A/Q/V/AQV146_bk_xl.jpg,http://media.lanecrawford.com/A/Q/V/AQV146_4_xl.jpg,http://media.lanecrawford.com/A/Q/V/AQV146_ro_xl.jpg", "unique_id": "38074b2711a5460ea5d6f19e5d44c3b6", "trending_score": "0.0", "price": 7300.0, "discounted_price": 4380.0, "currency": "HKD", "product_code": "AQV146", "affinity_score": 0.0, "brand": "AMIRI", "store": "v_lane_crawford", "streamoid_urls": null}, {"title": "Ripped-Knee Slim-Fit Jeans", "gender": "men", "category": "jeans", "color": "charcoal-gray charcoal-gray charcoal-gray charcoal-gray charcoal-gray charcoal-gray charcoal gray charcoal gray charcoal gray charcoal gray", "product_url": "https://www.forever21.in/p/ripped-knee-slim-fit-jeans-323593.html", "thumbnail_url": ["http://d1q9qhpdr6ehzh.cloudfront.net/e4ec274f0f772abf10f3028ef725a614"], "chatbot_image": "https://forever21.imgix.net/img/app/product/3/323593-1520153-large.jpg,https://forever21.imgix.net/img/app/product/3/323593-1520154-large.jpg,https://forever21.imgix.net/img/app/product/3/323593-1520155-large.jpg,https://forever21.imgix.net/img/app/product/3/323593-1520156-large.jpg,https://forever21.imgix.net/img/app/product/3/323593-1520152.jpg", "unique_id": "84499c9b49d24c93a54ef4f7247cfac3", "trending_score": "0.0", "price": 2299.0, "discounted_price": 2299.0, "currency": "INR", "product_code": "323593", "affinity_score": 0.0, "brand": "forever21", "store": "v_forever21", "streamoid_urls": null}, {"title": "'Thrasher' distressed Jeans", "gender": "men", "category": "jeans", "color": "black black black black black black black black black black", "product_url": "https://www.lanecrawford.com/pdp/AUO665", "thumbnail_url": ["http://d1q9qhpdr6ehzh.cloudfront.net/7735abe69ecc5adc3e1135dd3b4c73e4"], "chatbot_image": "http://media.lanecrawford.com/A/U/O/AUO665_in_xl.jpg,http://media.lanecrawford.com/A/U/O/AUO665_bk_xl.jpg,http://media.lanecrawford.com/A/U/O/AUO665_4_xl.jpg,http://media.lanecrawford.com/A/U/O/AUO665_ro_xl.jpg", "unique_id": "2f1f0a8c08914b3dbbf5832c4422baf6", "trending_score": "0.0", "price": 7750.0, "discounted_price": 7750.0, "currency": "HKD", "product_code": "AUO665", "affinity_score": 0.0, "brand": "AMIRI", "store": "v_lane_crawford", "streamoid_urls": null}, {"title": "'90s' ripped thigh straight leg jeans", "gender": "women", "category": "jeans", "color": "navy navy navy navy navy navy black black black black", "product_url": "https://www.lanecrawford.com/pdp/AWH236", "thumbnail_url": ["http://d1q9qhpdr6ehzh.cloudfront.net/d6b1029a54051e85d14dcea151f80509"], "chatbot_image": "http://media.lanecrawford.com/A/W/H/AWH236_in_xl.jpg,http://media.lanecrawford.com/A/W/H/AWH236_bk_xl.jpg,http://media.lanecrawford.com/A/W/H/AWH236_4_xl.jpg,http://media.lanecrawford.com/A/W/H/AWH236_ro_xl.jpg", "unique_id": "53a1fc00335f41c683041b69c180f444", "trending_score": "0.0", "price": 1950.0, "discounted_price": 1950.0, "currency": "HKD", "product_code": "AWH236", "affinity_score": 0.0, "brand": "AGOLDE", "store": "v_lane_crawford", "streamoid_urls": null}, {"title": "'Thrasher Minus' splattered acid wash jeans", "gender": "men", "category": "jeans", "color": "charcoal-gray charcoal-gray charcoal-gray charcoal-gray charcoal-gray charcoal-gray charcoal gray charcoal gray charcoal gray charcoal gray", "product_url": "https://www.lanecrawford.com/pdp/AUO681", "thumbnail_url": ["http://d1q9qhpdr6ehzh.cloudfront.net/43fbf68bd49415afa46d4e88cbab7d42"], "chatbot_image": "http://media.lanecrawford.com/A/U/O/AUO681_in_xl.jpg,http://media.lanecrawford.com/A/U/O/AUO681_bk_xl.jpg,http://media.lanecrawford.com/A/U/O/AUO681_4_xl.jpg,http://media.lanecrawford.com/A/U/O/AUO681_ro_xl.jpg", "unique_id": "30495721adf34c8b887297580007e242", "trending_score": "0.0", "price": 8300.0, "discounted_price": 8300.0, "currency": "HKD", "product_code": "AUO681", "affinity_score": 0.0, "brand": "AMIRI", "store": "v_lane_crawford", "streamoid_urls": null}, {"title": "Ripped skinny jeans", "gender": "men", "category": "jeans", "color": "blue blue blue blue blue blue navy navy navy navy", "product_url": "https://www.lanecrawford.com/pdp/AQW805", "thumbnail_url": ["http://d1q9qhpdr6ehzh.cloudfront.net/3ad31e6dcc710734b93aa283387dd3c0"], "chatbot_image": "http://media.lanecrawford.com/A/Q/W/AQW805_in_xl.jpg,http://media.lanecrawford.com/A/Q/W/AQW805_bk_xl.jpg,http://media.lanecrawford.com/A/Q/W/AQW805_ro_xl.jpg", "unique_id": "1c9454f4455341c389367e44ffc3d5dd", "trending_score": "0.0", "price": 3650.0, "discounted_price": 1460.0, "currency": "HKD", "product_code": "AQW805", "affinity_score": 0.0, "brand": "R13", "store": "v_lane_crawford", "streamoid_urls": null}, {"title": "Louis Philippe Blue Jeans", "gender": "men", "category": "jeans", "color": "unknown unknown unknown unknown unknown unknown slate gray slate gray slate gray slate gray", "product_url": "https://www.louisphilippe.com/product/louis-philippe-blue-jeans-251887.html", "thumbnail_url": ["http://d1q9qhpdr6ehzh.cloudfront.net/0da5e0fbb165921ef9b4a41adc6d983d"], "chatbot_image": "https://assets.abfrlcdn.com/img/app/product/2/251887-937504-large.jpg,https://assets.abfrlcdn.com/img/app/product/2/251887-937503-large.jpg,https://assets.abfrlcdn.com/img/app/product/2/251887-937506-large.jpg,https://assets.abfrlcdn.com/img/app/product/2/251887-937501-large.jpg,https://assets.abfrlcdn.com/img/app/product/2/251887-937505-large.jpg,https://assets.abfrlcdn.com/img/app/product/2/251887-937499.jpg", "unique_id": "ff5094f17394479dad3aa8e1de43cc00", "trending_score": "0.0", "price": 2999.0, "discounted_price": 1800.0, "currency": "INR", "product_code": "251887", "affinity_score": 0.0, "brand": "Louis Philippe", "store": "v_louis_philippe", "streamoid_urls": null}, {"title": "Louis Philippe Blue Jeans", "gender": "men", "category": "jeans", "color": "multicolor unknown unknown unknown unknown unknown unknown gray gray gray", "product_url": "https://www.louisphilippe.com/product/louis-philippe-blue-jeans-272211.html", "thumbnail_url": ["http://d1q9qhpdr6ehzh.cloudfront.net/62bdf1cfb6e7df3a5e7c5c909079c16f"], "chatbot_image": "https://assets.abfrlcdn.com/img/app/product/2/272211-1096115-large.jpg,https://assets.abfrlcdn.com/img/app/product/2/272211-1096113-large.jpg,https://assets.abfrlcdn.com/img/app/product/2/272211-1096114-large.jpg,https://assets.abfrlcdn.com/img/app/product/2/272211-1096116-large.jpg,https://assets.abfrlcdn.com/img/app/product/2/272211-1096118-large.jpg,https://assets.abfrlcdn.com/img/app/product/2/272211-1096117.jpg", "unique_id": "4daa130106ff4f15aadc45e8d167159e", "trending_score": "0.0", "price": 2999.0, "discounted_price": 1800.0, "currency": "INR", "product_code": "272211", "affinity_score": 0.0, "brand": "Louis Philippe", "store": "v_louis_philippe", "streamoid_urls": null}, {"title": "'Bolt' rip-and-repair ombre skinny jeans", "gender": "men", "category": "jeans", "color": "navy navy navy navy navy navy navy navy navy navy", "product_url": "https://www.lanecrawford.com/pdp/AUR953", "thumbnail_url": ["http://d1q9qhpdr6ehzh.cloudfront.net/e27bd7d4b9e0491cd270d0e5222f31cf"], "chatbot_image": "http://media.lanecrawford.com/A/U/R/AUR953_in_xl.jpg,http://media.lanecrawford.com/A/U/R/AUR953_bk_xl.jpg,http://media.lanecrawford.com/A/U/R/AUR953_4_xl.jpg,http://media.lanecrawford.com/A/U/R/AUR953_ro_xl.jpg", "unique_id": "1140cf276e5e450fb534cf19d807b13b", "trending_score": "0.0", "price": 1650.0, "discounted_price": 1650.0, "currency": "HKD", "product_code": "AUR953", "affinity_score": 0.0, "brand": "DENHAM", "store": "v_lane_crawford", "streamoid_urls": null}, {"title": "Louis Philippe Blue Jeans", "gender": "men", "category": "jeans", "color": "unknown unknown unknown unknown unknown unknown navy navy navy navy", "product_url": "https://www.louisphilippe.com/product/louis-philippe-blue-jeans-275497.html", "thumbnail_url": ["http://d1q9qhpdr6ehzh.cloudfront.net/66eaa5fbbc18973bdf0f2648227d6265"], "chatbot_image": "https://assets.abfrlcdn.com/img/app/product/2/275497-1124071-large.jpg,https://assets.abfrlcdn.com/img/app/product/2/275497-1124069-large.jpg,https://assets.abfrlcdn.com/img/app/product/2/275497-1124073-large.jpg,https://assets.abfrlcdn.com/img/app/product/2/275497-1124070-large.jpg,https://assets.abfrlcdn.com/img/app/product/2/275497-1124072-large.jpg,https://assets.abfrlcdn.com/img/app/product/2/275497-1124074.jpg", "unique_id": "b50ecceb75064d1190c724c4eb4ec729", "trending_score": "0.0", "price": 3999.0, "discounted_price": 2000.0, "currency": "INR", "product_code": "275497", "affinity_score": 0.0, "brand": "Louis Philippe", "store": "v_louis_philippe", "streamoid_urls": null}, {"title": "jeans", "gender": "men", "category": "jeans", "color": "navy navy navy navy navy navy navy navy navy navy", "product_url": "https://i.pinimg.com", "thumbnail_url": ["http://d1q9qhpdr6ehzh.cloudfront.net/thumbnail/570257aa949fd31727cee293ef687e23"], "chatbot_image": null, "unique_id": "d078cb0393d64715a5c2c50a46b05dd0", "trending_score": "0.0", "price": 100.0, "discounted_price": 0.0, "currency": "INR", "product_code": "6250", "affinity_score": 0.0, "brand": "all online store", "store": "v_website_demo", "streamoid_urls": null}, {"title": "'10 Inch Capri' staggered cuff skinny jeans", "gender": "women", "category": "jeans", "color": "black black black black black black black black black black", "product_url": "https://www.lanecrawford.com/pdp/AJK065", "thumbnail_url": ["http://d1q9qhpdr6ehzh.cloudfront.net/45e13efdc261267f11e117bc26a61b68"], "chatbot_image": "http://media.lanecrawford.com/A/J/K/AJK065_in_xl.jpg,http://media.lanecrawford.com/A/J/K/AJK065_fr_xl.jpg,http://media.lanecrawford.com/A/J/K/AJK065_bk_xl.jpg,http://media.lanecrawford.com/A/J/K/AJK065_ro_xl.jpg", "unique_id": "13dc52d73b324fe18b6017def2720098", "trending_score": "0.0", "price": 1700.0, "discounted_price": 1700.0, "currency": "HKD", "product_code": "AJK065", "affinity_score": 0.0, "brand": "RAG & BONE/JEAN", "store": "v_lane_crawford", "streamoid_urls": null}, {"title": "'Constance' distressed heavy wash jeans", "gender": "women", "category": "jeans", "color": "blue blue blue blue blue blue powder blue powder blue powder blue", "product_url": "https://www.lanecrawford.com/pdp/AUY365", "thumbnail_url": ["http://d1q9qhpdr6ehzh.cloudfront.net/53e472c54530b24f704711444ac793de"], "chatbot_image": "http://media.lanecrawford.com/A/U/Y/AUY365_in_xl.jpg,http://media.lanecrawford.com/A/U/Y/AUY365_bk_xl.jpg,http://media.lanecrawford.com/A/U/Y/AUY365_4_xl.jpg,http://media.lanecrawford.com/A/U/Y/AUY365_ro_xl.jpg", "unique_id": "35c09112a3364d93b97fe85817829c06", "trending_score": "0.0", "price": 2300.0, "discounted_price": 2300.0, "currency": "HKD", "product_code": "AUY365", "affinity_score": 0.0, "brand": "TRAVE", "store": "v_lane_crawford", "streamoid_urls": null}, {"title": "High-Rise Ripped Knee Jeans", "gender": "women", "category": "jeans", "color": "black black black black black black black black black black", "product_url": "https://www.forever21.in/p/high-rise-ripped-knee-jeans-323305.html", "thumbnail_url": ["http://d1q9qhpdr6ehzh.cloudfront.net/338f1d021661281695501f8ae0eedd6b"], "chatbot_image": "https://forever21.imgix.net/img/app/product/3/323305-1519224-large.jpg,https://forever21.imgix.net/img/app/product/3/323305-1519225-large.jpg,https://forever21.imgix.net/img/app/product/3/323305-1519226-large.jpg,https://forever21.imgix.net/img/app/product/3/323305-1519227-large.jpg,https://forever21.imgix.net/img/app/product/3/323305-1519228-large.jpg,https://forever21.imgix.net/img/app/product/3/323305-1519223.jpg", "unique_id": "051c890e51ad4f6aa215eebca9748c35", "trending_score": "0.0", "price": 2249.0, "discounted_price": 2249.0, "currency": "INR", "product_code": "323305", "affinity_score": 0.0, "brand": "forever21", "store": "v_forever21", "streamoid_urls": null}, {"title": "Bead skull strass distressed jeans", "gender": "women", "category": "jeans", "color": "black black black black black black black black black black", "product_url": "https://www.lanecrawford.com/pdp/AUJ709", "thumbnail_url": ["http://d1q9qhpdr6ehzh.cloudfront.net/a9330a98e1d598b2a847560536ab6579"], "chatbot_image": "http://media.lanecrawford.com/A/U/J/AUJ709_in_xl.jpg,http://media.lanecrawford.com/A/U/J/AUJ709_fr_xl.jpg,http://media.lanecrawford.com/A/U/J/AUJ709_bk_xl.jpg,http://media.lanecrawford.com/A/U/J/AUJ709_4_xl.jpg,http://media.lanecrawford.com/A/U/J/AUJ709_ro_xl.jpg", "unique_id": "044b755049034d3981cc48982e2e0a8e", "trending_score": "0.0", "price": 8400.0, "discounted_price": 4200.0, "currency": "HKD", "product_code": "AUJ709", "affinity_score": 0.0, "brand": "FAITH CONNEXION", "store": "v_lane_crawford", "streamoid_urls": null}, {"title": "jeans", "gender": "men", "category": "jeans", "color": "blue blue blue blue blue blue navy navy navy indigo", "product_url": "https://ajio.com", "thumbnail_url": ["http://d1q9qhpdr6ehzh.cloudfront.net/thumbnail/73526388a2dd6eb83f843abcf453172d"], "chatbot_image": null, "unique_id": "ebf32f7a26934358a5add8331878c9e1", "trending_score": "0.0", "price": 100.0, "discounted_price": 0.0, "currency": "INR", "product_code": "6261", "affinity_score": 0.0, "brand": "all online store", "store": "v_website_demo", "streamoid_urls": null}, {"title": "'Karolina' distressed cuff cropped jeans", "gender": "women", "category": "jeans", "color": "blue blue blue blue blue blue indigo indigo indigo indigo", "product_url": "https://www.lanecrawford.com.cn/pdp/AQO087", "thumbnail_url": ["http://d1q9qhpdr6ehzh.cloudfront.net/f4f23a1d1bea255018af19617cad9df7"], "chatbot_image": "http://media.lanecrawford.com.cn/A/Q/O/AQO087_in_xl.jpg,http://media.lanecrawford.com.cn/A/Q/O/AQO087_bk_xl.jpg,http://media.lanecrawford.com.cn/A/Q/O/AQO087_4_xl.jpg,http://media.lanecrawford.com.cn/A/Q/O/AQO087_ro_xl.jpg", "unique_id": "32fd91d2bb84453abb373e246ab2dbb9", "trending_score": "0.0", "price": 1900.0, "discounted_price": 1900.0, "currency": "RMB", "product_code": "AQO087", "affinity_score": 0.0, "brand": "GRLFRND", "store": "v_lane_crawford", "streamoid_urls": null}, {"title": "'The Tomcat Ankle Fray' ripped knee cropped jeans", "gender": "women", "category": "jeans", "color": "multicolor blue blue blue blue blue blue powder blue powder blue powder blue", "product_url": "https://www.lanecrawford.com/pdp/ARK815", "thumbnail_url": ["http://d1q9qhpdr6ehzh.cloudfront.net/012226f6bcd93921ea047329ee2c254e"], "chatbot_image": "http://media.lanecrawford.com/A/R/K/ARK815_in_xl.jpg,http://media.lanecrawford.com/A/R/K/ARK815_bk_xl.jpg,http://media.lanecrawford.com/A/R/K/ARK815_4_xl.jpg,http://media.lanecrawford.com/A/R/K/ARK815_ro_xl.jpg", "unique_id": "0e1a238a59ba4b39810613233d9ea898", "trending_score": "0.0", "price": 2300.0, "discounted_price": 690.0, "currency": "HKD", "product_code": "ARK815", "affinity_score": 0.0, "brand": "MOTHER", "store": "v_lane_crawford", "streamoid_urls": null}, {"title": "'MX1' pleated leather patch skinny jeans", "gender": "men", "category": "jeans", "color": "black black black black black black black black black black", "product_url": "https://www.lanecrawford.com/pdp/AUO661", "thumbnail_url": ["http://d1q9qhpdr6ehzh.cloudfront.net/b3699733b74f2e09c1f3a53492135401"], "chatbot_image": "http://media.lanecrawford.com/A/U/O/AUO661_in_xl.jpg,http://media.lanecrawford.com/A/U/O/AUO661_bk_xl.jpg,http://media.lanecrawford.com/A/U/O/AUO661_4_xl.jpg,http://media.lanecrawford.com/A/U/O/AUO661_ro_xl.jpg", "unique_id": "3d89482331ae4b22b3ae60abdf3bd88b", "trending_score": "0.0", "price": 9500.0, "discounted_price": 9500.0, "currency": "HKD", "product_code": "AUO661", "affinity_score": 0.0, "brand": "AMIRI", "store": "v_lane_crawford", "streamoid_urls": null}, {"title": "High-Rise Skinny Jeans", "gender": "women", "category": "jeans", "color": "light-blue light-blue light-blue light-blue light-blue light-blue off white off white off white off white", "product_url": "https://www.forever21.in/p/high-rise-skinny-jeans-324135.html", "thumbnail_url": ["http://d1q9qhpdr6ehzh.cloudfront.net/ff5990fb460740eded481b17abbcba1d"], "chatbot_image": "https://forever21.imgix.net/img/app/product/3/324135-1626284-large.jpg,https://forever21.imgix.net/img/app/product/3/324135-1626285-large.jpg,https://forever21.imgix.net/img/app/product/3/324135-1626286-large.jpg,https://forever21.imgix.net/img/app/product/3/324135-1626287-large.jpg,https://forever21.imgix.net/img/app/product/3/324135-1626283.jpg", "unique_id": "ba611879b2174dacb5be9bcf34c8f622", "trending_score": "0.0", "price": 1699.0, "discounted_price": 1190.0, "currency": "INR", "product_code": "324135", "affinity_score": 0.0, "brand": "forever21", "store": "v_forever21", "streamoid_urls": null}, {"title": "Distressed Mom Jeans", "gender": "women", "category": "jeans", "color": "light-blue light-blue light-blue light-blue light-blue light-blue powder blue powder blue off white off white", "product_url": "https://www.forever21.in/p/distressed-mom-jeans-323781.html", "thumbnail_url": ["http://d1q9qhpdr6ehzh.cloudfront.net/135410c11510efb648cb69ba21492f06"], "chatbot_image": "https://forever21.imgix.net/img/app/product/3/323781-1520735-large.jpg,https://forever21.imgix.net/img/app/product/3/323781-1520736-large.jpg,https://forever21.imgix.net/img/app/product/3/323781-1520737-large.jpg,https://forever21.imgix.net/img/app/product/3/323781-1520738-large.jpg,https://forever21.imgix.net/img/app/product/3/323781-1520734.jpg", "unique_id": "e88f4b2afba84ece9a1db110fd5af88b", "trending_score": "0.0", "price": 2399.0, "discounted_price": 2399.0, "currency": "INR", "product_code": "323781", "affinity_score": 0.0, "brand": "forever21", "store": "v_forever21", "streamoid_urls": null}, {"title": "jeans", "gender": "women", "category": "jeans", "color": "blue blue blue blue blue blue navy navy navy navy", "product_url": "https://akinoncdn.com", "thumbnail_url": ["http://d1q9qhpdr6ehzh.cloudfront.net/thumbnail/2a26d6e892191102cc4367a0c53e9a7d"], "chatbot_image": null, "unique_id": "ce7c6aec33e8498cb0752809e24db6d7", "trending_score": "0.0", "price": 100.0, "discounted_price": 0.0, "currency": "INR", "product_code": "5288", "affinity_score": 0.0, "brand": "yours clothing", "store": "v_website_demo", "streamoid_urls": null}, {"title": "'Selena' cropped pants", "gender": "women", "category": "jeans", "color": "navy navy navy navy navy navy navy navy navy navy", "product_url": "https://www.lanecrawford.com/pdp/AUO705", "thumbnail_url": ["http://d1q9qhpdr6ehzh.cloudfront.net/ddf57254b8720bec06c6f47e21906ac6"], "chatbot_image": "http://media.lanecrawford.com/A/U/O/AUO705_in_xl.jpg,http://media.lanecrawford.com/A/U/O/AUO705_bk_xl.jpg,http://media.lanecrawford.com/A/U/O/AUO705_4_xl.jpg,http://media.lanecrawford.com/A/U/O/AUO705_ro_xl.jpg", "unique_id": "03172a15e088467bb5ce80f90b29b286", "trending_score": "0.0", "price": 2050.0, "discounted_price": 2050.0, "currency": "HKD", "product_code": "AUO705", "affinity_score": 0.0, "brand": "J BRAND", "store": "v_lane_crawford", "streamoid_urls": null}, {"title": "x Lane Crawford flip waist jeans", "gender": "women", "category": "jeans", "color": "black black black black black black black black black black", "product_url": "https://www.lanecrawford.com/pdp/AUU652", "thumbnail_url": ["http://d1q9qhpdr6ehzh.cloudfront.net/d9ba1bcb00804f211df9bf58c4832bc0"], "chatbot_image": "http://media.lanecrawford.com/A/U/U/AUU652_in_xl.jpg,http://media.lanecrawford.com/A/U/U/AUU652_fr_xl.jpg,http://media.lanecrawford.com/A/U/U/AUU652_bk_xl.jpg,http://media.lanecrawford.com/A/U/U/AUU652_4_xl.jpg,http://media.lanecrawford.com/A/U/U/AUU652_ro_xl.jpg", "unique_id": "30041b34bb5c434e9f7d9e0296fd3067", "trending_score": "0.0", "price": 2900.0, "discounted_price": 2900.0, "currency": "HKD", "product_code": "AUU652", "affinity_score": 0.0, "brand": "ALEXANDER WANG", "store": "v_lane_crawford", "streamoid_urls": null}, {"title": "jeans", "gender": "women", "category": "jeans", "color": "blue blue blue blue blue blue navy navy navy navy", "product_url": "https://windows.net", "thumbnail_url": ["http://d1q9qhpdr6ehzh.cloudfront.net/thumbnail/329eb14e9268dc2bae9f8bd93c9b4df5"], "chatbot_image": null, "unique_id": "1bbf5ce2a0904d009b1f15d93f8f0edb", "trending_score": "0.0", "price": 100.0, "discounted_price": 0.0, "currency": "INR", "product_code": "6125", "affinity_score": 0.0, "brand": "asos", "store": "v_website_demo", "streamoid_urls": null}, {"title": "'Kate' leopard print skinny jeans", "gender": "women", "category": "jeans", "color": "copper copper copper copper copper copper chocolate chocolate chocolate chocolate", "product_url": "https://www.lanecrawford.com/pdp/AUU034", "thumbnail_url": ["http://d1q9qhpdr6ehzh.cloudfront.net/bcc9c8dbe7673382bca9c66cf164578c"], "chatbot_image": "http://media.lanecrawford.com/A/U/U/AUU034_in_xl.jpg,http://media.lanecrawford.com/A/U/U/AUU034_bk_xl.jpg,http://media.lanecrawford.com/A/U/U/AUU034_4_xl.jpg,http://media.lanecrawford.com/A/U/U/AUU034_ro_xl.jpg", "unique_id": "2fdbf21d796f42f59d690bb380657b77", "trending_score": "0.0", "price": 4300.0, "discounted_price": 4300.0, "currency": "HKD", "product_code": "AUU034", "affinity_score": 0.0, "brand": "R13", "store": "v_lane_crawford", "streamoid_urls": null}, {"title": "jeans", "gender": "women", "category": "jeans", "color": "black black black black black black black black black black", "product_url": "https://yoursclothing.com", "thumbnail_url": ["http://d1q9qhpdr6ehzh.cloudfront.net/thumbnail/d7b5892581958b62c03583e41de5b6aa"], "chatbot_image": null, "unique_id": "c5403bf5e4544a7b8a36e7915fb0b40b", "trending_score": "0.0", "price": 100.0, "discounted_price": 0.0, "currency": "INR", "product_code": "6001", "affinity_score": 0.0, "brand": "yours clothing", "store": "v_website_demo", "streamoid_urls": null}], "debug": {"qrm": "", "query_without_qrm": "ripped jeans", "solr_query": "( ( ( (meta_treatment:\"ripped\")^10 OR (meta_treatment:\"distressed\")^10 ) OR ( (meta_type:\"ripped\")^10 ) ) AND ( ( (meta_comprehensive_category:\"jeans\") ) ) )^1 ", "graph": [[[{"treatment": ["ripped^10", "distressed^10"], "type": ["ripped^10"]}, {"category": ["jeans"]}]]], "query_without_stopwords": "", "spell_corrected_query": "", "filter": [], "explicit_text": null, "fq": ["availability:1"]}, "numFound": 44, "facets": {"Ethnicity": {"western": 44}, "Fastening": {"zip_at_anywhere": 27, "unknown": 10, "zip_at_front": 3, "buckle_at_waist": 1, "drawstring_at_waist": 1, "none": 1, "velcro_at_front": 1}, "Fit": {"regular": 17, "skinny": 13, "slim": 10, "fitted": 3, "loose": 1}, "Hemline Length": {"full-length": 21, "ankle": 18, "above-ankle": 5}, "Material": {"denim": 20, "unknown": 17, "leather": 1}, "Primary Fibre": {"unknown": 24, "cotton": 14}, "Print Type": {"solid": 31, "abstract": 3, "colour-block": 1, "leopard": 1, "other-graphic": 1, "other-stripes": 1}, "Silhouette": {"unknown": 38}, "Treatment": {"distressed": 18, "ripped": 13, "whiskered": 7, "other-wash": 4, "stone-wash": 2}, "Type": {"ripped": 36, "skinny": 4, "basic": 1, "flared": 1, "mom": 1, "treggings": 1}, "Waist Rise": {"mid": 18, "high": 8, "short": 7, "natural": 6, "low": 5}, "Color": {"blue": 18, "black": 11, "light-blue": 4, "navy": 4, "unknown": 3, "charcoal-gray": 2, "copper": 1, "olive": 1}, "gender": {"women": 23, "men": 21}, "category": {"jeans": 44}, "occasion type": {"everyday": 40, "elevated": 4}, "Workindustry": {}, "Age": {}, "neck": {}, "arms": {}, "waist": {}, "stomach": {}, "shoulder": {}, "brand": {"forever21": 14, "AMIRI": 5, "J BRAND": 3, "Louis Philippe": 3, "R13": 3, "all online store": 3, "DENHAM": 2, "yours clothing": 2, "AGOLDE": 1, "ALEXANDER WANG": 1, "FAITH CONNEXION": 1, "FRAME DENIM": 1, "GRLFRND": 1, "MOTHER": 1, "RAG & BONE/JEAN": 1, "TRAVE": 1, "asos": 1}, "sub_brand": {"forever21": 14, "Louis Philippe Jeans": 3}, "Department": {"regular": 38, "plus-size": 4, "maternity": 2}, "activity": {"leisure-holiday": 42, "college-look": 38, "hang-outs": 38, "airport-look": 34, "concert": 4, "date-night": 4, "errands": 4, "girls-night-out": 4, "high-street-look": 4, "adventure-holiday": 3, "work-from-home": 3, "brunch": 2, "social-outing": 2, "unknown": 2, "anniversary": 1, "clubbing": 1, "cocktail-party": 1, "dinner-party": 1, "lounging": 1, "wedding": 1}}, "isFashionQuery": true, "spell_corrected_query": "", "query_without_stopwords": "", "final_query": "", "message": ""}