{"products": [{"title": "Release Combo Lupetto' sheer panel tank top", "gender": "men", "category": "t-shirts", "color": "off-white off-white off-white off-white off-white off-white beige beige beige beige", "product_url": "https://www.lanecrawford.com/pdp/BKW685", "thumbnail_url": ["http://d1q9qhpdr6ehzh.cloudfront.net/05494700278a7fcc60050a4e95e2c56a"], "chatbot_image": "http://media.lanecrawford.com/B/K/W/BKW685_in_xl.jpg,http://media.lanecrawford.com/B/K/W/BKW685_bk_xl.jpg,http://media.lanecrawford.com/B/K/W/BKW685_4_xl.jpg,http://media.lanecrawford.com/B/K/W/BKW685_ro_xl.jpg", "unique_id": "2edd8c675afa40b3ab40d3e474db9d66", "trending_score": "0.0", "price": 2400.0, "discounted_price": 2400.0, "currency": "HKD", "product_code": "BKW685", "affinity_score": 0.0, "brand": "RICK OWENS", "store": "v_lane_crawford", "streamoid_urls": null}, {"title": "Lace-Trim Henley Tank Top", "gender": "women", "category": "t-shirts", "color": "lavender lavender lavender lavender lavender lavender baby pink baby pink baby pink baby pink", "product_url": "https://www.forever21.in/p/lace-trim-henley-tank-top-324066.html", "thumbnail_url": ["http://d1q9qhpdr6ehzh.cloudfront.net/d3502fb57b950571a9cef42caa2e739a"], "chatbot_image": "https://forever21.imgix.net/img/app/product/3/324066-1521648-large.jpg,https://forever21.imgix.net/img/app/product/3/324066-1521649-large.jpg,https://forever21.imgix.net/img/app/product/3/324066-1521650-large.jpg,https://forever21.imgix.net/img/app/product/3/324066-1521651-large.jpg,https://forever21.imgix.net/img/app/product/3/324066-1521647.jpg", "unique_id": "6cd38331f37d4f338d83d081ac2ebc29", "trending_score": "0.0", "price": 699.0, "discounted_price": 799.0, "currency": "INR", "product_code": "324066", "affinity_score": 0.0, "brand": "forever21", "store": "v_forever21", "streamoid_urls": null}, {"title": "Variegated Stripe Tank Top", "gender": "women", "category": "t-shirts", "color": "multicolor white white white white white white off white off white light gray", "product_url": "https://www.forever21.in/p/variegated-stripe-tank-top-323472.html", "thumbnail_url": ["http://d1q9qhpdr6ehzh.cloudfront.net/1dc6f476287a81f5d11d696b63bb89be"], "chatbot_image": "https://forever21.imgix.net/img/app/product/3/323472-1610780-large.jpg,https://forever21.imgix.net/img/app/product/3/323472-1610781-large.jpg,https://forever21.imgix.net/img/app/product/3/323472-1610782-large.jpg,https://forever21.imgix.net/img/app/product/3/323472-1610783-large.jpg,https://forever21.imgix.net/img/app/product/3/323472-1610779.jpg", "unique_id": "7a2543f6bc4b45588fb5f53e30576d74", "trending_score": "0.0", "price": 799.0, "discounted_price": 799.0, "currency": "INR", "product_code": "323472", "affinity_score": 0.0, "brand": "forever21", "store": "v_forever21", "streamoid_urls": null}, {"title": "Scoop Neck Tank Top", "gender": "women", "category": "t-shirts", "color": "black black black black black black black black black black", "product_url": "https://www.forever21.in/p/scoop-neck-tank-top-323142.html", "thumbnail_url": ["http://d1q9qhpdr6ehzh.cloudfront.net/7e3d34718debfb32fad3363c364a663c"], "chatbot_image": "https://forever21.imgix.net/img/app/product/3/323142-1608349-large.jpg,https://forever21.imgix.net/img/app/product/3/323142-1608350-large.jpg,https://forever21.imgix.net/img/app/product/3/323142-1608351-large.jpg,https://forever21.imgix.net/img/app/product/3/323142-1608352-large.jpg,https://forever21.imgix.net/img/app/product/3/323142-1608348.jpg", "unique_id": "214d73ae8d824895971d8c560ca52d72", "trending_score": "0.0", "price": 399.0, "discounted_price": 499.0, "currency": "INR", "product_code": "323142", "affinity_score": 0.0, "brand": "forever21", "store": "v_forever21", "streamoid_urls": null}, {"title": "Lace-Trim Henley Tank Top", "gender": "women", "category": "t-shirts", "color": "mustard mustard mustard mustard mustard mustard champagne champagne champagne camel", "product_url": "https://www.forever21.in/p/lace-trim-henley-tank-top-324019.html", "thumbnail_url": ["http://d1q9qhpdr6ehzh.cloudfront.net/6e407ccff49c96abc986fd69f8e8f2a4"], "chatbot_image": "https://forever21.imgix.net/img/app/product/3/324019-1521496-large.jpg,https://forever21.imgix.net/img/app/product/3/324019-1521497-large.jpg,https://forever21.imgix.net/img/app/product/3/324019-1521498-large.jpg,https://forever21.imgix.net/img/app/product/3/324019-1521499-large.jpg,https://forever21.imgix.net/img/app/product/3/324019-1521495.jpg", "unique_id": "d38c19dd3e364dfc96a60be2753ae42e", "trending_score": "0.0", "price": 699.0, "discounted_price": 799.0, "currency": "INR", "product_code": "324019", "affinity_score": 0.0, "brand": "forever21", "store": "v_forever21", "streamoid_urls": null}, {"title": "Stripe trim knit racerback tank top", "gender": "women", "category": "t-shirts", "color": "red red red red red red post box red post box red post box red post box red", "product_url": "https://www.lanecrawford.com/pdp/ARL673", "thumbnail_url": ["http://d1q9qhpdr6ehzh.cloudfront.net/596305edccfb24faf1196e483a15d408"], "chatbot_image": "http://media.lanecrawford.com/A/R/L/ARL673_in_xl.jpg,http://media.lanecrawford.com/A/R/L/ARL673_bk_xl.jpg,http://media.lanecrawford.com/A/R/L/ARL673_4_xl.jpg,http://media.lanecrawford.com/A/R/L/ARL673_ro_xl.jpg", "unique_id": "049a427aa9454cb4be7e1e1dbcf7b697", "trending_score": "0.0", "price": 1900.0, "discounted_price": 570.0, "currency": "HKD", "product_code": "ARL673", "affinity_score": 0.0, "brand": "NAGNATA", "store": "v_lane_crawford", "streamoid_urls": null}, {"title": "Ribbed Knit Halter Top", "gender": "women", "category": "t-shirts", "color": "mustard mustard mustard mustard mustard mustard camel camel camel camel", "product_url": "https://www.forever21.in/p/ribbed-knit-halter-top-324279.html", "thumbnail_url": ["http://d1q9qhpdr6ehzh.cloudfront.net/f27ff31519baf90ffa9a78cb65c608d1"], "chatbot_image": "https://forever21.imgix.net/img/app/product/3/324279-1522311-large.jpg,https://forever21.imgix.net/img/app/product/3/324279-1522312-large.jpg,https://forever21.imgix.net/img/app/product/3/324279-1522313-large.jpg,https://forever21.imgix.net/img/app/product/3/324279-1522314-large.jpg,https://forever21.imgix.net/img/app/product/3/324279-1522315-large.jpg,https://forever21.imgix.net/img/app/product/3/324279-1522310.jpg", "unique_id": "2e6d0cdadbd7432387b3cef372d5852e", "trending_score": "0.0", "price": 899.0, "discounted_price": 899.0, "currency": "INR", "product_code": "324279", "affinity_score": 0.0, "brand": "forever21", "store": "v_forever21", "streamoid_urls": null}, {"title": "Stretch-Knit Racerback Tank Top", "gender": "women", "category": "t-shirts", "color": "multicolor light-gray light-gray light-gray light-gray light-gray light-gray powder blue powder blue gray", "product_url": "https://www.forever21.in/p/stretch-knit-racerback-tank-top-323146.html", "thumbnail_url": ["http://d1q9qhpdr6ehzh.cloudfront.net/b7e5e5b23c30b942c22459401cbac334"], "chatbot_image": "https://forever21.imgix.net/img/app/product/3/323146-1613226-large.jpg,https://forever21.imgix.net/img/app/product/3/323146-1613227-large.jpg,https://forever21.imgix.net/img/app/product/3/323146-1613228-large.jpg,https://forever21.imgix.net/img/app/product/3/323146-1613229-large.jpg,https://forever21.imgix.net/img/app/product/3/323146-1613225.jpg", "unique_id": "f8362e3505544232ae619a18b2f99b1c", "trending_score": "0.0", "price": 599.0, "discounted_price": 599.0, "currency": "INR", "product_code": "323146", "affinity_score": 0.0, "brand": "forever21", "store": "v_forever21", "streamoid_urls": null}, {"title": "Textured Crisscross Crop Top", "gender": "women", "category": "t-shirts", "color": "black black black black black black black black black black", "product_url": "https://www.forever21.in/p/textured-crisscross-crop-top-323147.html", "thumbnail_url": ["http://d1q9qhpdr6ehzh.cloudfront.net/bfd75b479d82edf0980f4ac1b888da73"], "chatbot_image": "https://forever21.imgix.net/img/app/product/3/323147-1614537-large.jpg,https://forever21.imgix.net/img/app/product/3/323147-1614538-large.jpg,https://forever21.imgix.net/img/app/product/3/323147-1614539-large.jpg,https://forever21.imgix.net/img/app/product/3/323147-1614540-large.jpg,https://forever21.imgix.net/img/app/product/3/323147-1614536.jpg", "unique_id": "3ff92352b41f4065aebeb848c519cfa4", "trending_score": "0.0", "price": 1049.0, "discounted_price": 630.0, "currency": "INR", "product_code": "323147", "affinity_score": 0.0, "brand": "forever21", "store": "v_forever21", "streamoid_urls": null}, {"title": "Stretch-Knit Racerback Tank Top", "gender": "women", "category": "t-shirts", "color": "yellow yellow yellow yellow yellow yellow gold gold gold gold", "product_url": "https://www.forever21.in/p/stretch-knit-racerback-tank-top-323193.html", "thumbnail_url": ["http://d1q9qhpdr6ehzh.cloudfront.net/58c42594766be8beb7ee7f8bf09aaf13"], "chatbot_image": "https://forever21.imgix.net/img/app/product/3/323193-1613231-large.jpg,https://forever21.imgix.net/img/app/product/3/323193-1613232-large.jpg,https://forever21.imgix.net/img/app/product/3/323193-1613233-large.jpg,https://forever21.imgix.net/img/app/product/3/323193-1613234-large.jpg,https://forever21.imgix.net/img/app/product/3/323193-1613230.jpg", "unique_id": "6e1533d8034b42b8964989b80ef41d86", "trending_score": "0.0", "price": 599.0, "discounted_price": 599.0, "currency": "INR", "product_code": "323193", "affinity_score": 0.0, "brand": "forever21", "store": "v_forever21", "streamoid_urls": null}, {"title": "Hey Graphic Tank Top", "gender": "women", "category": "t-shirts", "color": "black black black black black black black black black black", "product_url": "https://www.forever21.in/p/hey-graphic-tank-top-322958.html", "thumbnail_url": ["http://d1q9qhpdr6ehzh.cloudfront.net/a9e3f5fabdcbcaf45ca83934d412d520"], "chatbot_image": "https://forever21.imgix.net/img/app/product/3/322958-1602762-large.jpg,https://forever21.imgix.net/img/app/product/3/322958-1602763-large.jpg,https://forever21.imgix.net/img/app/product/3/322958-1602765-large.jpg,https://forever21.imgix.net/img/app/product/3/322958-1602767-large.jpg,https://forever21.imgix.net/img/app/product/3/322958-1602761.jpg", "unique_id": "d746aacc8f3a49dca1b891537c5f6cd4", "trending_score": "0.0", "price": 749.0, "discounted_price": 749.0, "currency": "INR", "product_code": "322958", "affinity_score": 0.0, "brand": "forever21", "store": "v_forever21", "streamoid_urls": null}, {"title": "Stretch-Knit Racerback Tank Top", "gender": "women", "category": "t-shirts", "color": "pink pink pink pink pink pink pearl pearl pearl pearl", "product_url": "https://www.forever21.in/p/stretch-knit-racerback-tank-top-323240.html", "thumbnail_url": ["http://d1q9qhpdr6ehzh.cloudfront.net/e88bab13c43d4cb7ea816d4deeeafef0"], "chatbot_image": "https://forever21.imgix.net/img/app/product/3/323240-1613236-large.jpg,https://forever21.imgix.net/img/app/product/3/323240-1613237-large.jpg,https://forever21.imgix.net/img/app/product/3/323240-1613238-large.jpg,https://forever21.imgix.net/img/app/product/3/323240-1613239-large.jpg,https://forever21.imgix.net/img/app/product/3/323240-1613235.jpg", "unique_id": "6114ead74046497aa845bcc11e73d9d5", "trending_score": "0.0", "price": 599.0, "discounted_price": 599.0, "currency": "INR", "product_code": "323240", "affinity_score": 0.0, "brand": "forever21", "store": "v_forever21", "streamoid_urls": null}, {"title": "Honey Graphic Tank Top", "gender": "women", "category": "t-shirts", "color": "white white white white white white off white off white off white off white", "product_url": "https://www.forever21.in/p/honey-graphic-tank-top-323957.html", "thumbnail_url": ["http://d1q9qhpdr6ehzh.cloudfront.net/b75c38b48bbe926d551c2e94995f0f6b"], "chatbot_image": "https://forever21.imgix.net/img/app/product/3/323957-1521270-large.jpg,https://forever21.imgix.net/img/app/product/3/323957-1521271-large.jpg,https://forever21.imgix.net/img/app/product/3/323957-1521272-large.jpg,https://forever21.imgix.net/img/app/product/3/323957-1521273-large.jpg,https://forever21.imgix.net/img/app/product/3/323957-1521274-large.jpg,https://forever21.imgix.net/img/app/product/3/323957-1521269.jpg", "unique_id": "2a73c9470d6b4a7a9c13ca38501a961e", "trending_score": "0.0", "price": 699.0, "discounted_price": 320.0, "currency": "INR", "product_code": "323957", "affinity_score": 0.0, "brand": "forever21", "store": "v_forever21", "streamoid_urls": null}, {"title": "Lace-Trim Henley Tank Top", "gender": "women", "category": "t-shirts", "color": "olive olive olive olive olive olive champagne champagne champagne champagne", "product_url": "https://www.forever21.in/p/lace-trim-henley-tank-top-323972.html", "thumbnail_url": ["http://d1q9qhpdr6ehzh.cloudfront.net/a24cc9fbb5127687a5804f5509e17374"], "chatbot_image": "https://forever21.imgix.net/img/app/product/3/323972-1521345-large.jpg,https://forever21.imgix.net/img/app/product/3/323972-1521346-large.jpg,https://forever21.imgix.net/img/app/product/3/323972-1521347-large.jpg,https://forever21.imgix.net/img/app/product/3/323972-1521348-large.jpg,https://forever21.imgix.net/img/app/product/3/323972-1521344.jpg", "unique_id": "287c3e56549a4d16a53170bede4debc2", "trending_score": "0.0", "price": 699.0, "discounted_price": 799.0, "currency": "INR", "product_code": "323972", "affinity_score": 0.0, "brand": "forever21", "store": "v_forever21", "streamoid_urls": null}, {"title": "Crochet tank top", "gender": "men", "category": "t-shirts", "color": "off-white off-white off-white off-white off-white off-white off white off white off white light gray", "product_url": "https://www.lanecrawford.com/pdp/AUO892", "thumbnail_url": ["http://d1q9qhpdr6ehzh.cloudfront.net/e5ac540adf6189c19f74f96c568afeb9"], "chatbot_image": "http://media.lanecrawford.com/A/U/O/AUO892_in_xl.jpg,http://media.lanecrawford.com/A/U/O/AUO892_bk_xl.jpg,http://media.lanecrawford.com/A/U/O/AUO892_4_xl.jpg,http://media.lanecrawford.com/A/U/O/AUO892_ro_xl.jpg", "unique_id": "0497f481be3040a29bcf4540f20abbba", "trending_score": "0.0", "price": 5100.0, "discounted_price": 5100.0, "currency": "HKD", "product_code": "AUO892", "affinity_score": 0.0, "brand": "AMIRI", "store": "v_lane_crawford", "streamoid_urls": null}, {"title": "Active Ombre Racerback Tank Top", "gender": "women", "category": "t-shirts", "color": "multicolor blue blue blue blue blue blue sky blue sky blue sky blue", "product_url": "https://www.forever21.in/p/active-ombre-racerback-tank-top-324437.html", "thumbnail_url": ["http://d1q9qhpdr6ehzh.cloudfront.net/33a14edeedc94d238ecc57934c0350ce"], "chatbot_image": "https://forever21.imgix.net/img/app/product/3/324437-1618410-large.jpg,https://forever21.imgix.net/img/app/product/3/324437-1618411-large.jpg,https://forever21.imgix.net/img/app/product/3/324437-1618412-large.jpg,https://forever21.imgix.net/img/app/product/3/324437-1618413-large.jpg,https://forever21.imgix.net/img/app/product/3/324437-1618409.jpg", "unique_id": "6aa9248c038a4adeacfe961d94bc4aea", "trending_score": "0.0", "price": 1049.0, "discounted_price": 525.0, "currency": "INR", "product_code": "324437", "affinity_score": 0.0, "brand": "forever21", "store": "v_forever21", "streamoid_urls": null}, {"title": "t-shirts", "gender": "women", "category": "t-shirts", "color": "light-gray light-gray light-gray light-gray light-gray light-gray light gray light gray light gray light gray", "product_url": "https://alicdn.com", "thumbnail_url": ["http://d1q9qhpdr6ehzh.cloudfront.net/thumbnail/c4292ce125ba80dc2c1b04dce48c7f81"], "chatbot_image": null, "unique_id": "2af92dd7205b42f5aeb38bebac688e69", "trending_score": "0.0", "price": 100.0, "discounted_price": 0.0, "currency": "INR", "product_code": "5249", "affinity_score": 0.0, "brand": "yours clothing", "store": "v_website_demo", "streamoid_urls": null}, {"title": "Flamingo Patch Tank Top", "gender": "men", "category": "t-shirts", "color": "nude nude nude nude nude nude baby pink baby pink baby pink baby pink", "product_url": "https://www.forever21.in/p/flamingo-patch-tank-top-322953.html", "thumbnail_url": ["http://d1q9qhpdr6ehzh.cloudfront.net/2a8d297e9220f23c82c0d9d142223f68"], "chatbot_image": "https://forever21.imgix.net/img/app/product/3/322953-1637850-large.jpg,https://forever21.imgix.net/img/app/product/3/322953-1637851-large.jpg,https://forever21.imgix.net/img/app/product/3/322953-1637852-large.jpg,https://forever21.imgix.net/img/app/product/3/322953-1637853-large.jpg,https://forever21.imgix.net/img/app/product/3/322953-1637854-large.jpg,https://forever21.imgix.net/img/app/product/3/322953-1637849.jpg", "unique_id": "bc94e922eb184131910b00703744c29f", "trending_score": "0.0", "price": 749.0, "discounted_price": 749.0, "currency": "INR", "product_code": "322953", "affinity_score": 0.0, "brand": "forever21", "store": "v_forever21", "streamoid_urls": null}, {"title": "Asymmetric cutout back rib knit tank top", "gender": "women", "category": "t-shirts", "color": "black black black black black black black black black black", "product_url": "https://www.lanecrawford.com/pdp/ARO553", "thumbnail_url": ["http://d1q9qhpdr6ehzh.cloudfront.net/453497a35da1959b76b16cd8a734932c"], "chatbot_image": "http://media.lanecrawford.com/A/R/O/ARO553_in_xl.jpg,http://media.lanecrawford.com/A/R/O/ARO553_bk_xl.jpg,http://media.lanecrawford.com/A/R/O/ARO553_4_xl.jpg,http://media.lanecrawford.com/A/R/O/ARO553_ro_xl.jpg", "unique_id": "035b10e4d7a94685ab1fe5018e365aed", "trending_score": "0.0", "price": 1850.0, "discounted_price": 740.0, "currency": "HKD", "product_code": "ARO553", "affinity_score": 0.0, "brand": "HELMUT LANG", "store": "v_lane_crawford", "streamoid_urls": null}, {"title": "Drop needle knit tank top", "gender": "women", "category": "t-shirts", "color": "black black black black black black black black black black", "product_url": "https://www.lanecrawford.com.cn/pdp/ARA846", "thumbnail_url": ["http://d1q9qhpdr6ehzh.cloudfront.net/69ec85a7917054ecc6e8bf115bedc3fc"], "chatbot_image": "http://media.lanecrawford.com.cn/A/R/A/ARA846_in_xl.jpg,http://media.lanecrawford.com.cn/A/R/A/ARA846_bk_xl.jpg,http://media.lanecrawford.com.cn/A/R/A/ARA846_4_xl.jpg,http://media.lanecrawford.com.cn/A/R/A/ARA846_ro_xl.jpg", "unique_id": "3b5c8a84e6324c97b8caed4fae526901", "trending_score": "0.0", "price": 2300.0, "discounted_price": 2300.0, "currency": "RMB", "product_code": "ARA846", "affinity_score": 0.0, "brand": "THEORY", "store": "v_lane_crawford", "streamoid_urls": null}, {"title": "Sweater-Knit Tank Top", "gender": "women", "category": "t-shirts", "color": "mauve mauve mauve mauve mauve mauve peach peach peach peach", "product_url": "https://www.forever21.in/p/sweater-knit-tank-top-324428.html", "thumbnail_url": ["http://d1q9qhpdr6ehzh.cloudfront.net/74ffa7113f6e1eca2011a36adb14ba8f"], "chatbot_image": "https://forever21.imgix.net/img/app/product/3/324428-1607196-large.jpg,https://forever21.imgix.net/img/app/product/3/324428-1607197-large.jpg,https://forever21.imgix.net/img/app/product/3/324428-1607198-large.jpg,https://forever21.imgix.net/img/app/product/3/324428-1607199-large.jpg,https://forever21.imgix.net/img/app/product/3/324428-1607195.jpg", "unique_id": "40dff5a54694436191e0f6c36938c591", "trending_score": "0.0", "price": 1049.0, "discounted_price": 1049.0, "currency": "INR", "product_code": "324428", "affinity_score": 0.0, "brand": "forever21", "store": "v_forever21", "streamoid_urls": null}, {"title": "Checked seersucker crop cardigan", "gender": "women", "category": "unknown", "color": "multicolor blue blue blue blue blue blue powder blue powder blue powder blue", "product_url": "https://www.lanecrawford.com/pdp/AVK536", "thumbnail_url": ["http://d1q9qhpdr6ehzh.cloudfront.net/7e772cb14ee0ef33af7fda21aadd260e"], "chatbot_image": "http://media.lanecrawford.com/A/V/K/AVK536_in_xl.jpg,http://media.lanecrawford.com/A/V/K/AVK536_bk_xl.jpg,http://media.lanecrawford.com/A/V/K/AVK536_4_xl.jpg,http://media.lanecrawford.com/A/V/K/AVK536_ro_xl.jpg", "unique_id": "08ddc5d3c15346889cba76982e3322d8", "trending_score": "0.0", "price": 1500.0, "discounted_price": 1500.0, "currency": "HKD", "product_code": "AVK536", "affinity_score": 0.0, "brand": "LISA MARIE FERNANDEZ", "store": "v_lane_crawford", "streamoid_urls": null}, {"title": "Active Mesh Racerback Tank Top", "gender": "women", "category": "t-shirts", "color": "maroon maroon maroon maroon maroon maroon wine wine wine wine", "product_url": "https://www.forever21.in/p/active-mesh-racerback-tank-top-324353.html", "thumbnail_url": ["http://d1q9qhpdr6ehzh.cloudfront.net/98bb6d44bfc2e37b233deba53ed97da5"], "chatbot_image": "https://forever21.imgix.net/img/app/product/3/324353-1626304-large.jpg,https://forever21.imgix.net/img/app/product/3/324353-1626305-large.jpg,https://forever21.imgix.net/img/app/product/3/324353-1626306-large.jpg,https://forever21.imgix.net/img/app/product/3/324353-1626307-large.jpg,https://forever21.imgix.net/img/app/product/3/324353-1626303.jpg", "unique_id": "70c5f91eeab3410a9494522123679866", "trending_score": "0.0", "price": 949.0, "discounted_price": 949.0, "currency": "INR", "product_code": "324353", "affinity_score": 0.0, "brand": "forever21", "store": "v_forever21", "streamoid_urls": null}, {"title": "Active Striped Tank Top", "gender": "women", "category": "t-shirts", "color": "multicolor multi multi multi multi multi multi black black charcoal gray", "product_url": "https://www.forever21.in/p/active-striped-tank-top-324397.html", "thumbnail_url": ["http://d1q9qhpdr6ehzh.cloudfront.net/f2237dacaefd00f05c51fc700841b407"], "chatbot_image": "https://forever21.imgix.net/img/app/product/3/324397-1624048-large.jpg,https://forever21.imgix.net/img/app/product/3/324397-1624049-large.jpg,https://forever21.imgix.net/img/app/product/3/324397-1624050-large.jpg,https://forever21.imgix.net/img/app/product/3/324397-1624051-large.jpg,https://forever21.imgix.net/img/app/product/3/324397-1624047.jpg", "unique_id": "8382cdffbf81402d9c331c94808332ae", "trending_score": "0.0", "price": 749.0, "discounted_price": 749.0, "currency": "INR", "product_code": "324397", "affinity_score": 0.0, "brand": "forever21", "store": "v_forever21", "streamoid_urls": null}, {"title": "Bird Print Cotton Tank", "gender": "men", "category": "t-shirts", "color": "white white white white white white off white off white off white white", "product_url": "https://www.forever21.in/p/bird-print-cotton-tank-324185.html", "thumbnail_url": ["http://d1q9qhpdr6ehzh.cloudfront.net/f9eda93aab6db8876fea913ad1519271"], "chatbot_image": "https://forever21.imgix.net/img/app/product/3/324185-1639096-large.jpg,https://forever21.imgix.net/img/app/product/3/324185-1639097-large.jpg,https://forever21.imgix.net/img/app/product/3/324185-1639098-large.jpg,https://forever21.imgix.net/img/app/product/3/324185-1639099-large.jpg,https://forever21.imgix.net/img/app/product/3/324185-1639100-large.jpg,https://forever21.imgix.net/img/app/product/3/324185-1639095.jpg", "unique_id": "fe775b31b8c94f85ba0971f8bbe3f663", "trending_score": "0.0", "price": 1009.0, "discounted_price": 1009.0, "currency": "INR", "product_code": "324185", "affinity_score": 0.0, "brand": "forever21", "store": "v_forever21", "streamoid_urls": null}, {"title": "Active Cutout Tank Top", "gender": "women", "category": "t-shirts", "color": "charcoal-gray charcoal-gray charcoal-gray charcoal-gray charcoal-gray charcoal-gray slate gray slate gray slate gray", "product_url": "https://www.forever21.in/p/active-cutout-tank-top-323474.html", "thumbnail_url": ["http://d1q9qhpdr6ehzh.cloudfront.net/80b21aabed5693e6afc1145fefaa2680"], "chatbot_image": "https://forever21.imgix.net/img/app/product/3/323474-1613261-large.jpg,https://forever21.imgix.net/img/app/product/3/323474-1613262-large.jpg,https://forever21.imgix.net/img/app/product/3/323474-1613263-large.jpg,https://forever21.imgix.net/img/app/product/3/323474-1613264-large.jpg,https://forever21.imgix.net/img/app/product/3/323474-1613260.jpg", "unique_id": "6b94c844c9f14f56836bb3ca530dc1c7", "trending_score": "0.0", "price": 999.0, "discounted_price": 999.0, "currency": "INR", "product_code": "323474", "affinity_score": 0.0, "brand": "forever21", "store": "v_forever21", "streamoid_urls": null}, {"title": "Tank Top", "gender": "women", "category": "t-shirts", "color": "white white white white white white pearl pearl pearl white", "product_url": "https://www.vanheusenintimates.com/p/tank-top-364695.html", "thumbnail_url": ["http://d1q9qhpdr6ehzh.cloudfront.net/ef2e0266db66f5f9b0b74a41eb7c0438"], "chatbot_image": "https://assets.abfrlcdn.com/img/app/product/3/364695-1842003-large.jpg,https://assets.abfrlcdn.com/img/app/product/3/364695-1842005-large.jpg,https://assets.abfrlcdn.com/img/app/product/3/364695-1842002-large.jpg,https://assets.abfrlcdn.com/img/app/product/3/364695-1842004.jpg", "unique_id": "e98aad0c270f4230b710f8cb6f40ff9e", "trending_score": "0.0", "price": 299.0, "discounted_price": 299.0, "currency": "INR", "product_code": "364695", "affinity_score": 0.0, "brand": "VH Woman", "store": "v_vanheusen_intimates", "streamoid_urls": null}, {"title": "Racerback Tank Top", "gender": "women", "category": "t-shirts", "color": "navy navy navy navy navy navy navy navy navy navy", "product_url": "https://www.vanheusenintimates.com/p/racerback-tank-top-364703.html", "thumbnail_url": ["http://d1q9qhpdr6ehzh.cloudfront.net/ba800778a46f816f2fc73a382eb239c4"], "chatbot_image": "https://assets.abfrlcdn.com/img/app/product/3/364703-1842035-large.jpg,https://assets.abfrlcdn.com/img/app/product/3/364703-1842037-large.jpg,https://assets.abfrlcdn.com/img/app/product/3/364703-1842034-large.jpg,https://assets.abfrlcdn.com/img/app/product/3/364703-1842036.jpg", "unique_id": "defcb3ef61c44fc19220905da88da6bd", "trending_score": "0.0", "price": 289.0, "discounted_price": 289.0, "currency": "INR", "product_code": "364703", "affinity_score": 0.0, "brand": "VH Woman", "store": "v_vanheusen_intimates", "streamoid_urls": null}, {"title": "Tank Top", "gender": "women", "category": "t-shirts", "color": "nude nude nude nude nude nude tan tan tan tan", "product_url": "https://www.vanheusenintimates.com/p/tank-top-364697.html", "thumbnail_url": ["http://d1q9qhpdr6ehzh.cloudfront.net/9d7320f90b2e030c43170af06240d609"], "chatbot_image": "https://assets.abfrlcdn.com/img/app/product/3/364697-1842011-large.jpg,https://assets.abfrlcdn.com/img/app/product/3/364697-1842013-large.jpg,https://assets.abfrlcdn.com/img/app/product/3/364697-1842010-large.jpg,https://assets.abfrlcdn.com/img/app/product/3/364697-1842012.jpg", "unique_id": "6d2d2059711243f1b49a9f511f0798b7", "trending_score": "0.0", "price": 299.0, "discounted_price": 299.0, "currency": "INR", "product_code": "364697", "affinity_score": 0.0, "brand": "VH Woman", "store": "v_vanheusen_intimates", "streamoid_urls": null}, {"title": "Tank Top", "gender": "women", "category": "t-shirts", "color": "black black black black black black black black black black", "product_url": "https://www.vanheusenintimates.com/p/tank-top-364699.html", "thumbnail_url": ["http://d1q9qhpdr6ehzh.cloudfront.net/88f05a0a567202504802cd5b89246d69"], "chatbot_image": "https://assets.abfrlcdn.com/img/app/product/3/364699-1842018-large.jpg,https://assets.abfrlcdn.com/img/app/product/3/364699-1842020-large.jpg,https://assets.abfrlcdn.com/img/app/product/3/364699-1842021-large.jpg,https://assets.abfrlcdn.com/img/app/product/3/364699-1842019.jpg", "unique_id": "247a5d5033bb47f7a7b93ea4bc867f11", "trending_score": "0.0", "price": 299.0, "discounted_price": 299.0, "currency": "INR", "product_code": "364699", "affinity_score": 0.0, "brand": "VH Woman", "store": "v_vanheusen_intimates", "streamoid_urls": null}, {"title": "Tank Top", "gender": "women", "category": "t-shirts", "color": "white white white white white white light gray light gray light gray light gray", "product_url": "https://www.vanheusenintimates.com/p/tank-top-364696.html", "thumbnail_url": ["http://d1q9qhpdr6ehzh.cloudfront.net/4c446f667378c1d87734031355acf359"], "chatbot_image": "https://assets.abfrlcdn.com/img/app/product/3/364696-1842006-large.jpg,https://assets.abfrlcdn.com/img/app/product/3/364696-1842008-large.jpg,https://assets.abfrlcdn.com/img/app/product/3/364696-1842009-large.jpg,https://assets.abfrlcdn.com/img/app/product/3/364696-1842007.jpg", "unique_id": "38b65c2f798640e0acb9d3a4745170cb", "trending_score": "0.0", "price": 299.0, "discounted_price": 299.0, "currency": "INR", "product_code": "364696", "affinity_score": 0.0, "brand": "VH Woman", "store": "v_vanheusen_intimates", "streamoid_urls": null}, {"title": "Racerback Tank Top", "gender": "women", "category": "t-shirts", "color": "white white white white white white light gray light gray light gray light gray", "product_url": "https://www.vanheusenintimates.com/p/racerback-tank-top-364702.html", "thumbnail_url": ["http://d1q9qhpdr6ehzh.cloudfront.net/ac51afc3373f9548f9db8251c9be186d"], "chatbot_image": "https://assets.abfrlcdn.com/img/app/product/3/364702-1842032-large.jpg,https://assets.abfrlcdn.com/img/app/product/3/364702-1842030-large.jpg,https://assets.abfrlcdn.com/img/app/product/3/364702-1842031-large.jpg,https://assets.abfrlcdn.com/img/app/product/3/364702-1842033.jpg", "unique_id": "75a7569607384e09874838cf43bf2108", "trending_score": "0.0", "price": 289.0, "discounted_price": 289.0, "currency": "INR", "product_code": "364702", "affinity_score": 0.0, "brand": "VH Woman", "store": "v_vanheusen_intimates", "streamoid_urls": null}, {"title": "That&amp;#039;s Okay Graphic PJ Tank", "gender": "women", "category": "t-shirts", "color": "light-gray light-gray light-gray light-gray light-gray light-gray gray gray gray gray", "product_url": "https://www.forever21.in/p/that039s-okay-graphic-pj-tank-323106.html", "thumbnail_url": ["http://d1q9qhpdr6ehzh.cloudfront.net/260c7426cc158ccb554a9b56a1ee78c2"], "chatbot_image": "https://forever21.imgix.net/img/app/product/3/323106-1619405-large.jpg,https://forever21.imgix.net/img/app/product/3/323106-1619406-large.jpg,https://forever21.imgix.net/img/app/product/3/323106-1619407-large.jpg,https://forever21.imgix.net/img/app/product/3/323106-1619408-large.jpg,https://forever21.imgix.net/img/app/product/3/323106-1619409-large.jpg,https://forever21.imgix.net/img/app/product/3/323106-1619404.jpg", "unique_id": "b2a05a368bd34adea1ef86b773454915", "trending_score": "0.0", "price": 799.0, "discounted_price": 799.0, "currency": "INR", "product_code": "323106", "affinity_score": 0.0, "brand": "forever21", "store": "v_forever21", "streamoid_urls": null}, {"title": "Racerback Tank Top", "gender": "women", "category": "t-shirts", "color": "white white white white white white pearl pearl pearl pearl", "product_url": "https://www.vanheusenintimates.com/p/racerback-tank-top-364700.html", "thumbnail_url": ["http://d1q9qhpdr6ehzh.cloudfront.net/4a7c6d59685f6101b764f9ffd5fc3782"], "chatbot_image": "https://assets.abfrlcdn.com/img/app/product/3/364700-1842023-large.jpg,https://assets.abfrlcdn.com/img/app/product/3/364700-1842025-large.jpg,https://assets.abfrlcdn.com/img/app/product/3/364700-1842022-large.jpg,https://assets.abfrlcdn.com/img/app/product/3/364700-1842024.jpg", "unique_id": "a3ea3d2de6c54ad7b339a8eb71325f07", "trending_score": "0.0", "price": 289.0, "discounted_price": 289.0, "currency": "INR", "product_code": "364700", "affinity_score": 0.0, "brand": "VH Woman", "store": "v_vanheusen_intimates", "streamoid_urls": null}, {"title": "Racerback Tank Top", "gender": "women", "category": "t-shirts", "color": "black black black black black black black black black black", "product_url": "https://www.vanheusenintimates.com/p/racerback-tank-top-364705.html", "thumbnail_url": ["http://d1q9qhpdr6ehzh.cloudfront.net/5355072da3af8bd09dc7f50a8803a718"], "chatbot_image": "https://assets.abfrlcdn.com/img/app/product/3/364705-1842043-large.jpg,https://assets.abfrlcdn.com/img/app/product/3/364705-1842045-large.jpg,https://assets.abfrlcdn.com/img/app/product/3/364705-1842042-large.jpg,https://assets.abfrlcdn.com/img/app/product/3/364705-1842044.jpg", "unique_id": "8b07a838376a425eb2425916c7db097c", "trending_score": "0.0", "price": 289.0, "discounted_price": 289.0, "currency": "INR", "product_code": "364705", "affinity_score": 0.0, "brand": "VH Woman", "store": "v_vanheusen_intimates", "streamoid_urls": null}, {"title": "Racerback Tank Top", "gender": "women", "category": "t-shirts", "color": "charcoal-gray charcoal-gray charcoal-gray charcoal-gray charcoal-gray charcoal-gray charcoal gray charcoal gray charcoal gray charcoal gray", "product_url": "https://www.vanheusenintimates.com/p/racerback-tank-top-364701.html", "thumbnail_url": ["http://d1q9qhpdr6ehzh.cloudfront.net/82e876ef54857f07517c000a731c8bc0"], "chatbot_image": "https://assets.abfrlcdn.com/img/app/product/3/364701-1842027-large.jpg,https://assets.abfrlcdn.com/img/app/product/3/364701-1842029-large.jpg,https://assets.abfrlcdn.com/img/app/product/3/364701-1842026-large.jpg,https://assets.abfrlcdn.com/img/app/product/3/364701-1842028.jpg", "unique_id": "dc38c02fc4c649cd8fcbbb1c1ca0b70f", "trending_score": "0.0", "price": 289.0, "discounted_price": 289.0, "currency": "INR", "product_code": "364701", "affinity_score": 0.0, "brand": "VH Woman", "store": "v_vanheusen_intimates", "streamoid_urls": null}, {"title": "Racerback Tank Top", "gender": "women", "category": "t-shirts", "color": "red red red red red red coral coral coral coral", "product_url": "https://www.vanheusenintimates.com/p/racerback-tank-top-364704.html", "thumbnail_url": ["http://d1q9qhpdr6ehzh.cloudfront.net/0650dfda9375bb3948e850072cd2760b"], "chatbot_image": "https://assets.abfrlcdn.com/img/app/product/3/364704-1842039-large.jpg,https://assets.abfrlcdn.com/img/app/product/3/364704-1842041-large.jpg,https://assets.abfrlcdn.com/img/app/product/3/364704-1842038-large.jpg,https://assets.abfrlcdn.com/img/app/product/3/364704-1842040.jpg", "unique_id": "253bbe4222db4a6d969a8722a09f6fb7", "trending_score": "0.0", "price": 289.0, "discounted_price": 289.0, "currency": "INR", "product_code": "364704", "affinity_score": 0.0, "brand": "VH Woman", "store": "v_vanheusen_intimates", "streamoid_urls": null}, {"title": "Tank Top", "gender": "women", "category": "t-shirts", "color": "navy navy navy navy navy navy navy navy navy navy", "product_url": "https://www.vanheusenintimates.com/p/tank-top-364698.html", "thumbnail_url": ["http://d1q9qhpdr6ehzh.cloudfront.net/028c629dadc5895247d699b00163466d"], "chatbot_image": "https://assets.abfrlcdn.com/img/app/product/3/364698-1842016-large.jpg,https://assets.abfrlcdn.com/img/app/product/3/364698-1842014-large.jpg,https://assets.abfrlcdn.com/img/app/product/3/364698-1842015-large.jpg,https://assets.abfrlcdn.com/img/app/product/3/364698-1842017.jpg", "unique_id": "5e751d9fc2ce45e387a96f67e226780a", "trending_score": "0.0", "price": 299.0, "discounted_price": 299.0, "currency": "INR", "product_code": "364698", "affinity_score": 0.0, "brand": "VH Woman", "store": "v_vanheusen_intimates", "streamoid_urls": null}, {"title": "Organic cotton vest", "gender": "women", "category": "t-shirts", "color": "light-gray light-gray light-gray light-gray light-gray light-gray silver silver silver silver", "product_url": "https://www.lanecrawford.com/pdp/AVK472", "thumbnail_url": ["http://d1q9qhpdr6ehzh.cloudfront.net/4e83764a1699428cb2831c7d53b9b468"], "chatbot_image": "http://media.lanecrawford.com/A/V/K/AVK472_in_xl.jpg,http://media.lanecrawford.com/A/V/K/AVK472_bk_xl.jpg,http://media.lanecrawford.com/A/V/K/AVK472_4_xl.jpg,http://media.lanecrawford.com/A/V/K/AVK472_ro_xl.jpg", "unique_id": "481f15b1f10f48a0b20a3687764674bf", "trending_score": "0.0", "price": 300.0, "discounted_price": 300.0, "currency": "HKD", "product_code": "AVK472", "affinity_score": 0.0, "brand": "NINETY PERCENT", "store": "v_lane_crawford", "streamoid_urls": null}, {"title": "Racerback Tank Top", "gender": "women", "category": "t-shirts", "color": "black black black black black black black black black black", "product_url": "https://www.vanheusenintimates.com/p/racerback-tank-top-312718.html", "thumbnail_url": ["http://d1q9qhpdr6ehzh.cloudfront.net/ec9bbbf1f6e347406911646c96d48eda"], "chatbot_image": "https://assets.abfrlcdn.com/img/app/product/3/312718-1445538-large.jpg,https://assets.abfrlcdn.com/img/app/product/3/312718-1432932-large.jpg,https://assets.abfrlcdn.com/img/app/product/3/312718-1432933-large.jpg,https://assets.abfrlcdn.com/img/app/product/3/312718-1432931.jpg", "unique_id": "6cf8212cf9d348c5a553648e6f84d3cf", "trending_score": "0.0", "price": 239.0, "discounted_price": 239.0, "currency": "INR", "product_code": "312718", "affinity_score": 0.0, "brand": "VH Woman", "store": "v_vanheusen_intimates", "streamoid_urls": null}, {"title": "Racerback Tank Top", "gender": "women", "category": "t-shirts", "color": "white white white white white white light gray light gray light gray light gray", "product_url": "https://www.vanheusenintimates.com/p/racerback-tank-top-312713.html", "thumbnail_url": ["http://d1q9qhpdr6ehzh.cloudfront.net/f7dfc3785fa7657c0d1598b9e76b789d"], "chatbot_image": "https://assets.abfrlcdn.com/img/app/product/3/312713-1432913-large.jpg,https://assets.abfrlcdn.com/img/app/product/3/312713-1432912-large.jpg,https://assets.abfrlcdn.com/img/app/product/3/312713-1432914-large.jpg,https://assets.abfrlcdn.com/img/app/product/3/312713-1432911.jpg", "unique_id": "510c794f682e4711af465bc569571386", "trending_score": "0.0", "price": 239.0, "discounted_price": 239.0, "currency": "INR", "product_code": "312713", "affinity_score": 0.0, "brand": "VH Woman", "store": "v_vanheusen_intimates", "streamoid_urls": null}, {"title": "Tank Top", "gender": "women", "category": "t-shirts", "color": "navy navy navy navy navy navy navy navy navy navy", "product_url": "https://www.vanheusenintimates.com/p/tank-top-313897.html", "thumbnail_url": ["http://d1q9qhpdr6ehzh.cloudfront.net/cc8c8ab2b10c1ecafa2d5554f07fdeea"], "chatbot_image": "https://assets.abfrlcdn.com/img/app/product/3/313897-1442696-large.jpg,https://assets.abfrlcdn.com/img/app/product/3/313897-1442695-large.jpg,https://assets.abfrlcdn.com/img/app/product/3/313897-1442697-large.jpg,https://assets.abfrlcdn.com/img/app/product/3/313897-1442694.jpg", "unique_id": "f281e4d970354b12b8eab76fef4f34c8", "trending_score": "0.0", "price": 249.0, "discounted_price": 249.0, "currency": "INR", "product_code": "313897", "affinity_score": 0.0, "brand": "VH Woman", "store": "v_vanheusen_intimates", "streamoid_urls": null}, {"title": "Racerback Tank Top", "gender": "women", "category": "t-shirts", "color": "red red red red red red coral coral coral coral", "product_url": "https://www.vanheusenintimates.com/p/racerback-tank-top-313898.html", "thumbnail_url": ["http://d1q9qhpdr6ehzh.cloudfront.net/00bbedb8158295917b583593510e4c72"], "chatbot_image": "https://assets.abfrlcdn.com/img/app/product/3/313898-1442700-large.jpg,https://assets.abfrlcdn.com/img/app/product/3/313898-1442699-large.jpg,https://assets.abfrlcdn.com/img/app/product/3/313898-1442701-large.jpg,https://assets.abfrlcdn.com/img/app/product/3/313898-1442698.jpg", "unique_id": "56750727832b449a9dae68e206f2fd99", "trending_score": "0.0", "price": 239.0, "discounted_price": 239.0, "currency": "INR", "product_code": "313898", "affinity_score": 0.0, "brand": "VH Woman", "store": "v_vanheusen_intimates", "streamoid_urls": null}, {"title": "Racerback Tank Top", "gender": "women", "category": "t-shirts", "color": "navy navy navy navy navy navy navy navy navy navy", "product_url": "https://www.vanheusenintimates.com/p/racerback-tank-top-313895.html", "thumbnail_url": ["http://d1q9qhpdr6ehzh.cloudfront.net/ea009285077381716817e74ed745a029"], "chatbot_image": "https://assets.abfrlcdn.com/img/app/product/3/313895-1442688-large.jpg,https://assets.abfrlcdn.com/img/app/product/3/313895-1442687-large.jpg,https://assets.abfrlcdn.com/img/app/product/3/313895-1442689-large.jpg,https://assets.abfrlcdn.com/img/app/product/3/313895-1442686.jpg", "unique_id": "21ce3a912adf474cb6b4cdfb9f57ca3e", "trending_score": "0.0", "price": 239.0, "discounted_price": 239.0, "currency": "INR", "product_code": "313895", "affinity_score": 0.0, "brand": "VH Woman", "store": "v_vanheusen_intimates", "streamoid_urls": null}, {"title": "Tank Top", "gender": "women", "category": "t-shirts", "color": "nude nude nude nude nude nude tan tan tan tan", "product_url": "https://www.vanheusenintimates.com/p/tank-top-312715.html", "thumbnail_url": ["http://d1q9qhpdr6ehzh.cloudfront.net/9ab59f74dd9db7ad997416bb664437c6"], "chatbot_image": "https://assets.abfrlcdn.com/img/app/product/3/312715-1432921-large.jpg,https://assets.abfrlcdn.com/img/app/product/3/312715-1432920-large.jpg,https://assets.abfrlcdn.com/img/app/product/3/312715-1432922-large.jpg,https://assets.abfrlcdn.com/img/app/product/3/312715-1432919.jpg", "unique_id": "036f7ea683d14a35910bc52025677e82", "trending_score": "0.0", "price": 249.0, "discounted_price": 249.0, "currency": "INR", "product_code": "312715", "affinity_score": 0.0, "brand": "VH Woman", "store": "v_vanheusen_intimates", "streamoid_urls": null}, {"title": "Tank Top", "gender": "women", "category": "t-shirts", "color": "black black black black black black black black black black", "product_url": "https://www.vanheusenintimates.com/p/tank-top-312717.html", "thumbnail_url": ["http://d1q9qhpdr6ehzh.cloudfront.net/e4ba95639ae60de13c0ef9d0f79845dd"], "chatbot_image": "https://assets.abfrlcdn.com/img/app/product/3/312717-1432929-large.jpg,https://assets.abfrlcdn.com/img/app/product/3/312717-1432928-large.jpg,https://assets.abfrlcdn.com/img/app/product/3/312717-1432930-large.jpg,https://assets.abfrlcdn.com/img/app/product/3/312717-1432927.jpg", "unique_id": "865992bf24d245908a8427a8a1c24700", "trending_score": "0.0", "price": 249.0, "discounted_price": 249.0, "currency": "INR", "product_code": "312717", "affinity_score": 0.0, "brand": "VH Woman", "store": "v_vanheusen_intimates", "streamoid_urls": null}, {"title": "Racerback Tank Top", "gender": "women", "category": "t-shirts", "color": "white white white white white white pearl pearl pearl pearl", "product_url": "https://www.vanheusenintimates.com/p/racerback-tank-top-314856.html", "thumbnail_url": ["http://d1q9qhpdr6ehzh.cloudfront.net/3d3234064bb119c6798cdbcaab70631b"], "chatbot_image": "https://assets.abfrlcdn.com/img/app/product/3/314856-1451750-large.jpg,https://assets.abfrlcdn.com/img/app/product/3/314856-1451749-large.jpg,https://assets.abfrlcdn.com/img/app/product/3/314856-1451751-large.jpg,https://assets.abfrlcdn.com/img/app/product/3/314856-1451748.jpg", "unique_id": "617ef66915ad4689b437ac04aa843de3", "trending_score": "0.0", "price": 239.0, "discounted_price": 239.0, "currency": "INR", "product_code": "314856", "affinity_score": 0.0, "brand": "VH Woman", "store": "v_vanheusen_intimates", "streamoid_urls": null}, {"title": "Racerback Tank Top", "gender": "women", "category": "t-shirts", "color": "charcoal-gray charcoal-gray charcoal-gray charcoal-gray charcoal-gray charcoal-gray charcoal gray charcoal gray charcoal gray charcoal gray", "product_url": "https://www.vanheusenintimates.com/p/racerback-tank-top-312711.html", "thumbnail_url": ["http://d1q9qhpdr6ehzh.cloudfront.net/37bad857ee60d9d1a1778a8a36164191"], "chatbot_image": "https://assets.abfrlcdn.com/img/app/product/3/312711-1432905-large.jpg,https://assets.abfrlcdn.com/img/app/product/3/312711-1432904-large.jpg,https://assets.abfrlcdn.com/img/app/product/3/312711-1432906-large.jpg,https://assets.abfrlcdn.com/img/app/product/3/312711-1432903.jpg", "unique_id": "389fbccdbd954710b66281fa5583fefc", "trending_score": "0.0", "price": 239.0, "discounted_price": 239.0, "currency": "INR", "product_code": "312711", "affinity_score": 0.0, "brand": "VH Woman", "store": "v_vanheusen_intimates", "streamoid_urls": null}, {"title": "Sleeveless rib knit top", "gender": "women", "category": "t-shirts", "color": "nude nude nude nude nude nude pearl pearl pearl pearl", "product_url": "https://www.lanecrawford.com/pdp/ARX115", "thumbnail_url": ["http://d1q9qhpdr6ehzh.cloudfront.net/5a5aed5442b7d9349d6ccd81413ee61b"], "chatbot_image": "http://media.lanecrawford.com/A/R/X/ARX115_in_xl.jpg,http://media.lanecrawford.com/A/R/X/ARX115_bk_xl.jpg,http://media.lanecrawford.com/A/R/X/ARX115_ro_xl.jpg", "unique_id": "160e806ba95544e09600c4cb90801e9a", "trending_score": "0.0", "price": 600.0, "discounted_price": 240.0, "currency": "HKD", "product_code": "ARX115", "affinity_score": 0.0, "brand": "MIJEONG PARK", "store": "v_lane_crawford", "streamoid_urls": null}], "debug": {"qrm": "", "query_without_qrm": "tank tops", "solr_query": "( ( ( (meta_type:\"tank\")^10 ) ) )^1 ", "graph": [[[{"type": ["tank^10"]}]]], "spell_corrected_query": "", "filter": [], "explicit_text": null, "fq": ["availability:1"]}, "numFound": 49, "facets": {"gender": {"women": 45, "men": 4}, "category": {"t-shirts": 48, "unknown": 1}, "occasion type": {"everyday": 22, "loungewear": 22, "activewear": 4, "unknown": 1}, "Workindustry": {}, "Age": {}, "neck": {}, "arms": {}, "waist": {}, "stomach": {}, "shoulder": {}, "brand": {"VH Woman": 20, "forever21": 20, "AMIRI": 1, "HELMUT LANG": 1, "LISA MARIE FERNANDEZ": 1, "MIJEONG PARK": 1, "NAGNATA": 1, "NINETY PERCENT": 1, "RICK OWENS": 1, "THEORY": 1, "yours clothing": 1}, "sub_brand": {"Intimates": 20, "forever21": 20}, "Department": {"regular": 48, "maternity": 1}, "activity": {"unknown": 24, "hang-outs": 21, "airport-look": 20, "college-look": 20, "adventure-holiday": 15, "errands": 15, "leisure-holiday": 15, "work-from-home": 15, "lounging": 7, "gym-and-running": 4, "tennis": 4, "yoga": 4}}, "isFashionQuery": true, "spell_corrected_query": "", "final_query": "", "message": ""}