{"products": [{"title": "Logo Plaid Outseam Sweatpants", "gender": "men", "category": "trousers", "color": "black black black black black black black black black black", "product_url": "https://www.lanecrawford.com/pdp/BKL092", "thumbnail_url": ["http://d1q9qhpdr6ehzh.cloudfront.net/85eb6bdf4b38c30b6c5e9b815917c3fc"], "chatbot_image": "http://media.lanecrawford.com/B/K/L/BKL092_in_xl.jpg,http://media.lanecrawford.com/B/K/L/BKL092_bk_xl.jpg,http://media.lanecrawford.com/B/K/L/BKL092_4_xl.jpg,http://media.lanecrawford.com/B/K/L/BKL092_ro_xl.jpg", "unique_id": "325ac28d47de446eab6501f60cd5bd13", "trending_score": "0.0", "price": 4800.0, "discounted_price": 4800.0, "currency": "HKD", "product_code": "BKL092", "affinity_score": 0.0, "brand": "BURBERRY", "store": "v_lane_crawford", "streamoid_urls": null}, {"title": "'Supreme' Mixed print jogging pants", "gender": "women", "category": "trousers", "color": "multicolor mauve mauve mauve mauve mauve mauve chocolate chocolate tan", "product_url": "https://www.lanecrawford.com/pdp/BKJ222", "thumbnail_url": ["http://d1q9qhpdr6ehzh.cloudfront.net/e7633fbbcf9172d09ff053562820a722"], "chatbot_image": "http://media.lanecrawford.com/B/K/J/BKJ222_in_xl.jpg,http://media.lanecrawford.com/B/K/J/BKJ222_bk_xl.jpg,http://media.lanecrawford.com/B/K/J/BKJ222_4_xl.jpg,http://media.lanecrawford.com/B/K/J/BKJ222_ro_xl.jpg", "unique_id": "3be28252434f40cda6ec1417fbdccc32", "trending_score": "0.0", "price": 12200.0, "discounted_price": 12200.0, "currency": "HKD", "product_code": "BKJ222", "affinity_score": 0.0, "brand": "GUCCI", "store": "v_lane_crawford", "streamoid_urls": null}, {"title": "Monogram print jogging pants", "gender": "women", "category": "trousers", "color": "black black black black black black charcoal gray charcoal gray charcoal gray charcoal gray", "product_url": "https://www.lanecrawford.com.cn/pdp/ARX941", "thumbnail_url": ["http://d1q9qhpdr6ehzh.cloudfront.net/2b4c6aaa6c56c0b85f7c31b034e1b94d"], "chatbot_image": "http://media.lanecrawford.com.cn/A/R/X/ARX941_in_xl.jpg,http://media.lanecrawford.com.cn/A/R/X/ARX941_bk_xl.jpg,http://media.lanecrawford.com.cn/A/R/X/ARX941_4_xl.jpg,http://media.lanecrawford.com.cn/A/R/X/ARX941_ro_xl.jpg", "unique_id": "29524be701b54f02ad5f1319185ef8a4", "trending_score": "0.0", "price": 7350.0, "discounted_price": 2940.0, "currency": "RMB", "product_code": "ARX941", "affinity_score": 0.0, "brand": "STELLA MCCARTNEY", "store": "v_lane_crawford", "streamoid_urls": null}, {"title": "Gathered hem logo embroidered pocket sweatpants", "gender": "men", "category": "trousers", "color": "navy navy navy navy navy navy navy navy navy navy", "product_url": "https://www.lanecrawford.com/pdp/BKR720", "thumbnail_url": ["http://d1q9qhpdr6ehzh.cloudfront.net/0a6f025d852b43ec18f400c14a84b7a1"], "chatbot_image": "http://media.lanecrawford.com/B/K/R/BKR720_in_xl.jpg,http://media.lanecrawford.com/B/K/R/BKR720_bk_xl.jpg,http://media.lanecrawford.com/B/K/R/BKR720_4_xl.jpg,http://media.lanecrawford.com/B/K/R/BKR720_ro_xl.jpg", "unique_id": "3dd74cbf4e8541c0a943e08a111c3220", "trending_score": "0.0", "price": 5000.0, "discounted_price": 5000.0, "currency": "HKD", "product_code": "BKR720", "affinity_score": 0.0, "brand": "VERSACE", "store": "v_lane_crawford", "streamoid_urls": null}, {"title": "'Tyvek' logo stripe outseam jogging pants", "gender": "women", "category": "trousers", "color": "lime-green lime-green lime-green lime-green lime-green lime-green canary yellow canary yellow canary yellow canary yellow", "product_url": "https://www.lanecrawford.com/pdp/ARK715", "thumbnail_url": ["http://d1q9qhpdr6ehzh.cloudfront.net/b2e985b3ffdc7ffbbe78cc939866be34"], "chatbot_image": "http://media.lanecrawford.com/A/R/K/ARK715_in_xl.jpg,http://media.lanecrawford.com/A/R/K/ARK715_bk_xl.jpg,http://media.lanecrawford.com/A/R/K/ARK715_ro_xl.jpg", "unique_id": "1708061872d94b8484d6c552f372ce7e", "trending_score": "0.0", "price": 1800.0, "discounted_price": 720.0, "currency": "HKD", "product_code": "ARK715", "affinity_score": 0.0, "brand": "FIORUCCI", "store": "v_lane_crawford", "streamoid_urls": null}, {"title": "Logo Print Outseam Track Pants", "gender": "men", "category": "trousers", "color": "black black black black black black black black black black", "product_url": "https://www.lanecrawford.com/pdp/BKJ047", "thumbnail_url": ["http://d1q9qhpdr6ehzh.cloudfront.net/e840e67666b8ec2f6bb6fc4e599b7f7c"], "chatbot_image": "http://media.lanecrawford.com/B/K/J/BKJ047_in_xl.jpg,http://media.lanecrawford.com/B/K/J/BKJ047_bk_xl.jpg,http://media.lanecrawford.com/B/K/J/BKJ047_4_xl.jpg,http://media.lanecrawford.com/B/K/J/BKJ047_ro_xl.jpg", "unique_id": "00c522c6208f48d0b2369f3a2881e7ff", "trending_score": "0.0", "price": 9200.0, "discounted_price": 9200.0, "currency": "HKD", "product_code": "BKJ047", "affinity_score": 0.0, "brand": "GUCCI", "store": "v_lane_crawford", "streamoid_urls": null}, {"title": "Floral print panel jogging pants", "gender": "men", "category": "trousers", "color": "black black black black black black black black black black", "product_url": "https://www.lanecrawford.com/pdp/ARH149", "thumbnail_url": ["http://d1q9qhpdr6ehzh.cloudfront.net/8fb2520b3593e228671e5df0f274a96e"], "chatbot_image": "http://media.lanecrawford.com/A/R/H/ARH149_in_xl.jpg,http://media.lanecrawford.com/A/R/H/ARH149_bk_xl.jpg,http://media.lanecrawford.com/A/R/H/ARH149_ro_xl.jpg", "unique_id": "2bcb4a5463f548ff9b41dea02fd87ce0", "trending_score": "0.0", "price": 4050.0, "discounted_price": 1620.0, "currency": "HKD", "product_code": "ARH149", "affinity_score": 0.0, "brand": "KOLOR", "store": "v_lane_crawford", "streamoid_urls": null}, {"title": "Chevron wash stripe sweatpants", "gender": "women", "category": "trousers", "color": "navy navy navy navy navy navy navy navy navy navy", "product_url": "https://www.lanecrawford.com/pdp/AVI795", "thumbnail_url": ["http://d1q9qhpdr6ehzh.cloudfront.net/af73f28ff06374e8a6f090cf0e531e70"], "chatbot_image": "http://media.lanecrawford.com/A/V/I/AVI795_in_xl.jpg,http://media.lanecrawford.com/A/V/I/AVI795_bk_xl.jpg,http://media.lanecrawford.com/A/V/I/AVI795_4_xl.jpg,http://media.lanecrawford.com/A/V/I/AVI795_ro_xl.jpg", "unique_id": "2e879ee2d4714e23955945f73f1a6c54", "trending_score": "0.0", "price": 1100.0, "discounted_price": 440.0, "currency": "HKD", "product_code": "AVI795", "affinity_score": 0.0, "brand": "ELECTRIC & ROSE", "store": "v_lane_crawford", "streamoid_urls": null}, {"title": "Logo slogan appliqu\u00c3\u00a9 panelled jogging pants", "gender": "men", "category": "trousers", "color": "blue blue blue blue blue blue indigo indigo indigo indigo", "product_url": "https://www.lanecrawford.com.cn/pdp/ARK989", "thumbnail_url": ["http://d1q9qhpdr6ehzh.cloudfront.net/fcabd493711631bfe528ea99e0c15837"], "chatbot_image": "http://media.lanecrawford.com.cn/A/R/K/ARK989_in_xl.jpg,http://media.lanecrawford.com.cn/A/R/K/ARK989_bk_xl.jpg,http://media.lanecrawford.com.cn/A/R/K/ARK989_4_xl.jpg,http://media.lanecrawford.com.cn/A/R/K/ARK989_ro_xl.jpg", "unique_id": "385c0258c3de4be3a6914ae7c380f663", "trending_score": "0.0", "price": 2200.0, "discounted_price": 1100.0, "currency": "RMB", "product_code": "ARK989", "affinity_score": 0.0, "brand": "STAFFONLY", "store": "v_lane_crawford", "streamoid_urls": null}, {"title": "Stripe outseam drop crotch virgin wool jogging pants", "gender": "men", "category": "trousers", "color": "navy navy navy navy navy navy charcoal gray charcoal gray charcoal gray charcoal gray", "product_url": "https://www.lanecrawford.com/pdp/AOX138", "thumbnail_url": ["http://d1q9qhpdr6ehzh.cloudfront.net/b62cd2f6c7c526f810727d3de250d759"], "chatbot_image": "http://media.lanecrawford.com/A/O/X/AOX138_in_xl.jpg,http://media.lanecrawford.com/A/O/X/AOX138_bk_xl.jpg,http://media.lanecrawford.com/A/O/X/AOX138_4_xl.jpg,http://media.lanecrawford.com/A/O/X/AOX138_ro_xl.jpg", "unique_id": "40fbd65566a645a685832950bce687c0", "trending_score": "0.0", "price": 4300.0, "discounted_price": 4300.0, "currency": "HKD", "product_code": "AOX138", "affinity_score": 0.0, "brand": "3.1 PHILLIP LIM", "store": "v_lane_crawford", "streamoid_urls": null}, {"title": "Cargo jogging pants", "gender": "men", "category": "trousers", "color": "black black black black black black black black black black", "product_url": "https://www.lanecrawford.com.cn/pdp/AUQ830", "thumbnail_url": ["http://d1q9qhpdr6ehzh.cloudfront.net/26423296e362e9c9dd497b2c264e7cbb"], "chatbot_image": "http://media.lanecrawford.com.cn/A/U/Q/AUQ830_in_xl.jpg,http://media.lanecrawford.com.cn/A/U/Q/AUQ830_bk_xl.jpg,http://media.lanecrawford.com.cn/A/U/Q/AUQ830_4_xl.jpg,http://media.lanecrawford.com.cn/A/U/Q/AUQ830_ro_xl.jpg", "unique_id": "495186095d324ad3ac9246d20aab72e4", "trending_score": "0.0", "price": 6000.0, "discounted_price": 2400.0, "currency": "RMB", "product_code": "AUQ830", "affinity_score": 0.0, "brand": "NEIL BARRETT", "store": "v_lane_crawford", "streamoid_urls": null}, {"title": "Monster Eye print drawstring jogging pants", "gender": "men", "category": "trousers", "color": "navy navy navy navy navy navy navy navy navy navy", "product_url": "https://www.lanecrawford.com/pdp/AUU461", "thumbnail_url": ["http://d1q9qhpdr6ehzh.cloudfront.net/40d601862b3b5db62dea9d6e565c485b"], "chatbot_image": "http://media.lanecrawford.com/A/U/U/AUU461_in_xl.jpg,http://media.lanecrawford.com/A/U/U/AUU461_bk_xl.jpg,http://media.lanecrawford.com/A/U/U/AUU461_4_xl.jpg,http://media.lanecrawford.com/A/U/U/AUU461_ro_xl.jpg", "unique_id": "056c103c08a641628577bcca5ea1dbfb", "trending_score": "0.0", "price": 7500.0, "discounted_price": 7500.0, "currency": "HKD", "product_code": "AUU461", "affinity_score": 0.0, "brand": "FENDI SPORT", "store": "v_lane_crawford", "streamoid_urls": null}, {"title": "Zip cuff drawcord waist trackpants", "gender": "men", "category": "trousers", "color": "black black black black black black black black black black", "product_url": "https://www.lanecrawford.com/pdp/AQY059", "thumbnail_url": ["http://d1q9qhpdr6ehzh.cloudfront.net/ef864afce0972008364ffe6e61541896"], "chatbot_image": "http://media.lanecrawford.com/A/Q/Y/AQY059_in_xl.jpg,http://media.lanecrawford.com/A/Q/Y/AQY059_bk_xl.jpg,http://media.lanecrawford.com/A/Q/Y/AQY059_4_xl.jpg,http://media.lanecrawford.com/A/Q/Y/AQY059_ro_xl.jpg", "unique_id": "493c18947f164d409360107dc14983b5", "trending_score": "0.0", "price": 2550.0, "discounted_price": 2550.0, "currency": "HKD", "product_code": "AQY059", "affinity_score": 0.0, "brand": "HELIOT EMIL", "store": "v_lane_crawford", "streamoid_urls": null}, {"title": "Contrast leather trim sweatpants", "gender": "men", "category": "trousers", "color": "black black black black black black black black black black", "product_url": "https://www.lanecrawford.com.cn/pdp/ARJ952", "thumbnail_url": ["http://d1q9qhpdr6ehzh.cloudfront.net/c2f5d6bc0d6977c177949b03a42fe767"], "chatbot_image": "http://media.lanecrawford.com.cn/A/R/J/ARJ952_in_xl.jpg,http://media.lanecrawford.com.cn/A/R/J/ARJ952_bk_xl.jpg,http://media.lanecrawford.com.cn/A/R/J/ARJ952_4_xl.jpg,http://media.lanecrawford.com.cn/A/R/J/ARJ952_ro_xl.jpg", "unique_id": "34dbf1fef6f844c2bcae56e44b30e77c", "trending_score": "0.0", "price": 2300.0, "discounted_price": 1150.0, "currency": "RMB", "product_code": "ARJ952", "affinity_score": 0.0, "brand": "PRONOUNCE", "store": "v_lane_crawford", "streamoid_urls": null}, {"title": "trousers", "gender": "men", "category": "trousers", "color": "off-white off-white off-white off-white off-white off-white light gray light gray light gray light gray", "product_url": "https://allonlinestore.in", "thumbnail_url": ["http://d1q9qhpdr6ehzh.cloudfront.net/thumbnail/13e4d871fc14011ca4d2c9e2bfa32999"], "chatbot_image": null, "unique_id": "ab632263ddb649ad9bf0508703b8632f", "trending_score": "0.0", "price": 100.0, "discounted_price": 0.0, "currency": "INR", "product_code": "6235", "affinity_score": 0.0, "brand": "all online store", "store": "v_website_demo", "streamoid_urls": null}, {"title": "trousers", "gender": "men", "category": "trousers", "color": "gray gray gray gray gray gray gray gray gray gray", "product_url": "https://allonlinestore.in", "thumbnail_url": ["http://d1q9qhpdr6ehzh.cloudfront.net/thumbnail/cb07ae1c1fab228512a4647c38074365"], "chatbot_image": null, "unique_id": "3f58a596ee664bb59e914258d0629062", "trending_score": "0.0", "price": 100.0, "discounted_price": 0.0, "currency": "INR", "product_code": "6234", "affinity_score": 0.0, "brand": "all online store", "store": "v_website_demo", "streamoid_urls": null}, {"title": "Louis Philippe Blue Jogger Jeans", "gender": "men", "category": "jeans", "color": "unknown unknown unknown unknown unknown unknown indigo indigo indigo indigo", "product_url": "https://www.louisphilippe.com/product/louis-philippe-blue-jogger-jeans-272558.html", "thumbnail_url": ["http://d1q9qhpdr6ehzh.cloudfront.net/e1ad5ea56f42a1c8662b8ae007a6ee4e"], "chatbot_image": "https://assets.abfrlcdn.com/img/app/product/2/272558-1098296-large.jpg,https://assets.abfrlcdn.com/img/app/product/2/272558-1098292-large.jpg,https://assets.abfrlcdn.com/img/app/product/2/272558-1098295-large.jpg,https://assets.abfrlcdn.com/img/app/product/2/272558-1098293-large.jpg,https://assets.abfrlcdn.com/img/app/product/2/272558-1098297-large.jpg,https://assets.abfrlcdn.com/img/app/product/2/272558-1098294.jpg", "unique_id": "20037318e5094e1dbb34c444066c61a3", "trending_score": "0.0", "price": 3199.0, "discounted_price": 1920.0, "currency": "INR", "product_code": "272558", "affinity_score": 0.0, "brand": "Louis Philippe", "store": "v_louis_philippe", "streamoid_urls": null}, {"title": "Drawcord cuff performance pants", "gender": "men", "category": "trousers", "color": "black black black black black black black black black black", "product_url": "https://www.lanecrawford.com.cn/pdp/AOY211", "thumbnail_url": ["http://d1q9qhpdr6ehzh.cloudfront.net/38ee79ed438ac857289dca91847ac4ab"], "chatbot_image": "http://media.lanecrawford.com.cn/A/O/Y/AOY211_in_xl.jpg,http://media.lanecrawford.com.cn/A/O/Y/AOY211_bk_xl.jpg,http://media.lanecrawford.com.cn/A/O/Y/AOY211_4_xl.jpg,http://media.lanecrawford.com.cn/A/O/Y/AOY211_ro_xl.jpg", "unique_id": "08965a6fb6374500b1820b52333b95be", "trending_score": "0.0", "price": 3700.0, "discounted_price": 1850.0, "currency": "RMB", "product_code": "AOY211", "affinity_score": 0.0, "brand": "BLACKBARRETT", "store": "v_lane_crawford", "streamoid_urls": null}, {"title": "trousers", "gender": "men", "category": "trousers", "color": "light-blue light-blue light-blue light-blue light-blue light-blue powder blue powder blue powder blue powder blue", "product_url": "https://allonlinestore.in", "thumbnail_url": ["http://d1q9qhpdr6ehzh.cloudfront.net/thumbnail/bc0677910ce608643cc3bf060d847f2d"], "chatbot_image": null, "unique_id": "ad0593f503d44220b5d0e7e8fdb90c5c", "trending_score": "0.0", "price": 100.0, "discounted_price": 0.0, "currency": "INR", "product_code": "6236", "affinity_score": 0.0, "brand": "all online store", "store": "v_website_demo", "streamoid_urls": null}, {"title": "Buckle belted jogging pants", "gender": "men", "category": "trousers", "color": "black black black black black black black black black black", "product_url": "https://www.lanecrawford.com/pdp/AUV712", "thumbnail_url": ["http://d1q9qhpdr6ehzh.cloudfront.net/8bba8242b7fa072ce530d3b08a67e07c"], "chatbot_image": "http://media.lanecrawford.com/A/U/V/AUV712_in_xl.jpg,http://media.lanecrawford.com/A/U/V/AUV712_bk_xl.jpg,http://media.lanecrawford.com/A/U/V/AUV712_4_xl.jpg,http://media.lanecrawford.com/A/U/V/AUV712_ro_xl.jpg", "unique_id": "1d17b36a326a46bd95f3b03953ad5da3", "trending_score": "0.0", "price": 4900.0, "discounted_price": 4900.0, "currency": "HKD", "product_code": "AUV712", "affinity_score": 0.0, "brand": "THE VIRIDI-ANNE", "store": "v_lane_crawford", "streamoid_urls": null}, {"title": "Side buckle band jogging pants", "gender": "men", "category": "trousers", "color": "black black black black black black black black black black", "product_url": "https://www.lanecrawford.com/pdp/AVI999", "thumbnail_url": ["http://d1q9qhpdr6ehzh.cloudfront.net/53ed17a1a94ead2bf72a1b0875f62723"], "chatbot_image": "http://media.lanecrawford.com/A/V/I/AVI999_in_xl.jpg,http://media.lanecrawford.com/A/V/I/AVI999_bk_xl.jpg,http://media.lanecrawford.com/A/V/I/AVI999_4_xl.jpg,http://media.lanecrawford.com/A/V/I/AVI999_ro_xl.jpg", "unique_id": "4c2357be84da4b5b9fd9c955866f7998", "trending_score": "0.0", "price": 3470.0, "discounted_price": 3470.0, "currency": "HKD", "product_code": "AVI999", "affinity_score": 0.0, "brand": "WOOYOUNGMI", "store": "v_lane_crawford", "streamoid_urls": null}, {"title": "Panel outseam check ripstop pants", "gender": "men", "category": "trousers", "color": "black black black black black black black black black black", "product_url": "https://www.lanecrawford.com/pdp/AWJ230", "thumbnail_url": ["http://d1q9qhpdr6ehzh.cloudfront.net/324e3eb21d7f11e0cd4cab2943232a7a"], "chatbot_image": "http://media.lanecrawford.com/A/W/J/AWJ230_in_xl.jpg,http://media.lanecrawford.com/A/W/J/AWJ230_bk_xl.jpg,http://media.lanecrawford.com/A/W/J/AWJ230_4_xl.jpg,http://media.lanecrawford.com/A/W/J/AWJ230_ro_xl.jpg", "unique_id": "1a961cd602334ca5b9e29b58b5f0525e", "trending_score": "0.0", "price": 2000.0, "discounted_price": 2000.0, "currency": "HKD", "product_code": "AWJ230", "affinity_score": 0.0, "brand": "NANAMICA", "store": "v_lane_crawford", "streamoid_urls": null}, {"title": "trousers", "gender": "men", "category": "trousers", "color": "charcoal-gray charcoal-gray charcoal-gray charcoal-gray charcoal-gray charcoal-gray charcoal gray charcoal gray charcoal gray charcoal gray", "product_url": "https://bewakoof.com", "thumbnail_url": ["http://d1q9qhpdr6ehzh.cloudfront.net/thumbnail/d929c7c42e4079269fb9234ec1c614ea"], "chatbot_image": null, "unique_id": "089707d45f0546008816ce664c1feeb6", "trending_score": "0.0", "price": 100.0, "discounted_price": 0.0, "currency": "INR", "product_code": "6225", "affinity_score": 0.0, "brand": "all online store", "store": "v_website_demo", "streamoid_urls": null}, {"title": "Logo tape pocket wool-mohair jogging pants", "gender": "men", "category": "trousers", "color": "black black black black black black charcoal gray charcoal gray charcoal gray charcoal gray", "product_url": "https://www.lanecrawford.com/pdp/AUA025", "thumbnail_url": ["http://d1q9qhpdr6ehzh.cloudfront.net/450e7025bfaf4ef5f9f131dc57a21527"], "chatbot_image": "http://media.lanecrawford.com/A/U/A/AUA025_in_xl.jpg,http://media.lanecrawford.com/A/U/A/AUA025_bk_xl.jpg,http://media.lanecrawford.com/A/U/A/AUA025_4_xl.jpg,http://media.lanecrawford.com/A/U/A/AUA025_ro_xl.jpg", "unique_id": "45199e2fc63245939b9366a946b9bdb2", "trending_score": "0.0", "price": 5500.0, "discounted_price": 3300.0, "currency": "HKD", "product_code": "AUA025", "affinity_score": 0.0, "brand": "BURBERRY", "store": "v_lane_crawford", "streamoid_urls": null}, {"title": "Stripe outseam jogging pants", "gender": "men", "category": "trousers", "color": "green green green green green green seaweed seaweed seaweed seaweed", "product_url": "https://www.lanecrawford.com/pdp/ARB890", "thumbnail_url": ["http://d1q9qhpdr6ehzh.cloudfront.net/90c7d2588b707a685cd5d34161fdbf53"], "chatbot_image": "http://media.lanecrawford.com/A/R/B/ARB890_in_xl.jpg,http://media.lanecrawford.com/A/R/B/ARB890_bk_xl.jpg,http://media.lanecrawford.com/A/R/B/ARB890_4_xl.jpg,http://media.lanecrawford.com/A/R/B/ARB890_ro_xl.jpg", "unique_id": "0e7f918bbc2a45cf8d5de2e847064d3f", "trending_score": "0.0", "price": 2600.0, "discounted_price": 1300.0, "currency": "HKD", "product_code": "ARB890", "affinity_score": 0.0, "brand": "ACNE STUDIOS", "store": "v_lane_crawford", "streamoid_urls": null}, {"title": "trousers", "gender": "men", "category": "trousers", "color": "olive olive olive olive olive olive seaweed seaweed seaweed seaweed", "product_url": "https://allonlinestore.in", "thumbnail_url": ["http://d1q9qhpdr6ehzh.cloudfront.net/thumbnail/89c9cf894da5979a84885c29d13636ec"], "chatbot_image": null, "unique_id": "ff921a164526473981898a834ce0277b", "trending_score": "0.0", "price": 100.0, "discounted_price": 0.0, "currency": "INR", "product_code": "6233", "affinity_score": 0.0, "brand": "all online store", "store": "v_website_demo", "streamoid_urls": null}, {"title": "Logo tag suiting jogging pants", "gender": "men", "category": "trousers", "color": "navy navy navy navy navy navy navy navy navy navy", "product_url": "https://www.lanecrawford.com/pdp/AUI958", "thumbnail_url": ["http://d1q9qhpdr6ehzh.cloudfront.net/6ed489a49f118fd49f98b7f1b250be2f"], "chatbot_image": "http://media.lanecrawford.com/A/U/I/AUI958_in_xl.jpg,http://media.lanecrawford.com/A/U/I/AUI958_bk_xl.jpg,http://media.lanecrawford.com/A/U/I/AUI958_4_xl.jpg,http://media.lanecrawford.com/A/U/I/AUI958_ro_xl.jpg", "unique_id": "0f4240a84e4b4a5488adbb4230f344bf", "trending_score": "0.0", "price": 7500.0, "discounted_price": 7500.0, "currency": "HKD", "product_code": "AUI958", "affinity_score": 0.0, "brand": "GUCCI", "store": "v_lane_crawford", "streamoid_urls": null}, {"title": "Logo print jogging pants", "gender": "men", "category": "trousers", "color": "gray gray gray gray gray gray slate gray slate gray slate gray slate gray", "product_url": "https://www.lanecrawford.com/pdp/ARL807", "thumbnail_url": ["http://d1q9qhpdr6ehzh.cloudfront.net/77ee7f8968a56936af10625a8b4b4111"], "chatbot_image": "http://media.lanecrawford.com/A/R/L/ARL807_in_xl.jpg,http://media.lanecrawford.com/A/R/L/ARL807_bk_xl.jpg,http://media.lanecrawford.com/A/R/L/ARL807_4_xl.jpg,http://media.lanecrawford.com/A/R/L/ARL807_ro_xl.jpg", "unique_id": "5137e385674f4cbcbd4aed2cf5bbb0b6", "trending_score": "0.0", "price": 3900.0, "discounted_price": 3900.0, "currency": "HKD", "product_code": "ARL807", "affinity_score": 0.0, "brand": "MONCLER", "store": "v_lane_crawford", "streamoid_urls": null}, {"title": "Gym Jogger", "gender": "women", "category": "trousers", "color": "maroon maroon maroon maroon maroon maroon wine wine wine wine", "product_url": "https://www.vanheusenintimates.com/p/gym-jogger-312726.html", "thumbnail_url": ["http://d1q9qhpdr6ehzh.cloudfront.net/369c37477fa01083ea71315d771898a6"], "chatbot_image": "https://assets.abfrlcdn.com/img/app/product/3/312726-1500001-large.jpg,https://assets.abfrlcdn.com/img/app/product/3/312726-1500000-large.jpg,https://assets.abfrlcdn.com/img/app/product/3/312726-1500002-large.jpg,https://assets.abfrlcdn.com/img/app/product/3/312726-1432972.jpg", "unique_id": "6ee1ab24bb534a7383490b72c18d7b04", "trending_score": "0.0", "price": 1049.0, "discounted_price": 1049.0, "currency": "INR", "product_code": "312726", "affinity_score": 0.0, "brand": "VH Woman", "store": "v_vanheusen_intimates", "streamoid_urls": null}, {"title": "Slim Travel Pants", "gender": "women", "category": "trousers", "color": "black black black black black black black black black black", "product_url": "https://www.vanheusenintimates.com/p/slim-travel-pants-320832.html", "thumbnail_url": ["http://d1q9qhpdr6ehzh.cloudfront.net/8e62a45ba17bc26fbf973e0ed8e98ae7"], "chatbot_image": "https://assets.abfrlcdn.com/img/app/product/3/320832-1501594-large.jpg,https://assets.abfrlcdn.com/img/app/product/3/320832-1501593-large.jpg,https://assets.abfrlcdn.com/img/app/product/3/320832-1501595-large.jpg,https://assets.abfrlcdn.com/img/app/product/3/320832-1501592.jpg", "unique_id": "15eb3519ffd54d2eb2cab9be4c020e73", "trending_score": "0.0", "price": 1049.0, "discounted_price": 1049.0, "currency": "INR", "product_code": "320832", "affinity_score": 0.0, "brand": "VH Woman", "store": "v_vanheusen_intimates", "streamoid_urls": null}, {"title": "Gym Jogger", "gender": "women", "category": "trousers", "color": "navy navy navy navy navy navy navy navy navy navy", "product_url": "https://www.vanheusenintimates.com/p/gym-jogger-312725.html", "thumbnail_url": ["http://d1q9qhpdr6ehzh.cloudfront.net/cab1a17d6f025e00a57cd07e56adf10f"], "chatbot_image": "https://assets.abfrlcdn.com/img/app/product/3/312725-1581605-large.jpg,https://assets.abfrlcdn.com/img/app/product/3/312725-1581603-large.jpg,https://assets.abfrlcdn.com/img/app/product/3/312725-1581606-large.jpg,https://assets.abfrlcdn.com/img/app/product/3/312725-1581602.jpg", "unique_id": "7647d8f70a57479290e8ea8672425850", "trending_score": "0.0", "price": 1049.0, "discounted_price": 1049.0, "currency": "INR", "product_code": "312725", "affinity_score": 0.0, "brand": "VH Woman", "store": "v_vanheusen_intimates", "streamoid_urls": null}, {"title": "Logo print stripe outseam sweatpants", "gender": "women", "category": "trousers", "color": "navy navy navy navy navy navy charcoal gray charcoal gray charcoal gray charcoal gray", "product_url": "https://www.lanecrawford.com/pdp/AUV245", "thumbnail_url": ["http://d1q9qhpdr6ehzh.cloudfront.net/747558ad5bc5a83bb31e5b73a3f032e6"], "chatbot_image": "http://media.lanecrawford.com/A/U/V/AUV245_in_xl.jpg,http://media.lanecrawford.com/A/U/V/AUV245_bk_xl.jpg,http://media.lanecrawford.com/A/U/V/AUV245_4_xl.jpg,http://media.lanecrawford.com/A/U/V/AUV245_ro_xl.jpg", "unique_id": "4be6dc7cbb4a4505b15da3e999826c36", "trending_score": "0.0", "price": 1180.0, "discounted_price": 1180.0, "currency": "HKD", "product_code": "AUV245", "affinity_score": 0.0, "brand": "FILA X 3.1 PHILLIP LIM", "store": "v_lane_crawford", "streamoid_urls": null}, {"title": "Stripe outseam sequin embellished jogging pants", "gender": "women", "category": "trousers", "color": "multicolor silver silver silver silver silver silver gray gray slate gray", "product_url": "https://www.lanecrawford.com/pdp/AUR982", "thumbnail_url": ["http://d1q9qhpdr6ehzh.cloudfront.net/826a9db663a7c85d14b34ad5ce1da88b"], "chatbot_image": "http://media.lanecrawford.com/A/U/R/AUR982_in_xl.jpg,http://media.lanecrawford.com/A/U/R/AUR982_bk_xl.jpg,http://media.lanecrawford.com/A/U/R/AUR982_4_xl.jpg,http://media.lanecrawford.com/A/U/R/AUR982_ro_xl.jpg", "unique_id": "2744dd59e03144ec99f28eeb15c2faea", "trending_score": "0.0", "price": 2400.0, "discounted_price": 2400.0, "currency": "HKD", "product_code": "AUR982", "affinity_score": 0.0, "brand": "NORMA KAMALI", "store": "v_lane_crawford", "streamoid_urls": null}, {"title": "Gym Jogger", "gender": "women", "category": "trousers", "color": "pink pink pink pink pink pink baby pink baby pink baby pink baby pink", "product_url": "https://www.vanheusenintimates.com/p/gym-jogger-312727.html", "thumbnail_url": ["http://d1q9qhpdr6ehzh.cloudfront.net/e8d01bc4e22ca5f1f7a2e771403c8124"], "chatbot_image": "https://assets.abfrlcdn.com/img/app/product/3/312727-1500005-large.jpg,https://assets.abfrlcdn.com/img/app/product/3/312727-1500004-large.jpg,https://assets.abfrlcdn.com/img/app/product/3/312727-1500006-large.jpg,https://assets.abfrlcdn.com/img/app/product/3/312727-1500003.jpg", "unique_id": "4a17ac176e0f472d885bb5351d8f09fa", "trending_score": "0.0", "price": 1049.0, "discounted_price": 1049.0, "currency": "INR", "product_code": "312727", "affinity_score": 0.0, "brand": "VH Woman", "store": "v_vanheusen_intimates", "streamoid_urls": null}, {"title": "Logo print sweatpants", "gender": "women", "category": "trousers", "color": "navy navy navy navy navy navy charcoal gray charcoal gray charcoal gray charcoal gray", "product_url": "https://www.lanecrawford.com.cn/pdp/AUV229", "thumbnail_url": ["http://d1q9qhpdr6ehzh.cloudfront.net/8070d70ddb04331ce8f2bb0da5c392e3"], "chatbot_image": "http://media.lanecrawford.com.cn/A/U/V/AUV229_in_xl.jpg,http://media.lanecrawford.com.cn/A/U/V/AUV229_bk_xl.jpg,http://media.lanecrawford.com.cn/A/U/V/AUV229_4_xl.jpg,http://media.lanecrawford.com.cn/A/U/V/AUV229_ro_xl.jpg", "unique_id": "037205e83dce4ddaa295b7cc79ac6a5f", "trending_score": "0.0", "price": 880.0, "discounted_price": 880.0, "currency": "RMB", "product_code": "AUV229", "affinity_score": 0.0, "brand": "FILA X 3.1 PHILLIP LIM", "store": "v_lane_crawford", "streamoid_urls": null}, {"title": "trousers", "gender": "women", "category": "trousers", "color": "gold gold gold gold gold gold light gray light gray light gray pearl", "product_url": "https://i.pinimg.com", "thumbnail_url": ["http://d1q9qhpdr6ehzh.cloudfront.net/thumbnail/09e19a26731d733636165935d7fbc1bb"], "chatbot_image": null, "unique_id": "89b9170b9d3d421cb614e8f6d32ce0cd", "trending_score": "0.0", "price": 100.0, "discounted_price": 0.0, "currency": "INR", "product_code": "6094", "affinity_score": 0.0, "brand": "asos", "store": "v_website_demo", "streamoid_urls": null}, {"title": "'CNY Hangout' logo print sweatpants", "gender": "women", "category": "trousers", "color": "red red red red red red post box red post box red post box red post box red", "product_url": "https://www.lanecrawford.com/pdp/BKQ819", "thumbnail_url": ["http://d1q9qhpdr6ehzh.cloudfront.net/15a56d683897b14f58f665c305500581"], "chatbot_image": "http://media.lanecrawford.com/B/K/Q/BKQ819_in_xl.jpg,http://media.lanecrawford.com/B/K/Q/BKQ819_bk_xl.jpg,http://media.lanecrawford.com/B/K/Q/BKQ819_4_xl.jpg,http://media.lanecrawford.com/B/K/Q/BKQ819_ro_xl.jpg", "unique_id": "2fa0804a29c142e3ab9b140d64e563e9", "trending_score": "0.0", "price": 890.0, "discounted_price": 890.0, "currency": "HKD", "product_code": "BKQ819", "affinity_score": 0.0, "brand": "CALVIN KLEIN PERFORMANCE", "store": "v_lane_crawford", "streamoid_urls": null}, {"title": "'Pantalone' logo stripe outseam sweatpants", "gender": "men", "category": "trousers", "color": "light-gray light-gray light-gray light-gray light-gray light-gray silver silver silver silver", "product_url": "https://www.lanecrawford.com/pdp/AOK176", "thumbnail_url": ["http://d1q9qhpdr6ehzh.cloudfront.net/a438b2086f3d93fc4b0750e562131cf1"], "chatbot_image": "http://media.lanecrawford.com/A/O/K/AOK176_in_xl.jpg,http://media.lanecrawford.com/A/O/K/AOK176_bk_xl.jpg,http://media.lanecrawford.com/A/O/K/AOK176_4_xl.jpg,http://media.lanecrawford.com/A/O/K/AOK176_ro_xl.jpg", "unique_id": "051db07a16d74ac49cf3be5942c929e0", "trending_score": "0.0", "price": 3950.0, "discounted_price": 3950.0, "currency": "HKD", "product_code": "AOK176", "affinity_score": 0.0, "brand": "MONCLER", "store": "v_lane_crawford", "streamoid_urls": null}, {"title": "Bead logo patch sweatpants", "gender": "women", "category": "trousers", "color": "black black black black black black black black black black", "product_url": "https://www.lanecrawford.com/pdp/ARQ279", "thumbnail_url": ["http://d1q9qhpdr6ehzh.cloudfront.net/fcc1c6ad221df9f176a7361a229f2efe"], "chatbot_image": "http://media.lanecrawford.com/A/R/Q/ARQ279_in_xl.jpg,http://media.lanecrawford.com/A/R/Q/ARQ279_bk_xl.jpg,http://media.lanecrawford.com/A/R/Q/ARQ279_4_xl.jpg,http://media.lanecrawford.com/A/R/Q/ARQ279_ro_xl.jpg", "unique_id": "1753336ec0ac45d2a2880c3cedcd3ed7", "trending_score": "0.0", "price": 2050.0, "discounted_price": 820.0, "currency": "HKD", "product_code": "ARQ279", "affinity_score": 0.0, "brand": "ANGEL CHEN", "store": "v_lane_crawford", "streamoid_urls": null}, {"title": "Stripe seam track pants", "gender": "men", "category": "trousers", "color": "black black black black black black charcoal gray charcoal gray charcoal gray charcoal gray", "product_url": "https://www.lanecrawford.com.cn/pdp/AOY201", "thumbnail_url": ["http://d1q9qhpdr6ehzh.cloudfront.net/88cb61d85c42f2680104b462c1d6c3e4"], "chatbot_image": "http://media.lanecrawford.com.cn/A/O/Y/AOY201_in_xl.jpg,http://media.lanecrawford.com.cn/A/O/Y/AOY201_bk_xl.jpg,http://media.lanecrawford.com.cn/A/O/Y/AOY201_4_xl.jpg,http://media.lanecrawford.com.cn/A/O/Y/AOY201_ro_xl.jpg", "unique_id": "0cfa38d035414da79d8c03a8a1638cbb", "trending_score": "0.0", "price": 3500.0, "discounted_price": 1400.0, "currency": "RMB", "product_code": "AOY201", "affinity_score": 0.0, "brand": "BLACKBARRETT", "store": "v_lane_crawford", "streamoid_urls": null}, {"title": "'Deep Blue' logo tape drawstring jeans", "gender": "women", "category": "jeans", "color": "blue blue blue blue blue blue indigo indigo indigo indigo", "product_url": "https://www.lanecrawford.com/pdp/BKJ331", "thumbnail_url": ["http://d1q9qhpdr6ehzh.cloudfront.net/ad4598941d6fa578844861d80759b261"], "chatbot_image": "http://media.lanecrawford.com/B/K/J/BKJ331_in_xl.jpg,http://media.lanecrawford.com/B/K/J/BKJ331_bk_xl.jpg,http://media.lanecrawford.com/B/K/J/BKJ331_4_xl.jpg,http://media.lanecrawford.com/B/K/J/BKJ331_ro_xl.jpg", "unique_id": "0d5808317d964667a81fc300eeeefffe", "trending_score": "0.0", "price": 3000.0, "discounted_price": 3000.0, "currency": "HKD", "product_code": "BKJ331", "affinity_score": 0.0, "brand": "ALEXANDER WANG", "store": "v_lane_crawford", "streamoid_urls": null}, {"title": "x ADER error logo colourblock track pants", "gender": "men", "category": "trousers", "color": "blue blue blue blue blue blue indigo indigo indigo indigo", "product_url": "https://www.lanecrawford.com/pdp/ARO194", "thumbnail_url": ["http://d1q9qhpdr6ehzh.cloudfront.net/cc22ef93de87a24c564ff23c78d7ff61"], "chatbot_image": "http://media.lanecrawford.com/A/R/O/ARO194_in_xl.jpg,http://media.lanecrawford.com/A/R/O/ARO194_bk_xl.jpg,http://media.lanecrawford.com/A/R/O/ARO194_4_xl.jpg,http://media.lanecrawford.com/A/R/O/ARO194_ro_xl.jpg", "unique_id": "0d6c3e9da33a42b789d3f604858d9bb6", "trending_score": "0.0", "price": 2700.0, "discounted_price": 1080.0, "currency": "HKD", "product_code": "ARO194", "affinity_score": 0.0, "brand": "MAISON KITSUN\u00c3\u0089", "store": "v_lane_crawford", "streamoid_urls": null}, {"title": "Logo panel outseam sweatpants", "gender": "women", "category": "trousers", "color": "black black black black black black black black black black", "product_url": "https://www.lanecrawford.com/pdp/BKL038", "thumbnail_url": ["http://d1q9qhpdr6ehzh.cloudfront.net/ffd191493fc915491c413107d824b5ba"], "chatbot_image": "http://media.lanecrawford.com/B/K/L/BKL038_in_xl.jpg,http://media.lanecrawford.com/B/K/L/BKL038_bk_xl.jpg,http://media.lanecrawford.com/B/K/L/BKL038_4_xl.jpg,http://media.lanecrawford.com/B/K/L/BKL038_ro_xl.jpg", "unique_id": "0cd30323d9a446a8b905e19627cc3f9c", "trending_score": "0.0", "price": 4800.0, "discounted_price": 4800.0, "currency": "HKD", "product_code": "BKL038", "affinity_score": 0.0, "brand": "BURBERRY", "store": "v_lane_crawford", "streamoid_urls": null}, {"title": "Logo embroidered kids sweatpants", "gender": "women", "category": "trousers", "color": "black black black black black black charcoal gray charcoal gray charcoal gray charcoal gray", "product_url": "https://www.lanecrawford.com/pdp/AUV953", "thumbnail_url": ["http://d1q9qhpdr6ehzh.cloudfront.net/e8190fae1664623317a14aaa629fc424"], "chatbot_image": "http://media.lanecrawford.com/A/U/V/AUV953_in_xl.jpg,http://media.lanecrawford.com/A/U/V/AUV953_bk_xl.jpg", "unique_id": "1a206f211f76446e9c34a717784ad4ae", "trending_score": "0.0", "price": 490.0, "discounted_price": 490.0, "currency": "HKD", "product_code": "AUV953", "affinity_score": 0.0, "brand": "WANDER & WONDER", "store": "v_lane_crawford", "streamoid_urls": null}, {"title": "Zip button cuff stitch panel pants", "gender": "women", "category": "trousers", "color": "dark-brown dark-brown dark-brown dark-brown dark-brown dark-brown chocolate chocolate chocolate chocolate", "product_url": "https://www.lanecrawford.com/pdp/BKJ752", "thumbnail_url": ["http://d1q9qhpdr6ehzh.cloudfront.net/ca79253053ef15bd75cb8c41ec1841af"], "chatbot_image": "http://media.lanecrawford.com/B/K/J/BKJ752_in_xl.jpg,http://media.lanecrawford.com/B/K/J/BKJ752_bk_xl.jpg", "unique_id": "44ebc03aaef14a78a17ef7508325af99", "trending_score": "0.0", "price": 2000.0, "discounted_price": 2000.0, "currency": "HKD", "product_code": "BKJ752", "affinity_score": 0.0, "brand": "CHLO\u00c3\u0089", "store": "v_lane_crawford", "streamoid_urls": null}, {"title": "Printed Joggers", "gender": "women", "category": "trousers", "color": "gray gray gray gray gray gray slate gray slate gray slate gray seaweed", "product_url": "https://www.vanheusenintimates.com/p/printed-joggers-313899.html", "thumbnail_url": ["http://d1q9qhpdr6ehzh.cloudfront.net/45858210d98bb8d195a55ed41c3dc080"], "chatbot_image": "https://assets.abfrlcdn.com/img/app/product/3/313899-1581868-large.jpg,https://assets.abfrlcdn.com/img/app/product/3/313899-1581867-large.jpg,https://assets.abfrlcdn.com/img/app/product/3/313899-1581869-large.jpg,https://assets.abfrlcdn.com/img/app/product/3/313899-1581866.jpg", "unique_id": "929990316b5e42e4ae4f65bd3165045c", "trending_score": "0.0", "price": 999.0, "discounted_price": 999.0, "currency": "INR", "product_code": "313899", "affinity_score": 0.0, "brand": "VH Woman", "store": "v_vanheusen_intimates", "streamoid_urls": null}, {"title": "Printed Joggers", "gender": "women", "category": "trousers", "color": "olive olive olive olive olive olive olive olive olive olive", "product_url": "https://www.vanheusenintimates.com/p/printed-joggers-313902.html", "thumbnail_url": ["http://d1q9qhpdr6ehzh.cloudfront.net/79d8a7500edbe8510531fdb4a042e5e1"], "chatbot_image": "https://assets.abfrlcdn.com/img/app/product/3/313902-1500018-large.jpg,https://assets.abfrlcdn.com/img/app/product/3/313902-1500017-large.jpg,https://assets.abfrlcdn.com/img/app/product/3/313902-1500019-large.jpg,https://assets.abfrlcdn.com/img/app/product/3/313902-1500016.jpg", "unique_id": "d7a30805eb324990813dda8679f8151f", "trending_score": "0.0", "price": 999.0, "discounted_price": 999.0, "currency": "INR", "product_code": "313902", "affinity_score": 0.0, "brand": "VH Woman", "store": "v_vanheusen_intimates", "streamoid_urls": null}, {"title": "Supersoft Waffle Pyjama Bottoms", "gender": "men", "category": "trousers", "color": "navy navy navy navy navy navy navy navy navy navy", "product_url": "https://www.marksandspencer.com/cotton-supersoft-waffle-pyjama-bottoms/p/clp60373410?color=NAVY#intid=prodColourId-60373410", "thumbnail_url": ["http://d1q9qhpdr6ehzh.cloudfront.net/c97eb0dd6bf842d66802c38da11565bf"], "chatbot_image": "https://asset1.cxnmarksandspencer.com/is/image/mands/Supersoft-Waffle-Pyjama-Bottoms-1/SD_03_T07_3220_F0_X_EC_0?%24PDP_INT_IMAGEGRID_1_LG%24%20%20%20,https://asset1.cxnmarksandspencer.com/is/image/mands/Supersoft-Waffle-Pyjama-Bottoms-4/SD_03_T07_3220_F0_X_EC_2?%24PDP_INT_IMAGEGRID_1_LG%24%20%20%20", "unique_id": "2ce1eb607a234aaab04829ff81577c72", "trending_score": "0.0", "price": 0.0, "discounted_price": 0.0, "currency": "INR", "product_code": "c97eb0dd6bf842d66802c38da11565bf_marksandspencer_com", "affinity_score": 0.0, "brand": "M&S Collection", "store": "marksandspencer_com", "streamoid_urls": null}, {"title": "Supersoft Waffle Pyjama Bottoms", "gender": "men", "category": "trousers", "color": "gray gray gray gray gray gray slate gray slate gray slate gray slate gray", "product_url": "https://www.marksandspencer.com/supersoft-waffle-pyjama-bottoms/p/clp60373726?color=GREY#intid=prodColourId-60373726", "thumbnail_url": ["http://d1q9qhpdr6ehzh.cloudfront.net/1b2ebea908763d23907fb02b53b748ae"], "chatbot_image": "https://asset1.cxnmarksandspencer.com/is/image/mands/Supersoft-Waffle-Pyjama-Bottoms-1/SD_03_T07_3224_T0_X_EC_0?%24PDP_INT_IMAGEGRID_1_LG%24%20%20%20,https://asset1.cxnmarksandspencer.com/is/image/mands/Supersoft-Waffle-Pyjama-Bottoms-4/SD_03_T07_3224_T0_X_EC_2?%24PDP_INT_IMAGEGRID_1_LG%24%20%20%20", "unique_id": "ae0e2a4a787b45fc83188cfe51294bfd", "trending_score": "0.0", "price": 0.0, "discounted_price": 0.0, "currency": "INR", "product_code": "1b2ebea908763d23907fb02b53b748ae_marksandspencer_com", "affinity_score": 0.0, "brand": "M&S Collection", "store": "marksandspencer_com", "streamoid_urls": null}, {"title": "Trousers", "gender": "men", "category": "trousers", "color": "olive olive olive olive olive olive khaki khaki khaki khaki", "product_url": "https://i.pinimg.com/564x/12/b7/ad/12b7ad92b1ed74dbc935e88e81fa274b.jpg", "thumbnail_url": ["http://d1q9qhpdr6ehzh.cloudfront.net/715582ecda054e39e0cf6b0c2ba04f59"], "chatbot_image": null, "unique_id": "b7ec8ab9c30f4586a0925fba375151ad", "trending_score": "0.0", "price": 499.0, "discounted_price": 59.0, "currency": "INR", "product_code": "34", "affinity_score": 0.0, "brand": "def", "store": "v_demo_custom_1", "streamoid_urls": null}, {"title": "Printed Joggers", "gender": "women", "category": "trousers", "color": "gray gray gray gray gray gray slate gray slate gray slate gray slate gray", "product_url": "492361", "thumbnail_url": ["http://d1q9qhpdr6ehzh.cloudfront.net/8ef4617f6039d75a21776e883904e1d6"], "chatbot_image": "https://assets.abfrlcdn.com/img/app/product/4/492361-3647778-large.jpg,https://assets.abfrlcdn.com/img/app/product/4/492361-3647777-large.jpg,https://assets.abfrlcdn.com/img/app/product/4/492361-3647779-large.jpg,https://assets.abfrlcdn.com/img/app/product/4/492361-3647776.jpg", "unique_id": "031180afde414251b0d7a5736c94fbdf", "trending_score": "0.0", "price": 1199.0, "discounted_price": 1199.0, "currency": "INR", "product_code": "492361", "affinity_score": 0.0, "brand": "VH Woman", "store": "v_vanheusen_intimates", "streamoid_urls": null}, {"title": "Printed Joggers", "gender": "women", "category": "trousers", "color": "multicolor silver silver silver silver silver silver slate gray slate gray slate gray", "product_url": "492360", "thumbnail_url": ["http://d1q9qhpdr6ehzh.cloudfront.net/e89b12164377ca91ebca5031029d0c6c"], "chatbot_image": "https://assets.abfrlcdn.com/img/app/product/4/492360-3647774-large.jpg,https://assets.abfrlcdn.com/img/app/product/4/492360-3647773-large.jpg,https://assets.abfrlcdn.com/img/app/product/4/492360-3647775-large.jpg,https://assets.abfrlcdn.com/img/app/product/4/492360-3647772.jpg", "unique_id": "b5e96380b9fa4bfc85e5b3eeebd58de3", "trending_score": "0.0", "price": 1199.0, "discounted_price": 1199.0, "currency": "INR", "product_code": "492360", "affinity_score": 0.0, "brand": "VH Woman", "store": "v_vanheusen_intimates", "streamoid_urls": null}, {"title": "Trousers", "gender": "men", "category": "trousers", "color": "light-gray light-gray light-gray light-gray light-gray light-gray light gray light gray light gray light gray", "product_url": "https://3i1e5d437yd84efcy34dardm-wpengine.netdna-ssl.com/wp-content/uploads/2015/07/boss-cotton-medium-grey-lounge-pajama-pants-2016-2017.jpg", "thumbnail_url": ["http://d1q9qhpdr6ehzh.cloudfront.net/71046b16f5e008b05bdfb6574fa340ef"], "chatbot_image": null, "unique_id": "d691f61b70294c4996aaaf39a9f86fbe", "trending_score": "0.0", "price": 499.0, "discounted_price": 59.0, "currency": "INR", "product_code": "37", "affinity_score": 0.0, "brand": "def", "store": "v_demo_custom_1", "streamoid_urls": null}, {"title": "Trousers", "gender": "men", "category": "trousers", "color": "light-gray light-gray light-gray light-gray light-gray light-gray silver silver silver silver", "product_url": "https://cdna.lystit.com/photos/77ab-2016/01/22/esprit-grey-lounge-pants-in-slim-fit-gray-product-1-354236549-normal.jpeg", "thumbnail_url": ["http://d1q9qhpdr6ehzh.cloudfront.net/0dba4fbcd8b52b3594e96be78b9c843d"], "chatbot_image": null, "unique_id": "be5fd3253981440d9e03c70656c95f47", "trending_score": "0.0", "price": 499.0, "discounted_price": 59.0, "currency": "INR", "product_code": "39", "affinity_score": 0.0, "brand": "def", "store": "v_demo_custom_1", "streamoid_urls": null}, {"title": "Trousers", "gender": "men", "category": "trousers", "color": "multicolor olive olive olive olive olive olive black black black", "product_url": "https://i.pinimg.com/564x/03/05/46/0305465cf973fc68347bd1d83a8c7aba.jpg", "thumbnail_url": ["http://d1q9qhpdr6ehzh.cloudfront.net/1d23bd9acaad2cf1d83337b4712643f1"], "chatbot_image": null, "unique_id": "78a8a313add04e50963175f3c8d38725", "trending_score": "0.0", "price": 499.0, "discounted_price": 59.0, "currency": "INR", "product_code": "35", "affinity_score": 0.0, "brand": "def", "store": "v_demo_custom_1", "streamoid_urls": null}, {"title": "Slim Travel Pants", "gender": "women", "category": "trousers", "color": "pink pink pink pink pink pink coral coral coral coral", "product_url": "https://www.vanheusenintimates.com/p/slim-travel-pants-320830.html", "thumbnail_url": ["http://d1q9qhpdr6ehzh.cloudfront.net/9ea120029cdae546665b7b0a749ec974"], "chatbot_image": "https://assets.abfrlcdn.com/img/app/product/3/320830-1501586-large.jpg,https://assets.abfrlcdn.com/img/app/product/3/320830-1501585-large.jpg,https://assets.abfrlcdn.com/img/app/product/3/320830-1501587-large.jpg,https://assets.abfrlcdn.com/img/app/product/3/320830-1501584.jpg", "unique_id": "a074fc14e64a435b9fe21a1e3d37795f", "trending_score": "0.0", "price": 1049.0, "discounted_price": 1049.0, "currency": "INR", "product_code": "320830", "affinity_score": 0.0, "brand": "VH Woman", "store": "v_vanheusen_intimates", "streamoid_urls": null}, {"title": "Slim Travel Pants", "gender": "women", "category": "trousers", "color": "multicolor olive olive olive olive olive olive slate gray slate gray slate gray", "product_url": "https://www.vanheusenintimates.com/p/slim-travel-pants-320829.html", "thumbnail_url": ["http://d1q9qhpdr6ehzh.cloudfront.net/e3c3095c129cef5f3ec601a2540edbcb"], "chatbot_image": "https://assets.abfrlcdn.com/img/app/product/3/320829-1501582-large.jpg,https://assets.abfrlcdn.com/img/app/product/3/320829-1501581-large.jpg,https://assets.abfrlcdn.com/img/app/product/3/320829-1501583-large.jpg,https://assets.abfrlcdn.com/img/app/product/3/320829-1501580.jpg", "unique_id": "da7ab3ce792e4e97a0e4903e8340663c", "trending_score": "0.0", "price": 1049.0, "discounted_price": 1049.0, "currency": "INR", "product_code": "320829", "affinity_score": 0.0, "brand": "VH Woman", "store": "v_vanheusen_intimates", "streamoid_urls": null}, {"title": "Printed Joggers", "gender": "women", "category": "trousers", "color": "light-gray light-gray light-gray light-gray light-gray light-gray light gray light gray light gray gray", "product_url": "https://www.vanheusenintimates.com/p/printed-joggers-313900.html", "thumbnail_url": ["http://d1q9qhpdr6ehzh.cloudfront.net/eed99dea0b05320227860066d63fca16"], "chatbot_image": "https://assets.abfrlcdn.com/img/app/product/3/313900-1442708-large.jpg,https://assets.abfrlcdn.com/img/app/product/3/313900-1442707-large.jpg,https://assets.abfrlcdn.com/img/app/product/3/313900-1442709-large.jpg,https://assets.abfrlcdn.com/img/app/product/3/313900-1442706.jpg", "unique_id": "98e7e532282249288c25d38ad70446ef", "trending_score": "0.0", "price": 999.0, "discounted_price": 999.0, "currency": "INR", "product_code": "313900", "affinity_score": 0.0, "brand": "VH Woman", "store": "v_vanheusen_intimates", "streamoid_urls": null}, {"title": "Printed Joggers", "gender": "women", "category": "trousers", "color": "multicolor light-blue light-blue light-blue light-blue light-blue light-blue powder blue powder blue light gray", "product_url": "492362", "thumbnail_url": ["http://d1q9qhpdr6ehzh.cloudfront.net/8d8f0763fafe7fcca92ac87ebf34f0d2"], "chatbot_image": "https://assets.abfrlcdn.com/img/app/product/4/492362-3651201-large.jpg,https://assets.abfrlcdn.com/img/app/product/4/492362-3651200-large.jpg,https://assets.abfrlcdn.com/img/app/product/4/492362-3651202-large.jpg,https://assets.abfrlcdn.com/img/app/product/4/492362-3651199.jpg", "unique_id": "79bfc20303324ffb8c0ebdd49cc7e233", "trending_score": "0.0", "price": 1199.0, "discounted_price": 1199.0, "currency": "INR", "product_code": "492362", "affinity_score": 0.0, "brand": "VH Woman", "store": "v_vanheusen_intimates", "streamoid_urls": null}, {"title": "Printed Joggers", "gender": "women", "category": "trousers", "color": "pink pink pink pink pink pink pink pink pink pink", "product_url": "https://www.vanheusenintimates.com/p/printed-joggers-313901.html", "thumbnail_url": ["http://d1q9qhpdr6ehzh.cloudfront.net/b78fc2119a54d707ee12a07cce53e6f2"], "chatbot_image": "https://assets.abfrlcdn.com/img/app/product/3/313901-1500014-large.jpg,https://assets.abfrlcdn.com/img/app/product/3/313901-1500013-large.jpg,https://assets.abfrlcdn.com/img/app/product/3/313901-1500015-large.jpg,https://assets.abfrlcdn.com/img/app/product/3/313901-1500012.jpg", "unique_id": "e214297cf4204a7ab0c6576a03b944c9", "trending_score": "0.0", "price": 999.0, "discounted_price": 999.0, "currency": "INR", "product_code": "313901", "affinity_score": 0.0, "brand": "VH Woman", "store": "v_vanheusen_intimates", "streamoid_urls": null}, {"title": "Trousers", "gender": "men", "category": "trousers", "color": "light-gray light-gray light-gray light-gray light-gray light-gray gray gray gray gray", "product_url": "https://i.pinimg.com/564x/22/3a/57/223a57edd006ac113ede8550d368e0a0.jpg", "thumbnail_url": ["http://d1q9qhpdr6ehzh.cloudfront.net/17253adcb4196f1c15edd2d18cd0b84d"], "chatbot_image": null, "unique_id": "98e2b3b57faf47cead4dfced955d1115", "trending_score": "0.0", "price": 499.0, "discounted_price": 59.0, "currency": "INR", "product_code": "32", "affinity_score": 0.0, "brand": "def", "store": "v_demo_custom_1", "streamoid_urls": null}, {"title": "Slim Travel Pants", "gender": "women", "category": "trousers", "color": "navy navy navy navy navy navy navy navy navy navy", "product_url": "https://www.vanheusenintimates.com/p/slim-travel-pants-320831.html", "thumbnail_url": ["http://d1q9qhpdr6ehzh.cloudfront.net/bf9e40a20b040e133b9e422af564a394"], "chatbot_image": "https://assets.abfrlcdn.com/img/app/product/3/320831-1501590-large.jpg,https://assets.abfrlcdn.com/img/app/product/3/320831-1501589-large.jpg,https://assets.abfrlcdn.com/img/app/product/3/320831-1501591-large.jpg,https://assets.abfrlcdn.com/img/app/product/3/320831-1501588.jpg", "unique_id": "85735c4c31a24595a69181c8f2fcf4d8", "trending_score": "0.0", "price": 1049.0, "discounted_price": 1049.0, "currency": "INR", "product_code": "320831", "affinity_score": 0.0, "brand": "VH Woman", "store": "v_vanheusen_intimates", "streamoid_urls": null}, {"title": "Printed Joggers", "gender": "women", "category": "trousers", "color": "light-gray light-gray light-gray light-gray light-gray light-gray light gray light gray light gray light gray", "product_url": "492363", "thumbnail_url": ["http://d1q9qhpdr6ehzh.cloudfront.net/a29fbf5673844de639ac66a53d098207"], "chatbot_image": "https://assets.abfrlcdn.com/img/app/product/4/492363-3651205-large.jpg,https://assets.abfrlcdn.com/img/app/product/4/492363-3651204-large.jpg,https://assets.abfrlcdn.com/img/app/product/4/492363-3651206-large.jpg,https://assets.abfrlcdn.com/img/app/product/4/492363-3651203.jpg", "unique_id": "e69960b650ee4fdf80bbd2100b23e4cb", "trending_score": "0.0", "price": 1199.0, "discounted_price": 1199.0, "currency": "INR", "product_code": "492363", "affinity_score": 0.0, "brand": "VH Woman", "store": "v_vanheusen_intimates", "streamoid_urls": null}, {"title": "'Classic' sweatpants", "gender": "men", "category": "trousers", "color": "navy navy navy navy navy navy black black black black", "product_url": "https://www.lanecrawford.com/pdp/AJH967", "thumbnail_url": ["http://d1q9qhpdr6ehzh.cloudfront.net/8d8df77b93206cc1db40708a8e5ef72b"], "chatbot_image": "http://media.lanecrawford.com/A/J/H/AJH967_in_xl.jpg,http://media.lanecrawford.com/A/J/H/AJH967_bk_xl.jpg,http://media.lanecrawford.com/A/J/H/AJH967_ro_xl.jpg", "unique_id": "1144ea53bad24a7ca4f6a9cab4d37c44", "trending_score": "0.0", "price": 1700.0, "discounted_price": 1700.0, "currency": "HKD", "product_code": "AJH967", "affinity_score": 0.0, "brand": "RAG & BONE", "store": "v_lane_crawford", "streamoid_urls": null}, {"title": "'Hagley' racing stripe jogging pants", "gender": "men", "category": "trousers", "color": "navy navy navy navy navy navy navy navy navy navy", "product_url": "https://www.lanecrawford.com/pdp/AUR036", "thumbnail_url": ["http://d1q9qhpdr6ehzh.cloudfront.net/ff5561c586dc21bd48c55cd6256c3b95"], "chatbot_image": "http://media.lanecrawford.com/A/U/R/AUR036_in_xl.jpg,http://media.lanecrawford.com/A/U/R/AUR036_bk_xl.jpg,http://media.lanecrawford.com/A/U/R/AUR036_4_xl.jpg,http://media.lanecrawford.com/A/U/R/AUR036_ro_xl.jpg", "unique_id": "5336b864de004e38a49ed8d9c5440041", "trending_score": "0.0", "price": 2900.0, "discounted_price": 2900.0, "currency": "HKD", "product_code": "AUR036", "affinity_score": 0.0, "brand": "ORLEBAR BROWN", "store": "v_lane_crawford", "streamoid_urls": null}, {"title": "Maternity Loopback Side Stripe Jogger", "gender": "women", "category": "trousers", "color": "black black black black black black black black black black", "product_url": "https://www.boohoo.com/maternity-loopback-side-stripe-jogger/BZZ45169.html", "thumbnail_url": ["http://d1q9qhpdr6ehzh.cloudfront.net/516264268673cf310c7d0c31323fff3f"], "chatbot_image": "https://media.boohoo.com/i/boohoo/bzz45169_black_xl/womens-stone-maternity-loopback-side-stripe-jogger?%24product_page_main_magic_zoom%24%201x,%20//media.boohoo.com/i/boohoo/bzz45169_black_xl/womens-stone-maternity-loopback-side-stripe-jogger?%24product_page_main_magic_zoom_2x%24%202x,%20//media.boohoo.com/i/boohoo/bzz45169_black_xl/womens-stone-maternity-loopback-side-stripe-jogger?%24product_page_main_magic_zoom_3x%24%203x,https://media.boohoo.com/i/boohoo/bzz45169_black_xl_1/stone-maternity-loopback-side-stripe-jogger?%24product_page_main_magic_zoom%24,https://media.boohoo.com/i/boohoo/bzz45169_black_xl_2/stone-maternity-loopback-side-stripe-jogger?%24product_page_main_magic_zoom%24,https://media.boohoo.com/i/boohoo/bzz45169_black_xl_3/stone-maternity-loopback-side-stripe-jogger?%24product_page_main_magic_zoom%24", "unique_id": "522ca6f4a45a488cbddf7154acac637d", "trending_score": "0.0", "price": 14.4, "discounted_price": 14.4, "currency": "INR", "product_code": "516264268673cf310c7d0c31323fff3f_boohoo_com", "affinity_score": 0.0, "brand": null, "store": "boohoo_com", "streamoid_urls": null}, {"title": "Check Cuff High Waist Jogger", "gender": "women", "category": "trousers", "color": "multicolor nude nude nude nude nude nude white white silver", "product_url": "https://www.boohoo.com/check-cuff-high-waist-jogger/FZZ58801.html", "thumbnail_url": ["http://d1q9qhpdr6ehzh.cloudfront.net/19c0984aeb4f05ec02ad52c1ee7f19d0"], "chatbot_image": "https://media.boohoo.com/i/boohoo/fzz58801_sand_xl/womens-sand-check-cuff-high-waist-jogger?%24product_page_main_magic_zoom%24%201x,%20//media.boohoo.com/i/boohoo/fzz58801_sand_xl/womens-sand-check-cuff-high-waist-jogger?%24product_page_main_magic_zoom_2x%24%202x,%20//media.boohoo.com/i/boohoo/fzz58801_sand_xl/womens-sand-check-cuff-high-waist-jogger?%24product_page_main_magic_zoom_3x%24%203x,https://media.boohoo.com/i/boohoo/fzz58801_sand_xl_1/sand-check-cuff-high-waist-jogger?%24product_page_main_magic_zoom%24,https://media.boohoo.com/i/boohoo/fzz58801_sand_xl_2/sand-check-cuff-high-waist-jogger?%24product_page_main_magic_zoom%24,https://media.boohoo.com/i/boohoo/fzz58801_sand_xl_3/sand-check-cuff-high-waist-jogger?%24product_page_main_magic_zoom%24", "unique_id": "20cfb292cd3b43a7aaf37b68b5346fce", "trending_score": "0.0", "price": 24.0, "discounted_price": 24.0, "currency": "INR", "product_code": "19c0984aeb4f05ec02ad52c1ee7f19d0_boohoo_com", "affinity_score": 0.0, "brand": null, "store": "boohoo_com", "streamoid_urls": null}, {"title": "RELAXED JOGGERS", "gender": "women", "category": "trousers", "color": "charcoal-gray charcoal-gray charcoal-gray charcoal-gray charcoal-gray charcoal-gray charcoal gray charcoal gray charcoal gray charcoal gray", "product_url": "https://www.oasis-stores.com/071459.html?dwvar_071459_color=13", "thumbnail_url": ["http://d1q9qhpdr6ehzh.cloudfront.net/f47c22d3a65561bccdd94c33d921a659"], "chatbot_image": "https://www.oasis-stores.com/dw/image/v2/AAWY_PRD/on/demandware.static/-/Sites-OASIS/default/dw57933faf/images/hi-res/oasis_07145913_2.jpg,https://www.oasis-stores.com/dw/image/v2/AAWY_PRD/on/demandware.static/-/Sites-OASIS/default/dwfbb4d074/images/hi-res/oasis_07145913_3.jpg,https://www.oasis-stores.com/dw/image/v2/AAWY_PRD/on/demandware.static/-/Sites-OASIS/default/dw4f239577/images/hi-res/oasis_07145913_4.jpg,https://www.oasis-stores.com/dw/image/v2/AAWY_PRD/on/demandware.static/-/Sites-OASIS/default/dwed46b18d/images/hi-res/oasis_07145913_5.jpg", "unique_id": "162c4ef86b9e4d5ba7ff2a4d36f07fa0", "trending_score": "0.0", "price": 26.0, "discounted_price": 18.2, "currency": "GBP", "product_code": "07145913", "affinity_score": 0.0, "brand": "v_oasis", "store": "v_oasis", "streamoid_urls": null}, {"title": "LEOPARD COSY JOGGER", "gender": "women", "category": "trousers", "color": "silver silver silver silver silver silver gray gray gray gray", "product_url": "https://www.oasis-stores.com/071616.html?dwvar_071616_color=13", "thumbnail_url": ["http://d1q9qhpdr6ehzh.cloudfront.net/389c03f76ac90eb6b85e18353191ee7d"], "chatbot_image": "https://www.oasis-stores.com/dw/image/v2/AAWY_PRD/on/demandware.static/-/Sites-OASIS/default/dw29b2278f/images/hi-res/oasis_07161613_2.jpg,https://www.oasis-stores.com/dw/image/v2/AAWY_PRD/on/demandware.static/-/Sites-OASIS/default/dw0c2fba75/images/hi-res/oasis_07161613_3.jpg,https://www.oasis-stores.com/dw/image/v2/AAWY_PRD/on/demandware.static/-/Sites-OASIS/default/dw86a58fb4/images/hi-res/oasis_07161613_4.jpg,https://www.oasis-stores.com/dw/image/v2/AAWY_PRD/on/demandware.static/-/Sites-OASIS/default/dwa1f73b04/images/hi-res/oasis_07161613_5.jpg", "unique_id": "8698750d3c9448c1acfed24e28aff360", "trending_score": "0.0", "price": 30.0, "discounted_price": 21.0, "currency": "GBP", "product_code": "07161613", "affinity_score": 0.0, "brand": "v_oasis", "store": "v_oasis", "streamoid_urls": null}, {"title": "Piping Detail Jogger", "gender": "women", "category": "trousers", "color": "black black black black black black black black black black", "product_url": "https://www.boohoo.com/piping-detail-jogger/FZZ60219.html", "thumbnail_url": ["http://d1q9qhpdr6ehzh.cloudfront.net/d5a7468b9d8b12a8e3d271ebd587e610"], "chatbot_image": "https://media.boohoo.com/i/boohoo/fzz60219_black_xl/womens-black-piping-detail-jogger?%24product_page_main_magic_zoom%24%201x,%20//media.boohoo.com/i/boohoo/fzz60219_black_xl/womens-black-piping-detail-jogger?%24product_page_main_magic_zoom_2x%24%202x,%20//media.boohoo.com/i/boohoo/fzz60219_black_xl/womens-black-piping-detail-jogger?%24product_page_main_magic_zoom_3x%24%203x,https://media.boohoo.com/i/boohoo/fzz60219_black_xl_1/black-piping-detail-jogger?%24product_page_main_magic_zoom%24,https://media.boohoo.com/i/boohoo/fzz60219_black_xl_2/black-piping-detail-jogger?%24product_page_main_magic_zoom%24,https://media.boohoo.com/i/boohoo/fzz60219_black_xl_3/black-piping-detail-jogger?%24product_page_main_magic_zoom%24", "unique_id": "bb964a109c3c4ee48345d9970b8fbdb8", "trending_score": "0.0", "price": 8.0, "discounted_price": 8.0, "currency": "INR", "product_code": "d5a7468b9d8b12a8e3d271ebd587e610_boohoo_com", "affinity_score": 0.0, "brand": null, "store": "boohoo_com", "streamoid_urls": null}, {"title": "Mix & Match Loopback Lounge Joggers", "gender": "women", "category": "trousers", "color": "silver silver silver silver silver silver peach peach peach peach", "product_url": "https://www.boohoo.com/mix-match-loopback-lounge-joggers/NZZ88980.html", "thumbnail_url": ["http://d1q9qhpdr6ehzh.cloudfront.net/b43f20886fdbddc537b301dae0971d3a"], "chatbot_image": "https://media.boohoo.com/i/boohoo/nzz88980_coral_xl/womens-coral-mix-&-match-loopback-lounge-joggers?%24product_page_main_magic_zoom%24%201x,%20//media.boohoo.com/i/boohoo/nzz88980_coral_xl/womens-coral-mix-&-match-loopback-lounge-joggers?%24product_page_main_magic_zoom_2x%24%202x,%20//media.boohoo.com/i/boohoo/nzz88980_coral_xl/womens-coral-mix-&-match-loopback-lounge-joggers?%24product_page_main_magic_zoom_3x%24%203x,https://media.boohoo.com/i/boohoo/nzz88980_coral_xl_1/coral-mix-&-match-loopback-lounge-joggers?%24product_page_main_magic_zoom%24,https://media.boohoo.com/i/boohoo/nzz88980_coral_xl_2/coral-mix-&-match-loopback-lounge-joggers?%24product_page_main_magic_zoom%24,https://media.boohoo.com/i/boohoo/nzz88980_coral_xl_3/coral-mix-&-match-loopback-lounge-joggers?%24product_page_main_magic_zoom%24", "unique_id": "dcc9bd0db29c45bf85249de3e52376ee", "trending_score": "0.0", "price": 8.0, "discounted_price": 8.0, "currency": "INR", "product_code": "b43f20886fdbddc537b301dae0971d3a_boohoo_com", "affinity_score": 0.0, "brand": null, "store": "boohoo_com", "streamoid_urls": null}, {"title": "Mix & Match Slub Lounge Hoodie", "gender": "women", "category": "trousers", "color": "multicolor beige beige beige beige beige beige beige beige beige", "product_url": "https://www.boohoo.com/mix-match-slub-lounge-hoodie/NZZ88929.html", "thumbnail_url": ["http://d1q9qhpdr6ehzh.cloudfront.net/a9afb6bb269bfa35171a0b1859589708"], "chatbot_image": "https://media.boohoo.com/i/boohoo/nzz88929_cream_xl/womens-cream-mix-&-match-slub-lounge-hoodie?%24product_page_main_magic_zoom%24%201x,%20//media.boohoo.com/i/boohoo/nzz88929_cream_xl/womens-cream-mix-&-match-slub-lounge-hoodie?%24product_page_main_magic_zoom_2x%24%202x,%20//media.boohoo.com/i/boohoo/nzz88929_cream_xl/womens-cream-mix-&-match-slub-lounge-hoodie?%24product_page_main_magic_zoom_3x%24%203x,https://media.boohoo.com/i/boohoo/nzz88929_cream_xl_1/cream-mix-&-match-slub-lounge-hoodie?%24product_page_main_magic_zoom%24,https://media.boohoo.com/i/boohoo/nzz88929_cream_xl_2/cream-mix-&-match-slub-lounge-hoodie?%24product_page_main_magic_zoom%24,https://media.boohoo.com/i/boohoo/nzz88929_cream_xl_3/cream-mix-&-match-slub-lounge-hoodie?%24product_page_main_magic_zoom%24", "unique_id": "ebf20282af1740e29dcba5abb776f3dd", "trending_score": "0.0", "price": 9.0, "discounted_price": 9.0, "currency": "INR", "product_code": "a9afb6bb269bfa35171a0b1859589708_boohoo_com", "affinity_score": 0.0, "brand": null, "store": "boohoo_com", "streamoid_urls": null}, {"title": "Acid Wash Cuffed Jogger ", "gender": "women", "category": "trousers", "color": "pink pink pink pink pink pink baby pink baby pink baby pink baby pink", "product_url": "https://www.boohoo.com/acid-wash-cuffed-jogger-/FZZ67351.html", "thumbnail_url": ["http://d1q9qhpdr6ehzh.cloudfront.net/a5a9e494631a1f641936663a6b553494"], "chatbot_image": "https://media.boohoo.com/i/boohoo/fzz67351_lilac_xl/womens-lilac-acid-wash-cuffed-jogger-?%24product_page_main_magic_zoom%24%201x,%20//media.boohoo.com/i/boohoo/fzz67351_lilac_xl/womens-lilac-acid-wash-cuffed-jogger-?%24product_page_main_magic_zoom_2x%24%202x,%20//media.boohoo.com/i/boohoo/fzz67351_lilac_xl/womens-lilac-acid-wash-cuffed-jogger-?%24product_page_main_magic_zoom_3x%24%203x,https://media.boohoo.com/i/boohoo/fzz67351_lilac_xl_1/acid-wash-cuffed-jogger-?%24product_page_main_magic_zoom%24,https://media.boohoo.com/i/boohoo/fzz67351_lilac_xl_2/acid-wash-cuffed-jogger-?%24product_page_main_magic_zoom%24,https://media.boohoo.com/i/boohoo/fzz67351_lilac_xl_3/acid-wash-cuffed-jogger-?%24product_page_main_magic_zoom%24", "unique_id": "3b6d3d378b8443b09095e7610c0cb293", "trending_score": "0.0", "price": 17.6, "discounted_price": 17.6, "currency": "INR", "product_code": "a5a9e494631a1f641936663a6b553494_boohoo_com", "affinity_score": 0.0, "brand": null, "store": "boohoo_com", "streamoid_urls": null}, {"title": "STAR FOIL JERSEY JOGGERS", "gender": "women", "category": "trousers", "color": "navy navy navy navy navy navy navy navy navy navy", "product_url": "https://www.oasis-stores.com/072173.html?dwvar_072173_color=61", "thumbnail_url": ["http://d1q9qhpdr6ehzh.cloudfront.net/c90ab57c3a9c686efd2db166c722d7c4"], "chatbot_image": "https://www.oasis-stores.com/dw/image/v2/AAWY_PRD/on/demandware.static/-/Sites-OASIS/default/dwd7b5430b/images/hi-res/oasis_07217361_2.jpg,https://www.oasis-stores.com/dw/image/v2/AAWY_PRD/on/demandware.static/-/Sites-OASIS/default/dw235667ae/images/hi-res/oasis_07217361_3.jpg,https://www.oasis-stores.com/dw/image/v2/AAWY_PRD/on/demandware.static/-/Sites-OASIS/default/dw26dc1fd4/images/hi-res/oasis_07217361_4.jpg,https://www.oasis-stores.com/dw/image/v2/AAWY_PRD/on/demandware.static/-/Sites-OASIS/default/dwe759a0be/images/hi-res/oasis_07217361_5.jpg,https://www.oasis-stores.com/dw/image/v2/AAWY_PRD/on/demandware.static/-/Sites-OASIS/default/dw33636b27/images/hi-res/oasis_07217361_6.jpg", "unique_id": "9df16944fd4f4b78980c499a33d3df4d", "trending_score": "0.0", "price": 30.0, "discounted_price": 21.0, "currency": "GBP", "product_code": "07217361", "affinity_score": 0.0, "brand": "v_oasis", "store": "v_oasis", "streamoid_urls": null}, {"title": "Basic Soft Mix & Match Lounge Joggers", "gender": "women", "category": "trousers", "color": "black black black black black black black black black black", "product_url": "https://www.boohoo.com/basic-soft-mix-match-lounge-joggers/NZZ89230.html", "thumbnail_url": ["http://d1q9qhpdr6ehzh.cloudfront.net/99bd1081d9fa8b7b595a9b5d35df6818"], "chatbot_image": "https://media.boohoo.com/i/boohoo/nzz89230_black_xl/womens-black-basic-soft-mix-&-match-lounge-joggers?%24product_page_main_magic_zoom%24%201x,%20//media.boohoo.com/i/boohoo/nzz89230_black_xl/womens-black-basic-soft-mix-&-match-lounge-joggers?%24product_page_main_magic_zoom_2x%24%202x,%20//media.boohoo.com/i/boohoo/nzz89230_black_xl/womens-black-basic-soft-mix-&-match-lounge-joggers?%24product_page_main_magic_zoom_3x%24%203x,https://media.boohoo.com/i/boohoo/nzz89230_black_xl_1/black-basic-soft-mix-&-match-lounge-joggers?%24product_page_main_magic_zoom%24,https://media.boohoo.com/i/boohoo/nzz89230_black_xl_2/black-basic-soft-mix-&-match-lounge-joggers?%24product_page_main_magic_zoom%24,https://media.boohoo.com/i/boohoo/nzz89230_black_xl_3/black-basic-soft-mix-&-match-lounge-joggers?%24product_page_main_magic_zoom%24", "unique_id": "68540512f9df499b8509f39e6956c712", "trending_score": "0.0", "price": 12.0, "discounted_price": 12.0, "currency": "INR", "product_code": "99bd1081d9fa8b7b595a9b5d35df6818_boohoo_com", "affinity_score": 0.0, "brand": null, "store": "boohoo_com", "streamoid_urls": null}, {"title": "Basic Soft Mix & Match Lounge Jogger", "gender": "women", "category": "trousers", "color": "multicolor light-gray light-gray light-gray light-gray light-gray light-gray silver silver silver", "product_url": "https://www.boohoo.com/basic-soft-mix-match-lounge-jogger/NZZ89427.html", "thumbnail_url": ["http://d1q9qhpdr6ehzh.cloudfront.net/e8b3b2c4267d85ad7a14bb92778ddde6"], "chatbot_image": "https://media.boohoo.com/i/boohoo/nzz89427_grey%20marl_xl/womens-grey%20marl-basic-soft-mix-&-match-lounge-jogger?%24product_page_main_magic_zoom%24%201x,%20//media.boohoo.com/i/boohoo/nzz89427_grey%20marl_xl/womens-grey%20marl-basic-soft-mix-&-match-lounge-jogger?%24product_page_main_magic_zoom_2x%24%202x,%20//media.boohoo.com/i/boohoo/nzz89427_grey%20marl_xl/womens-grey%20marl-basic-soft-mix-&-match-lounge-jogger?%24product_page_main_magic_zoom_3x%24%203x,https://media.boohoo.com/i/boohoo/nzz89427_grey%20marl_xl_1/grey-marl-basic-soft-mix-&-match-lounge-jogger?%24product_page_main_magic_zoom%24,https://media.boohoo.com/i/boohoo/nzz89427_grey%20marl_xl_2/grey-marl-basic-soft-mix-&-match-lounge-jogger?%24product_page_main_magic_zoom%24,https://media.boohoo.com/i/boohoo/nzz89427_grey%20marl_xl_3/grey-marl-basic-soft-mix-&-match-lounge-jogger?%24product_page_main_magic_zoom%24", "unique_id": "f7a2b4b2dec54a7dac0208a76a9207d9", "trending_score": "0.0", "price": 9.0, "discounted_price": 9.0, "currency": "INR", "product_code": "e8b3b2c4267d85ad7a14bb92778ddde6_boohoo_com", "affinity_score": 0.0, "brand": null, "store": "boohoo_com", "streamoid_urls": null}, {"title": "HEART FOIL JOGGERS", "gender": "women", "category": "trousers", "color": "charcoal-gray charcoal-gray charcoal-gray charcoal-gray charcoal-gray charcoal-gray charcoal gray charcoal gray charcoal gray charcoal gray", "product_url": "https://www.oasis-stores.com/071863.html?dwvar_071863_color=15", "thumbnail_url": ["http://d1q9qhpdr6ehzh.cloudfront.net/4da7c5acd3d67c09624b4643539f4014"], "chatbot_image": "https://www.oasis-stores.com/dw/image/v2/AAWY_PRD/on/demandware.static/-/Sites-OASIS/default/dwfb24e0e4/images/hi-res/oasis_07186315_2.jpg,https://www.oasis-stores.com/dw/image/v2/AAWY_PRD/on/demandware.static/-/Sites-OASIS/default/dw7a74c4c2/images/hi-res/oasis_07186315_3.jpg,https://www.oasis-stores.com/dw/image/v2/AAWY_PRD/on/demandware.static/-/Sites-OASIS/default/dw38595c20/images/hi-res/oasis_07186315_4.jpg,https://www.oasis-stores.com/dw/image/v2/AAWY_PRD/on/demandware.static/-/Sites-OASIS/default/dwea2b20d6/images/hi-res/oasis_07186315_5.jpg", "unique_id": "3ac7acaa0bb641128066cfc65dbd3ef2", "trending_score": "0.0", "price": 29.0, "discounted_price": 20.3, "currency": "GBP", "product_code": "07186315", "affinity_score": 0.0, "brand": "v_oasis", "store": "v_oasis", "streamoid_urls": null}, {"title": "OVERSIZED JOGGER ", "gender": "women", "category": "trousers", "color": "nude nude nude nude nude nude champagne champagne champagne champagne", "product_url": "https://www.boohoo.com/oversized-jogger-/FZZ56564.html", "thumbnail_url": ["http://d1q9qhpdr6ehzh.cloudfront.net/0520b6f3e09f73cfecd3b09a8e0af1c7"], "chatbot_image": "https://media.boohoo.com/i/boohoo/fzz56564_peach_xl/womens-peach-oversized-jogger-?%24product_page_main_magic_zoom%24%201x,%20//media.boohoo.com/i/boohoo/fzz56564_peach_xl/womens-peach-oversized-jogger-?%24product_page_main_magic_zoom_2x%24%202x,%20//media.boohoo.com/i/boohoo/fzz56564_peach_xl/womens-peach-oversized-jogger-?%24product_page_main_magic_zoom_3x%24%203x,https://media.boohoo.com/i/boohoo/fzz56564_peach_xl_1/peach-oversized-jogger-?%24product_page_main_magic_zoom%24,https://media.boohoo.com/i/boohoo/fzz56564_peach_xl_2/peach-oversized-jogger-?%24product_page_main_magic_zoom%24,https://media.boohoo.com/i/boohoo/fzz56564_peach_xl_3/peach-oversized-jogger-?%24product_page_main_magic_zoom%24", "unique_id": "0fc97b444cb3469492d8ca27bcd2e714", "trending_score": "0.0", "price": 12.8, "discounted_price": 12.8, "currency": "INR", "product_code": "0520b6f3e09f73cfecd3b09a8e0af1c7_boohoo_com", "affinity_score": 0.0, "brand": null, "store": "boohoo_com", "streamoid_urls": null}, {"title": "Oversized High Waisted Jogger", "gender": "women", "category": "trousers", "color": "multicolor light-gray light-gray light-gray light-gray light-gray light-gray silver silver silver", "product_url": "https://www.boohoo.com/oversized-high-waisted-jogger/FZZ60217.html", "thumbnail_url": ["http://d1q9qhpdr6ehzh.cloudfront.net/76d19e938971ac2bf4003e4dd361d777"], "chatbot_image": "https://media.boohoo.com/i/boohoo/fzz60217_grey_xl/womens-grey-oversized-high-waisted-jogger?%24product_page_main_magic_zoom%24%201x,%20//media.boohoo.com/i/boohoo/fzz60217_grey_xl/womens-grey-oversized-high-waisted-jogger?%24product_page_main_magic_zoom_2x%24%202x,%20//media.boohoo.com/i/boohoo/fzz60217_grey_xl/womens-grey-oversized-high-waisted-jogger?%24product_page_main_magic_zoom_3x%24%203x,https://media.boohoo.com/i/boohoo/fzz60217_grey_xl_1/grey-oversized-high-waisted-jogger?%24product_page_main_magic_zoom%24,https://media.boohoo.com/i/boohoo/fzz60217_grey_xl_2/grey-oversized-high-waisted-jogger?%24product_page_main_magic_zoom%24,https://media.boohoo.com/i/boohoo/fzz60217_grey_xl_3/grey-oversized-high-waisted-jogger?%24product_page_main_magic_zoom%24", "unique_id": "b77c06d06f6244008aa8877e1a55e7e8", "trending_score": "0.0", "price": 10.0, "discounted_price": 10.0, "currency": "INR", "product_code": "76d19e938971ac2bf4003e4dd361d777_boohoo_com", "affinity_score": 0.0, "brand": null, "store": "boohoo_com", "streamoid_urls": null}, {"title": "Maternity Lounge Jogger ", "gender": "women", "category": "trousers", "color": "multicolor light-gray light-gray light-gray light-gray light-gray light-gray silver silver silver", "product_url": "https://www.boohoo.com/maternity-lounge-jogger-/BZZ45770.html", "thumbnail_url": ["http://d1q9qhpdr6ehzh.cloudfront.net/3801558e14b67cb16e4a79a02ca24010"], "chatbot_image": "https://media.boohoo.com/i/boohoo/bzz45770_grey%20marl_xl/womens-grey%20marl-maternity-lounge-jogger-?%24product_page_main_magic_zoom%24%201x,%20//media.boohoo.com/i/boohoo/bzz45770_grey%20marl_xl/womens-grey%20marl-maternity-lounge-jogger-?%24product_page_main_magic_zoom_2x%24%202x,%20//media.boohoo.com/i/boohoo/bzz45770_grey%20marl_xl/womens-grey%20marl-maternity-lounge-jogger-?%24product_page_main_magic_zoom_3x%24%203x,https://media.boohoo.com/i/boohoo/bzz45770_grey%20marl_xl_1/grey-marl-maternity-lounge-jogger-?%24product_page_main_magic_zoom%24,https://media.boohoo.com/i/boohoo/bzz45770_grey%20marl_xl_2/grey-marl-maternity-lounge-jogger-?%24product_page_main_magic_zoom%24,https://media.boohoo.com/i/boohoo/bzz45770_grey%20marl_xl_3/grey-marl-maternity-lounge-jogger-?%24product_page_main_magic_zoom%24", "unique_id": "fb37d8433edc4e40a2be303a2873b67b", "trending_score": "0.0", "price": 12.0, "discounted_price": 12.0, "currency": "INR", "product_code": "3801558e14b67cb16e4a79a02ca24010_boohoo_com", "affinity_score": 0.0, "brand": null, "store": "boohoo_com", "streamoid_urls": null}, {"title": "Maternity Loopback Jogger", "gender": "women", "category": "trousers", "color": "pink pink pink pink pink pink baby pink baby pink baby pink baby pink", "product_url": "https://www.boohoo.com/maternity-loopback-jogger/BZZ45170.html", "thumbnail_url": ["http://d1q9qhpdr6ehzh.cloudfront.net/7e80ad23b17074e561c59f7a44f3b1f9"], "chatbot_image": "https://media.boohoo.com/i/boohoo/bzz45170_lilac_xl/womens-lilac-maternity-loopback-jogger?%24product_page_main_magic_zoom%24%201x,%20//media.boohoo.com/i/boohoo/bzz45170_lilac_xl/womens-lilac-maternity-loopback-jogger?%24product_page_main_magic_zoom_2x%24%202x,%20//media.boohoo.com/i/boohoo/bzz45170_lilac_xl/womens-lilac-maternity-loopback-jogger?%24product_page_main_magic_zoom_3x%24%203x,https://media.boohoo.com/i/boohoo/bzz45170_lilac_xl_1/lilac-maternity-loopback-jogger?%24product_page_main_magic_zoom%24,https://media.boohoo.com/i/boohoo/bzz45170_lilac_xl_2/lilac-maternity-loopback-jogger?%24product_page_main_magic_zoom%24,https://media.boohoo.com/i/boohoo/bzz45170_lilac_xl_3/lilac-maternity-loopback-jogger?%24product_page_main_magic_zoom%24", "unique_id": "3337b5761c1541599ca170abd2834284", "trending_score": "0.0", "price": 12.0, "discounted_price": 12.0, "currency": "INR", "product_code": "7e80ad23b17074e561c59f7a44f3b1f9_boohoo_com", "affinity_score": 0.0, "brand": null, "store": "boohoo_com", "streamoid_urls": null}, {"title": "HEART FOIL JOGGERS", "gender": "women", "category": "trousers", "color": "off-white off-white off-white off-white off-white off-white silver silver silver silver", "product_url": "https://www.oasis-stores.com/071863.html?dwvar_071863_color=16", "thumbnail_url": ["http://d1q9qhpdr6ehzh.cloudfront.net/f598ff6d0eef5706539347578260e615"], "chatbot_image": "https://www.oasis-stores.com/dw/image/v2/AAWY_PRD/on/demandware.static/-/Sites-OASIS/default/dw398e24c0/images/hi-res/oasis_07186316_2.jpg,https://www.oasis-stores.com/dw/image/v2/AAWY_PRD/on/demandware.static/-/Sites-OASIS/default/dwfcdbbaba/images/hi-res/oasis_07186316_3.jpg,https://www.oasis-stores.com/dw/image/v2/AAWY_PRD/on/demandware.static/-/Sites-OASIS/default/dwe08bc182/images/hi-res/oasis_07186316_4.jpg,https://www.oasis-stores.com/dw/image/v2/AAWY_PRD/on/demandware.static/-/Sites-OASIS/default/dw4a96478f/images/hi-res/oasis_07186316_5.jpg", "unique_id": "a15dd26513d54f60a816daead72d15bd", "trending_score": "0.0", "price": 29.0, "discounted_price": 20.3, "currency": "GBP", "product_code": "07186316", "affinity_score": 0.0, "brand": "v_oasis", "store": "v_oasis", "streamoid_urls": null}, {"title": "EMBROIDERED STAR JOGGERS", "gender": "women", "category": "trousers", "color": "red red red red red red navy navy navy navy", "product_url": "https://www.oasis-stores.com/071615.html?dwvar_071615_color=19", "thumbnail_url": ["http://d1q9qhpdr6ehzh.cloudfront.net/154a337e8d1e70b69dd4c32a2262f192"], "chatbot_image": "https://www.oasis-stores.com/dw/image/v2/AAWY_PRD/on/demandware.static/-/Sites-OASIS/default/dw70f20f30/images/hi-res/oasis_07161519_2.jpg,https://www.oasis-stores.com/dw/image/v2/AAWY_PRD/on/demandware.static/-/Sites-OASIS/default/dwcd2ade92/images/hi-res/oasis_07161519_3.jpg,https://www.oasis-stores.com/dw/image/v2/AAWY_PRD/on/demandware.static/-/Sites-OASIS/default/dwcc7bb198/images/hi-res/oasis_07161519_4.jpg,https://www.oasis-stores.com/dw/image/v2/AAWY_PRD/on/demandware.static/-/Sites-OASIS/default/dwea7c14a9/images/hi-res/oasis_07161519_5.jpg", "unique_id": "fb91a77bd0be4b5d94b0eebc35ceb82b", "trending_score": "0.0", "price": 29.0, "discounted_price": 20.3, "currency": "GBP", "product_code": "07161519", "affinity_score": 0.0, "brand": "v_oasis", "store": "v_oasis", "streamoid_urls": null}, {"title": "Super Soft Rib Lounge Joggers", "gender": "women", "category": "trousers", "color": "lavender lavender lavender lavender lavender lavender lavender lavender violet violet", "product_url": "https://www.boohoo.com/super-soft-rib-lounge-joggers/NZZ88590.html", "thumbnail_url": ["http://d1q9qhpdr6ehzh.cloudfront.net/116ca8859126b27a5fe5338696020bfd"], "chatbot_image": "https://media.boohoo.com/i/boohoo/nzz88590_lilac_xl/womens-lilac-super-soft-rib-lounge-joggers?%24product_page_main_magic_zoom%24%201x,%20//media.boohoo.com/i/boohoo/nzz88590_lilac_xl/womens-lilac-super-soft-rib-lounge-joggers?%24product_page_main_magic_zoom_2x%24%202x,%20//media.boohoo.com/i/boohoo/nzz88590_lilac_xl/womens-lilac-super-soft-rib-lounge-joggers?%24product_page_main_magic_zoom_3x%24%203x,https://media.boohoo.com/i/boohoo/nzz88590_lilac_xl_1/lilac-super-soft-rib-lounge-joggers?%24product_page_main_magic_zoom%24,https://media.boohoo.com/i/boohoo/nzz88590_lilac_xl_2/lilac-super-soft-rib-lounge-joggers?%24product_page_main_magic_zoom%24,https://media.boohoo.com/i/boohoo/nzz88590_lilac_xl_3/lilac-super-soft-rib-lounge-joggers?%24product_page_main_magic_zoom%24", "unique_id": "f7f18eff24984251ba7112057cf38829", "trending_score": "0.0", "price": 16.0, "discounted_price": 16.0, "currency": "INR", "product_code": "116ca8859126b27a5fe5338696020bfd_boohoo_com", "affinity_score": 0.0, "brand": null, "store": "boohoo_com", "streamoid_urls": null}, {"title": "Side Split Jogger", "gender": "women", "category": "trousers", "color": "charcoal-gray charcoal-gray charcoal-gray charcoal-gray charcoal-gray charcoal-gray slate gray slate gray slate gray slate gray", "product_url": "https://www.boohoo.com/side-split-jogger/FZZ60202.html", "thumbnail_url": ["http://d1q9qhpdr6ehzh.cloudfront.net/448aef8fc36dd4a08e46e1434f61c24e"], "chatbot_image": "https://media.boohoo.com/i/boohoo/fzz60202_charcoal_xl/womens-charcoal-side-split-jogger?%24product_page_main_magic_zoom%24%201x,%20//media.boohoo.com/i/boohoo/fzz60202_charcoal_xl/womens-charcoal-side-split-jogger?%24product_page_main_magic_zoom_2x%24%202x,%20//media.boohoo.com/i/boohoo/fzz60202_charcoal_xl/womens-charcoal-side-split-jogger?%24product_page_main_magic_zoom_3x%24%203x,https://media.boohoo.com/i/boohoo/fzz60202_charcoal_xl_1/charcoal-side-split-jogger?%24product_page_main_magic_zoom%24,https://media.boohoo.com/i/boohoo/fzz60202_charcoal_xl_2/charcoal-side-split-jogger?%24product_page_main_magic_zoom%24,https://media.boohoo.com/i/boohoo/fzz60202_charcoal_xl_3/charcoal-side-split-jogger?%24product_page_main_magic_zoom%24", "unique_id": "7586d5f6256441bdba9308cc1ad6a13b", "trending_score": "0.0", "price": 9.0, "discounted_price": 9.0, "currency": "INR", "product_code": "448aef8fc36dd4a08e46e1434f61c24e_boohoo_com", "affinity_score": 0.0, "brand": null, "store": "boohoo_com", "streamoid_urls": null}, {"title": "Tie Waist Straight Leg Jogger", "gender": "women", "category": "trousers", "color": "light-gray light-gray light-gray light-gray light-gray light-gray silver silver silver silver", "product_url": "https://www.boohoo.com/tie-waist-straight-leg-jogger/FZZ60224.html", "thumbnail_url": ["http://d1q9qhpdr6ehzh.cloudfront.net/e6ba55e73d31ca3bc44095dadce77754"], "chatbot_image": "https://media.boohoo.com/i/boohoo/fzz60224_grey_xl/womens-grey-tie-waist-straight-leg-jogger?%24product_page_main_magic_zoom%24%201x,%20//media.boohoo.com/i/boohoo/fzz60224_grey_xl/womens-grey-tie-waist-straight-leg-jogger?%24product_page_main_magic_zoom_2x%24%202x,%20//media.boohoo.com/i/boohoo/fzz60224_grey_xl/womens-grey-tie-waist-straight-leg-jogger?%24product_page_main_magic_zoom_3x%24%203x,https://media.boohoo.com/i/boohoo/fzz60224_grey_xl_1/grey-tie-waist-straight-leg-jogger?%24product_page_main_magic_zoom%24,https://media.boohoo.com/i/boohoo/fzz60224_grey_xl_2/grey-tie-waist-straight-leg-jogger?%24product_page_main_magic_zoom%24,https://media.boohoo.com/i/boohoo/fzz60224_grey_xl_3/grey-tie-waist-straight-leg-jogger?%24product_page_main_magic_zoom%24", "unique_id": "bf85c08eedcf4765be01022eafb44612", "trending_score": "0.0", "price": 7.0, "discounted_price": 7.0, "currency": "INR", "product_code": "e6ba55e73d31ca3bc44095dadce77754_boohoo_com", "affinity_score": 0.0, "brand": null, "store": "boohoo_com", "streamoid_urls": null}, {"title": "Washed Oversized Jogger ", "gender": "women", "category": "trousers", "color": "peach peach peach peach peach peach coral coral coral coral", "product_url": "https://www.boohoo.com/washed-oversized-jogger-/FZZ70050.html", "thumbnail_url": ["http://d1q9qhpdr6ehzh.cloudfront.net/519bc70f6b0efa121560ebbefb650083"], "chatbot_image": "https://media.boohoo.com/i/boohoo/fzz70050_rose_xl/womens-rose-washed-oversized-jogger-?%24product_page_main_magic_zoom%24%201x,%20//media.boohoo.com/i/boohoo/fzz70050_rose_xl/womens-rose-washed-oversized-jogger-?%24product_page_main_magic_zoom_2x%24%202x,%20//media.boohoo.com/i/boohoo/fzz70050_rose_xl/womens-rose-washed-oversized-jogger-?%24product_page_main_magic_zoom_3x%24%203x,https://media.boohoo.com/i/boohoo/fzz70050_rose_xl_1/rose-washed-oversized-jogger-?%24product_page_main_magic_zoom%24,https://media.boohoo.com/i/boohoo/fzz70050_rose_xl_2/rose-washed-oversized-jogger-?%24product_page_main_magic_zoom%24,https://media.boohoo.com/i/boohoo/fzz70050_rose_xl_3/rose-washed-oversized-jogger-?%24product_page_main_magic_zoom%24", "unique_id": "0a1f7ad803ea41659e028c8b399d1501", "trending_score": "0.0", "price": 20.0, "discounted_price": 20.0, "currency": "INR", "product_code": "519bc70f6b0efa121560ebbefb650083_boohoo_com", "affinity_score": 0.0, "brand": null, "store": "boohoo_com", "streamoid_urls": null}, {"title": "LUXE LOUNGE JOGGER", "gender": "women", "category": "trousers", "color": "nude nude nude nude nude nude pearl pearl pearl pearl", "product_url": "https://www.oasis-stores.com/071882.html?dwvar_071882_color=07", "thumbnail_url": ["http://d1q9qhpdr6ehzh.cloudfront.net/61b5b878e1fb2805e60e39c66e15af96"], "chatbot_image": "https://www.oasis-stores.com/dw/image/v2/AAWY_PRD/on/demandware.static/-/Sites-OASIS/default/dw792e1b75/images/hi-res/oasis_07188207_2.jpg,https://www.oasis-stores.com/dw/image/v2/AAWY_PRD/on/demandware.static/-/Sites-OASIS/default/dw6c05b2af/images/hi-res/oasis_07188207_3.jpg,https://www.oasis-stores.com/dw/image/v2/AAWY_PRD/on/demandware.static/-/Sites-OASIS/default/dw6f81631c/images/hi-res/oasis_07188207_4.jpg,https://www.oasis-stores.com/dw/image/v2/AAWY_PRD/on/demandware.static/-/Sites-OASIS/default/dwca3ced02/images/hi-res/oasis_07188207_5.jpg,https://www.oasis-stores.com/dw/image/v2/AAWY_PRD/on/demandware.static/-/Sites-OASIS/default/dwa0749fdf/images/hi-res/oasis_07188207_6.jpg", "unique_id": "640a86f2cb44492f9aa21906b48a32b2", "trending_score": "0.0", "price": 34.0, "discounted_price": 23.8, "currency": "GBP", "product_code": "07188207", "affinity_score": 0.0, "brand": "v_oasis", "store": "v_oasis", "streamoid_urls": null}, {"title": "Basic Lounge Jogger", "gender": "women", "category": "trousers", "color": "peach peach peach peach peach peach coral coral coral coral", "product_url": "https://www.boohoo.com/basic-lounge-jogger/NZZ88633.html", "thumbnail_url": ["http://d1q9qhpdr6ehzh.cloudfront.net/f943f2d48a899d67553413129b312b97"], "chatbot_image": "https://media.boohoo.com/i/boohoo/nzz88633_dusky%20pink_xl/womens-dusky%20pink-basic-lounge-jogger?%24product_page_main_magic_zoom%24%201x,%20//media.boohoo.com/i/boohoo/nzz88633_dusky%20pink_xl/womens-dusky%20pink-basic-lounge-jogger?%24product_page_main_magic_zoom_2x%24%202x,%20//media.boohoo.com/i/boohoo/nzz88633_dusky%20pink_xl/womens-dusky%20pink-basic-lounge-jogger?%24product_page_main_magic_zoom_3x%24%203x,https://media.boohoo.com/i/boohoo/nzz88633_dusky%20pink_xl_1/dusky-pink-basic-lounge-jogger?%24product_page_main_magic_zoom%24,https://media.boohoo.com/i/boohoo/nzz88633_dusky%20pink_xl_2/dusky-pink-basic-lounge-jogger?%24product_page_main_magic_zoom%24,https://media.boohoo.com/i/boohoo/nzz88633_dusky%20pink_xl_3/dusky-pink-basic-lounge-jogger?%24product_page_main_magic_zoom%24", "unique_id": "120f56c1def847ff8e860aa1eced102d", "trending_score": "0.0", "price": 9.6, "discounted_price": 9.6, "currency": "INR", "product_code": "f943f2d48a899d67553413129b312b97_boohoo_com", "affinity_score": 0.0, "brand": null, "store": "boohoo_com", "streamoid_urls": null}, {"title": "LUXE LOUNGE JOGGER", "gender": "women", "category": "trousers", "color": "silver silver silver silver silver silver slate gray slate gray slate gray slate gray", "product_url": "https://www.oasis-stores.com/071882.html?dwvar_071882_color=13", "thumbnail_url": ["http://d1q9qhpdr6ehzh.cloudfront.net/6d04ad4e223389bd77599b705f64adf3"], "chatbot_image": "https://www.oasis-stores.com/dw/image/v2/AAWY_PRD/on/demandware.static/-/Sites-OASIS/default/dwe6312ea8/images/hi-res/oasis_07188213_2.jpg,https://www.oasis-stores.com/dw/image/v2/AAWY_PRD/on/demandware.static/-/Sites-OASIS/default/dw984f67c1/images/hi-res/oasis_07188213_3.jpg,https://www.oasis-stores.com/dw/image/v2/AAWY_PRD/on/demandware.static/-/Sites-OASIS/default/dw9b6c77ad/images/hi-res/oasis_07188213_4.jpg,https://www.oasis-stores.com/dw/image/v2/AAWY_PRD/on/demandware.static/-/Sites-OASIS/default/dwff0e5b5e/images/hi-res/oasis_07188213_5.jpg", "unique_id": "da27d0540e07473ca04ff2f538ced4dd", "trending_score": "0.0", "price": 34.0, "discounted_price": 23.8, "currency": "GBP", "product_code": "07188213", "affinity_score": 0.0, "brand": "v_oasis", "store": "v_oasis", "streamoid_urls": null}, {"title": "Maternity Looback Jogger", "gender": "women", "category": "trousers", "color": "multicolor beige beige beige beige beige beige beige beige off white", "product_url": "https://www.boohoo.com/maternity-looback-jogger/BZZ45171.html", "thumbnail_url": ["http://d1q9qhpdr6ehzh.cloudfront.net/8a6805924caac5943e743e1ea16dec73"], "chatbot_image": "https://media.boohoo.com/i/boohoo/bzz45171_stone_xl/womens-stone-maternity-looback-jogger?%24product_page_main_magic_zoom%24%201x,%20//media.boohoo.com/i/boohoo/bzz45171_stone_xl/womens-stone-maternity-looback-jogger?%24product_page_main_magic_zoom_2x%24%202x,%20//media.boohoo.com/i/boohoo/bzz45171_stone_xl/womens-stone-maternity-looback-jogger?%24product_page_main_magic_zoom_3x%24%203x,https://media.boohoo.com/i/boohoo/bzz45171_stone_xl_1/stone-maternity-looback-jogger?%24product_page_main_magic_zoom%24,https://media.boohoo.com/i/boohoo/bzz45171_stone_xl_2/stone-maternity-looback-jogger?%24product_page_main_magic_zoom%24,https://media.boohoo.com/i/boohoo/bzz45171_stone_xl_3/stone-maternity-looback-jogger?%24product_page_main_magic_zoom%24", "unique_id": "644cb21ac24d4ceb89c01ca1226b486d", "trending_score": "0.0", "price": 12.0, "discounted_price": 12.0, "currency": "INR", "product_code": "8a6805924caac5943e743e1ea16dec73_boohoo_com", "affinity_score": 0.0, "brand": null, "store": "boohoo_com", "streamoid_urls": null}, {"title": "trousers", "gender": "women", "category": "trousers", "color": "multicolor maroon maroon maroon maroon maroon maroon maroon maroon maroon", "product_url": "https://peachmode.com", "thumbnail_url": ["http://d1q9qhpdr6ehzh.cloudfront.net/thumbnail/178ea5c02a035b056192b27e9331f4ee"], "chatbot_image": null, "unique_id": "e0c3294f42ff4b15a017cf8021848361", "trending_score": "0.0", "price": 100.0, "discounted_price": 0.0, "currency": "INR", "product_code": "5257", "affinity_score": 0.0, "brand": "yours clothing", "store": "v_website_demo", "streamoid_urls": null}, {"title": "trousers", "gender": "women", "category": "trousers", "color": "multicolor light-gray light-gray light-gray light-gray light-gray light-gray white white white", "product_url": "https://amazon.com", "thumbnail_url": ["http://d1q9qhpdr6ehzh.cloudfront.net/thumbnail/2773e04bd2b7d22d0bb1115eef19077c"], "chatbot_image": null, "unique_id": "21af5ab2362f488fa59ba25a88553d85", "trending_score": "0.0", "price": 100.0, "discounted_price": 0.0, "currency": "INR", "product_code": "5258", "affinity_score": 0.0, "brand": "yours clothing", "store": "v_website_demo", "streamoid_urls": null}, {"title": "High Waisted Lounge Joggers", "gender": "women", "category": "trousers", "color": "peach peach peach peach peach peach peach peach peach peach", "product_url": "https://www.boohoo.com/loopback-jogger/FZZ72303.html", "thumbnail_url": ["http://d1q9qhpdr6ehzh.cloudfront.net/e1a41b5d9a2f72e22b4767ab75381462"], "chatbot_image": "https://media.boohoo.com/i/boohoo/fzz72303_blush_xl/womens-blush-high-waisted-lounge-joggers?%24product_page_main_magic_zoom%24%201x,%20//media.boohoo.com/i/boohoo/fzz72303_blush_xl/womens-blush-high-waisted-lounge-joggers?%24product_page_main_magic_zoom_2x%24%202x,%20//media.boohoo.com/i/boohoo/fzz72303_blush_xl/womens-blush-high-waisted-lounge-joggers?%24product_page_main_magic_zoom_3x%24%203x,https://media.boohoo.com/i/boohoo/fzz72303_blush_xl_1/blush-high-waisted-lounge-joggers?%24product_page_main_magic_zoom%24,https://media.boohoo.com/i/boohoo/fzz72303_blush_xl_2/blush-high-waisted-lounge-joggers?%24product_page_main_magic_zoom%24,https://media.boohoo.com/i/boohoo/fzz72303_blush_xl_3/blush-high-waisted-lounge-joggers?%24product_page_main_magic_zoom%24", "unique_id": "21e6ca23b98347a7867ae1762e1aa633", "trending_score": "0.0", "price": 14.4, "discounted_price": 14.4, "currency": "INR", "product_code": "e1a41b5d9a2f72e22b4767ab75381462_boohoo_com", "affinity_score": 0.0, "brand": null, "store": "boohoo_com", "streamoid_urls": null}, {"title": "jeans", "gender": "women", "category": "jeans", "color": "blue blue blue blue blue blue powder blue powder blue powder blue white", "product_url": "https://bonprix.https://scene7.com", "thumbnail_url": ["http://d1q9qhpdr6ehzh.cloudfront.net/thumbnail/0954de7ae9d49cae8861a4f0e3263300"], "chatbot_image": null, "unique_id": "1b0cd1df2d3a4177b9c57dcb42143beb", "trending_score": "0.0", "price": 100.0, "discounted_price": 0.0, "currency": "INR", "product_code": "5286", "affinity_score": 0.0, "brand": "yours clothing", "store": "v_website_demo", "streamoid_urls": null}, {"title": "Trousers", "gender": "men", "category": "trousers", "color": "navy navy navy navy navy navy navy navy navy navy", "product_url": "https://i.pinimg.com/564x/7b/96/f1/7b96f18983b013a6081d20cb6d3067f8.jpg", "thumbnail_url": ["http://d1q9qhpdr6ehzh.cloudfront.net/8776ca86f411b3faf8b8c505698b17ac"], "chatbot_image": null, "unique_id": "610b1c015def41ee8178186650e23b41", "trending_score": "0.0", "price": 499.0, "discounted_price": 59.0, "currency": "INR", "product_code": "36", "affinity_score": 0.0, "brand": "def", "store": "v_demo_custom_1", "streamoid_urls": null}, {"title": "Trousers", "gender": "men", "category": "trousers", "color": "charcoal-gray charcoal-gray charcoal-gray charcoal-gray charcoal-gray charcoal-gray charcoal gray charcoal gray charcoal gray charcoal gray", "product_url": "https://i.pinimg.com/564x/9b/2c/7f/9b2c7fe6c8ed14623b467bbd26297e0a.jpg", "thumbnail_url": ["http://d1q9qhpdr6ehzh.cloudfront.net/69c6d4dc5279005acdac0bccb5356bdb"], "chatbot_image": null, "unique_id": "cbcd91b823e447b69e787dfc636123f2", "trending_score": "0.0", "price": 499.0, "discounted_price": 59.0, "currency": "INR", "product_code": "40", "affinity_score": 0.0, "brand": "def", "store": "v_demo_custom_1", "streamoid_urls": null}, {"title": "Trousers", "gender": "men", "category": "trousers", "color": "gray gray gray gray gray gray gray gray gray gray", "product_url": "https://i.pinimg.com/originals/66/0f/bc/660fbc38b8508276d323f98c279eb390.jpg", "thumbnail_url": ["http://d1q9qhpdr6ehzh.cloudfront.net/e3a37efa04b47f12292653ce2b81b6ec"], "chatbot_image": null, "unique_id": "7aadbcf84808469fa45ae8f87b8a437c", "trending_score": "0.0", "price": 499.0, "discounted_price": 59.0, "currency": "INR", "product_code": "38", "affinity_score": 0.0, "brand": "def", "store": "v_demo_custom_1", "streamoid_urls": null}, {"title": "Twist stripe outseam jogging pants", "gender": "men", "category": "trousers", "color": "black black black black black black black black black black", "product_url": "https://www.lanecrawford.com.cn/pdp/ARA165", "thumbnail_url": ["http://d1q9qhpdr6ehzh.cloudfront.net/40e5e29bcd5f5e2fe6f556143b113cc2"], "chatbot_image": "http://media.lanecrawford.com.cn/A/R/A/ARA165_in_xl.jpg,http://media.lanecrawford.com.cn/A/R/A/ARA165_bk_xl.jpg,http://media.lanecrawford.com.cn/A/R/A/ARA165_4_xl.jpg,http://media.lanecrawford.com.cn/A/R/A/ARA165_ro_xl.jpg", "unique_id": "2879305d925f43ce8d8cbc8e1aa12817", "trending_score": "0.0", "price": 5200.0, "discounted_price": 5200.0, "currency": "RMB", "product_code": "ARA165", "affinity_score": 0.0, "brand": "NEIL BARRETT", "store": "v_lane_crawford", "streamoid_urls": null}, {"title": "'Carl' technical pants", "gender": "men", "category": "trousers", "color": "navy navy navy navy navy navy black black black black", "product_url": "https://www.lanecrawford.com/pdp/AUR952", "thumbnail_url": ["http://d1q9qhpdr6ehzh.cloudfront.net/a431af3704dd1d8f4e7589dfdfc79faa"], "chatbot_image": "http://media.lanecrawford.com/A/U/R/AUR952_in_xl.jpg,http://media.lanecrawford.com/A/U/R/AUR952_bk_xl.jpg,http://media.lanecrawford.com/A/U/R/AUR952_4_xl.jpg,http://media.lanecrawford.com/A/U/R/AUR952_ro_xl.jpg", "unique_id": "27635dcab62b48e58fee84444651dd19", "trending_score": "0.0", "price": 1550.0, "discounted_price": 1550.0, "currency": "HKD", "product_code": "AUR952", "affinity_score": 0.0, "brand": "DENHAM", "store": "v_lane_crawford", "streamoid_urls": null}, {"title": "'Uniform' slogan patch sweatpants", "gender": "men", "category": "trousers", "color": "black black black black black black charcoal gray charcoal gray charcoal gray charcoal gray", "product_url": "https://www.lanecrawford.com.cn/pdp/ARE008", "thumbnail_url": ["http://d1q9qhpdr6ehzh.cloudfront.net/89e4e8801e6eef458203f8292e92d71c"], "chatbot_image": "http://media.lanecrawford.com.cn/A/R/E/ARE008_in_xl.jpg,http://media.lanecrawford.com.cn/A/R/E/ARE008_bk_xl.jpg,http://media.lanecrawford.com.cn/A/R/E/ARE008_4_xl.jpg,http://media.lanecrawford.com.cn/A/R/E/ARE008_ro_xl.jpg", "unique_id": "08bdc2c0a0e441d0ab727580543eebd3", "trending_score": "0.0", "price": 2750.0, "discounted_price": 1375.0, "currency": "RMB", "product_code": "ARE008", "affinity_score": 0.0, "brand": "HERON PRESTON", "store": "v_lane_crawford", "streamoid_urls": null}, {"title": "Zip cuff skinny fit jogging pants", "gender": "men", "category": "trousers", "color": "black black black black black black black black black black", "product_url": "https://www.lanecrawford.com/pdp/ARJ110", "thumbnail_url": ["http://d1q9qhpdr6ehzh.cloudfront.net/41eb933b7f33db5e0608a807a511f53b"], "chatbot_image": "http://media.lanecrawford.com/A/R/J/ARJ110_in_xl.jpg,http://media.lanecrawford.com/A/R/J/ARJ110_bk_xl.jpg,http://media.lanecrawford.com/A/R/J/ARJ110_4_xl.jpg,http://media.lanecrawford.com/A/R/J/ARJ110_ro_xl.jpg", "unique_id": "4accb39f9b5b4be18753d90bf8df2ab5", "trending_score": "0.0", "price": 7100.0, "discounted_price": 7100.0, "currency": "HKD", "product_code": "ARJ110", "affinity_score": 0.0, "brand": "ALEXANDER MCQUEEN", "store": "v_lane_crawford", "streamoid_urls": null}, {"title": "Gathered hem logo embroidered pocket sweatpants", "gender": "men", "category": "trousers", "color": "black black black black black black black black black black", "product_url": "https://www.lanecrawford.com/pdp/BKR713", "thumbnail_url": ["http://d1q9qhpdr6ehzh.cloudfront.net/a204467ebc868c91ca95c8b4ffd00925"], "chatbot_image": "http://media.lanecrawford.com/B/K/R/BKR713_in_xl.jpg,http://media.lanecrawford.com/B/K/R/BKR713_bk_xl.jpg,http://media.lanecrawford.com/B/K/R/BKR713_4_xl.jpg,http://media.lanecrawford.com/B/K/R/BKR713_ro_xl.jpg", "unique_id": "400dd72cd7dd426e840d1f4b0feafb4a", "trending_score": "0.0", "price": 6000.0, "discounted_price": 6000.0, "currency": "HKD", "product_code": "BKR713", "affinity_score": 0.0, "brand": "VERSACE", "store": "v_lane_crawford", "streamoid_urls": null}, {"title": "Biker' logo zipper sweatpants", "gender": "women", "category": "trousers", "color": "black black black black black black black black black black", "product_url": "https://www.lanecrawford.com/pdp/BKK372", "thumbnail_url": ["http://d1q9qhpdr6ehzh.cloudfront.net/8488f96ebe03dd4b8d0968c212dc99d8"], "chatbot_image": "http://media.lanecrawford.com/B/K/K/BKK372_in_xl.jpg,http://media.lanecrawford.com/B/K/K/BKK372_bk_xl.jpg,http://media.lanecrawford.com/B/K/K/BKK372_4_xl.jpg,http://media.lanecrawford.com/B/K/K/BKK372_ro_xl.jpg", "unique_id": "1cf02b05100a4dc59a55f134a3f111e1", "trending_score": "0.0", "price": 3290.0, "discounted_price": 3290.0, "currency": "HKD", "product_code": "BKK372", "affinity_score": 0.0, "brand": "PUMA", "store": "v_lane_crawford", "streamoid_urls": null}], "debug": {"qrm": "", "query_without_qrm": "joggers", "solr_query": "( ( ( (meta_type:\"jogger\")^10 ) ) )^1 ", "graph": [[[{"type": ["jogger^10"]}]]], "spell_corrected_query": "", "filter": [], "explicit_text": null, "fq": ["availability:1"]}, "numFound": 104, "facets": {"gender": {"women": 60, "men": 44}, "category": {"trousers": 101, "jeans": 3}, "occasion type": {"loungewear": 36, "everyday": 31, "activewear": 23, "sleepwear": 8, "elevated": 5, "party": 1}, "Workindustry": {}, "Age": {}, "neck": {}, "arms": {}, "waist": {}, "stomach": {}, "shoulder": {}, "brand": {"VH Woman": 15, "def": 8, "v_oasis": 8, "all online store": 5, "BURBERRY": 3, "GUCCI": 3, "yours clothing": 3, "BLACKBARRETT": 2, "FILA X 3.1 PHILLIP LIM": 2, "M&S Collection": 2, "MONCLER": 2, "NEIL BARRETT": 2, "VERSACE": 2, "3.1 PHILLIP LIM": 1, "ACNE STUDIOS": 1, "ALEXANDER MCQUEEN": 1, "ALEXANDER WANG": 1, "ANGEL CHEN": 1, "CALVIN KLEIN PERFORMANCE": 1, "CHLO\u00c3\u0089": 1, "DENHAM": 1, "ELECTRIC & ROSE": 1, "FENDI SPORT": 1, "FIORUCCI": 1, "HELIOT EMIL": 1, "HERON PRESTON": 1, "KOLOR": 1, "Louis Philippe": 1, "MAISON KITSUN\u00c3\u0089": 1, "NANAMICA": 1, "NORMA KAMALI": 1, "ORLEBAR BROWN": 1, "PRONOUNCE": 1, "PUMA": 1, "RAG & BONE": 1, "STAFFONLY": 1, "STELLA MCCARTNEY": 1, "THE VIRIDI-ANNE": 1, "WANDER & WONDER": 1, "WOOYOUNGMI": 1, "asos": 1}, "sub_brand": {"Intimates": 15, "Louis Philippe Jeans": 1}, "Department": {"regular": 93, "plus-size": 6, "maternity": 3, "kidswear": 2}, "activity": {"unknown": 51, "airport-look": 29, "work-from-home": 24, "adventure-holiday": 23, "errands": 23, "gym-and-running": 23, "yoga": 23, "lounging": 21, "concert": 5, "high-street-look": 5, "college-look": 2}}, "isFashionQuery": true, "spell_corrected_query": "", "final_query": "", "message": ""}