{"products": [{"title": "'Take Me Higher' performance leggings", "gender": "women", "category": "trousers", "color": "charcoal-gray charcoal-gray charcoal-gray charcoal-gray charcoal-gray charcoal-gray charcoal gray charcoal gray charcoal gray charcoal gray", "product_url": "https://www.lanecrawford.com/pdp/ARK498", "thumbnail_url": ["http://d1q9qhpdr6ehzh.cloudfront.net/d88c6a54de4f772c2b021ccf5599e617"], "chatbot_image": "http://media.lanecrawford.com/A/R/K/ARK498_in_xl.jpg,http://media.lanecrawford.com/A/R/K/ARK498_bk_xl.jpg,http://media.lanecrawford.com/A/R/K/ARK498_4_xl.jpg,http://media.lanecrawford.com/A/R/K/ARK498_ro_xl.jpg", "unique_id": "0bd3527db9274e4a988b3331e520101c", "trending_score": "0.0", "price": 850.0, "discounted_price": 425.0, "currency": "HKD", "product_code": "ARK498", "affinity_score": 0.0, "brand": "BEYOND YOGA", "store": "v_lane_crawford", "streamoid_urls": null}, {"title": "One Love' fringe cuff heart print performance leggings", "gender": "women", "category": "trousers", "color": "navy navy navy navy navy navy navy navy navy navy", "product_url": "https://www.lanecrawford.com.cn/pdp/ARR900", "thumbnail_url": ["http://d1q9qhpdr6ehzh.cloudfront.net/8c2bb77355d9efb51ae0371ea6b0828c"], "chatbot_image": "http://media.lanecrawford.com.cn/A/R/R/ARR900_in_xl.jpg,http://media.lanecrawford.com.cn/A/R/R/ARR900_bk_xl.jpg,http://media.lanecrawford.com.cn/A/R/R/ARR900_4_xl.jpg,http://media.lanecrawford.com.cn/A/R/R/ARR900_ro_xl.jpg", "unique_id": "2ef20a41e84743a2a2888dec87094fb6", "trending_score": "0.0", "price": 1000.0, "discounted_price": 400.0, "currency": "RMB", "product_code": "ARR900", "affinity_score": 0.0, "brand": "THE UPSIDE", "store": "v_lane_crawford", "streamoid_urls": null}, {"title": "Active Marled Ankle Biter Leggings", "gender": "women", "category": "trousers", "color": "maroon maroon maroon maroon maroon maroon chocolate chocolate chocolate chocolate", "product_url": "https://www.forever21.in/p/active-marled-ankle-biter-leggings-323215.html", "thumbnail_url": ["http://d1q9qhpdr6ehzh.cloudfront.net/2ae4024087a8ac8d57316477664d35c5"], "chatbot_image": "https://forever21.imgix.net/img/app/product/3/323215-1518953-large.jpg,https://forever21.imgix.net/img/app/product/3/323215-1518954-large.jpg,https://forever21.imgix.net/img/app/product/3/323215-1518955-large.jpg,https://forever21.imgix.net/img/app/product/3/323215-1518956-large.jpg,https://forever21.imgix.net/img/app/product/3/323215-1518957-large.jpg,https://forever21.imgix.net/img/app/product/3/323215-1518952.jpg", "unique_id": "094c4622f2ae43e38512a81d20d01840", "trending_score": "0.0", "price": 1499.0, "discounted_price": 1499.0, "currency": "INR", "product_code": "323215", "affinity_score": 0.0, "brand": "forever21", "store": "v_forever21", "streamoid_urls": null}, {"title": "Army mid length leggings", "gender": "women", "category": "trousers", "color": "dark-brown dark-brown dark-brown dark-brown dark-brown dark-brown chocolate chocolate chocolate chocolate", "product_url": "https://www.lanecrawford.com/pdp/ARR912", "thumbnail_url": ["http://d1q9qhpdr6ehzh.cloudfront.net/c978f9e2589d754d86d667a913c15475"], "chatbot_image": "http://media.lanecrawford.com/A/R/R/ARR912_in_xl.jpg,http://media.lanecrawford.com/A/R/R/ARR912_bk_xl.jpg,http://media.lanecrawford.com/A/R/R/ARR912_4_xl.jpg,http://media.lanecrawford.com/A/R/R/ARR912_ro_xl.jpg", "unique_id": "193a2a7aa2db4bd09a396d8cf954fb23", "trending_score": "0.0", "price": 1000.0, "discounted_price": 400.0, "currency": "HKD", "product_code": "ARR912", "affinity_score": 0.0, "brand": "THE UPSIDE", "store": "v_lane_crawford", "streamoid_urls": null}, {"title": "MESH INSERT LEGGINGS", "gender": "women", "category": "trousers", "color": "black black black black black black black black black black", "product_url": "https://www.oasis-stores.com/069947.html?dwvar_069947_color=58", "thumbnail_url": ["http://d1q9qhpdr6ehzh.cloudfront.net/5f2d9457f1d34cc3ffea04f84277fa24"], "chatbot_image": "https://www.oasis-stores.com/dw/image/v2/AAWY_PRD/on/demandware.static/-/Sites-OASIS/default/dwebbc4d00/images/hi-res/oasis_06994758_2.jpg,https://www.oasis-stores.com/dw/image/v2/AAWY_PRD/on/demandware.static/-/Sites-OASIS/default/dw2172ebee/images/hi-res/oasis_06994758_3.jpg,https://www.oasis-stores.com/dw/image/v2/AAWY_PRD/on/demandware.static/-/Sites-OASIS/default/dwecb95b12/images/hi-res/oasis_06994758_4.jpg,https://www.oasis-stores.com/dw/image/v2/AAWY_PRD/on/demandware.static/-/Sites-OASIS/default/dw0728c6ac/images/hi-res/oasis_06994758_5.jpg", "unique_id": "7dd1373b1de541e2891a90972ae6ef5a", "trending_score": "0.0", "price": 20.0, "discounted_price": 20.0, "currency": "GBP", "product_code": "06994758", "affinity_score": 0.0, "brand": "v_oasis", "store": "v_oasis", "streamoid_urls": null}, {"title": "Active Textured Knit Leggings", "gender": "women", "category": "trousers", "color": "magenta magenta magenta magenta magenta magenta wine wine wine wine", "product_url": "https://www.forever21.in/p/active-textured-knit-leggings-324283.html", "thumbnail_url": ["http://d1q9qhpdr6ehzh.cloudfront.net/a0f7f8a421f5fe0ebb917e905fe3086a"], "chatbot_image": "https://forever21.imgix.net/img/app/product/3/324283-1522334-large.jpg,https://forever21.imgix.net/img/app/product/3/324283-1522335-large.jpg,https://forever21.imgix.net/img/app/product/3/324283-1522336-large.jpg,https://forever21.imgix.net/img/app/product/3/324283-1522337-large.jpg,https://forever21.imgix.net/img/app/product/3/324283-1522333.jpg", "unique_id": "544058aef7904227a39fa56f3771c3a8", "trending_score": "0.0", "price": 1399.0, "discounted_price": 1399.0, "currency": "INR", "product_code": "324283", "affinity_score": 0.0, "brand": "forever21", "store": "v_forever21", "streamoid_urls": null}, {"title": "BASIC LEGGING", "gender": "women", "category": "trousers", "color": null, "product_url": "https://www.oasis-stores.com/070515.html?dwvar_070515_color=01", "thumbnail_url": ["http://d1q9qhpdr6ehzh.cloudfront.net/aad4bcde9a745742ef2387e6790d7392"], "chatbot_image": "https://www.oasis-stores.com/dw/image/v2/AAWY_PRD/on/demandware.static/-/Sites-OASIS/default/dwfe79bc3a/images/hi-res/oasis_07051501_2.jpg,https://www.oasis-stores.com/dw/image/v2/AAWY_PRD/on/demandware.static/-/Sites-OASIS/default/dw1d499351/images/hi-res/oasis_07051501_3.jpg,https://www.oasis-stores.com/dw/image/v2/AAWY_PRD/on/demandware.static/-/Sites-OASIS/default/dw7cd48412/images/hi-res/oasis_07051501_4.jpg,https://www.oasis-stores.com/dw/image/v2/AAWY_PRD/on/demandware.static/-/Sites-OASIS/default/dw17f6c888/images/hi-res/oasis_07051501_5.jpg", "unique_id": "edc273be600f40d78ab9d122c7733448", "trending_score": "0.0", "price": 14.0, "discounted_price": 14.0, "currency": "GBP", "product_code": "07051501", "affinity_score": 0.0, "brand": "v_oasis", "store": "v_oasis", "streamoid_urls": null}, {"title": "PLAIN LEGGINGS", "gender": "women", "category": "trousers", "color": "black black black black black black black black black black", "product_url": "https://www.oasis-stores.com/069944.html?dwvar_069944_color=01", "thumbnail_url": ["http://d1q9qhpdr6ehzh.cloudfront.net/1bd53b0fb8b2e6e03c4e32230e657511"], "chatbot_image": "https://www.oasis-stores.com/dw/image/v2/AAWY_PRD/on/demandware.static/-/Sites-OASIS/default/dw018d2372/images/hi-res/oasis_06994401_2.jpg,https://www.oasis-stores.com/dw/image/v2/AAWY_PRD/on/demandware.static/-/Sites-OASIS/default/dw3f546de3/images/hi-res/oasis_06994401_3.jpg,https://www.oasis-stores.com/dw/image/v2/AAWY_PRD/on/demandware.static/-/Sites-OASIS/default/dw9b0f21f4/images/hi-res/oasis_06994401_4.jpg,https://www.oasis-stores.com/dw/image/v2/AAWY_PRD/on/demandware.static/-/Sites-OASIS/default/dw65bf286e/images/hi-res/oasis_06994401_5.jpg,https://www.oasis-stores.com/dw/image/v2/AAWY_PRD/on/demandware.static/-/Sites-OASIS/default/dw05269f77/images/hi-res/oasis_06994401_6.jpg", "unique_id": "6f9d9fe25d804a539b1e51ff84234111", "trending_score": "0.0", "price": 18.0, "discounted_price": 18.0, "currency": "GBP", "product_code": "06994401", "affinity_score": 0.0, "brand": "v_oasis", "store": "v_oasis", "streamoid_urls": null}, {"title": "'Dance' stripe outseam leggings", "gender": "women", "category": "trousers", "color": "navy navy navy navy navy navy navy navy navy navy", "product_url": "https://www.lanecrawford.com/pdp/AUE544", "thumbnail_url": ["http://d1q9qhpdr6ehzh.cloudfront.net/0c619e52b65be81d253108f9bd8ddc76"], "chatbot_image": "http://media.lanecrawford.com/A/U/E/AUE544_in_xl.jpg,http://media.lanecrawford.com/A/U/E/AUE544_bk_xl.jpg,http://media.lanecrawford.com/A/U/E/AUE544_ro_xl.jpg", "unique_id": "5272dc1bda124f40a766da8d7de1dca7", "trending_score": "0.0", "price": 1000.0, "discounted_price": 400.0, "currency": "HKD", "product_code": "AUE544", "affinity_score": 0.0, "brand": "THE UPSIDE", "store": "v_lane_crawford", "streamoid_urls": null}, {"title": "Active Mesh-Panel Leggings", "gender": "women", "category": "trousers", "color": "black black black black black black light gray light gray light gray light gray", "product_url": "https://www.forever21.in/p/active-mesh-panel-leggings-323583.html", "thumbnail_url": ["http://d1q9qhpdr6ehzh.cloudfront.net/17891c09fce9c7c4453537453e719693"], "chatbot_image": "https://forever21.imgix.net/img/app/product/3/323583-1635212-large.jpg,https://forever21.imgix.net/img/app/product/3/323583-1635213-large.jpg,https://forever21.imgix.net/img/app/product/3/323583-1635214-large.jpg,https://forever21.imgix.net/img/app/product/3/323583-1635215-large.jpg,https://forever21.imgix.net/img/app/product/3/323583-1635216-large.jpg,https://forever21.imgix.net/img/app/product/3/323583-1635211.jpg", "unique_id": "c10f73628471409ab881fc27bc9e9e0f", "trending_score": "0.0", "price": 1299.0, "discounted_price": 1299.0, "currency": "INR", "product_code": "323583", "affinity_score": 0.0, "brand": "forever21", "store": "v_forever21", "streamoid_urls": null}, {"title": "Pipe seam scuba leggings", "gender": "women", "category": "trousers", "color": "navy navy navy navy navy navy charcoal gray charcoal gray charcoal gray charcoal gray", "product_url": "https://www.lanecrawford.com/pdp/AUO431", "thumbnail_url": ["http://d1q9qhpdr6ehzh.cloudfront.net/b578511567e5550683fc5a5659d69dbf"], "chatbot_image": "http://media.lanecrawford.com/A/U/O/AUO431_in_xl.jpg,http://media.lanecrawford.com/A/U/O/AUO431_bk_xl.jpg,http://media.lanecrawford.com/A/U/O/AUO431_4_xl.jpg,http://media.lanecrawford.com/A/U/O/AUO431_ro_xl.jpg", "unique_id": "4fb905969a7a4d21b440da991007561c", "trending_score": "0.0", "price": 1800.0, "discounted_price": 1800.0, "currency": "HKD", "product_code": "AUO431", "affinity_score": 0.0, "brand": "EQUIL", "store": "v_lane_crawford", "streamoid_urls": null}, {"title": "trousers", "gender": "women", "category": "trousers", "color": "charcoal-gray charcoal-gray charcoal-gray charcoal-gray charcoal-gray charcoal-gray charcoal gray charcoal gray charcoal gray charcoal gray", "product_url": "https://alicdn.com", "thumbnail_url": ["http://d1q9qhpdr6ehzh.cloudfront.net/thumbnail/37cc39907332a8d6474cd210955aae13"], "chatbot_image": null, "unique_id": "85d3884d65294c59b908ab03b639410b", "trending_score": "0.0", "price": 100.0, "discounted_price": 0.0, "currency": "INR", "product_code": "5261", "affinity_score": 0.0, "brand": "yours clothing", "store": "v_website_demo", "streamoid_urls": null}, {"title": "trousers", "gender": "women", "category": "trousers", "color": "charcoal-gray charcoal-gray charcoal-gray charcoal-gray charcoal-gray charcoal-gray charcoal gray charcoal gray charcoal gray charcoal gray", "product_url": "https://walmartimages.com", "thumbnail_url": ["http://d1q9qhpdr6ehzh.cloudfront.net/thumbnail/37cc39907332a8d6474cd210955aae13"], "chatbot_image": null, "unique_id": "2cb9eda25e8f4743bc34b1b982158817", "trending_score": "0.0", "price": 100.0, "discounted_price": 0.0, "currency": "INR", "product_code": "5262", "affinity_score": 0.0, "brand": "yours clothing", "store": "v_website_demo", "streamoid_urls": null}, {"title": "Active Marled Ankle Biter Leggings", "gender": "women", "category": "trousers", "color": "multicolor gray gray gray gray gray gray white white white", "product_url": "https://www.forever21.in/p/active-marled-ankle-biter-leggings-323262.html", "thumbnail_url": ["http://d1q9qhpdr6ehzh.cloudfront.net/9ab5de1531a242b8f776921661898e86"], "chatbot_image": "https://forever21.imgix.net/img/app/product/3/323262-1519100-large.jpg,https://forever21.imgix.net/img/app/product/3/323262-1519101-large.jpg,https://forever21.imgix.net/img/app/product/3/323262-1519102-large.jpg,https://forever21.imgix.net/img/app/product/3/323262-1519103-large.jpg,https://forever21.imgix.net/img/app/product/3/323262-1519104-large.jpg,https://forever21.imgix.net/img/app/product/3/323262-1519105-large.jpg,https://forever21.imgix.net/img/app/product/3/323262-1519099.jpg", "unique_id": "9980c27071aa4acf9f8aa71566b626c1", "trending_score": "0.0", "price": 1499.0, "discounted_price": 1499.0, "currency": "INR", "product_code": "323262", "affinity_score": 0.0, "brand": "forever21", "store": "v_forever21", "streamoid_urls": null}, {"title": "Vivid Fireworks print kids leggings", "gender": "women", "category": "trousers", "color": "navy navy navy navy navy navy charcoal gray charcoal gray charcoal gray navy", "product_url": "https://www.lanecrawford.com/pdp/AUV948", "thumbnail_url": ["http://d1q9qhpdr6ehzh.cloudfront.net/6d1263daaa4a73934461a9ccad123f94"], "chatbot_image": "http://media.lanecrawford.com/A/U/V/AUV948_in_xl.jpg,http://media.lanecrawford.com/A/U/V/AUV948_bk_xl.jpg,http://media.lanecrawford.com/A/U/V/AUV948_2_xl.jpg,http://media.lanecrawford.com/A/U/V/AUV948_4_xl.jpg,http://media.lanecrawford.com/A/U/V/AUV948_ro_xl.jpg", "unique_id": "516fc0a934e344dab0a097a49c51913b", "trending_score": "0.0", "price": 480.0, "discounted_price": 480.0, "currency": "HKD", "product_code": "AUV948", "affinity_score": 0.0, "brand": "WANDER & WONDER", "store": "v_lane_crawford", "streamoid_urls": null}, {"title": "'Laya' houndstooth check jacquard stripe outseam performance leggings", "gender": "women", "category": "trousers", "color": "navy navy navy navy navy navy navy navy navy navy", "product_url": "https://www.lanecrawford.com/pdp/AUW901", "thumbnail_url": ["http://d1q9qhpdr6ehzh.cloudfront.net/7f34c504e42adc1f64d9155f7aecdd5c"], "chatbot_image": "http://media.lanecrawford.com/A/U/W/AUW901_in_xl.jpg,http://media.lanecrawford.com/A/U/W/AUW901_bk_xl.jpg,http://media.lanecrawford.com/A/U/W/AUW901_4_xl.jpg,http://media.lanecrawford.com/A/U/W/AUW901_ro_xl.jpg", "unique_id": "2454fba062ee4f62a5f7930bfe6f43ca", "trending_score": "0.0", "price": 1600.0, "discounted_price": 1600.0, "currency": "HKD", "product_code": "AUW901", "affinity_score": 0.0, "brand": "NAGNATA", "store": "v_lane_crawford", "streamoid_urls": null}, {"title": "LEOPARD CAPRI LEGGINGS", "gender": "women", "category": "trousers", "color": "black black black black black black black black black black", "product_url": "https://www.oasis-stores.com/071440.html?dwvar_071440_color=98", "thumbnail_url": ["http://d1q9qhpdr6ehzh.cloudfront.net/8180ae32d81afb2ee5ff5c288b955bc8"], "chatbot_image": "https://www.oasis-stores.com/dw/image/v2/AAWY_PRD/on/demandware.static/-/Sites-OASIS/default/dw31d36ea4/images/hi-res/oasis_07144098_2.jpg,https://www.oasis-stores.com/dw/image/v2/AAWY_PRD/on/demandware.static/-/Sites-OASIS/default/dw1373ea08/images/hi-res/oasis_07144098_3.jpg,https://www.oasis-stores.com/dw/image/v2/AAWY_PRD/on/demandware.static/-/Sites-OASIS/default/dw6c309119/images/hi-res/oasis_07144098_4.jpg,https://www.oasis-stores.com/dw/image/v2/AAWY_PRD/on/demandware.static/-/Sites-OASIS/default/dw4b7a95f6/images/hi-res/oasis_07144098_5.jpg,https://www.oasis-stores.com/dw/image/v2/AAWY_PRD/on/demandware.static/-/Sites-OASIS/default/dw10356567/images/hi-res/oasis_07144098_6.jpg", "unique_id": "1a74578328c94d778dbe1abf021b9733", "trending_score": "0.0", "price": 22.0, "discounted_price": 22.0, "currency": "GBP", "product_code": "07144098", "affinity_score": 0.0, "brand": "v_oasis", "store": "v_oasis", "streamoid_urls": null}, {"title": "Super Soft Rib Lounge Joggers", "gender": "women", "category": "trousers", "color": "green green green green green green aquamarine aquamarine aquamarine pale mint", "product_url": "https://www.boohoo.com/super-soft-rib-lounge-joggers/NZZ88589.html", "thumbnail_url": ["http://d1q9qhpdr6ehzh.cloudfront.net/00d93e4a85bcee449bde3730335a2c94"], "chatbot_image": "https://media.boohoo.com/i/boohoo/nzz88589_aqua_xl/womens-aqua-super-soft-rib-lounge-joggers?%24product_page_main_magic_zoom%24%201x,%20//media.boohoo.com/i/boohoo/nzz88589_aqua_xl/womens-aqua-super-soft-rib-lounge-joggers?%24product_page_main_magic_zoom_2x%24%202x,%20//media.boohoo.com/i/boohoo/nzz88589_aqua_xl/womens-aqua-super-soft-rib-lounge-joggers?%24product_page_main_magic_zoom_3x%24%203x,https://media.boohoo.com/i/boohoo/nzz88589_aqua_xl_1/aqua-super-soft-rib-lounge-joggers?%24product_page_main_magic_zoom%24,https://media.boohoo.com/i/boohoo/nzz88589_aqua_xl_2/aqua-super-soft-rib-lounge-joggers?%24product_page_main_magic_zoom%24,https://media.boohoo.com/i/boohoo/nzz88589_aqua_xl_3/aqua-super-soft-rib-lounge-joggers?%24product_page_main_magic_zoom%24", "unique_id": "80e52aa4625a4eae9d8ccef0c059151e", "trending_score": "0.0", "price": 10.0, "discounted_price": 10.0, "currency": "INR", "product_code": "00d93e4a85bcee449bde3730335a2c94_boohoo_com", "affinity_score": 0.0, "brand": null, "store": "boohoo_com", "streamoid_urls": null}, {"title": "Super Soft Lounge Leggings", "gender": "women", "category": "trousers", "color": "beige beige beige beige beige beige light gray light gray light gray", "product_url": "https://www.boohoo.com/super-soft-lounge-leggings/NZZ88587.html", "thumbnail_url": ["http://d1q9qhpdr6ehzh.cloudfront.net/90d32676afaffe1ca2899eeb59c227b0"], "chatbot_image": "https://media.boohoo.com/i/boohoo/nzz88587_grey_xl/womens-grey-super-soft-lounge-leggings?%24product_page_main_magic_zoom%24%201x,%20//media.boohoo.com/i/boohoo/nzz88587_grey_xl/womens-grey-super-soft-lounge-leggings?%24product_page_main_magic_zoom_2x%24%202x,%20//media.boohoo.com/i/boohoo/nzz88587_grey_xl/womens-grey-super-soft-lounge-leggings?%24product_page_main_magic_zoom_3x%24%203x,https://media.boohoo.com/i/boohoo/nzz88587_grey_xl_1/grey-super-soft-lounge-leggings?%24product_page_main_magic_zoom%24,https://media.boohoo.com/i/boohoo/nzz88587_grey_xl_2/grey-super-soft-lounge-leggings?%24product_page_main_magic_zoom%24,https://media.boohoo.com/i/boohoo/nzz88587_grey_xl_3/grey-super-soft-lounge-leggings?%24product_page_main_magic_zoom%24", "unique_id": "1d17632f7054497299fbcd7f072208f0", "trending_score": "0.0", "price": 14.4, "discounted_price": 14.4, "currency": "INR", "product_code": "90d32676afaffe1ca2899eeb59c227b0_boohoo_com", "affinity_score": 0.0, "brand": null, "store": "boohoo_com", "streamoid_urls": null}, {"title": "Super Soft Lounge Leggings", "gender": "women", "category": "trousers", "color": "dark-brown dark-brown dark-brown dark-brown dark-brown dark-brown black black black black", "product_url": "https://www.boohoo.com/super-soft-lounge-leggings/NZZ88588.html", "thumbnail_url": ["http://d1q9qhpdr6ehzh.cloudfront.net/49b627f30cae09b919055935fd46fd63"], "chatbot_image": "https://media.boohoo.com/i/boohoo/nzz88588_black_xl/womens-black-super-soft-lounge-leggings?%24product_page_main_magic_zoom%24%201x,%20//media.boohoo.com/i/boohoo/nzz88588_black_xl/womens-black-super-soft-lounge-leggings?%24product_page_main_magic_zoom_2x%24%202x,%20//media.boohoo.com/i/boohoo/nzz88588_black_xl/womens-black-super-soft-lounge-leggings?%24product_page_main_magic_zoom_3x%24%203x,https://media.boohoo.com/i/boohoo/nzz88588_black_xl_1/black-super-soft-lounge-leggings?%24product_page_main_magic_zoom%24,https://media.boohoo.com/i/boohoo/nzz88588_black_xl_2/black-super-soft-lounge-leggings?%24product_page_main_magic_zoom%24,https://media.boohoo.com/i/boohoo/nzz88588_black_xl_3/black-super-soft-lounge-leggings?%24product_page_main_magic_zoom%24", "unique_id": "6e89325276b240068a47cd4640d82959", "trending_score": "0.0", "price": 14.4, "discounted_price": 14.4, "currency": "INR", "product_code": "49b627f30cae09b919055935fd46fd63_boohoo_com", "affinity_score": 0.0, "brand": null, "store": "boohoo_com", "streamoid_urls": null}, {"title": "Logo jacquard waistband knit performance leggings", "gender": "women", "category": "trousers", "color": "dark-brown dark-brown dark-brown dark-brown dark-brown dark-brown black black black black", "product_url": "https://www.lanecrawford.com/pdp/ARL675", "thumbnail_url": ["http://d1q9qhpdr6ehzh.cloudfront.net/9712fec050bcaab1e5afd3ffbe574224"], "chatbot_image": "http://media.lanecrawford.com/A/R/L/ARL675_in_xl.jpg,http://media.lanecrawford.com/A/R/L/ARL675_bk_xl.jpg,http://media.lanecrawford.com/A/R/L/ARL675_4_xl.jpg,http://media.lanecrawford.com/A/R/L/ARL675_ro_xl.jpg", "unique_id": "056f52941c8e4bb48608f4111c7bf3a9", "trending_score": "0.0", "price": 2150.0, "discounted_price": 645.0, "currency": "HKD", "product_code": "ARL675", "affinity_score": 0.0, "brand": "NAGNATA", "store": "v_lane_crawford", "streamoid_urls": null}, {"title": "'Jacquard Midi' stripe outseam performance leggings", "gender": "women", "category": "trousers", "color": "navy navy navy navy navy navy navy navy navy navy", "product_url": "https://www.lanecrawford.com/pdp/AWI857", "thumbnail_url": ["http://d1q9qhpdr6ehzh.cloudfront.net/b7fba9c030d594f50f1c7084016ffb62"], "chatbot_image": "http://media.lanecrawford.com/A/W/I/AWI857_in_xl.jpg,http://media.lanecrawford.com/A/W/I/AWI857_bk_xl.jpg,http://media.lanecrawford.com/A/W/I/AWI857_4_xl.jpg,http://media.lanecrawford.com/A/W/I/AWI857_ro_xl.jpg", "unique_id": "07b48200e262461a9176044ff86dec68", "trending_score": "0.0", "price": 1350.0, "discounted_price": 1350.0, "currency": "HKD", "product_code": "AWI857", "affinity_score": 0.0, "brand": "THE UPSIDE", "store": "v_lane_crawford", "streamoid_urls": null}, {"title": "Cable knit leggings", "gender": "women", "category": "trousers", "color": "navy navy navy navy navy navy navy navy navy navy", "product_url": "https://www.lanecrawford.com/pdp/AWJ409", "thumbnail_url": ["http://d1q9qhpdr6ehzh.cloudfront.net/38d57471d5acd48c102206993b6a2da1"], "chatbot_image": "http://media.lanecrawford.com/A/W/J/AWJ409_in_xl.jpg,http://media.lanecrawford.com/A/W/J/AWJ409_bk_xl.jpg,http://media.lanecrawford.com/A/W/J/AWJ409_4_xl.jpg,http://media.lanecrawford.com/A/W/J/AWJ409_ro_xl.jpg", "unique_id": "0d98a4eae44d4a97abaa921567be589d", "trending_score": "0.0", "price": 3900.0, "discounted_price": 3900.0, "currency": "HKD", "product_code": "AWJ409", "affinity_score": 0.0, "brand": "THEORY", "store": "v_lane_crawford", "streamoid_urls": null}, {"title": "Sunset leggings", "gender": "women", "category": "trousers", "color": "multicolor silver silver silver silver silver silver gray gray gray", "product_url": "https://www.lanecrawford.com/pdp/AVI802", "thumbnail_url": ["http://d1q9qhpdr6ehzh.cloudfront.net/8c6718b931640c96967317e8fe5d7f82"], "chatbot_image": "http://media.lanecrawford.com/A/V/I/AVI802_in_xl.jpg,http://media.lanecrawford.com/A/V/I/AVI802_bk_xl.jpg,http://media.lanecrawford.com/A/V/I/AVI802_4_xl.jpg,http://media.lanecrawford.com/A/V/I/AVI802_ro_xl.jpg", "unique_id": "502791cb3be74ab791839d135eb23258", "trending_score": "0.0", "price": 700.0, "discounted_price": 280.0, "currency": "HKD", "product_code": "AVI802", "affinity_score": 0.0, "brand": "ELECTRIC & ROSE", "store": "v_lane_crawford", "streamoid_urls": null}], "debug": {"qrm": "", "query_without_qrm": "leggings", "solr_query": "( ( ( (meta_type:\"leggings\")^10 ) ) )^1 ", "graph": [[[{"type": ["leggings^10"]}]]], "spell_corrected_query": "", "filter": [], "explicit_text": null, "fq": ["availability:1"]}, "numFound": 24, "facets": {"gender": {"women": 24}, "category": {"trousers": 24}, "occasion type": {"activewear": 16, "everyday": 4, "loungewear": 2, "unknown": 2}, "Workindustry": {}, "Age": {}, "neck": {}, "arms": {}, "waist": {}, "stomach": {}, "shoulder": {}, "brand": {"THE UPSIDE": 4, "forever21": 4, "v_oasis": 4, "NAGNATA": 2, "yours clothing": 2, "BEYOND YOGA": 1, "ELECTRIC & ROSE": 1, "EQUIL": 1, "THEORY": 1, "WANDER & WONDER": 1}, "sub_brand": {"forever21": 4}, "Department": {"regular": 21, "maternity": 2, "kidswear": 1}, "activity": {"gym-and-running": 14, "tennis": 14, "yoga": 14, "unknown": 7, "college-look": 3, "hang-outs": 3, "airport-look": 2, "work-from-home": 2, "adventure-holiday": 1, "errands": 1, "lounging": 1}}, "isFashionQuery": true, "spell_corrected_query": "", "final_query": "", "message": ""}