{"products": [{"title": "Varsity Stripe Crew Socks", "gender": "women", "category": "socks", "color": "unknown unknown unknown unknown unknown unknown white white white light gray", "product_url": "https://www.forever21.in/p/varsity-stripe-crew-socks-324071.html", "thumbnail_url": ["http://d1q9qhpdr6ehzh.cloudfront.net/a21bcd60a7d068c128f917fdc9c6469e"], "chatbot_image": "https://forever21.imgix.net/img/app/product/3/324071-1603095-large.jpg,https://forever21.imgix.net/img/app/product/3/324071-1603093.jpg", "unique_id": "29c19eeebd6e4f5a982b39733cbd37bd", "trending_score": "0.0", "price": 249.0, "discounted_price": 249.0, "currency": "INR", "product_code": "324071", "affinity_score": 0.0, "brand": "forever21", "store": "v_forever21", "streamoid_urls": null}, {"title": "Heavyweight Marled Knit Socks", "gender": "women", "category": "socks", "color": "unknown unknown unknown unknown unknown unknown white white white gray", "product_url": "https://www.forever21.in/p/heavyweight-marled-knit-socks-322962.html", "thumbnail_url": ["http://d1q9qhpdr6ehzh.cloudfront.net/2082c4c7750915bc81aa34e08e00ec45"], "chatbot_image": "https://forever21.imgix.net/img/app/product/3/322962-1609477-large.jpg,https://forever21.imgix.net/img/app/product/3/322962-1609478-large.jpg,https://forever21.imgix.net/img/app/product/3/322962-1609476.jpg", "unique_id": "0a19936ac4714a0a84040beb6eff062a", "trending_score": "0.0", "price": 349.0, "discounted_price": 349.0, "currency": "INR", "product_code": "322962", "affinity_score": 0.0, "brand": "forever21", "store": "v_forever21", "streamoid_urls": null}, {"title": "Rose Graphic Crew Socks", "gender": "women", "category": "socks", "color": "unknown unknown unknown unknown unknown unknown light gray light gray light gray light gray", "product_url": "https://www.forever21.in/p/rose-graphic-crew-socks-323087.html", "thumbnail_url": ["http://d1q9qhpdr6ehzh.cloudfront.net/dcac7583ce73a97a89f699ce5acb32d8"], "chatbot_image": "https://forever21.imgix.net/img/app/product/3/323087-1518582-large.jpg,https://forever21.imgix.net/img/app/product/3/323087-1518581.jpg", "unique_id": "27f27a4eeca94953bc320a0b625d259a", "trending_score": "0.0", "price": 199.0, "discounted_price": 199.0, "currency": "INR", "product_code": "323087", "affinity_score": 0.0, "brand": "forever21", "store": "v_forever21", "streamoid_urls": null}, {"title": "Ribbed Crew Socks", "gender": "women", "category": "socks", "color": "unknown unknown unknown unknown unknown unknown gold gold gold gold", "product_url": "https://www.forever21.in/p/ribbed-crew-socks-324431.html", "thumbnail_url": ["http://d1q9qhpdr6ehzh.cloudfront.net/f15d5b0da3e15088141372204469836a"], "chatbot_image": "https://forever21.imgix.net/img/app/product/3/324431-1610875-large.jpg,https://forever21.imgix.net/img/app/product/3/324431-1610874.jpg", "unique_id": "911c4383ae6b45f5955a8783fe87e59e", "trending_score": "0.0", "price": 249.0, "discounted_price": 249.0, "currency": "INR", "product_code": "324431", "affinity_score": 0.0, "brand": "forever21", "store": "v_forever21", "streamoid_urls": null}, {"title": "Nom Nom Graphic Ankle Socks", "gender": "women", "category": "socks", "color": "unknown unknown unknown unknown unknown unknown peach peach peach peach", "product_url": "https://www.forever21.in/p/nom-nom-graphic-ankle-socks-323745.html", "thumbnail_url": ["http://d1q9qhpdr6ehzh.cloudfront.net/7cabe45b8631bd53006d65c1a5fa279e"], "chatbot_image": "https://forever21.imgix.net/img/app/product/3/323745-1603028-large.jpg,https://forever21.imgix.net/img/app/product/3/323745-1603031-large.jpg,https://forever21.imgix.net/img/app/product/3/323745-1603027.jpg", "unique_id": "3e6de85edc624f3e96812fcc97fb18a5", "trending_score": "0.0", "price": 149.0, "discounted_price": 149.0, "currency": "INR", "product_code": "323745", "affinity_score": 0.0, "brand": "forever21", "store": "v_forever21", "streamoid_urls": null}, {"title": "Rainbow Storm Cloud Ankle Socks", "gender": "women", "category": "socks", "color": "unknown unknown unknown unknown unknown unknown pale mint pale mint pale mint pale mint", "product_url": "https://www.forever21.in/p/rainbow-storm-cloud-ankle-socks-323621.html", "thumbnail_url": ["http://d1q9qhpdr6ehzh.cloudfront.net/365b2c6f651cd3d2a4dfcb68f92cd6f8"], "chatbot_image": "https://forever21.imgix.net/img/app/product/3/323621-1622960-large.jpg,https://forever21.imgix.net/img/app/product/3/323621-1622959.jpg", "unique_id": "94803a990a5040c181316575ee47d6a5", "trending_score": "0.0", "price": 149.0, "discounted_price": 149.0, "currency": "INR", "product_code": "323621", "affinity_score": 0.0, "brand": "forever21", "store": "v_forever21", "streamoid_urls": null}, {"title": "Striped Crew Socks", "gender": "women", "category": "socks", "color": "unknown unknown unknown unknown unknown unknown baby pink baby pink baby pink baby pink", "product_url": "https://www.forever21.in/p/striped-crew-socks-323564.html", "thumbnail_url": ["http://d1q9qhpdr6ehzh.cloudfront.net/d700e15a14a0a39c1bd0a3ab542eb421"], "chatbot_image": "https://forever21.imgix.net/img/app/product/3/323564-1610791-large.jpg,https://forever21.imgix.net/img/app/product/3/323564-1610792-large.jpg,https://forever21.imgix.net/img/app/product/3/323564-1610790.jpg", "unique_id": "981b9a7ae4174919b97db8b810d14820", "trending_score": "0.0", "price": 299.0, "discounted_price": 299.0, "currency": "INR", "product_code": "323564", "affinity_score": 0.0, "brand": "forever21", "store": "v_forever21", "streamoid_urls": null}, {"title": "Gingham Print Crew Socks", "gender": "women", "category": "socks", "color": "multicolor unknown unknown unknown unknown unknown unknown white white white", "product_url": "https://www.forever21.in/p/gingham-print-crew-socks-324024.html", "thumbnail_url": ["http://d1q9qhpdr6ehzh.cloudfront.net/bb3fda8e2ddefce469752077fa0df222"], "chatbot_image": "https://forever21.imgix.net/img/app/product/3/324024-1603087-large.jpg,https://forever21.imgix.net/img/app/product/3/324024-1603085.jpg", "unique_id": "6b602a1958ff466f82b065bae2989f25", "trending_score": "0.0", "price": 199.0, "discounted_price": 199.0, "currency": "INR", "product_code": "324024", "affinity_score": 0.0, "brand": "forever21", "store": "v_forever21", "streamoid_urls": null}, {"title": "Sriracha Graphic Ankle Socks", "gender": "women", "category": "socks", "color": "multicolor unknown unknown unknown unknown unknown unknown pearl pearl pearl", "product_url": "https://www.forever21.in/p/sriracha-graphic-ankle-socks-323489.html", "thumbnail_url": ["http://d1q9qhpdr6ehzh.cloudfront.net/b962a8f607815b4203885fbf4d03221c"], "chatbot_image": "https://forever21.imgix.net/img/app/product/3/323489-1633303-large.jpg,https://forever21.imgix.net/img/app/product/3/323489-1633302.jpg", "unique_id": "38eac6a743194de6a2d825a76f22143f", "trending_score": "0.0", "price": 149.0, "discounted_price": 149.0, "currency": "INR", "product_code": "323489", "affinity_score": 0.0, "brand": "forever21", "store": "v_forever21", "streamoid_urls": null}, {"title": "Love Skunk Ankle Socks", "gender": "women", "category": "socks", "color": "unknown unknown unknown unknown unknown unknown white white white peach", "product_url": "https://www.forever21.in/p/love-skunk-ankle-socks-323346.html", "thumbnail_url": ["http://d1q9qhpdr6ehzh.cloudfront.net/1347cbb13744f7f87632b0397033cf97"], "chatbot_image": "https://forever21.imgix.net/img/app/product/3/323346-1630160-large.jpg,https://forever21.imgix.net/img/app/product/3/323346-1630159.jpg", "unique_id": "4d2bb5e2f5e24c5885bde5a0c7133144", "trending_score": "0.0", "price": 149.0, "discounted_price": 75.0, "currency": "INR", "product_code": "323346", "affinity_score": 0.0, "brand": "forever21", "store": "v_forever21", "streamoid_urls": null}, {"title": "Fishnet Crew Socks", "gender": "women", "category": "socks", "color": "unknown unknown unknown unknown unknown unknown light gray light gray light gray light gray", "product_url": "https://www.forever21.in/p/fishnet-crew-socks-323295.html", "thumbnail_url": ["http://d1q9qhpdr6ehzh.cloudfront.net/ff72a95746d6539296ac9c70ab6f68bb"], "chatbot_image": "https://forever21.imgix.net/img/app/product/3/323295-1622923-large.jpg,https://forever21.imgix.net/img/app/product/3/323295-1622924-large.jpg,https://forever21.imgix.net/img/app/product/3/323295-1622925-large.jpg,https://forever21.imgix.net/img/app/product/3/323295-1622926-large.jpg,https://forever21.imgix.net/img/app/product/3/323295-1622922.jpg", "unique_id": "2e2a289b538b4f5da2dc03795b603dba", "trending_score": "0.0", "price": 299.0, "discounted_price": 299.0, "currency": "INR", "product_code": "323295", "affinity_score": 0.0, "brand": "forever21", "store": "v_forever21", "streamoid_urls": null}, {"title": "Semi-Sheer Tights", "gender": "women", "category": "socks", "color": "multicolor magenta magenta magenta magenta magenta magenta pink pink pink", "product_url": "https://www.forever21.in/p/semi-sheer-tights-324398.html", "thumbnail_url": ["http://d1q9qhpdr6ehzh.cloudfront.net/676049700ae0674e7250322cfdb1b23c"], "chatbot_image": "https://forever21.imgix.net/img/app/product/3/324398-1625193-large.jpg,https://forever21.imgix.net/img/app/product/3/324398-1625194-large.jpg,https://forever21.imgix.net/img/app/product/3/324398-1625195-large.jpg,https://forever21.imgix.net/img/app/product/3/324398-1625196-large.jpg,https://forever21.imgix.net/img/app/product/3/324398-1625192.jpg", "unique_id": "78f9568381944d8487748967574e8ce5", "trending_score": "0.0", "price": 499.0, "discounted_price": 499.0, "currency": "INR", "product_code": "324398", "affinity_score": 0.0, "brand": "forever21", "store": "v_forever21", "streamoid_urls": null}, {"title": "Geo Cutout Tights", "gender": "women", "category": "socks", "color": "multicolor bronze bronze bronze bronze bronze bronze chocolate chocolate chocolate", "product_url": "https://www.forever21.in/p/geo-cutout-tights-323287.html", "thumbnail_url": ["http://d1q9qhpdr6ehzh.cloudfront.net/7cf1f9297970b49de4308d61438667f0"], "chatbot_image": "https://forever21.imgix.net/img/app/product/3/323287-1613241-large.jpg,https://forever21.imgix.net/img/app/product/3/323287-1613242-large.jpg,https://forever21.imgix.net/img/app/product/3/323287-1613243-large.jpg,https://forever21.imgix.net/img/app/product/3/323287-1613244-large.jpg,https://forever21.imgix.net/img/app/product/3/323287-1613240.jpg", "unique_id": "031eb8305b4c42baa17e18c62293e0be", "trending_score": "0.0", "price": 499.0, "discounted_price": 499.0, "currency": "INR", "product_code": "323287", "affinity_score": 0.0, "brand": "forever21", "store": "v_forever21", "streamoid_urls": null}, {"title": "Bear Graphic Ankle Socks", "gender": "women", "category": "socks", "color": "unknown unknown unknown unknown unknown unknown off white off white off white off white", "product_url": "https://www.forever21.in/p/bear-graphic-ankle-socks-323855.html", "thumbnail_url": ["http://d1q9qhpdr6ehzh.cloudfront.net/3741d6517f8dd3997ed49c72ebda67c9"], "chatbot_image": "https://forever21.imgix.net/img/app/product/3/323855-1622973-large.jpg,https://forever21.imgix.net/img/app/product/3/323855-1622974-large.jpg,https://forever21.imgix.net/img/app/product/3/323855-1622972.jpg", "unique_id": "0d9aa2017ea94a5b9842b0c228be5ab1", "trending_score": "0.0", "price": 149.0, "discounted_price": 149.0, "currency": "INR", "product_code": "323855", "affinity_score": 0.0, "brand": "forever21", "store": "v_forever21", "streamoid_urls": null}, {"title": "Ribbed Over-the-Knee Socks", "gender": "women", "category": "socks", "color": "unknown unknown unknown unknown unknown unknown gray gray gray gray", "product_url": "https://www.forever21.in/p/ribbed-over-the-knee-socks-324255.html", "thumbnail_url": ["http://d1q9qhpdr6ehzh.cloudfront.net/e0fcb6dcb7b7b61a5ad3f061edd2feef"], "chatbot_image": "https://forever21.imgix.net/img/app/product/3/324255-1610867-large.jpg,https://forever21.imgix.net/img/app/product/3/324255-1610866.jpg", "unique_id": "77491c5e1243497895bfb25b4228ae54", "trending_score": "0.0", "price": 499.0, "discounted_price": 499.0, "currency": "INR", "product_code": "324255", "affinity_score": 0.0, "brand": "forever21", "store": "v_forever21", "streamoid_urls": null}, {"title": "Peach Print Ankle Socks", "gender": "women", "category": "socks", "color": "multicolor unknown unknown unknown unknown unknown unknown white white white", "product_url": "https://www.forever21.in/p/peach-print-ankle-socks-324415.html", "thumbnail_url": ["http://d1q9qhpdr6ehzh.cloudfront.net/22b0f4dd158e3f913b7139522281bf8b"], "chatbot_image": "https://forever21.imgix.net/img/app/product/3/324415-1522723-large.jpg,https://forever21.imgix.net/img/app/product/3/324415-1522722.jpg", "unique_id": "12337b12ce1e4a3997d306f81ffb527d", "trending_score": "0.0", "price": 149.0, "discounted_price": 149.0, "currency": "INR", "product_code": "324415", "affinity_score": 0.0, "brand": "forever21", "store": "v_forever21", "streamoid_urls": null}, {"title": "Men Ribbed Knit Crew Socks", "gender": "men", "category": "socks", "color": "unknown unknown unknown unknown unknown unknown white white white white", "product_url": "https://www.forever21.in/p/men-ribbed-knit-crew-socks-324155.html", "thumbnail_url": ["http://d1q9qhpdr6ehzh.cloudfront.net/f45635524e0af161ed936081e084efa8"], "chatbot_image": "https://forever21.imgix.net/img/app/product/3/324155-1521941-large.jpg,https://forever21.imgix.net/img/app/product/3/324155-1521942-large.jpg,https://forever21.imgix.net/img/app/product/3/324155-1521940.jpg", "unique_id": "e83d4d7abff3466a8f15f8b9b4f3a873", "trending_score": "0.0", "price": 199.0, "discounted_price": 199.0, "currency": "INR", "product_code": "324155", "affinity_score": 0.0, "brand": "forever21", "store": "v_forever21", "streamoid_urls": null}, {"title": "Fuzzy Knit Polar Bear Socks", "gender": "women", "category": "socks", "color": "unknown unknown unknown unknown unknown unknown off white off white off white off white", "product_url": "https://www.forever21.in/p/fuzzy-knit-polar-bear-socks-323754.html", "thumbnail_url": ["http://d1q9qhpdr6ehzh.cloudfront.net/1cc91ee8302d1835f57dd8c806a3da51"], "chatbot_image": "https://forever21.imgix.net/img/app/product/3/323754-1615872-large.jpg,https://forever21.imgix.net/img/app/product/3/323754-1615873-large.jpg,https://forever21.imgix.net/img/app/product/3/323754-1615871.jpg", "unique_id": "b380415ca59647a18b1e9555a80da4a5", "trending_score": "0.0", "price": 499.0, "discounted_price": 499.0, "currency": "INR", "product_code": "323754", "affinity_score": 0.0, "brand": "forever21", "store": "v_forever21", "streamoid_urls": null}, {"title": "Tropical Print Ankle Socks", "gender": "women", "category": "socks", "color": "unknown unknown unknown unknown unknown unknown baby pink baby pink baby pink baby pink", "product_url": "https://www.forever21.in/p/tropical-print-ankle-socks-323395.html", "thumbnail_url": ["http://d1q9qhpdr6ehzh.cloudfront.net/67e1feccc54c4bcd774042a144fbdd6a"], "chatbot_image": "https://forever21.imgix.net/img/app/product/3/323395-1633299-large.jpg,https://forever21.imgix.net/img/app/product/3/323395-1633298.jpg", "unique_id": "ec65ba6b624a40c5af3abf1795c1c118", "trending_score": "0.0", "price": 149.0, "discounted_price": 149.0, "currency": "INR", "product_code": "323395", "affinity_score": 0.0, "brand": "forever21", "store": "v_forever21", "streamoid_urls": null}, {"title": "Men Ribbed Knit Crew Socks", "gender": "men", "category": "socks", "color": "unknown unknown unknown unknown unknown unknown off white off white off white off white", "product_url": "https://www.forever21.in/p/men-ribbed-knit-crew-socks-324199.html", "thumbnail_url": ["http://d1q9qhpdr6ehzh.cloudfront.net/8bc08834d47326f64790999809ebd680"], "chatbot_image": "https://forever21.imgix.net/img/app/product/3/324199-1522078-large.jpg,https://forever21.imgix.net/img/app/product/3/324199-1522079-large.jpg,https://forever21.imgix.net/img/app/product/3/324199-1522077.jpg", "unique_id": "2a0f8d8a37ba403ab090bf149ad7dbaa", "trending_score": "0.0", "price": 199.0, "discounted_price": 199.0, "currency": "INR", "product_code": "324199", "affinity_score": 0.0, "brand": "forever21", "store": "v_forever21", "streamoid_urls": null}, {"title": "Sea Animal Ankle Socks", "gender": "women", "category": "socks", "color": "unknown unknown unknown unknown unknown unknown powder blue powder blue powder blue gray", "product_url": "https://www.forever21.in/p/sea-animal-ankle-socks-323625.html", "thumbnail_url": ["http://d1q9qhpdr6ehzh.cloudfront.net/160ce81b9b8ab95eebc8a0a96ab6ac10"], "chatbot_image": "https://forever21.imgix.net/img/app/product/3/323625-1627436-large.jpg,https://forever21.imgix.net/img/app/product/3/323625-1627435.jpg", "unique_id": "d501facf8bfd4a47b482b96b9f9284b0", "trending_score": "0.0", "price": 199.0, "discounted_price": 100.0, "currency": "INR", "product_code": "323625", "affinity_score": 0.0, "brand": "forever21", "store": "v_forever21", "streamoid_urls": null}, {"title": "Astronaut Graphic Crew Socks", "gender": "women", "category": "socks", "color": "unknown unknown unknown unknown unknown unknown charcoal gray charcoal gray charcoal gray charcoal gray", "product_url": "https://www.forever21.in/p/astronaut-graphic-crew-socks-323132.html", "thumbnail_url": ["http://d1q9qhpdr6ehzh.cloudfront.net/24d464030c0b60b11ed46915f8f2a53c"], "chatbot_image": "https://forever21.imgix.net/img/app/product/3/323132-1518717-large.jpg,https://forever21.imgix.net/img/app/product/3/323132-1518716.jpg", "unique_id": "ce350971a874436ab8f26b775db2eb1d", "trending_score": "0.0", "price": 199.0, "discounted_price": 80.0, "currency": "INR", "product_code": "323132", "affinity_score": 0.0, "brand": "forever21", "store": "v_forever21", "streamoid_urls": null}, {"title": "Unicorn Print Ankle Socks", "gender": "women", "category": "socks", "color": "multicolor unknown unknown unknown unknown unknown unknown gray gray gray", "product_url": "https://www.forever21.in/p/unicorn-print-ankle-socks-323422.html", "thumbnail_url": ["http://d1q9qhpdr6ehzh.cloudfront.net/9681e5476302a74737a2866e9f1abd91"], "chatbot_image": "https://forever21.imgix.net/img/app/product/3/323422-1603030-large.jpg,https://forever21.imgix.net/img/app/product/3/323422-1603032-large.jpg,https://forever21.imgix.net/img/app/product/3/323422-1603029.jpg", "unique_id": "440f93f460dc4690aeec4a9685b99f3b", "trending_score": "0.0", "price": 199.0, "discounted_price": 199.0, "currency": "INR", "product_code": "323422", "affinity_score": 0.0, "brand": "forever21", "store": "v_forever21", "streamoid_urls": null}, {"title": "Donut Graphic Ankle Socks", "gender": "women", "category": "socks", "color": "unknown unknown unknown unknown unknown unknown light gray light gray off white off white", "product_url": "https://www.forever21.in/p/donut-graphic-ankle-socks-322950.html", "thumbnail_url": ["http://d1q9qhpdr6ehzh.cloudfront.net/aa48e572ea5823e2a3e63555de0a9803"], "chatbot_image": "https://forever21.imgix.net/img/app/product/3/322950-1518154-large.jpg,https://forever21.imgix.net/img/app/product/3/322950-1518153.jpg", "unique_id": "725bf52e32c24e729f2534f62a434a33", "trending_score": "0.0", "price": 149.0, "discounted_price": 149.0, "currency": "INR", "product_code": "322950", "affinity_score": 0.0, "brand": "forever21", "store": "v_forever21", "streamoid_urls": null}, {"title": "Baby Tiger Print Ankle Socks", "gender": "women", "category": "socks", "color": "unknown unknown unknown unknown unknown unknown white white white white", "product_url": "https://www.forever21.in/p/baby-tiger-print-ankle-socks-323578.html", "thumbnail_url": ["http://d1q9qhpdr6ehzh.cloudfront.net/f7028fded9a887ac1426e6ca401545e9"], "chatbot_image": "https://forever21.imgix.net/img/app/product/3/323578-1627434-large.jpg,https://forever21.imgix.net/img/app/product/3/323578-1627433.jpg", "unique_id": "73bf684886324b97a6d141d0ae9b8e68", "trending_score": "0.0", "price": 199.0, "discounted_price": 100.0, "currency": "INR", "product_code": "323578", "affinity_score": 0.0, "brand": "forever21", "store": "v_forever21", "streamoid_urls": null}, {"title": "Seahorse Ankle Socks", "gender": "women", "category": "socks", "color": "unknown unknown unknown unknown unknown unknown powder blue powder blue powder blue white", "product_url": "https://www.forever21.in/p/seahorse-ankle-socks-323299.html", "thumbnail_url": ["http://d1q9qhpdr6ehzh.cloudfront.net/560232ae2ac3aa186a7a50677ad351c0"], "chatbot_image": "https://forever21.imgix.net/img/app/product/3/323299-1627403-large.jpg,https://forever21.imgix.net/img/app/product/3/323299-1627402.jpg", "unique_id": "7c71bb1bdcc04916addccad9dbc360ca", "trending_score": "0.0", "price": 149.0, "discounted_price": 149.0, "currency": "INR", "product_code": "323299", "affinity_score": 0.0, "brand": "forever21", "store": "v_forever21", "streamoid_urls": null}, {"title": "Shark Print Ankle Socks", "gender": "women", "category": "socks", "color": "unknown unknown unknown unknown unknown unknown pale mint pale mint pale mint pale mint", "product_url": "https://www.forever21.in/p/shark-print-ankle-socks-323720.html", "thumbnail_url": ["http://d1q9qhpdr6ehzh.cloudfront.net/a5b8f7dddb224dac39e52b353759d071"], "chatbot_image": "https://forever21.imgix.net/img/app/product/3/323720-1630200-large.jpg,https://forever21.imgix.net/img/app/product/3/323720-1630199.jpg", "unique_id": "1d5972b6e8d2441a92267440a6b066a1", "trending_score": "0.0", "price": 149.0, "discounted_price": 149.0, "currency": "INR", "product_code": "323720", "affinity_score": 0.0, "brand": "forever21", "store": "v_forever21", "streamoid_urls": null}, {"title": "Ribbed Over-the-Knee Socks", "gender": "women", "category": "socks", "color": "unknown unknown unknown unknown unknown unknown white white white white", "product_url": "https://www.forever21.in/p/ribbed-over-the-knee-socks-324386.html", "thumbnail_url": ["http://d1q9qhpdr6ehzh.cloudfront.net/067b67732b38e5b895a10502eb6832e1"], "chatbot_image": "https://forever21.imgix.net/img/app/product/3/324386-1610873-large.jpg,https://forever21.imgix.net/img/app/product/3/324386-1610872.jpg", "unique_id": "70ae850c7dc64d3885033ff662352b52", "trending_score": "0.0", "price": 499.0, "discounted_price": 499.0, "currency": "INR", "product_code": "324386", "affinity_score": 0.0, "brand": "forever21", "store": "v_forever21", "streamoid_urls": null}, {"title": "Fox Graphic Ankle Socks", "gender": "women", "category": "socks", "color": "unknown unknown unknown unknown unknown unknown navy navy navy navy", "product_url": "https://www.forever21.in/p/fox-graphic-ankle-socks-323947.html", "thumbnail_url": ["http://d1q9qhpdr6ehzh.cloudfront.net/d4cd6fa01e3645bef349bad42ab8cc6a"], "chatbot_image": "https://forever21.imgix.net/img/app/product/3/323947-1622979-large.jpg,https://forever21.imgix.net/img/app/product/3/323947-1622980-large.jpg,https://forever21.imgix.net/img/app/product/3/323947-1622978.jpg", "unique_id": "3b21f66961744143ad535c56fbe281d2", "trending_score": "0.0", "price": 199.0, "discounted_price": 199.0, "currency": "INR", "product_code": "323947", "affinity_score": 0.0, "brand": "forever21", "store": "v_forever21", "streamoid_urls": null}, {"title": "Lil Chick Ankle Socks", "gender": "women", "category": "socks", "color": "multicolor unknown unknown unknown unknown unknown unknown light gray light gray white", "product_url": "https://www.forever21.in/p/lil-chick-ankle-socks-323252.html", "thumbnail_url": ["http://d1q9qhpdr6ehzh.cloudfront.net/929d9af3e86793369809e1c3a47381d1"], "chatbot_image": "https://forever21.imgix.net/img/app/product/3/323252-1627401-large.jpg,https://forever21.imgix.net/img/app/product/3/323252-1627400.jpg", "unique_id": "f59bf18060534f99b0fd98aaf41d5374", "trending_score": "0.0", "price": 149.0, "discounted_price": 75.0, "currency": "INR", "product_code": "323252", "affinity_score": 0.0, "brand": "forever21", "store": "v_forever21", "streamoid_urls": null}, {"title": "Pug Print Ankle Socks", "gender": "women", "category": "socks", "color": "unknown unknown unknown unknown unknown unknown white white white white", "product_url": "https://www.forever21.in/p/pug-print-ankle-socks-324114.html", "thumbnail_url": ["http://d1q9qhpdr6ehzh.cloudfront.net/70f5aa4d49946144ab18d1145b990dd5"], "chatbot_image": "https://forever21.imgix.net/img/app/product/3/324114-1599242-large.jpg,https://forever21.imgix.net/img/app/product/3/324114-1599243-large.jpg,https://forever21.imgix.net/img/app/product/3/324114-1599240.jpg", "unique_id": "f03e49a2b43645c5b45024089228e2c0", "trending_score": "0.0", "price": 149.0, "discounted_price": 75.0, "currency": "INR", "product_code": "324114", "affinity_score": 0.0, "brand": "forever21", "store": "v_forever21", "streamoid_urls": null}, {"title": "Taco Graphic Ankle Socks", "gender": "women", "category": "socks", "color": "unknown unknown unknown unknown unknown unknown sun flower yellow sun flower yellow sun flower yellow sun flower yellow", "product_url": "https://www.forever21.in/p/taco-graphic-ankle-socks-323715.html", "thumbnail_url": ["http://d1q9qhpdr6ehzh.cloudfront.net/a98b73ea972641a5465f33c95589097c"], "chatbot_image": "https://forever21.imgix.net/img/app/product/3/323715-1622965-large.jpg,https://forever21.imgix.net/img/app/product/3/323715-1622966-large.jpg,https://forever21.imgix.net/img/app/product/3/323715-1622964.jpg", "unique_id": "435c3485badf40cabcbd0065c50d3a62", "trending_score": "0.0", "price": 149.0, "discounted_price": 149.0, "currency": "INR", "product_code": "323715", "affinity_score": 0.0, "brand": "forever21", "store": "v_forever21", "streamoid_urls": null}, {"title": "Sheer Floral Ankle Socks", "gender": "women", "category": "socks", "color": "unknown unknown unknown unknown unknown unknown black black black light gray", "product_url": "https://www.forever21.in/p/sheer-floral-ankle-socks-324170.html", "thumbnail_url": ["http://d1q9qhpdr6ehzh.cloudfront.net/7a5319e9860efcfc09f570ecd321f98e"], "chatbot_image": "https://forever21.imgix.net/img/app/product/3/324170-1614652-large.jpg,https://forever21.imgix.net/img/app/product/3/324170-1614653-large.jpg,https://forever21.imgix.net/img/app/product/3/324170-1614654-large.jpg,https://forever21.imgix.net/img/app/product/3/324170-1614655-large.jpg,https://forever21.imgix.net/img/app/product/3/324170-1614651.jpg", "unique_id": "81d69d8eec6c45cd9d9069437d2c5b5b", "trending_score": "0.0", "price": 299.0, "discounted_price": 299.0, "currency": "INR", "product_code": "324170", "affinity_score": 0.0, "brand": "forever21", "store": "v_forever21", "streamoid_urls": null}, {"title": "Varsity Striped Over-The-Knee Socks", "gender": "women", "category": "socks", "color": "unknown unknown unknown unknown unknown unknown light gray light gray light gray light gray", "product_url": "https://www.forever21.in/p/varsity-striped-over-the-knee-socks-323849.html", "thumbnail_url": ["http://d1q9qhpdr6ehzh.cloudfront.net/e284065f488accbe6251ffb26a74b13d"], "chatbot_image": "https://forever21.imgix.net/img/app/product/3/323849-1615879-large.jpg,https://forever21.imgix.net/img/app/product/3/323849-1615878.jpg", "unique_id": "5a0ed27cbc0d41c5a4b522780358d1d1", "trending_score": "0.0", "price": 499.0, "discounted_price": 499.0, "currency": "INR", "product_code": "323849", "affinity_score": 0.0, "brand": "forever21", "store": "v_forever21", "streamoid_urls": null}, {"title": "Panda and Bamboo Ankle Socks", "gender": "women", "category": "socks", "color": "unknown unknown unknown unknown unknown unknown baby pink baby pink baby pink baby pink", "product_url": "https://www.forever21.in/p/panda-and-bamboo-ankle-socks-324068.html", "thumbnail_url": ["http://d1q9qhpdr6ehzh.cloudfront.net/08f1897dad84a3b8aa1a0ba10e613787"], "chatbot_image": "https://forever21.imgix.net/img/app/product/3/324068-1599230-large.jpg,https://forever21.imgix.net/img/app/product/3/324068-1599229.jpg", "unique_id": "85898ba92b4b4dcda7a36a9f7bc6b9d8", "trending_score": "0.0", "price": 149.0, "discounted_price": 149.0, "currency": "INR", "product_code": "324068", "affinity_score": 0.0, "brand": "forever21", "store": "v_forever21", "streamoid_urls": null}, {"title": "Heart Stripe Tights", "gender": "women", "category": "socks", "color": "black black black black black black black black black black", "product_url": "https://www.forever21.in/p/heart-stripe-tights-323004.html", "thumbnail_url": ["http://d1q9qhpdr6ehzh.cloudfront.net/785368a28ebf90a7cb0e985d03d3ea65"], "chatbot_image": "https://forever21.imgix.net/img/app/product/3/323004-1602921-large.jpg,https://forever21.imgix.net/img/app/product/3/323004-1602922-large.jpg,https://forever21.imgix.net/img/app/product/3/323004-1602926-large.jpg,https://forever21.imgix.net/img/app/product/3/323004-1602919.jpg", "unique_id": "43971fe08f344ebd9ac87c5fb0c3e9e6", "trending_score": "0.0", "price": 499.0, "discounted_price": 499.0, "currency": "INR", "product_code": "323004", "affinity_score": 0.0, "brand": "forever21", "store": "v_forever21", "streamoid_urls": null}, {"title": "Peach Print Ankle Socks", "gender": "women", "category": "socks", "color": "unknown unknown unknown unknown unknown unknown black black black black", "product_url": "https://www.forever21.in/p/peach-print-ankle-socks-323187.html", "thumbnail_url": ["http://d1q9qhpdr6ehzh.cloudfront.net/920bad16a1de1b1acfc151a13ba696c4"], "chatbot_image": "https://forever21.imgix.net/img/app/product/3/323187-1602974-large.jpg,https://forever21.imgix.net/img/app/product/3/323187-1602973.jpg", "unique_id": "c059ab0420a04a6885aacd0e496b5200", "trending_score": "0.0", "price": 149.0, "discounted_price": 149.0, "currency": "INR", "product_code": "323187", "affinity_score": 0.0, "brand": "forever21", "store": "v_forever21", "streamoid_urls": null}, {"title": "Hedgehog Heart Ankle Socks", "gender": "women", "category": "socks", "color": "unknown unknown unknown unknown unknown unknown white white white pearl", "product_url": "https://www.forever21.in/p/hedgehog-heart-ankle-socks-323442.html", "thumbnail_url": ["http://d1q9qhpdr6ehzh.cloudfront.net/b2c04a432ac5fa8f7dfd51ccee95cabc"], "chatbot_image": "https://forever21.imgix.net/img/app/product/3/323442-1639030-large.jpg,https://forever21.imgix.net/img/app/product/3/323442-1639029.jpg", "unique_id": "b5196286fa904f69b3d6624861ec203c", "trending_score": "0.0", "price": 149.0, "discounted_price": 75.0, "currency": "INR", "product_code": "323442", "affinity_score": 0.0, "brand": "forever21", "store": "v_forever21", "streamoid_urls": null}, {"title": "Corgi Print Ankle Socks", "gender": "women", "category": "socks", "color": "multicolor unknown unknown unknown unknown unknown unknown khaki khaki khaki", "product_url": "https://www.forever21.in/p/corgi-print-ankle-socks-324121.html", "thumbnail_url": ["http://d1q9qhpdr6ehzh.cloudfront.net/f8cdb62b9aaee1e92d5c2b96eaf77c4a"], "chatbot_image": "https://forever21.imgix.net/img/app/product/3/324121-1609604-large.jpg,https://forever21.imgix.net/img/app/product/3/324121-1609603.jpg", "unique_id": "6dffb5419b8a4ac2a0caa35d21280e71", "trending_score": "0.0", "price": 149.0, "discounted_price": 149.0, "currency": "INR", "product_code": "324121", "affinity_score": 0.0, "brand": "forever21", "store": "v_forever21", "streamoid_urls": null}, {"title": "Fishnet Crew Socks", "gender": "women", "category": "socks", "color": "unknown unknown unknown unknown unknown unknown off white off white off white hazelnut", "product_url": "https://www.forever21.in/p/fishnet-crew-socks-323388.html", "thumbnail_url": ["http://d1q9qhpdr6ehzh.cloudfront.net/76d407c018fcc630b09a5ba03b8fd7f4"], "chatbot_image": "https://forever21.imgix.net/img/app/product/3/323388-1622934-large.jpg,https://forever21.imgix.net/img/app/product/3/323388-1622935-large.jpg,https://forever21.imgix.net/img/app/product/3/323388-1622936-large.jpg,https://forever21.imgix.net/img/app/product/3/323388-1622937-large.jpg,https://forever21.imgix.net/img/app/product/3/323388-1622933.jpg", "unique_id": "17a8bb284a9f4a5aa297d79f9e76f21b", "trending_score": "0.0", "price": 349.0, "discounted_price": 349.0, "currency": "INR", "product_code": "323388", "affinity_score": 0.0, "brand": "forever21", "store": "v_forever21", "streamoid_urls": null}, {"title": "Pug Print Ankle Socks", "gender": "women", "category": "socks", "color": "unknown unknown unknown unknown unknown unknown navy navy navy navy", "product_url": "https://www.forever21.in/p/pug-print-ankle-socks-324159.html", "thumbnail_url": ["http://d1q9qhpdr6ehzh.cloudfront.net/74196281c874642d3ef5945a85fd1604"], "chatbot_image": "https://forever21.imgix.net/img/app/product/3/324159-1599248-large.jpg,https://forever21.imgix.net/img/app/product/3/324159-1599252-large.jpg,https://forever21.imgix.net/img/app/product/3/324159-1599246.jpg", "unique_id": "a6f947fa28284cc795aa339a78e769e0", "trending_score": "0.0", "price": 149.0, "discounted_price": 149.0, "currency": "INR", "product_code": "324159", "affinity_score": 0.0, "brand": "forever21", "store": "v_forever21", "streamoid_urls": null}, {"title": "Corgi Print Ankle Socks", "gender": "women", "category": "socks", "color": "unknown unknown unknown unknown unknown unknown black black black black", "product_url": "https://www.forever21.in/p/corgi-print-ankle-socks-324075.html", "thumbnail_url": ["http://d1q9qhpdr6ehzh.cloudfront.net/dd6e159e569c2d9226cfa086f4fdfa1b"], "chatbot_image": "https://forever21.imgix.net/img/app/product/3/324075-1609602-large.jpg,https://forever21.imgix.net/img/app/product/3/324075-1609601.jpg", "unique_id": "e85c4560476a43158a5e311354fa1589", "trending_score": "0.0", "price": 149.0, "discounted_price": 149.0, "currency": "INR", "product_code": "324075", "affinity_score": 0.0, "brand": "forever21", "store": "v_forever21", "streamoid_urls": null}, {"title": "Narwhal Print Ankle Socks", "gender": "women", "category": "socks", "color": "unknown unknown unknown unknown unknown unknown mauve mauve mauve baby pink", "product_url": "https://www.forever21.in/p/narwhal-print-ankle-socks-323374.html", "thumbnail_url": ["http://d1q9qhpdr6ehzh.cloudfront.net/d29113414ff16d14de50ac07570649cc"], "chatbot_image": "https://forever21.imgix.net/img/app/product/3/323374-1603026-large.jpg,https://forever21.imgix.net/img/app/product/3/323374-1603024.jpg", "unique_id": "3b839d4c87044a68bff1b183598ebb44", "trending_score": "0.0", "price": 149.0, "discounted_price": 149.0, "currency": "INR", "product_code": "323374", "affinity_score": 0.0, "brand": "forever21", "store": "v_forever21", "streamoid_urls": null}, {"title": "Narwhal Print Ankle Socks", "gender": "women", "category": "socks", "color": "unknown unknown unknown unknown unknown unknown pale mint pale mint pale mint pale mint", "product_url": "https://www.forever21.in/p/narwhal-print-ankle-socks-323327.html", "thumbnail_url": ["http://d1q9qhpdr6ehzh.cloudfront.net/c1d0ad39b24c7151382de98cc78de837"], "chatbot_image": "https://forever21.imgix.net/img/app/product/3/323327-1603012-large.jpg,https://forever21.imgix.net/img/app/product/3/323327-1603010.jpg", "unique_id": "3cc2d868da8943f38bf5c18a203907c0", "trending_score": "0.0", "price": 149.0, "discounted_price": 149.0, "currency": "INR", "product_code": "323327", "affinity_score": 0.0, "brand": "forever21", "store": "v_forever21", "streamoid_urls": null}, {"title": "Men Ribbed Knit Crew Socks", "gender": "men", "category": "socks", "color": "unknown unknown unknown unknown unknown unknown white white white white", "product_url": "https://www.forever21.in/p/men-ribbed-knit-crew-socks-324243.html", "thumbnail_url": ["http://d1q9qhpdr6ehzh.cloudfront.net/42501ee10e9930d972683b19b345bf23"], "chatbot_image": "https://forever21.imgix.net/img/app/product/3/324243-1522212-large.jpg,https://forever21.imgix.net/img/app/product/3/324243-1522213-large.jpg,https://forever21.imgix.net/img/app/product/3/324243-1522211.jpg", "unique_id": "ada8cba9c56c4decaeec3657f1820576", "trending_score": "0.0", "price": 199.0, "discounted_price": 199.0, "currency": "INR", "product_code": "324243", "affinity_score": 0.0, "brand": "forever21", "store": "v_forever21", "streamoid_urls": null}, {"title": "Sheer Daisy Print Crew Socks", "gender": "women", "category": "socks", "color": "unknown unknown unknown unknown unknown unknown beige beige beige pearl", "product_url": "https://www.forever21.in/p/sheer-daisy-print-crew-socks-323370.html", "thumbnail_url": ["http://d1q9qhpdr6ehzh.cloudfront.net/63805dac2cc04173f5b607845bc04f00"], "chatbot_image": "https://forever21.imgix.net/img/app/product/3/323370-1600657-large.jpg,https://forever21.imgix.net/img/app/product/3/323370-1600658-large.jpg,https://forever21.imgix.net/img/app/product/3/323370-1600656.jpg", "unique_id": "c39e049ed9984e7cb1a65ca3fd671459", "trending_score": "0.0", "price": 299.0, "discounted_price": 299.0, "currency": "INR", "product_code": "323370", "affinity_score": 0.0, "brand": "forever21", "store": "v_forever21", "streamoid_urls": null}, {"title": "Eggs &amp;amp; Bacon Crew Socks", "gender": "women", "category": "socks", "color": "unknown unknown unknown unknown unknown unknown white white white white", "product_url": "https://www.forever21.in/p/eggs-amp-bacon-crew-socks-323044.html", "thumbnail_url": ["http://d1q9qhpdr6ehzh.cloudfront.net/f3478caa9b29bbb0b981d6dc9d2e1133"], "chatbot_image": "https://forever21.imgix.net/img/app/product/3/323044-1597726-large.jpg,https://forever21.imgix.net/img/app/product/3/323044-1597727-large.jpg,https://forever21.imgix.net/img/app/product/3/323044-1597725.jpg", "unique_id": "ae038c9c419e47849a1d375af9ef301f", "trending_score": "0.0", "price": 299.0, "discounted_price": 90.0, "currency": "INR", "product_code": "323044", "affinity_score": 0.0, "brand": "forever21", "store": "v_forever21", "streamoid_urls": null}, {"title": "Bunny Graphic Ankle Socks", "gender": "women", "category": "socks", "color": "multicolor unknown unknown unknown unknown unknown unknown gray gray gray", "product_url": "https://www.forever21.in/p/bunny-graphic-ankle-socks-323902.html", "thumbnail_url": ["http://d1q9qhpdr6ehzh.cloudfront.net/328b9d90027dddbe5edfa720946f322d"], "chatbot_image": "https://forever21.imgix.net/img/app/product/3/323902-1622976-large.jpg,https://forever21.imgix.net/img/app/product/3/323902-1622977-large.jpg,https://forever21.imgix.net/img/app/product/3/323902-1622975.jpg", "unique_id": "ee96275eaa6c4c2cb0c32de1d92c3913", "trending_score": "0.0", "price": 199.0, "discounted_price": 199.0, "currency": "INR", "product_code": "323902", "affinity_score": 0.0, "brand": "forever21", "store": "v_forever21", "streamoid_urls": null}, {"title": "Sheer Floral Ankle Socks", "gender": "women", "category": "socks", "color": "unknown unknown unknown unknown unknown unknown light gray light gray light gray light gray", "product_url": "https://www.forever21.in/p/sheer-floral-ankle-socks-324125.html", "thumbnail_url": ["http://d1q9qhpdr6ehzh.cloudfront.net/c2401d6f469d5b143be15a0ce8542afd"], "chatbot_image": "https://forever21.imgix.net/img/app/product/3/324125-1614647-large.jpg,https://forever21.imgix.net/img/app/product/3/324125-1614648-large.jpg,https://forever21.imgix.net/img/app/product/3/324125-1614649-large.jpg,https://forever21.imgix.net/img/app/product/3/324125-1614650-large.jpg,https://forever21.imgix.net/img/app/product/3/324125-1614646.jpg", "unique_id": "9e1dca8e03854c0e96e2b43e25ee476b", "trending_score": "0.0", "price": 299.0, "discounted_price": 299.0, "currency": "INR", "product_code": "324125", "affinity_score": 0.0, "brand": "forever21", "store": "v_forever21", "streamoid_urls": null}, {"title": "Ribbed Opaque Tights", "gender": "women", "category": "socks", "color": "off-white off-white off-white off-white off-white off-white light gray light gray light gray light gray", "product_url": "https://www.forever21.in/p/ribbed-opaque-tights-324254.html", "thumbnail_url": ["http://d1q9qhpdr6ehzh.cloudfront.net/0e8f3e239e79595f998a17759fa281a6"], "chatbot_image": "https://forever21.imgix.net/img/app/product/3/324254-1609613-large.jpg,https://forever21.imgix.net/img/app/product/3/324254-1609614-large.jpg,https://forever21.imgix.net/img/app/product/3/324254-1609615-large.jpg,https://forever21.imgix.net/img/app/product/3/324254-1609612.jpg", "unique_id": "b684038c87374cf69acf057262d854e1", "trending_score": "0.0", "price": 699.0, "discounted_price": 699.0, "currency": "INR", "product_code": "324254", "affinity_score": 0.0, "brand": "forever21", "store": "v_forever21", "streamoid_urls": null}, {"title": "Men Ribbed-Trim Crew Socks", "gender": "men", "category": "socks", "color": "unknown unknown unknown unknown unknown unknown white white white white", "product_url": "https://www.forever21.in/p/men-ribbed-trim-crew-socks-324419.html", "thumbnail_url": ["http://d1q9qhpdr6ehzh.cloudfront.net/5cdf82424abcdc5773d9153f24c15943"], "chatbot_image": "https://forever21.imgix.net/img/app/product/3/324419-1522740-large.jpg,https://forever21.imgix.net/img/app/product/3/324419-1522741-large.jpg,https://forever21.imgix.net/img/app/product/3/324419-1522739.jpg", "unique_id": "c98dc50357b744c0a8a42df50d26b3cf", "trending_score": "0.0", "price": 199.0, "discounted_price": 199.0, "currency": "INR", "product_code": "324419", "affinity_score": 0.0, "brand": "forever21", "store": "v_forever21", "streamoid_urls": null}, {"title": "Opaque Tight Set", "gender": "women", "category": "socks", "color": "light-gray light-gray light-gray light-gray light-gray light-gray charcoal gray charcoal gray charcoal gray charcoal gray", "product_url": "https://www.forever21.in/p/opaque-tight-set-323780.html", "thumbnail_url": ["http://d1q9qhpdr6ehzh.cloudfront.net/8def56fbd9116084f5136a2f62d52e5d"], "chatbot_image": "https://forever21.imgix.net/img/app/product/3/323780-1520730-large.jpg,https://forever21.imgix.net/img/app/product/3/323780-1520731-large.jpg,https://forever21.imgix.net/img/app/product/3/323780-1520732-large.jpg,https://forever21.imgix.net/img/app/product/3/323780-1520733-large.jpg,https://forever21.imgix.net/img/app/product/3/323780-1520729.jpg", "unique_id": "9eed6d44078b4195b3b98badf7198111", "trending_score": "0.0", "price": 849.0, "discounted_price": 849.0, "currency": "INR", "product_code": "323780", "affinity_score": 0.0, "brand": "forever21", "store": "v_forever21", "streamoid_urls": null}, {"title": "Heavyweight Marled Knit Socks", "gender": "women", "category": "socks", "color": "unknown unknown unknown unknown unknown unknown off white off white off white off white", "product_url": "https://www.forever21.in/p/heavyweight-marled-knit-socks-322913.html", "thumbnail_url": ["http://d1q9qhpdr6ehzh.cloudfront.net/3ed632da749c368e7731b2cd001ba96a"], "chatbot_image": "https://forever21.imgix.net/img/app/product/3/322913-1609474-large.jpg,https://forever21.imgix.net/img/app/product/3/322913-1609475-large.jpg,https://forever21.imgix.net/img/app/product/3/322913-1609473.jpg", "unique_id": "222a47f334ca4de0afadfd808e35fe0e", "trending_score": "0.0", "price": 349.0, "discounted_price": 349.0, "currency": "INR", "product_code": "322913", "affinity_score": 0.0, "brand": "forever21", "store": "v_forever21", "streamoid_urls": null}, {"title": "Rose Graphic Crew Socks", "gender": "women", "category": "socks", "color": "multicolor unknown unknown unknown unknown unknown unknown crimson red crimson red baby pink", "product_url": "https://www.forever21.in/p/rose-graphic-crew-socks-323090.html", "thumbnail_url": ["http://d1q9qhpdr6ehzh.cloudfront.net/2b3885932ee131900a56a3a647a15671"], "chatbot_image": "https://forever21.imgix.net/img/app/product/3/323090-1597729-large.jpg,https://forever21.imgix.net/img/app/product/3/323090-1597730-large.jpg,https://forever21.imgix.net/img/app/product/3/323090-1597728.jpg", "unique_id": "b0b8c9e0d9fa4834af8a26fcc7cd522a", "trending_score": "0.0", "price": 249.0, "discounted_price": 249.0, "currency": "INR", "product_code": "323090", "affinity_score": 0.0, "brand": "forever21", "store": "v_forever21", "streamoid_urls": null}, {"title": "'SK2' panelled socks", "gender": "women", "category": "socks", "color": "multicolor blue blue blue blue blue blue cobalt cobalt cobalt", "product_url": "https://www.lanecrawford.com/pdp/BKY228", "thumbnail_url": ["http://d1q9qhpdr6ehzh.cloudfront.net/c268302a63dd42993a95ef79721c790a"], "chatbot_image": "http://media.lanecrawford.com/B/K/Y/BKY228_in_xl.jpg,http://media.lanecrawford.com/B/K/Y/BKY228_1_xl.jpg", "unique_id": "0954191dacdb48f186c8728cf68784fb", "trending_score": "0.0", "price": 290.0, "discounted_price": 290.0, "currency": "HKD", "product_code": "BKY228", "affinity_score": 0.0, "brand": "FALKE", "store": "v_lane_crawford", "streamoid_urls": null}, {"title": "Rose Print Ankle Socks", "gender": "women", "category": "socks", "color": "multicolor unknown unknown unknown unknown unknown unknown white white light gray", "product_url": "https://www.forever21.in/p/rose-print-ankle-socks-323812.html", "thumbnail_url": ["http://d1q9qhpdr6ehzh.cloudfront.net/43d077ed5e9cc7544ac72cde6da5df47"], "chatbot_image": "https://forever21.imgix.net/img/app/product/3/323812-1630208-large.jpg,https://forever21.imgix.net/img/app/product/3/323812-1630207.jpg", "unique_id": "da71f5380e6c4b5fb92b31c809939605", "trending_score": "0.0", "price": 149.0, "discounted_price": 149.0, "currency": "INR", "product_code": "323812", "affinity_score": 0.0, "brand": "forever21", "store": "v_forever21", "streamoid_urls": null}, {"title": "Geo Fishnet Tights", "gender": "women", "category": "socks", "color": "multicolor light-gray light-gray light-gray light-gray light-gray light-gray light gray light gray chocolate", "product_url": "https://www.forever21.in/p/geo-fishnet-tights-324166.html", "thumbnail_url": ["http://d1q9qhpdr6ehzh.cloudfront.net/7290729df2977768420661c1b8b5b81d"], "chatbot_image": "https://forever21.imgix.net/img/app/product/3/324166-1609606-large.jpg,https://forever21.imgix.net/img/app/product/3/324166-1609607-large.jpg,https://forever21.imgix.net/img/app/product/3/324166-1609608-large.jpg,https://forever21.imgix.net/img/app/product/3/324166-1609605.jpg", "unique_id": "36c20d2b5a9942e289832df82a2ae243", "trending_score": "0.0", "price": 499.0, "discounted_price": 499.0, "currency": "INR", "product_code": "324166", "affinity_score": 0.0, "brand": "forever21", "store": "v_forever21", "streamoid_urls": null}, {"title": "Avocado Print Ankle Socks", "gender": "women", "category": "socks", "color": "multicolor unknown unknown unknown unknown unknown unknown gray gray gray", "product_url": "https://www.forever21.in/p/avocado-print-ankle-socks-324370.html", "thumbnail_url": ["http://d1q9qhpdr6ehzh.cloudfront.net/af69e8cfcd96f21bc2e28f69603c3091"], "chatbot_image": "https://forever21.imgix.net/img/app/product/3/324370-1522594-large.jpg,https://forever21.imgix.net/img/app/product/3/324370-1522593.jpg", "unique_id": "26d527e2eddf4b0caa3833f5b349c8b2", "trending_score": "0.0", "price": 149.0, "discounted_price": 149.0, "currency": "INR", "product_code": "324370", "affinity_score": 0.0, "brand": "forever21", "store": "v_forever21", "streamoid_urls": null}, {"title": "Udon Soup Ankle Socks", "gender": "women", "category": "socks", "color": "unknown unknown unknown unknown unknown unknown pale mint pale mint pale mint pale mint", "product_url": "https://www.forever21.in/p/udon-soup-ankle-socks-323629.html", "thumbnail_url": ["http://d1q9qhpdr6ehzh.cloudfront.net/50c5b4f17116c804bbb7aebe0e9044be"], "chatbot_image": "https://forever21.imgix.net/img/app/product/3/323629-1634188-large.jpg,https://forever21.imgix.net/img/app/product/3/323629-1634187.jpg", "unique_id": "eef4a2b245a64e93a4807859e21c8a6a", "trending_score": "0.0", "price": 149.0, "discounted_price": 149.0, "currency": "INR", "product_code": "323629", "affinity_score": 0.0, "brand": "forever21", "store": "v_forever21", "streamoid_urls": null}, {"title": "Happy Face Graphic Crew Socks", "gender": "women", "category": "socks", "color": "unknown unknown unknown unknown unknown unknown gray gray gray gray", "product_url": "https://www.forever21.in/p/happy-face-graphic-crew-socks-323201.html", "thumbnail_url": ["http://d1q9qhpdr6ehzh.cloudfront.net/ed9fccffeadd40a9c0c63ec94a09999c"], "chatbot_image": "https://forever21.imgix.net/img/app/product/3/323201-1622917-large.jpg,https://forever21.imgix.net/img/app/product/3/323201-1622918-large.jpg,https://forever21.imgix.net/img/app/product/3/323201-1622916.jpg", "unique_id": "97ffe51c613c4f8d8545582ecee9ed09", "trending_score": "0.0", "price": 249.0, "discounted_price": 249.0, "currency": "INR", "product_code": "323201", "affinity_score": 0.0, "brand": "forever21", "store": "v_forever21", "streamoid_urls": null}, {"title": "Ribbed Over-the-Knee Socks", "gender": "women", "category": "socks", "color": "unknown unknown unknown unknown unknown unknown white white white white", "product_url": "https://www.forever21.in/p/ribbed-over-the-knee-socks-324340.html", "thumbnail_url": ["http://d1q9qhpdr6ehzh.cloudfront.net/9b814761106279cb833ee65094cdceb3"], "chatbot_image": "https://forever21.imgix.net/img/app/product/3/324340-1610871-large.jpg,https://forever21.imgix.net/img/app/product/3/324340-1610870.jpg", "unique_id": "9612f51cebe74b269996a5f6d7ffd5e1", "trending_score": "0.0", "price": 499.0, "discounted_price": 499.0, "currency": "INR", "product_code": "324340", "affinity_score": 0.0, "brand": "forever21", "store": "v_forever21", "streamoid_urls": null}, {"title": "Houndstooth Print Crew Socks", "gender": "women", "category": "socks", "color": "multicolor unknown unknown unknown unknown unknown unknown white white black", "product_url": "https://www.forever21.in/p/houndstooth-print-crew-socks-323992.html", "thumbnail_url": ["http://d1q9qhpdr6ehzh.cloudfront.net/e8d89909e358d80329746bab5ac7da86"], "chatbot_image": "https://forever21.imgix.net/img/app/product/3/323992-1622982-large.jpg,https://forever21.imgix.net/img/app/product/3/323992-1622981.jpg", "unique_id": "171036a903524118a5c0475ec95f7635", "trending_score": "0.0", "price": 199.0, "discounted_price": 199.0, "currency": "INR", "product_code": "323992", "affinity_score": 0.0, "brand": "forever21", "store": "v_forever21", "streamoid_urls": null}, {"title": "Varsity Striped Over-The-Knee Socks", "gender": "women", "category": "socks", "color": "unknown unknown unknown unknown unknown unknown light gray light gray light gray light gray", "product_url": "https://www.forever21.in/p/varsity-striped-over-the-knee-socks-323896.html", "thumbnail_url": ["http://d1q9qhpdr6ehzh.cloudfront.net/d88a49bf3c09fbb71591cb4f2530dec7"], "chatbot_image": "https://forever21.imgix.net/img/app/product/3/323896-1615881-large.jpg,https://forever21.imgix.net/img/app/product/3/323896-1615880.jpg", "unique_id": "4641571497c54d29afca14b93420f5bc", "trending_score": "0.0", "price": 499.0, "discounted_price": 499.0, "currency": "INR", "product_code": "323896", "affinity_score": 0.0, "brand": "forever21", "store": "v_forever21", "streamoid_urls": null}, {"title": "Over-The-Knee Socks - 2 Pack", "gender": "women", "category": "socks", "color": "unknown unknown unknown unknown unknown unknown white white white white", "product_url": "https://www.forever21.in/p/over-the-knee-socks-2-pack-324208.html", "thumbnail_url": ["http://d1q9qhpdr6ehzh.cloudfront.net/692337ee7b749bbaf61762ba8f225f59"], "chatbot_image": "https://forever21.imgix.net/img/app/product/3/324208-1522107-large.jpg,https://forever21.imgix.net/img/app/product/3/324208-1522106.jpg", "unique_id": "8322098a8472423a8f8e1f29b4d4955c", "trending_score": "0.0", "price": 699.0, "discounted_price": 699.0, "currency": "INR", "product_code": "324208", "affinity_score": 0.0, "brand": "forever21", "store": "v_forever21", "streamoid_urls": null}, {"title": "Just Do You Crew Socks", "gender": "women", "category": "socks", "color": "unknown unknown unknown unknown unknown unknown light gray light gray light gray light gray", "product_url": "https://www.forever21.in/p/just-do-you-crew-socks-324440.html", "thumbnail_url": ["http://d1q9qhpdr6ehzh.cloudfront.net/7bd5b4c40314af38433b6be2bbea1353"], "chatbot_image": "https://forever21.imgix.net/img/app/product/3/324440-1621987-large.jpg,https://forever21.imgix.net/img/app/product/3/324440-1621986.jpg", "unique_id": "d2759d648dd748e08956e8fdec0182b3", "trending_score": "0.0", "price": 249.0, "discounted_price": 249.0, "currency": "INR", "product_code": "324440", "affinity_score": 0.0, "brand": "forever21", "store": "v_forever21", "streamoid_urls": null}, {"title": "Sriracha Graphic Ankle Socks", "gender": "women", "category": "socks", "color": "unknown unknown unknown unknown unknown unknown black black black black", "product_url": "https://www.forever21.in/p/sriracha-graphic-ankle-socks-323443.html", "thumbnail_url": ["http://d1q9qhpdr6ehzh.cloudfront.net/3009c01891457c4b811a2f725cb4beab"], "chatbot_image": "https://forever21.imgix.net/img/app/product/3/323443-1633301-large.jpg,https://forever21.imgix.net/img/app/product/3/323443-1633300.jpg", "unique_id": "2decf638a3084835a4f88d5cf2b48753", "trending_score": "0.0", "price": 149.0, "discounted_price": 149.0, "currency": "INR", "product_code": "323443", "affinity_score": 0.0, "brand": "forever21", "store": "v_forever21", "streamoid_urls": null}, {"title": "Hedgehog Print Ankle Socks", "gender": "women", "category": "socks", "color": "unknown unknown unknown unknown unknown unknown maroon maroon maroon maroon", "product_url": "https://www.forever21.in/p/hedgehog-print-ankle-socks-323760.html", "thumbnail_url": ["http://d1q9qhpdr6ehzh.cloudfront.net/7d1dbf7cc5babc09f9dbbda493d34151"], "chatbot_image": "https://forever21.imgix.net/img/app/product/3/323760-1622968-large.jpg,https://forever21.imgix.net/img/app/product/3/323760-1622967.jpg", "unique_id": "331ca3db976945f4b5196e822d12e1ec", "trending_score": "0.0", "price": 149.0, "discounted_price": 149.0, "currency": "INR", "product_code": "323760", "affinity_score": 0.0, "brand": "forever21", "store": "v_forever21", "streamoid_urls": null}, {"title": "Ribbed Opaque Tights", "gender": "women", "category": "socks", "color": "maroon maroon maroon maroon maroon maroon light gray light gray light gray light gray", "product_url": "https://www.forever21.in/p/ribbed-opaque-tights-324210.html", "thumbnail_url": ["http://d1q9qhpdr6ehzh.cloudfront.net/664995de090819eb0680401895d56f43"], "chatbot_image": "https://forever21.imgix.net/img/app/product/3/324210-1609610-large.jpg,https://forever21.imgix.net/img/app/product/3/324210-1609611-large.jpg,https://forever21.imgix.net/img/app/product/3/324210-1609609.jpg", "unique_id": "be0e0daf73204dc9afa4e0b3adcb27f2", "trending_score": "0.0", "price": 699.0, "discounted_price": 699.0, "currency": "INR", "product_code": "324210", "affinity_score": 0.0, "brand": "forever21", "store": "v_forever21", "streamoid_urls": null}, {"title": "Ribbed Over-the-Knee Socks", "gender": "women", "category": "socks", "color": "unknown unknown unknown unknown unknown unknown white white white white", "product_url": "https://www.forever21.in/p/ribbed-over-the-knee-socks-324297.html", "thumbnail_url": ["http://d1q9qhpdr6ehzh.cloudfront.net/b34adfcc0d51785b8fdfe15a16fb240d"], "chatbot_image": "https://forever21.imgix.net/img/app/product/3/324297-1610869-large.jpg,https://forever21.imgix.net/img/app/product/3/324297-1610868.jpg", "unique_id": "50f43b47a25e4cfca91b5c1440499a61", "trending_score": "0.0", "price": 499.0, "discounted_price": 499.0, "currency": "INR", "product_code": "324297", "affinity_score": 0.0, "brand": "forever21", "store": "v_forever21", "streamoid_urls": null}, {"title": "No Show Socks - 3 Pack", "gender": "women", "category": "socks", "color": "unknown unknown unknown unknown unknown unknown khaki khaki khaki khaki", "product_url": "https://www.forever21.in/p/no-show-socks-3-pack-323536.html", "thumbnail_url": ["http://d1q9qhpdr6ehzh.cloudfront.net/6d5e16f4e8ae5eb1f20e894f51a05439"], "chatbot_image": "https://forever21.imgix.net/img/app/product/3/323536-1634179-large.jpg,https://forever21.imgix.net/img/app/product/3/323536-1634180-large.jpg,https://forever21.imgix.net/img/app/product/3/323536-1634178.jpg", "unique_id": "a958f1470eca4da99b98f759a2bb8408", "trending_score": "0.0", "price": 399.0, "discounted_price": 399.0, "currency": "INR", "product_code": "323536", "affinity_score": 0.0, "brand": "forever21", "store": "v_forever21", "streamoid_urls": null}, {"title": "Men Ribbed Knit Crew Socks", "gender": "men", "category": "socks", "color": "unknown unknown unknown unknown unknown unknown white white white white", "product_url": "https://www.forever21.in/p/men-ribbed-knit-crew-socks-324285.html", "thumbnail_url": ["http://d1q9qhpdr6ehzh.cloudfront.net/4cf64a6ef1b891d6be0fbf1ebf030ca0"], "chatbot_image": "https://forever21.imgix.net/img/app/product/3/324285-1522344-large.jpg,https://forever21.imgix.net/img/app/product/3/324285-1522345-large.jpg,https://forever21.imgix.net/img/app/product/3/324285-1522343.jpg", "unique_id": "d8f2c4d900724d25b7e779332da4c5c7", "trending_score": "0.0", "price": 199.0, "discounted_price": 199.0, "currency": "INR", "product_code": "324285", "affinity_score": 0.0, "brand": "forever21", "store": "v_forever21", "streamoid_urls": null}, {"title": "Koala Graphic Ankle Socks", "gender": "women", "category": "socks", "color": "multicolor unknown unknown unknown unknown unknown unknown pale mint pale mint pale mint", "product_url": "https://www.forever21.in/p/koala-graphic-ankle-socks-323838.html", "thumbnail_url": ["http://d1q9qhpdr6ehzh.cloudfront.net/83ad8dbd6e2db5a04a832451fb923382"], "chatbot_image": "https://forever21.imgix.net/img/app/product/3/323838-1599710-large.jpg,https://forever21.imgix.net/img/app/product/3/323838-1599709.jpg", "unique_id": "72c8571f666d4144ac73e1a0897c7a74", "trending_score": "0.0", "price": 149.0, "discounted_price": 149.0, "currency": "INR", "product_code": "323838", "affinity_score": 0.0, "brand": "forever21", "store": "v_forever21", "streamoid_urls": null}, {"title": "Crew Socks - 3 Pack", "gender": "women", "category": "socks", "color": "unknown unknown unknown unknown unknown unknown black black black black", "product_url": "https://www.forever21.in/p/crew-socks-3-pack-323289.html", "thumbnail_url": ["http://d1q9qhpdr6ehzh.cloudfront.net/314465b8ed10b6ce2fa0d653fb43a9c9"], "chatbot_image": "https://forever21.imgix.net/img/app/product/3/323289-1615834-large.jpg,https://forever21.imgix.net/img/app/product/3/323289-1615835-large.jpg,https://forever21.imgix.net/img/app/product/3/323289-1615833.jpg", "unique_id": "4bc956c5bba946fcb69b38fe674bf586", "trending_score": "0.0", "price": 349.0, "discounted_price": 349.0, "currency": "INR", "product_code": "323289", "affinity_score": 0.0, "brand": "forever21", "store": "v_forever21", "streamoid_urls": null}, {"title": "Bulldog Graphic Crew Socks", "gender": "women", "category": "socks", "color": "unknown unknown unknown unknown unknown unknown light gray light gray light gray light gray", "product_url": "https://www.forever21.in/p/bulldog-graphic-crew-socks-323248.html", "thumbnail_url": ["http://d1q9qhpdr6ehzh.cloudfront.net/634f450a2370119c0e47b87175edbc01"], "chatbot_image": "https://forever21.imgix.net/img/app/product/3/323248-1622920-large.jpg,https://forever21.imgix.net/img/app/product/3/323248-1622921-large.jpg,https://forever21.imgix.net/img/app/product/3/323248-1622919.jpg", "unique_id": "a4b9960303704dfab90418d3b58c0c8e", "trending_score": "0.0", "price": 249.0, "discounted_price": 249.0, "currency": "INR", "product_code": "323248", "affinity_score": 0.0, "brand": "forever21", "store": "v_forever21", "streamoid_urls": null}, {"title": "Over-The-Knee Socks - 2 Pack", "gender": "women", "category": "socks", "color": "unknown unknown unknown unknown unknown unknown black black black black", "product_url": "https://www.forever21.in/p/over-the-knee-socks-2-pack-324252.html", "thumbnail_url": ["http://d1q9qhpdr6ehzh.cloudfront.net/9a2cc79317c051f427649b35859a60ef"], "chatbot_image": "https://forever21.imgix.net/img/app/product/3/324252-1522241-large.jpg,https://forever21.imgix.net/img/app/product/3/324252-1522242-large.jpg,https://forever21.imgix.net/img/app/product/3/324252-1522243-large.jpg,https://forever21.imgix.net/img/app/product/3/324252-1522240.jpg", "unique_id": "2a35f62b97904b63bd72b4b478a0d894", "trending_score": "0.0", "price": 699.0, "discounted_price": 699.0, "currency": "INR", "product_code": "324252", "affinity_score": 0.0, "brand": "forever21", "store": "v_forever21", "streamoid_urls": null}, {"title": "Avocado Print Ankle Socks", "gender": "women", "category": "socks", "color": "multicolor unknown unknown unknown unknown unknown unknown off white off white light gray", "product_url": "https://www.forever21.in/p/avocado-print-ankle-socks-323281.html", "thumbnail_url": ["http://d1q9qhpdr6ehzh.cloudfront.net/10f19cb8caf329bae78cb92691e4781b"], "chatbot_image": "https://forever21.imgix.net/img/app/product/3/323281-1603000-large.jpg,https://forever21.imgix.net/img/app/product/3/323281-1602998.jpg", "unique_id": "3e33bc03f1c5415d82021f34fe4d2d5b", "trending_score": "0.0", "price": 149.0, "discounted_price": 149.0, "currency": "INR", "product_code": "323281", "affinity_score": 0.0, "brand": "forever21", "store": "v_forever21", "streamoid_urls": null}, {"title": "Bear Graphic Ankle Socks", "gender": "women", "category": "socks", "color": "unknown unknown unknown unknown unknown unknown off white off white off white off white", "product_url": "https://www.forever21.in/p/bear-graphic-ankle-socks-323574.html", "thumbnail_url": ["http://d1q9qhpdr6ehzh.cloudfront.net/2045878fb3c5fabdbdd0cdc31a46f975"], "chatbot_image": "https://forever21.imgix.net/img/app/product/3/323574-1622957-large.jpg,https://forever21.imgix.net/img/app/product/3/323574-1622958-large.jpg,https://forever21.imgix.net/img/app/product/3/323574-1622956.jpg", "unique_id": "4d1a28a5156a489ea405227ca4e7856d", "trending_score": "0.0", "price": 149.0, "discounted_price": 149.0, "currency": "INR", "product_code": "323574", "affinity_score": 0.0, "brand": "forever21", "store": "v_forever21", "streamoid_urls": null}, {"title": "Semi-Sheer Tights", "gender": "women", "category": "socks", "color": "mustard mustard mustard mustard mustard mustard light gray light gray light gray saffron", "product_url": "https://www.forever21.in/p/semi-sheer-tights-324443.html", "thumbnail_url": ["http://d1q9qhpdr6ehzh.cloudfront.net/4b1bdc90395fcae5cff2b09e6e1b0327"], "chatbot_image": "https://forever21.imgix.net/img/app/product/3/324443-1625198-large.jpg,https://forever21.imgix.net/img/app/product/3/324443-1625199-large.jpg,https://forever21.imgix.net/img/app/product/3/324443-1625200-large.jpg,https://forever21.imgix.net/img/app/product/3/324443-1625201-large.jpg,https://forever21.imgix.net/img/app/product/3/324443-1625197.jpg", "unique_id": "705760c418a24007893093fcabe27fd3", "trending_score": "0.0", "price": 499.0, "discounted_price": 499.0, "currency": "INR", "product_code": "324443", "affinity_score": 0.0, "brand": "forever21", "store": "v_forever21", "streamoid_urls": null}, {"title": "Tie-Dye Crew Socks", "gender": "women", "category": "socks", "color": "unknown unknown unknown unknown unknown unknown sky blue sky blue sky blue sky blue", "product_url": "https://www.forever21.in/p/tie-dye-crew-socks-323576.html", "thumbnail_url": ["http://d1q9qhpdr6ehzh.cloudfront.net/7c148d9983c340a348d5a7670f9be88f"], "chatbot_image": "https://forever21.imgix.net/img/app/product/3/323576-1625114-large.jpg,https://forever21.imgix.net/img/app/product/3/323576-1625115-large.jpg,https://forever21.imgix.net/img/app/product/3/323576-1625113.jpg", "unique_id": "a24fae3fe0d142a592a9e8915da22e07", "trending_score": "0.0", "price": 239.0, "discounted_price": 239.0, "currency": "INR", "product_code": "323576", "affinity_score": 0.0, "brand": "forever21", "store": "v_forever21", "streamoid_urls": null}, {"title": "Rolling Stones Paint It Bright kids socks", "gender": "women", "category": "socks", "color": "black black black black black black black black black black", "product_url": "https://www.lanecrawford.com/pdp/AQR683", "thumbnail_url": ["http://d1q9qhpdr6ehzh.cloudfront.net/605a1a99e529c9042f5a97faa01ca904"], "chatbot_image": "http://media.lanecrawford.com/A/Q/R/AQR683_in_xl.jpg,http://media.lanecrawford.com/A/Q/R/AQR683_1_xl.jpg", "unique_id": "276f56322aa74bc8a5826936e0c91bc2", "trending_score": "0.0", "price": 100.0, "discounted_price": 70.0, "currency": "HKD", "product_code": "AQR683", "affinity_score": 0.0, "brand": "HAPPY SOCKS", "store": "v_lane_crawford", "streamoid_urls": null}, {"title": "Men Ribbed Knit Crew Socks", "gender": "men", "category": "socks", "color": "unknown unknown unknown unknown unknown unknown gray gray gray gray", "product_url": "https://www.forever21.in/p/men-ribbed-knit-crew-socks-324328.html", "thumbnail_url": ["http://d1q9qhpdr6ehzh.cloudfront.net/b4217e382291593ca63ae4babda67b24"], "chatbot_image": "https://forever21.imgix.net/img/app/product/3/324328-1522473-large.jpg,https://forever21.imgix.net/img/app/product/3/324328-1522472.jpg", "unique_id": "587f474bab1f4f82a129a237ec5b31d0", "trending_score": "0.0", "price": 199.0, "discounted_price": 199.0, "currency": "INR", "product_code": "324328", "affinity_score": 0.0, "brand": "forever21", "store": "v_forever21", "streamoid_urls": null}, {"title": "Squats Crew Socks", "gender": "women", "category": "socks", "color": "unknown unknown unknown unknown unknown unknown black black black black", "product_url": "https://www.forever21.in/p/squats-crew-socks-322999.html", "thumbnail_url": ["http://d1q9qhpdr6ehzh.cloudfront.net/c46159bc6c8d67190ba39e727535e951"], "chatbot_image": "https://forever21.imgix.net/img/app/product/3/322999-1597718-large.jpg,https://forever21.imgix.net/img/app/product/3/322999-1597717.jpg", "unique_id": "68282c210fa745af9f7df16d442b58e2", "trending_score": "0.0", "price": 299.0, "discounted_price": 299.0, "currency": "INR", "product_code": "322999", "affinity_score": 0.0, "brand": "forever21", "store": "v_forever21", "streamoid_urls": null}, {"title": "Sushi Print Ankle Socks", "gender": "women", "category": "socks", "color": "unknown unknown unknown unknown unknown unknown baby pink baby pink baby pink baby pink", "product_url": "https://www.forever21.in/p/sushi-print-ankle-socks-323534.html", "thumbnail_url": ["http://d1q9qhpdr6ehzh.cloudfront.net/69799914f7b5be0b69474de1ac7e095d"], "chatbot_image": "https://forever21.imgix.net/img/app/product/3/323534-1639047-large.jpg,https://forever21.imgix.net/img/app/product/3/323534-1639046.jpg", "unique_id": "ae9090379dc54281a414252b09baa8bd", "trending_score": "0.0", "price": 149.0, "discounted_price": 149.0, "currency": "INR", "product_code": "323534", "affinity_score": 0.0, "brand": "forever21", "store": "v_forever21", "streamoid_urls": null}, {"title": "Rose Print Ankle Socks", "gender": "women", "category": "socks", "color": "unknown unknown unknown unknown unknown unknown white white white off white", "product_url": "https://www.forever21.in/p/rose-print-ankle-socks-323300.html", "thumbnail_url": ["http://d1q9qhpdr6ehzh.cloudfront.net/9597f8833276fb5066a08fe982fce28f"], "chatbot_image": "https://forever21.imgix.net/img/app/product/3/323300-1630158-large.jpg,https://forever21.imgix.net/img/app/product/3/323300-1630157.jpg", "unique_id": "08c155c98e0e4ecb982a94826181065b", "trending_score": "0.0", "price": 149.0, "discounted_price": 105.0, "currency": "INR", "product_code": "323300", "affinity_score": 0.0, "brand": "forever21", "store": "v_forever21", "streamoid_urls": null}, {"title": "Rose Print Ankle Socks", "gender": "women", "category": "socks", "color": "unknown unknown unknown unknown unknown unknown powder blue powder blue powder blue powder blue", "product_url": "https://www.forever21.in/p/rose-print-ankle-socks-323860.html", "thumbnail_url": ["http://d1q9qhpdr6ehzh.cloudfront.net/86df98cfdf6fc3198c396380d36f7162"], "chatbot_image": "https://forever21.imgix.net/img/app/product/3/323860-1630210-large.jpg,https://forever21.imgix.net/img/app/product/3/323860-1630209.jpg", "unique_id": "052a81a3f3b24f52b7cc04af6702c4e6", "trending_score": "0.0", "price": 149.0, "discounted_price": 149.0, "currency": "INR", "product_code": "323860", "affinity_score": 0.0, "brand": "forever21", "store": "v_forever21", "streamoid_urls": null}, {"title": "Happy Face Crew Socks", "gender": "women", "category": "socks", "color": "unknown unknown unknown unknown unknown unknown baby pink baby pink baby pink baby pink", "product_url": "https://www.forever21.in/p/happy-face-crew-socks-322924.html", "thumbnail_url": ["http://d1q9qhpdr6ehzh.cloudfront.net/10b1f936a5cd08d061a8670fc0f4e7b2"], "chatbot_image": "https://forever21.imgix.net/img/app/product/3/322924-1622887-large.jpg,https://forever21.imgix.net/img/app/product/3/322924-1622888-large.jpg,https://forever21.imgix.net/img/app/product/3/322924-1622886.jpg", "unique_id": "bfad7457926f44a69319fb454cd96ab5", "trending_score": "0.0", "price": 249.0, "discounted_price": 175.0, "currency": "INR", "product_code": "322924", "affinity_score": 0.0, "brand": "forever21", "store": "v_forever21", "streamoid_urls": null}, {"title": "Flamingo Graphic Ankle Socks", "gender": "women", "category": "socks", "color": "unknown unknown unknown unknown unknown unknown pearl pearl pearl white", "product_url": "https://www.forever21.in/p/flamingo-graphic-ankle-socks-323954.html", "thumbnail_url": ["http://d1q9qhpdr6ehzh.cloudfront.net/27683e61f07fafabe023fbed205dffe7"], "chatbot_image": "https://forever21.imgix.net/img/app/product/3/323954-1633340-large.jpg,https://forever21.imgix.net/img/app/product/3/323954-1633339.jpg", "unique_id": "cb4a5e7fa4634b52813d2dee003187e9", "trending_score": "0.0", "price": 149.0, "discounted_price": 149.0, "currency": "INR", "product_code": "323954", "affinity_score": 0.0, "brand": "forever21", "store": "v_forever21", "streamoid_urls": null}, {"title": "Coconut Graphic Ankle Socks", "gender": "women", "category": "socks", "color": "unknown unknown unknown unknown unknown unknown pearl pearl off white off white", "product_url": "https://www.forever21.in/p/coconut-graphic-ankle-socks-323581.html", "thumbnail_url": ["http://d1q9qhpdr6ehzh.cloudfront.net/be3d9282d2d4a1ba5cc2189843399313"], "chatbot_image": "https://forever21.imgix.net/img/app/product/3/323581-1633309-large.jpg,https://forever21.imgix.net/img/app/product/3/323581-1633308.jpg", "unique_id": "39d4d7a6541249a2831e4c08ee16d560", "trending_score": "0.0", "price": 149.0, "discounted_price": 149.0, "currency": "INR", "product_code": "323581", "affinity_score": 0.0, "brand": "forever21", "store": "v_forever21", "streamoid_urls": null}, {"title": "Squirrel Print Ankle Socks", "gender": "women", "category": "socks", "color": "multicolor unknown unknown unknown unknown unknown unknown off white light gray gray", "product_url": "https://www.forever21.in/p/squirrel-print-ankle-socks-323907.html", "thumbnail_url": ["http://d1q9qhpdr6ehzh.cloudfront.net/95e8a45ed68f8e9e71c4c9614949ca50"], "chatbot_image": "https://forever21.imgix.net/img/app/product/3/323907-1630212-large.jpg,https://forever21.imgix.net/img/app/product/3/323907-1630211.jpg", "unique_id": "5285473fdb024403a6e8bfc34779d070", "trending_score": "0.0", "price": 149.0, "discounted_price": 149.0, "currency": "INR", "product_code": "323907", "affinity_score": 0.0, "brand": "forever21", "store": "v_forever21", "streamoid_urls": null}, {"title": "Sheer Floral Tights", "gender": "women", "category": "socks", "color": "bronze bronze bronze bronze bronze bronze chocolate chocolate chocolate silver", "product_url": "https://www.forever21.in/p/sheer-floral-tights-323468.html", "thumbnail_url": ["http://d1q9qhpdr6ehzh.cloudfront.net/b0a09d7c85f2e433c2d9b30bd7ea02d5"], "chatbot_image": "https://forever21.imgix.net/img/app/product/3/323468-1603038-large.jpg,https://forever21.imgix.net/img/app/product/3/323468-1603039-large.jpg,https://forever21.imgix.net/img/app/product/3/323468-1603040-large.jpg,https://forever21.imgix.net/img/app/product/3/323468-1603042-large.jpg,https://forever21.imgix.net/img/app/product/3/323468-1603036.jpg", "unique_id": "f0908eb9c1a04a43a7e9c1277bd52fda", "trending_score": "0.0", "price": 499.0, "discounted_price": 499.0, "currency": "INR", "product_code": "323468", "affinity_score": 0.0, "brand": "forever21", "store": "v_forever21", "streamoid_urls": null}, {"title": "Semi-Sheer Tights", "gender": "women", "category": "socks", "color": "red red red red red red light gray light gray light gray post box red", "product_url": "https://www.forever21.in/p/semi-sheer-tights-324352.html", "thumbnail_url": ["http://d1q9qhpdr6ehzh.cloudfront.net/b0d51df2502b1b231974a40b410ce19e"], "chatbot_image": "https://forever21.imgix.net/img/app/product/3/324352-1625189-large.jpg,https://forever21.imgix.net/img/app/product/3/324352-1625190-large.jpg,https://forever21.imgix.net/img/app/product/3/324352-1625191-large.jpg,https://forever21.imgix.net/img/app/product/3/324352-1625188.jpg", "unique_id": "c9cc28a478b249e7b6d6aa43e4424411", "trending_score": "0.0", "price": 499.0, "discounted_price": 499.0, "currency": "INR", "product_code": "324352", "affinity_score": 0.0, "brand": "forever21", "store": "v_forever21", "streamoid_urls": null}], "debug": {"qrm": "", "query_without_qrm": "socks", "solr_query": "( ( ( (meta_comprehensive_category:\"socks\") ) ) )^1 ", "graph": [[[{"category": ["socks"]}]]], "spell_corrected_query": "", "filter": [], "explicit_text": null, "fq": ["availability:1"]}, "numFound": 91, "facets": {"Ethnicity": {"unknown": 91}, "Material": {"unknown": 90, "stone": 1}, "Print Type": {"unknown": 90, "snake": 1}, "Type": {"basic-socks": 81, "opaque-stockings": 7, "lace-stockings": 2, "fishnet-stockings": 1}, "Color": {"unknown": 79, "black": 2, "bronze": 2, "light-gray": 2, "blue": 1, "magenta": 1, "maroon": 1, "mustard": 1, "off-white": 1, "red": 1}, "gender": {"women": 85, "men": 6}, "category": {"socks": 91}, "occasion type": {"everyday": 69, "elevated": 15, "business-casual": 6, "business-formal": 1}, "Workindustry": {}, "Age": {}, "neck": {}, "arms": {}, "waist": {}, "stomach": {}, "shoulder": {}, "brand": {"forever21": 89, "FALKE": 1, "HAPPY SOCKS": 1}, "sub_brand": {"forever21": 89}, "Department": {"regular": 90, "kidswear": 1}, "activity": {"unknown": 91}}, "isFashionQuery": true, "spell_corrected_query": "", "final_query": "", "message": ""}