{"products": [{"title": "Clean Wash Cuffed Denim Shorts", "gender": "men", "category": "shorts", "color": "brown brown brown brown brown brown hazelnut hazelnut hazelnut camel", "product_url": "https://www.forever21.in/p/clean-wash-cuffed-denim-shorts-323531.html", "thumbnail_url": ["http://d1q9qhpdr6ehzh.cloudfront.net/0742c68c7f68fd8dc56b0578d587747f"], "chatbot_image": "https://forever21.imgix.net/img/app/product/3/323531-1626220-large.jpg,https://forever21.imgix.net/img/app/product/3/323531-1626221-large.jpg,https://forever21.imgix.net/img/app/product/3/323531-1626222-large.jpg,https://forever21.imgix.net/img/app/product/3/323531-1626223-large.jpg,https://forever21.imgix.net/img/app/product/3/323531-1626224-large.jpg,https://forever21.imgix.net/img/app/product/3/323531-1626219.jpg", "unique_id": "3ae91b535a9e4ae5b2313b1f005c62f5", "trending_score": "0.0", "price": 1399.0, "discounted_price": 1399.0, "currency": "INR", "product_code": "323531", "affinity_score": 0.0, "brand": "forever21", "store": "v_forever21", "streamoid_urls": null}, {"title": "Distressed Denim Shorts", "gender": "men", "category": "shorts", "color": "multicolor blue blue blue blue blue blue sky blue sky blue sky blue", "product_url": "https://www.forever21.in/p/distressed-denim-shorts-324213.html", "thumbnail_url": ["http://d1q9qhpdr6ehzh.cloudfront.net/cc79adfe1e00694fd69edae1623290c9"], "chatbot_image": "https://forever21.imgix.net/img/app/product/3/324213-1613348-large.jpg,https://forever21.imgix.net/img/app/product/3/324213-1613349-large.jpg,https://forever21.imgix.net/img/app/product/3/324213-1613350-large.jpg,https://forever21.imgix.net/img/app/product/3/324213-1613351-large.jpg,https://forever21.imgix.net/img/app/product/3/324213-1613347.jpg", "unique_id": "a4020a097bda4b568e4900f00a174ba3", "trending_score": "0.0", "price": 1599.0, "discounted_price": 1599.0, "currency": "INR", "product_code": "324213", "affinity_score": 0.0, "brand": "forever21", "store": "v_forever21", "streamoid_urls": null}, {"title": "Clean Wash Denim Shorts", "gender": "men", "category": "shorts", "color": "off-white off-white off-white off-white off-white off-white off white off white off white off white", "product_url": "https://www.forever21.in/p/clean-wash-denim-shorts-324299.html", "thumbnail_url": ["http://d1q9qhpdr6ehzh.cloudfront.net/2dc73c37b264347d7f05e6174d3c564d"], "chatbot_image": "https://forever21.imgix.net/img/app/product/3/324299-1613359-large.jpg,https://forever21.imgix.net/img/app/product/3/324299-1613360-large.jpg,https://forever21.imgix.net/img/app/product/3/324299-1613361-large.jpg,https://forever21.imgix.net/img/app/product/3/324299-1613362-large.jpg,https://forever21.imgix.net/img/app/product/3/324299-1613363-large.jpg,https://forever21.imgix.net/img/app/product/3/324299-1613358.jpg", "unique_id": "214b5fcbccdc408885c1a55e29a010d6", "trending_score": "0.0", "price": 1399.0, "discounted_price": 1399.0, "currency": "INR", "product_code": "324299", "affinity_score": 0.0, "brand": "forever21", "store": "v_forever21", "streamoid_urls": null}, {"title": "'Runway' distressed hem denim shorts", "gender": "women", "category": "shorts", "color": "multicolor white white white white white white off white off white off white", "product_url": "https://www.lanecrawford.com/pdp/BKJ380", "thumbnail_url": ["http://d1q9qhpdr6ehzh.cloudfront.net/e4e7e013d046097066f53d350de99d8a"], "chatbot_image": "http://media.lanecrawford.com/B/K/J/BKJ380_in_xl.jpg,http://media.lanecrawford.com/B/K/J/BKJ380_bk_xl.jpg,http://media.lanecrawford.com/B/K/J/BKJ380_4_xl.jpg,http://media.lanecrawford.com/B/K/J/BKJ380_ro_xl.jpg", "unique_id": "40a21bd74adc40e4980dc7cee4835cea", "trending_score": "0.0", "price": 2400.0, "discounted_price": 2400.0, "currency": "HKD", "product_code": "BKJ380", "affinity_score": 0.0, "brand": "ALEXANDER WANG", "store": "v_lane_crawford", "streamoid_urls": null}, {"title": "'Shredded Slouch' denim shorts", "gender": "women", "category": "shorts", "color": "charcoal-gray charcoal-gray charcoal-gray charcoal-gray charcoal-gray charcoal-gray black black black black", "product_url": "https://www.lanecrawford.com/pdp/ALI660", "thumbnail_url": ["http://d1q9qhpdr6ehzh.cloudfront.net/c5dd877dfe89b4f209505949c7433225"], "chatbot_image": "http://media.lanecrawford.com/A/L/I/ALI660_in_xl.jpg,http://media.lanecrawford.com/A/L/I/ALI660_bk_xl.jpg,http://media.lanecrawford.com/A/L/I/ALI660_4_xl.jpg,http://media.lanecrawford.com/A/L/I/ALI660_ro_xl.jpg", "unique_id": "40e6c7f7660b40a39405515d8477d034", "trending_score": "0.0", "price": 3400.0, "discounted_price": 1360.0, "currency": "HKD", "product_code": "ALI660", "affinity_score": 0.0, "brand": "R13", "store": "v_lane_crawford", "streamoid_urls": null}, {"title": "'Razor' washed skinny denim shorts", "gender": "men", "category": "shorts", "color": "charcoal-gray charcoal-gray charcoal-gray charcoal-gray charcoal-gray charcoal-gray black black black light gray", "product_url": "https://www.lanecrawford.com/pdp/AQV654", "thumbnail_url": ["http://d1q9qhpdr6ehzh.cloudfront.net/7658b6a32521afa1813d9fed92299c89"], "chatbot_image": "http://media.lanecrawford.com/A/Q/V/AQV654_in_xl.jpg,http://media.lanecrawford.com/A/Q/V/AQV654_bk_xl.jpg,http://media.lanecrawford.com/A/Q/V/AQV654_4_xl.jpg,http://media.lanecrawford.com/A/Q/V/AQV654_ro_xl.jpg", "unique_id": "27e6dcb0380a4e8d924ba9f6506c3d27", "trending_score": "0.0", "price": 1000.0, "discounted_price": 500.0, "currency": "HKD", "product_code": "AQV654", "affinity_score": 0.0, "brand": "DENHAM", "store": "v_lane_crawford", "streamoid_urls": null}, {"title": "Distressed Denim Shorts", "gender": "women", "category": "shorts", "color": "pink pink pink pink pink pink baby pink baby pink baby pink baby pink", "product_url": "https://www.forever21.in/p/distressed-denim-shorts-324376.html", "thumbnail_url": ["http://d1q9qhpdr6ehzh.cloudfront.net/567ac5eb064bcd339877857399bf1b65"], "chatbot_image": "https://forever21.imgix.net/img/app/product/3/324376-1522616-large.jpg,https://forever21.imgix.net/img/app/product/3/324376-1522617-large.jpg,https://forever21.imgix.net/img/app/product/3/324376-1522618-large.jpg,https://forever21.imgix.net/img/app/product/3/324376-1522619-large.jpg,https://forever21.imgix.net/img/app/product/3/324376-1522620-large.jpg,https://forever21.imgix.net/img/app/product/3/324376-1522615.jpg", "unique_id": "5d6297824d5e4be7ad3c899836126f19", "trending_score": "0.0", "price": 1499.0, "discounted_price": 1499.0, "currency": "INR", "product_code": "324376", "affinity_score": 0.0, "brand": "forever21", "store": "v_forever21", "streamoid_urls": null}, {"title": "Frayed Denim Shorts", "gender": "women", "category": "shorts", "color": "blue blue blue blue blue blue powder blue powder blue off white off white", "product_url": "https://www.forever21.in/p/frayed-denim-shorts-323741.html", "thumbnail_url": ["http://d1q9qhpdr6ehzh.cloudfront.net/af86c2a95381f0953c29f89e3c73f643"], "chatbot_image": "https://forever21.imgix.net/img/app/product/3/323741-1597815-large.jpg,https://forever21.imgix.net/img/app/product/3/323741-1597816-large.jpg,https://forever21.imgix.net/img/app/product/3/323741-1597817-large.jpg,https://forever21.imgix.net/img/app/product/3/323741-1597818-large.jpg,https://forever21.imgix.net/img/app/product/3/323741-1597819-large.jpg,https://forever21.imgix.net/img/app/product/3/323741-1597814.jpg", "unique_id": "a73bfe4681bc49eda84ec0b00c7f3a72", "trending_score": "0.0", "price": 1499.0, "discounted_price": 1499.0, "currency": "INR", "product_code": "323741", "affinity_score": 0.0, "brand": "forever21", "store": "v_forever21", "streamoid_urls": null}, {"title": "Mid-Rise Distressed Denim Shorts", "gender": "women", "category": "shorts", "color": "light-blue light-blue light-blue light-blue light-blue light-blue off white off white off white off white", "product_url": "https://www.forever21.in/p/mid-rise-distressed-denim-shorts-324009.html", "thumbnail_url": ["http://d1q9qhpdr6ehzh.cloudfront.net/720827eab7d8d596cd11b9ed7fc30ccf"], "chatbot_image": "https://forever21.imgix.net/img/app/product/3/324009-1521448-large.jpg,https://forever21.imgix.net/img/app/product/3/324009-1521449-large.jpg,https://forever21.imgix.net/img/app/product/3/324009-1521450-large.jpg,https://forever21.imgix.net/img/app/product/3/324009-1521451-large.jpg,https://forever21.imgix.net/img/app/product/3/324009-1521452-large.jpg,https://forever21.imgix.net/img/app/product/3/324009-1521447.jpg", "unique_id": "2b1886194df945ac832f4d093432a0f3", "trending_score": "0.0", "price": 1499.0, "discounted_price": 1499.0, "currency": "INR", "product_code": "324009", "affinity_score": 0.0, "brand": "forever21", "store": "v_forever21", "streamoid_urls": null}, {"title": "Mid-Rise Push-Up Shorts", "gender": "women", "category": "shorts", "color": "light-blue light-blue light-blue light-blue light-blue light-blue powder blue powder blue powder blue powder blue", "product_url": "https://www.forever21.in/p/mid-rise-push-up-shorts-324152.html", "thumbnail_url": ["http://d1q9qhpdr6ehzh.cloudfront.net/89ee37547997454dfceee1affb38e81c"], "chatbot_image": "https://forever21.imgix.net/img/app/product/3/324152-1521925-large.jpg,https://forever21.imgix.net/img/app/product/3/324152-1521926-large.jpg,https://forever21.imgix.net/img/app/product/3/324152-1521927-large.jpg,https://forever21.imgix.net/img/app/product/3/324152-1521928-large.jpg,https://forever21.imgix.net/img/app/product/3/324152-1521924.jpg", "unique_id": "e793600a7e374191b37a69921d0f22a8", "trending_score": "0.0", "price": 1699.0, "discounted_price": 1699.0, "currency": "INR", "product_code": "324152", "affinity_score": 0.0, "brand": "forever21", "store": "v_forever21", "streamoid_urls": null}, {"title": "Mid-Rise Distressed Denim Shorts", "gender": "women", "category": "shorts", "color": "blue blue blue blue blue blue powder blue powder blue powder blue powder blue", "product_url": "https://www.forever21.in/p/mid-rise-distressed-denim-shorts-323962.html", "thumbnail_url": ["http://d1q9qhpdr6ehzh.cloudfront.net/eda46f43ed50f575aaf519d927febf07"], "chatbot_image": "https://forever21.imgix.net/img/app/product/3/323962-1521298-large.jpg,https://forever21.imgix.net/img/app/product/3/323962-1521299-large.jpg,https://forever21.imgix.net/img/app/product/3/323962-1521300-large.jpg,https://forever21.imgix.net/img/app/product/3/323962-1521301-large.jpg,https://forever21.imgix.net/img/app/product/3/323962-1521302-large.jpg,https://forever21.imgix.net/img/app/product/3/323962-1521297.jpg", "unique_id": "62f7dc82836743c2a951442c42f4a4f4", "trending_score": "0.0", "price": 1499.0, "discounted_price": 1499.0, "currency": "INR", "product_code": "323962", "affinity_score": 0.0, "brand": "forever21", "store": "v_forever21", "streamoid_urls": null}, {"title": "Lace-Up Side Denim Shorts", "gender": "women", "category": "shorts", "color": "blue blue blue blue blue blue powder blue powder blue powder blue powder blue", "product_url": "https://www.forever21.in/p/lace-up-side-denim-shorts-323488.html", "thumbnail_url": ["http://d1q9qhpdr6ehzh.cloudfront.net/57452938ac64553ebf563cee1498b6b4"], "chatbot_image": "https://forever21.imgix.net/img/app/product/3/323488-1639035-large.jpg,https://forever21.imgix.net/img/app/product/3/323488-1639036-large.jpg,https://forever21.imgix.net/img/app/product/3/323488-1639037-large.jpg,https://forever21.imgix.net/img/app/product/3/323488-1639038-large.jpg,https://forever21.imgix.net/img/app/product/3/323488-1639039-large.jpg,https://forever21.imgix.net/img/app/product/3/323488-1639040-large.jpg,https://forever21.imgix.net/img/app/product/3/323488-1639034.jpg", "unique_id": "1225a5ad518946e083077c1d3e463e0b", "trending_score": "0.0", "price": 1399.0, "discounted_price": 980.0, "currency": "INR", "product_code": "323488", "affinity_score": 0.0, "brand": "forever21", "store": "v_forever21", "streamoid_urls": null}, {"title": "Rolled Raw-Cut Denim Shorts", "gender": "women", "category": "shorts", "color": "light-blue light-blue light-blue light-blue light-blue light-blue off white off white off white off white", "product_url": "https://www.forever21.in/p/rolled-raw-cut-denim-shorts-323877.html", "thumbnail_url": ["http://d1q9qhpdr6ehzh.cloudfront.net/12d2863100bf191ab134a3dc5395c092"], "chatbot_image": "https://forever21.imgix.net/img/app/product/3/323877-1521038-large.jpg,https://forever21.imgix.net/img/app/product/3/323877-1521039-large.jpg,https://forever21.imgix.net/img/app/product/3/323877-1521040-large.jpg,https://forever21.imgix.net/img/app/product/3/323877-1521041-large.jpg,https://forever21.imgix.net/img/app/product/3/323877-1521037.jpg", "unique_id": "30d022308fc64a2b861e1efec09c11e5", "trending_score": "0.0", "price": 1599.0, "discounted_price": 1599.0, "currency": "INR", "product_code": "323877", "affinity_score": 0.0, "brand": "forever21", "store": "v_forever21", "streamoid_urls": null}, {"title": "Cuffed Denim Shorts", "gender": "women", "category": "shorts", "color": "blue blue blue blue blue blue indigo indigo indigo indigo", "product_url": "https://www.forever21.in/p/cuffed-denim-shorts-323392.html", "thumbnail_url": ["http://d1q9qhpdr6ehzh.cloudfront.net/6e307e73fedc111dde555a3923f481f3"], "chatbot_image": "https://forever21.imgix.net/img/app/product/3/323392-1627410-large.jpg,https://forever21.imgix.net/img/app/product/3/323392-1627411-large.jpg,https://forever21.imgix.net/img/app/product/3/323392-1627412-large.jpg,https://forever21.imgix.net/img/app/product/3/323392-1627413-large.jpg,https://forever21.imgix.net/img/app/product/3/323392-1627409.jpg", "unique_id": "ebbb7f422199444bb10c5c8198d73049", "trending_score": "0.0", "price": 1299.0, "discounted_price": 910.0, "currency": "INR", "product_code": "323392", "affinity_score": 0.0, "brand": "forever21", "store": "v_forever21", "streamoid_urls": null}, {"title": "High-Waisted Distressed Shorts", "gender": "women", "category": "shorts", "color": "white white white white white white white white white off white", "product_url": "https://www.forever21.in/p/high-waisted-distressed-shorts-324271.html", "thumbnail_url": ["http://d1q9qhpdr6ehzh.cloudfront.net/1eee67f73d9fe99da6e82acbb3e216fc"], "chatbot_image": "https://forever21.imgix.net/img/app/product/3/324271-1633366-large.jpg,https://forever21.imgix.net/img/app/product/3/324271-1633367-large.jpg,https://forever21.imgix.net/img/app/product/3/324271-1633368-large.jpg,https://forever21.imgix.net/img/app/product/3/324271-1633369-large.jpg,https://forever21.imgix.net/img/app/product/3/324271-1633370-large.jpg,https://forever21.imgix.net/img/app/product/3/324271-1633365.jpg", "unique_id": "0d2ea39b6e0745c8adf244c1bb5bcbd4", "trending_score": "0.0", "price": 1499.0, "discounted_price": 450.0, "currency": "INR", "product_code": "324271", "affinity_score": 0.0, "brand": "forever21", "store": "v_forever21", "streamoid_urls": null}, {"title": "Mid-Rise Push-Up Shorts", "gender": "women", "category": "shorts", "color": "blue blue blue blue blue blue powder blue powder blue powder blue powder blue", "product_url": "https://www.forever21.in/p/mid-rise-push-up-shorts-324196.html", "thumbnail_url": ["http://d1q9qhpdr6ehzh.cloudfront.net/556f4ad9e1df764680f0c33a9524e542"], "chatbot_image": "https://forever21.imgix.net/img/app/product/3/324196-1522061-large.jpg,https://forever21.imgix.net/img/app/product/3/324196-1522062-large.jpg,https://forever21.imgix.net/img/app/product/3/324196-1522063-large.jpg,https://forever21.imgix.net/img/app/product/3/324196-1522064-large.jpg,https://forever21.imgix.net/img/app/product/3/324196-1522060.jpg", "unique_id": "ea23f8e665704e1694abdb9d58dd0d18", "trending_score": "0.0", "price": 1699.0, "discounted_price": 1699.0, "currency": "INR", "product_code": "324196", "affinity_score": 0.0, "brand": "forever21", "store": "v_forever21", "streamoid_urls": null}, {"title": "Frayed Denim Shorts", "gender": "women", "category": "shorts", "color": "multicolor blue blue blue blue blue blue powder blue powder blue off white", "product_url": "https://www.forever21.in/p/frayed-denim-shorts-323080.html", "thumbnail_url": ["http://d1q9qhpdr6ehzh.cloudfront.net/fe1de202cebb1b624be89656f8f4c392"], "chatbot_image": "https://forever21.imgix.net/img/app/product/3/323080-1518546-large.jpg,https://forever21.imgix.net/img/app/product/3/323080-1518547-large.jpg,https://forever21.imgix.net/img/app/product/3/323080-1518548-large.jpg,https://forever21.imgix.net/img/app/product/3/323080-1518549-large.jpg,https://forever21.imgix.net/img/app/product/3/323080-1518545.jpg", "unique_id": "c1c104e701bb494fb311964d440c581d", "trending_score": "0.0", "price": 1549.0, "discounted_price": 1549.0, "currency": "INR", "product_code": "323080", "affinity_score": 0.0, "brand": "forever21", "store": "v_forever21", "streamoid_urls": null}, {"title": "High-Waist Denim Shorts", "gender": "women", "category": "shorts", "color": "white white white white white white off white off white off white off white", "product_url": "https://www.forever21.in/p/high-waist-denim-shorts-322934.html", "thumbnail_url": ["http://d1q9qhpdr6ehzh.cloudfront.net/37dac8f1bc71797d6eefa35321d80c89"], "chatbot_image": "https://forever21.imgix.net/img/app/product/3/322934-1635800-large.jpg,https://forever21.imgix.net/img/app/product/3/322934-1635801-large.jpg,https://forever21.imgix.net/img/app/product/3/322934-1635802-large.jpg,https://forever21.imgix.net/img/app/product/3/322934-1635803-large.jpg,https://forever21.imgix.net/img/app/product/3/322934-1635804-large.jpg,https://forever21.imgix.net/img/app/product/3/322934-1635799.jpg", "unique_id": "c12fcd00cb384f079966333d42573acc", "trending_score": "0.0", "price": 1599.0, "discounted_price": 1599.0, "currency": "INR", "product_code": "322934", "affinity_score": 0.0, "brand": "forever21", "store": "v_forever21", "streamoid_urls": null}, {"title": "Zip outseam frayed cuff denim shorts", "gender": "women", "category": "shorts", "color": "off-white off-white off-white off-white off-white off-white light gray light gray light gray light gray", "product_url": "https://www.lanecrawford.com/pdp/ARV650", "thumbnail_url": ["http://d1q9qhpdr6ehzh.cloudfront.net/b806b07da133dafd904378e23aa25ea5"], "chatbot_image": "http://media.lanecrawford.com/A/R/V/ARV650_in_xl.jpg,http://media.lanecrawford.com/A/R/V/ARV650_bk_xl.jpg,http://media.lanecrawford.com/A/R/V/ARV650_4_xl.jpg,http://media.lanecrawford.com/A/R/V/ARV650_ro_xl.jpg", "unique_id": "339ac33960bc46d19a3f85b68855fed9", "trending_score": "0.0", "price": 2200.0, "discounted_price": 1100.0, "currency": "HKD", "product_code": "ARV650", "affinity_score": 0.0, "brand": "ALEXANDER WANG", "store": "v_lane_crawford", "streamoid_urls": null}, {"title": "'Le Cut Off Williams' raw edge cuff denim shorts", "gender": "women", "category": "shorts", "color": "blue blue blue blue blue blue navy navy navy navy", "product_url": "https://www.lanecrawford.com/pdp/AKG741", "thumbnail_url": ["http://d1q9qhpdr6ehzh.cloudfront.net/6d79b4d64158c49f0ce13943d06f59d3"], "chatbot_image": "http://media.lanecrawford.com/A/K/G/AKG741_in_xl.jpg,http://media.lanecrawford.com/A/K/G/AKG741_fr_xl.jpg,http://media.lanecrawford.com/A/K/G/AKG741_bk_xl.jpg,http://media.lanecrawford.com/A/K/G/AKG741_4_xl.jpg,http://media.lanecrawford.com/A/K/G/AKG741_ro_xl.jpg", "unique_id": "138cd203e7794be184512335627055c7", "trending_score": "0.0", "price": 1650.0, "discounted_price": 1650.0, "currency": "HKD", "product_code": "AKG741", "affinity_score": 0.0, "brand": "FRAME DENIM", "store": "v_lane_crawford", "streamoid_urls": null}, {"title": "'Shredded Slouch' distressed leopard print denim shorts", "gender": "women", "category": "shorts", "color": "copper copper copper copper copper copper chocolate chocolate chocolate chocolate", "product_url": "https://www.lanecrawford.com/pdp/AQI982", "thumbnail_url": ["http://d1q9qhpdr6ehzh.cloudfront.net/9ca14cd9037b4b2051e27703769cdbae"], "chatbot_image": "http://media.lanecrawford.com/A/Q/I/AQI982_in_xl.jpg,http://media.lanecrawford.com/A/Q/I/AQI982_bk_xl.jpg,http://media.lanecrawford.com/A/Q/I/AQI982_4_xl.jpg,http://media.lanecrawford.com/A/Q/I/AQI982_ro_xl.jpg", "unique_id": "0d808c0e88b747e7aa33e4c5827ba039", "trending_score": "0.0", "price": 3100.0, "discounted_price": 1240.0, "currency": "HKD", "product_code": "AQI982", "affinity_score": 0.0, "brand": "R13", "store": "v_lane_crawford", "streamoid_urls": null}, {"title": "'Magee' washed denim shorts", "gender": "women", "category": "shorts", "color": "charcoal-gray charcoal-gray charcoal-gray charcoal-gray charcoal-gray charcoal-gray charcoal gray charcoal gray charcoal gray charcoal gray", "product_url": "https://www.lanecrawford.com.cn/pdp/ARE818", "thumbnail_url": ["http://d1q9qhpdr6ehzh.cloudfront.net/aba0d7040b7ec0c37d254086ca4d9b21"], "chatbot_image": "http://media.lanecrawford.com.cn/A/R/E/ARE818_in_xl.jpg,http://media.lanecrawford.com.cn/A/R/E/ARE818_bk_xl.jpg,http://media.lanecrawford.com.cn/A/R/E/ARE818_4_xl.jpg,http://media.lanecrawford.com.cn/A/R/E/ARE818_ro_xl.jpg", "unique_id": "342f5e0c741249a6a4b03ff4141b9c76", "trending_score": "0.0", "price": 1800.0, "discounted_price": 900.0, "currency": "RMB", "product_code": "ARE818", "affinity_score": 0.0, "brand": "ACNE STUDIOS", "store": "v_lane_crawford", "streamoid_urls": null}, {"title": "'Nina' raw roll cuff denim shorts", "gender": "women", "category": "shorts", "color": "black black black black black black black black black black", "product_url": "https://www.lanecrawford.com/pdp/ARK760", "thumbnail_url": ["http://d1q9qhpdr6ehzh.cloudfront.net/2f3516c2c597a68d858bfb0af0876313"], "chatbot_image": "http://media.lanecrawford.com/A/R/K/ARK760_in_xl.jpg,http://media.lanecrawford.com/A/R/K/ARK760_bk_xl.jpg,http://media.lanecrawford.com/A/R/K/ARK760_4_xl.jpg,http://media.lanecrawford.com/A/R/K/ARK760_ro_xl.jpg", "unique_id": "0ea9b2af9d5e4a89b8cfb87a8addc71d", "trending_score": "0.0", "price": 1300.0, "discounted_price": 520.0, "currency": "HKD", "product_code": "ARK760", "affinity_score": 0.0, "brand": "RAG & BONE/JEAN", "store": "v_lane_crawford", "streamoid_urls": null}, {"title": "Frayed layered waist cuff denim shorts", "gender": "women", "category": "shorts", "color": "light-blue light-blue light-blue light-blue light-blue light-blue slate gray slate gray slate gray", "product_url": "https://www.lanecrawford.com/pdp/ARY731", "thumbnail_url": ["http://d1q9qhpdr6ehzh.cloudfront.net/372ed516caab8e3c5eebfaedb7a7c173"], "chatbot_image": "http://media.lanecrawford.com/A/R/Y/ARY731_in_xl.jpg,http://media.lanecrawford.com/A/R/Y/ARY731_bk_xl.jpg,http://media.lanecrawford.com/A/R/Y/ARY731_4_xl.jpg,http://media.lanecrawford.com/A/R/Y/ARY731_ro_xl.jpg", "unique_id": "118c8e36265b472fa4fad63b8a08fa5c", "trending_score": "0.0", "price": 3200.0, "discounted_price": 960.0, "currency": "HKD", "product_code": "ARY731", "affinity_score": 0.0, "brand": "GROUND ZERO", "store": "v_lane_crawford", "streamoid_urls": null}, {"title": "Asymmetric waistband slogan washed denim shorts", "gender": "women", "category": "shorts", "color": "multicolor charcoal-gray charcoal-gray charcoal-gray charcoal-gray charcoal-gray charcoal-gray navy navy charcoal gray", "product_url": "https://www.lanecrawford.com/pdp/ARY744", "thumbnail_url": ["http://d1q9qhpdr6ehzh.cloudfront.net/9fd570eb8ee5c2c040e2d0ff67cd85f6"], "chatbot_image": "http://media.lanecrawford.com/A/R/Y/ARY744_in_xl.jpg,http://media.lanecrawford.com/A/R/Y/ARY744_bk_xl.jpg,http://media.lanecrawford.com/A/R/Y/ARY744_ro_xl.jpg", "unique_id": "265e877c89a44d0eafa8f23c128f36de", "trending_score": "0.0", "price": 3000.0, "discounted_price": 900.0, "currency": "HKD", "product_code": "ARY744", "affinity_score": 0.0, "brand": "GROUND ZERO", "store": "v_lane_crawford", "streamoid_urls": null}, {"title": "Sequin panel frayed denim shorts", "gender": "women", "category": "shorts", "color": "black black black black black black black black black black", "product_url": "https://www.lanecrawford.com/pdp/ARL553", "thumbnail_url": ["http://d1q9qhpdr6ehzh.cloudfront.net/73b72d69e64a48f1a1650f7fce8002f1"], "chatbot_image": "http://media.lanecrawford.com/A/R/L/ARL553_in_xl.jpg,http://media.lanecrawford.com/A/R/L/ARL553_bk_xl.jpg,http://media.lanecrawford.com/A/R/L/ARL553_4_xl.jpg,http://media.lanecrawford.com/A/R/L/ARL553_ro_xl.jpg", "unique_id": "0744949c21b34988b61099fcbaab5a46", "trending_score": "0.0", "price": 2500.0, "discounted_price": 1250.0, "currency": "HKD", "product_code": "ARL553", "affinity_score": 0.0, "brand": "PHILOSOPHY DI LORENZO SERAFINI", "store": "v_lane_crawford", "streamoid_urls": null}, {"title": "'Bite' frayed cuff denim shorts", "gender": "women", "category": "shorts", "color": "charcoal-gray charcoal-gray charcoal-gray charcoal-gray charcoal-gray charcoal-gray charcoal gray charcoal gray charcoal gray charcoal gray", "product_url": "https://www.lanecrawford.com/pdp/BKJ352", "thumbnail_url": ["http://d1q9qhpdr6ehzh.cloudfront.net/b5b9e672494c47cc2eebf857de6f0e31"], "chatbot_image": "http://media.lanecrawford.com/B/K/J/BKJ352_in_xl.jpg,http://media.lanecrawford.com/B/K/J/BKJ352_bk_xl.jpg,http://media.lanecrawford.com/B/K/J/BKJ352_4_xl.jpg,http://media.lanecrawford.com/B/K/J/BKJ352_ro_xl.jpg", "unique_id": "4da74df1a86742629455c38a14edc881", "trending_score": "0.0", "price": 1800.0, "discounted_price": 1800.0, "currency": "HKD", "product_code": "BKJ352", "affinity_score": 0.0, "brand": "ALEXANDER WANG", "store": "v_lane_crawford", "streamoid_urls": null}, {"title": "'The Aficionado' frayed cuff contrast pocket denim shorts", "gender": "women", "category": "shorts", "color": "blue blue blue blue blue blue powder blue powder blue powder blue powder blue", "product_url": "https://www.lanecrawford.com.cn/pdp/AQI947", "thumbnail_url": ["http://d1q9qhpdr6ehzh.cloudfront.net/412d5dba1439fd36dabe4dc782de9428"], "chatbot_image": "http://media.lanecrawford.com.cn/A/Q/I/AQI947_in_xl.jpg,http://media.lanecrawford.com.cn/A/Q/I/AQI947_bk_xl.jpg,http://media.lanecrawford.com.cn/A/Q/I/AQI947_4_xl.jpg,http://media.lanecrawford.com.cn/A/Q/I/AQI947_ro_xl.jpg", "unique_id": "31549c2e893b4e25865620b8a686fbb3", "trending_score": "0.0", "price": 1500.0, "discounted_price": 450.0, "currency": "RMB", "product_code": "AQI947", "affinity_score": 0.0, "brand": "CURRENT/ELLIOTT", "store": "v_lane_crawford", "streamoid_urls": null}, {"title": "V logo embellished denim shorts", "gender": "women", "category": "shorts", "color": "navy navy navy navy navy navy navy navy navy navy", "product_url": "https://www.lanecrawford.com/pdp/AWE204", "thumbnail_url": ["http://d1q9qhpdr6ehzh.cloudfront.net/b9fd3684dd474991da902a8d5f963b0c"], "chatbot_image": "http://media.lanecrawford.com/A/W/E/AWE204_in_xl.jpg,http://media.lanecrawford.com/A/W/E/AWE204_bk_xl.jpg,http://media.lanecrawford.com/A/W/E/AWE204_4_xl.jpg,http://media.lanecrawford.com/A/W/E/AWE204_ro_xl.jpg", "unique_id": "272dbc30da9e452eb22998d28b49bcdf", "trending_score": "0.0", "price": 6900.0, "discounted_price": 6900.0, "currency": "HKD", "product_code": "AWE204", "affinity_score": 0.0, "brand": "VALENTINO", "store": "v_lane_crawford", "streamoid_urls": null}, {"title": "Distressed Denim Bermuda Shorts", "gender": "women", "category": "shorts", "color": "white white white white white white off white off white off white off white", "product_url": "https://www.forever21.in/p/distressed-denim-bermuda-shorts-324014.html", "thumbnail_url": ["http://d1q9qhpdr6ehzh.cloudfront.net/28cc61cad3f68e898fcc22ca79cd8fbc"], "chatbot_image": "https://forever21.imgix.net/img/app/product/3/324014-1521471-large.jpg,https://forever21.imgix.net/img/app/product/3/324014-1521472-large.jpg,https://forever21.imgix.net/img/app/product/3/324014-1521473-large.jpg,https://forever21.imgix.net/img/app/product/3/324014-1521474-large.jpg,https://forever21.imgix.net/img/app/product/3/324014-1521475-large.jpg,https://forever21.imgix.net/img/app/product/3/324014-1521470.jpg", "unique_id": "8d5073e928644bdabf0a823c623a54f7", "trending_score": "0.0", "price": 1599.0, "discounted_price": 1599.0, "currency": "INR", "product_code": "324014", "affinity_score": 0.0, "brand": "forever21", "store": "v_forever21", "streamoid_urls": null}, {"title": "'Helena' raw cuff denim shorts", "gender": "women", "category": "shorts", "color": "light-blue light-blue light-blue light-blue light-blue light-blue powder blue powder blue powder blue powder blue", "product_url": "https://www.lanecrawford.com.cn/pdp/ARJ158", "thumbnail_url": ["http://d1q9qhpdr6ehzh.cloudfront.net/480cf00a6620212fcec9e370946a7985"], "chatbot_image": "http://media.lanecrawford.com.cn/A/R/J/ARJ158_in_xl.jpg,http://media.lanecrawford.com.cn/A/R/J/ARJ158_bk_xl.jpg,http://media.lanecrawford.com.cn/A/R/J/ARJ158_4_xl.jpg,http://media.lanecrawford.com.cn/A/R/J/ARJ158_ro_xl.jpg", "unique_id": "33213a82397540009f79e827bb88e445", "trending_score": "0.0", "price": 1300.0, "discounted_price": 520.0, "currency": "RMB", "product_code": "ARJ158", "affinity_score": 0.0, "brand": "GRLFRND", "store": "v_lane_crawford", "streamoid_urls": null}, {"title": "Raw edge denim shorts", "gender": "women", "category": "shorts", "color": "black black black black black black black black black black", "product_url": "https://www.lanecrawford.com/pdp/AQY968", "thumbnail_url": ["http://d1q9qhpdr6ehzh.cloudfront.net/024990eb220774c6de5bdf83bb72ad7d"], "chatbot_image": "http://media.lanecrawford.com/A/Q/Y/AQY968_in_xl.jpg,http://media.lanecrawford.com/A/Q/Y/AQY968_bk_xl.jpg,http://media.lanecrawford.com/A/Q/Y/AQY968_4_xl.jpg,http://media.lanecrawford.com/A/Q/Y/AQY968_ro_xl.jpg", "unique_id": "3f696552002a44ed88ae8c605ba7bf6a", "trending_score": "0.0", "price": 1700.0, "discounted_price": 680.0, "currency": "HKD", "product_code": "AQY968", "affinity_score": 0.0, "brand": "FRAME DENIM", "store": "v_lane_crawford", "streamoid_urls": null}, {"title": "Distressed Denim Bermuda Shorts", "gender": "women", "category": "shorts", "color": "blue blue blue blue blue blue powder blue powder blue powder blue powder blue", "product_url": "https://www.forever21.in/p/distressed-denim-bermuda-shorts-323967.html", "thumbnail_url": ["http://d1q9qhpdr6ehzh.cloudfront.net/65b71410342cc399403f67cc4a750357"], "chatbot_image": "https://forever21.imgix.net/img/app/product/3/323967-1521321-large.jpg,https://forever21.imgix.net/img/app/product/3/323967-1521322-large.jpg,https://forever21.imgix.net/img/app/product/3/323967-1521323-large.jpg,https://forever21.imgix.net/img/app/product/3/323967-1521324-large.jpg,https://forever21.imgix.net/img/app/product/3/323967-1521325-large.jpg,https://forever21.imgix.net/img/app/product/3/323967-1521320.jpg", "unique_id": "415be91f12e845f4aaecdf3f64d801a3", "trending_score": "0.0", "price": 1599.0, "discounted_price": 1799.0, "currency": "INR", "product_code": "323967", "affinity_score": 0.0, "brand": "forever21", "store": "v_forever21", "streamoid_urls": null}, {"title": "'Nina' raw roll cuff denim shorts", "gender": "women", "category": "shorts", "color": "blue blue blue blue blue blue navy navy navy indigo", "product_url": "https://www.lanecrawford.com/pdp/ARK753", "thumbnail_url": ["http://d1q9qhpdr6ehzh.cloudfront.net/7d66cfdfaf4e36a2d6025183288978f9"], "chatbot_image": "http://media.lanecrawford.com/A/R/K/ARK753_in_xl.jpg,http://media.lanecrawford.com/A/R/K/ARK753_bk_xl.jpg,http://media.lanecrawford.com/A/R/K/ARK753_4_xl.jpg,http://media.lanecrawford.com/A/R/K/ARK753_ro_xl.jpg", "unique_id": "356c7017533d4233afc9135202c960ef", "trending_score": "0.0", "price": 1300.0, "discounted_price": 520.0, "currency": "HKD", "product_code": "ARK753", "affinity_score": 0.0, "brand": "RAG & BONE/JEAN", "store": "v_lane_crawford", "streamoid_urls": null}, {"title": "Clean Wash Denim Shorts", "gender": "men", "category": "shorts", "color": "multicolor olive olive olive olive olive olive slate gray slate gray slate gray", "product_url": "https://www.forever21.in/p/clean-wash-denim-shorts-324257.html", "thumbnail_url": ["http://d1q9qhpdr6ehzh.cloudfront.net/d171c8b5dafdf7870bc0599da5ff524b"], "chatbot_image": "https://forever21.imgix.net/img/app/product/3/324257-1613353-large.jpg,https://forever21.imgix.net/img/app/product/3/324257-1613354-large.jpg,https://forever21.imgix.net/img/app/product/3/324257-1613355-large.jpg,https://forever21.imgix.net/img/app/product/3/324257-1613356-large.jpg,https://forever21.imgix.net/img/app/product/3/324257-1613357-large.jpg,https://forever21.imgix.net/img/app/product/3/324257-1613352.jpg", "unique_id": "07798983fca14e89b8898a4ee62eee00", "trending_score": "0.0", "price": 1399.0, "discounted_price": 980.0, "currency": "INR", "product_code": "324257", "affinity_score": 0.0, "brand": "forever21", "store": "v_forever21", "streamoid_urls": null}, {"title": "High-Waisted Distressed Shorts", "gender": "women", "category": "shorts", "color": "lavender lavender lavender lavender lavender lavender baby pink baby pink baby pink baby pink", "product_url": "https://www.forever21.in/p/high-waisted-distressed-shorts-324314.html", "thumbnail_url": ["http://d1q9qhpdr6ehzh.cloudfront.net/7dff726d15c83d362450083f1fe53492"], "chatbot_image": "https://forever21.imgix.net/img/app/product/3/324314-1633372-large.jpg,https://forever21.imgix.net/img/app/product/3/324314-1633373-large.jpg,https://forever21.imgix.net/img/app/product/3/324314-1633374-large.jpg,https://forever21.imgix.net/img/app/product/3/324314-1633375-large.jpg,https://forever21.imgix.net/img/app/product/3/324314-1633371.jpg", "unique_id": "cf5e10aa062f4fdbbd1a16192faeefd0", "trending_score": "0.0", "price": 1499.0, "discounted_price": 1499.0, "currency": "INR", "product_code": "324314", "affinity_score": 0.0, "brand": "forever21", "store": "v_forever21", "streamoid_urls": null}, {"title": "Cuffed Denim Shorts", "gender": "women", "category": "shorts", "color": "blue blue blue blue blue blue sky blue sky blue sky blue sky blue", "product_url": "https://www.forever21.in/p/cuffed-denim-shorts-323345.html", "thumbnail_url": ["http://d1q9qhpdr6ehzh.cloudfront.net/fdcd90a076ddb5028771fb82dd95de91"], "chatbot_image": "https://forever21.imgix.net/img/app/product/3/323345-1627405-large.jpg,https://forever21.imgix.net/img/app/product/3/323345-1627406-large.jpg,https://forever21.imgix.net/img/app/product/3/323345-1627407-large.jpg,https://forever21.imgix.net/img/app/product/3/323345-1627408-large.jpg,https://forever21.imgix.net/img/app/product/3/323345-1627404.jpg", "unique_id": "2b53b733340e4176b69c15dc1e947a7a", "trending_score": "0.0", "price": 1299.0, "discounted_price": 910.0, "currency": "INR", "product_code": "323345", "affinity_score": 0.0, "brand": "forever21", "store": "v_forever21", "streamoid_urls": null}, {"title": "'Dre' distressed boyfriend denim shorts", "gender": "women", "category": "shorts", "color": "multicolor light-blue light-blue light-blue light-blue light-blue light-blue powder blue powder blue powder blue", "product_url": "https://www.lanecrawford.com/pdp/ARK819", "thumbnail_url": ["http://d1q9qhpdr6ehzh.cloudfront.net/13cbd7d1ff35742897f9d52bcd68f6b2"], "chatbot_image": "http://media.lanecrawford.com/A/R/K/ARK819_in_xl.jpg,http://media.lanecrawford.com/A/R/K/ARK819_bk_xl.jpg,http://media.lanecrawford.com/A/R/K/ARK819_4_xl.jpg,http://media.lanecrawford.com/A/R/K/ARK819_ro_xl.jpg", "unique_id": "4c048ca8bd1e4317812fc19fa396833c", "trending_score": "0.0", "price": 1500.0, "discounted_price": 600.0, "currency": "HKD", "product_code": "ARK819", "affinity_score": 0.0, "brand": "RAG & BONE/JEAN", "store": "v_lane_crawford", "streamoid_urls": null}, {"title": "shorts", "gender": "women", "category": "shorts", "color": "blue blue blue blue blue blue powder blue powder blue powder blue navy", "product_url": "https://allonlinestore.in", "thumbnail_url": ["http://d1q9qhpdr6ehzh.cloudfront.net/thumbnail/81cd9e783708f0fbda4223fc7cdc183e"], "chatbot_image": null, "unique_id": "b2c5c7a3d1a54bb4adc2e8a5552467c8", "trending_score": "0.0", "price": 100.0, "discounted_price": 0.0, "currency": "INR", "product_code": "6104", "affinity_score": 0.0, "brand": "asos", "store": "v_website_demo", "streamoid_urls": null}, {"title": "shorts", "gender": "women", "category": "shorts", "color": "multicolor navy navy navy navy navy navy black black charcoal gray", "product_url": "https://walmartimages.com", "thumbnail_url": ["http://d1q9qhpdr6ehzh.cloudfront.net/thumbnail/da86c6f4e99e2205b92fc10714e6fd70"], "chatbot_image": null, "unique_id": "362fdf28f9a34f768519c8444006f1b8", "trending_score": "0.0", "price": 100.0, "discounted_price": 0.0, "currency": "INR", "product_code": "5267", "affinity_score": 0.0, "brand": "yours clothing", "store": "v_website_demo", "streamoid_urls": null}, {"title": "Lace-up frayed denim shorts", "gender": "women", "category": "shorts", "color": "black black black black black black black black black black", "product_url": "https://www.lanecrawford.com/pdp/AOR396", "thumbnail_url": ["http://d1q9qhpdr6ehzh.cloudfront.net/bac8fabc17a53f0b5ce6be99bba3d4b3"], "chatbot_image": "http://media.lanecrawford.com/A/O/R/AOR396_in_xl.jpg,http://media.lanecrawford.com/A/O/R/AOR396_bk_xl.jpg,http://media.lanecrawford.com/A/O/R/AOR396_4_xl.jpg,http://media.lanecrawford.com/A/O/R/AOR396_ro_xl.jpg", "unique_id": "37cce672d38542319efed50bf8018af3", "trending_score": "0.0", "price": 5200.0, "discounted_price": 5200.0, "currency": "HKD", "product_code": "AOR396", "affinity_score": 0.0, "brand": "BEN TAVERNITI UNRAVEL PROJECT ", "store": "v_lane_crawford", "streamoid_urls": null}, {"title": "shorts", "gender": "women", "category": "shorts", "color": "blue blue blue blue blue blue navy navy navy navy", "product_url": "https://shopify.com", "thumbnail_url": ["http://d1q9qhpdr6ehzh.cloudfront.net/thumbnail/c99eb19da66e7d417b4171d6c408e229"], "chatbot_image": null, "unique_id": "69d90c2b99834f18ad1f3c0cf05a2ca8", "trending_score": "0.0", "price": 100.0, "discounted_price": 0.0, "currency": "INR", "product_code": "6107", "affinity_score": 0.0, "brand": "asos", "store": "v_website_demo", "streamoid_urls": null}, {"title": "shorts", "gender": "women", "category": "shorts", "color": "light-blue light-blue light-blue light-blue light-blue light-blue light gray light gray light gray light gray", "product_url": "https://allonlinestore.in", "thumbnail_url": ["http://d1q9qhpdr6ehzh.cloudfront.net/thumbnail/3a86425e84c5e305fa3996b46ee344b4"], "chatbot_image": null, "unique_id": "4efc58e9bc2748dfbf61627fa8f2d4f9", "trending_score": "0.0", "price": 100.0, "discounted_price": 0.0, "currency": "INR", "product_code": "6103", "affinity_score": 0.0, "brand": "asos", "store": "v_website_demo", "streamoid_urls": null}, {"title": "shorts", "gender": "women", "category": "shorts", "color": "light-gray light-gray light-gray light-gray light-gray light-gray gray gray gray indigo", "product_url": "https://alicdn.com", "thumbnail_url": ["http://d1q9qhpdr6ehzh.cloudfront.net/thumbnail/31496f9f7ea6c3a660a12769569ea976"], "chatbot_image": null, "unique_id": "a0b46ccbf78e428fb39779cdb044a8d0", "trending_score": "0.0", "price": 100.0, "discounted_price": 0.0, "currency": "INR", "product_code": "5266", "affinity_score": 0.0, "brand": "yours clothing", "store": "v_website_demo", "streamoid_urls": null}, {"title": "shorts", "gender": "women", "category": "shorts", "color": "charcoal-gray charcoal-gray charcoal-gray charcoal-gray charcoal-gray charcoal-gray charcoal gray charcoal gray charcoal gray charcoal gray", "product_url": "https://allonlinestore.in", "thumbnail_url": ["http://d1q9qhpdr6ehzh.cloudfront.net/thumbnail/4a9e72e82c5a3f80b361ca7dcb51b1e3"], "chatbot_image": null, "unique_id": "51e236a2ae5d4e3098cbbcbd1e9315c0", "trending_score": "0.0", "price": 100.0, "discounted_price": 0.0, "currency": "INR", "product_code": "6105", "affinity_score": 0.0, "brand": "asos", "store": "v_website_demo", "streamoid_urls": null}, {"title": "Clean Wash Denim Shorts", "gender": "men", "category": "shorts", "color": "mauve mauve mauve mauve mauve mauve peach peach peach peach", "product_url": "https://www.forever21.in/p/clean-wash-denim-shorts-324342.html", "thumbnail_url": ["http://d1q9qhpdr6ehzh.cloudfront.net/89743f34dddaec7d77babdc4c406352f"], "chatbot_image": "https://forever21.imgix.net/img/app/product/3/324342-1613365-large.jpg,https://forever21.imgix.net/img/app/product/3/324342-1613366-large.jpg,https://forever21.imgix.net/img/app/product/3/324342-1613367-large.jpg,https://forever21.imgix.net/img/app/product/3/324342-1613368-large.jpg,https://forever21.imgix.net/img/app/product/3/324342-1613369-large.jpg,https://forever21.imgix.net/img/app/product/3/324342-1613364.jpg", "unique_id": "13c67d2a1b3448569a5cb44cbb7972f5", "trending_score": "0.0", "price": 1399.0, "discounted_price": 1399.0, "currency": "INR", "product_code": "324342", "affinity_score": 0.0, "brand": "forever21", "store": "v_forever21", "streamoid_urls": null}, {"title": "Contrast panel layered denim shorts", "gender": "men", "category": "shorts", "color": "multi multi multi multi multi multi light gray light gray light gray light gray", "product_url": "https://www.lanecrawford.com.cn/pdp/AUU058", "thumbnail_url": ["http://d1q9qhpdr6ehzh.cloudfront.net/737ee9a100ee47c183326691937d3891"], "chatbot_image": "http://media.lanecrawford.com.cn/A/U/U/AUU058_in_xl.jpg,http://media.lanecrawford.com.cn/A/U/U/AUU058_bk_xl.jpg,http://media.lanecrawford.com.cn/A/U/U/AUU058_4_xl.jpg,http://media.lanecrawford.com.cn/A/U/U/AUU058_ro_xl.jpg", "unique_id": "00202050f3b3430ba9fc6114bc0dbd90", "trending_score": "0.0", "price": 2400.0, "discounted_price": 2400.0, "currency": "RMB", "product_code": "AUU058", "affinity_score": 0.0, "brand": "FENG CHEN WANG", "store": "v_lane_crawford", "streamoid_urls": null}, {"title": "ABIGAIL DENIM SHORTS", "gender": "women", "category": "shorts", "color": "blue blue blue blue blue blue navy navy navy navy", "product_url": "https://www.oasis-stores.com/069041.html?dwvar_069041_color=23", "thumbnail_url": ["http://d1q9qhpdr6ehzh.cloudfront.net/4c7104bdaa041e878ef07fdc781e497f"], "chatbot_image": "https://www.oasis-stores.com/dw/image/v2/AAWY_PRD/on/demandware.static/-/Sites-OASIS/default/dw773fd8e8/images/hi-res/oasis_06904123_2.jpg,https://www.oasis-stores.com/dw/image/v2/AAWY_PRD/on/demandware.static/-/Sites-OASIS/default/dw95ada963/images/hi-res/oasis_06904123_3.jpg,https://www.oasis-stores.com/dw/image/v2/AAWY_PRD/on/demandware.static/-/Sites-OASIS/default/dw4b07664d/images/hi-res/oasis_06904123_4.jpg,https://www.oasis-stores.com/dw/image/v2/AAWY_PRD/on/demandware.static/-/Sites-OASIS/default/dwe87c69dd/images/hi-res/oasis_06904123_5.jpg", "unique_id": "1ced829f746a411eb2850d4ca052e7d1", "trending_score": "0.0", "price": 28.0, "discounted_price": 28.0, "currency": "GBP", "product_code": "06904123", "affinity_score": 0.0, "brand": "v_oasis", "store": "v_oasis", "streamoid_urls": null}, {"title": "ABIGAIL DENIM SHORTS", "gender": "women", "category": "shorts", "color": "beige beige beige beige beige beige beige beige beige beige", "product_url": "https://www.oasis-stores.com/069041.html?dwvar_069041_color=03", "thumbnail_url": ["http://d1q9qhpdr6ehzh.cloudfront.net/afd223f9d88c0610dbe21cc247e87bdc"], "chatbot_image": "https://www.oasis-stores.com/dw/image/v2/AAWY_PRD/on/demandware.static/-/Sites-OASIS/default/dw94178e68/images/hi-res/oasis_06904103_2.jpg,https://www.oasis-stores.com/dw/image/v2/AAWY_PRD/on/demandware.static/-/Sites-OASIS/default/dw39d0e274/images/hi-res/oasis_06904103_3.jpg,https://www.oasis-stores.com/dw/image/v2/AAWY_PRD/on/demandware.static/-/Sites-OASIS/default/dwf9c26e99/images/hi-res/oasis_06904103_4.jpg,https://www.oasis-stores.com/dw/image/v2/AAWY_PRD/on/demandware.static/-/Sites-OASIS/default/dw68a81dd5/images/hi-res/oasis_06904103_5.jpg", "unique_id": "dea391b54da746d4a68c24f4e1ebd4e5", "trending_score": "0.0", "price": 28.0, "discounted_price": 10.0, "currency": "GBP", "product_code": "06904103", "affinity_score": 0.0, "brand": "v_oasis", "store": "v_oasis", "streamoid_urls": null}, {"title": "CURVE DENIM SHORTS*", "gender": "women", "category": "shorts", "color": "blue blue blue blue blue blue navy navy navy navy", "product_url": "https://www.oasis-stores.com/070433.html?dwvar_070433_color=23", "thumbnail_url": ["http://d1q9qhpdr6ehzh.cloudfront.net/24b4c0da20bee005419a20a2428d492f"], "chatbot_image": "https://www.oasis-stores.com/dw/image/v2/AAWY_PRD/on/demandware.static/-/Sites-OASIS/default/dw2f94c390/images/hi-res/oasis_07043323_2.jpg,https://www.oasis-stores.com/dw/image/v2/AAWY_PRD/on/demandware.static/-/Sites-OASIS/default/dw64fb03e0/images/hi-res/oasis_07043323_3.jpg,https://www.oasis-stores.com/dw/image/v2/AAWY_PRD/on/demandware.static/-/Sites-OASIS/default/dw0bb76c41/images/hi-res/oasis_07043323_4.jpg,https://www.oasis-stores.com/dw/image/v2/AAWY_PRD/on/demandware.static/-/Sites-OASIS/default/dw6d06a528/images/hi-res/oasis_07043323_5.jpg", "unique_id": "4d96533894264e1d97418520d0d25a37", "trending_score": "0.0", "price": 28.0, "discounted_price": 28.0, "currency": "GBP", "product_code": "07043323", "affinity_score": 0.0, "brand": "v_oasis", "store": "v_oasis", "streamoid_urls": null}, {"title": "ABIGAIL DENIM SHORTS", "gender": "women", "category": "shorts", "color": "orange orange orange orange orange orange coral coral coral coral", "product_url": "https://www.oasis-stores.com/069041.html?dwvar_069041_color=29", "thumbnail_url": ["http://d1q9qhpdr6ehzh.cloudfront.net/3b0c6faf6a786d30e69c558a1fa081ef"], "chatbot_image": "https://www.oasis-stores.com/dw/image/v2/AAWY_PRD/on/demandware.static/-/Sites-OASIS/default/dw28d318b6/images/hi-res/oasis_06904129_2.jpg,https://www.oasis-stores.com/dw/image/v2/AAWY_PRD/on/demandware.static/-/Sites-OASIS/default/dw4c356188/images/hi-res/oasis_06904129_3.jpg,https://www.oasis-stores.com/dw/image/v2/AAWY_PRD/on/demandware.static/-/Sites-OASIS/default/dw21e3d0fe/images/hi-res/oasis_06904129_4.jpg,https://www.oasis-stores.com/dw/image/v2/AAWY_PRD/on/demandware.static/-/Sites-OASIS/default/dwd6736a8a/images/hi-res/oasis_06904129_5.jpg,https://www.oasis-stores.com/dw/image/v2/AAWY_PRD/on/demandware.static/-/Sites-OASIS/default/dw6444c0e2/images/hi-res/oasis_06904129_6.jpg", "unique_id": "1206a255c57d46b987f26c8a09cc4794", "trending_score": "0.0", "price": 28.0, "discounted_price": 18.0, "currency": "GBP", "product_code": "06904129", "affinity_score": 0.0, "brand": "v_oasis", "store": "v_oasis", "streamoid_urls": null}, {"title": "ABIGAIL DENIM SHORTS", "gender": "women", "category": "shorts", "color": "blue blue blue blue blue blue indigo indigo indigo indigo", "product_url": "https://www.oasis-stores.com/069041.html?dwvar_069041_color=90", "thumbnail_url": ["http://d1q9qhpdr6ehzh.cloudfront.net/cc08382f8b43690c97602a1fed7a38cd"], "chatbot_image": "https://www.oasis-stores.com/dw/image/v2/AAWY_PRD/on/demandware.static/-/Sites-OASIS/default/dw96afc1c1/images/hi-res/oasis_06904190_2.jpg,https://www.oasis-stores.com/dw/image/v2/AAWY_PRD/on/demandware.static/-/Sites-OASIS/default/dw42ee4da4/images/hi-res/oasis_06904190_3.jpg,https://www.oasis-stores.com/dw/image/v2/AAWY_PRD/on/demandware.static/-/Sites-OASIS/default/dw2fc13f30/images/hi-res/oasis_06904190_4.jpg,https://www.oasis-stores.com/dw/image/v2/AAWY_PRD/on/demandware.static/-/Sites-OASIS/default/dwe2707df3/images/hi-res/oasis_06904190_5.jpg", "unique_id": "b92e56adec654ee5b6a460cd8d0fc4d3", "trending_score": "0.0", "price": 28.0, "discounted_price": 28.0, "currency": "GBP", "product_code": "06904190", "affinity_score": 0.0, "brand": "v_oasis", "store": "v_oasis", "streamoid_urls": null}, {"title": "ABIGAIL DENIM SHORTS", "gender": "women", "category": "shorts", "color": "black black black black black black charcoal gray charcoal gray charcoal gray charcoal gray", "product_url": "https://www.oasis-stores.com/069041.html?dwvar_069041_color=01", "thumbnail_url": ["http://d1q9qhpdr6ehzh.cloudfront.net/0247729f98499d7eda73e55c5164bf9c"], "chatbot_image": "https://www.oasis-stores.com/dw/image/v2/AAWY_PRD/on/demandware.static/-/Sites-OASIS/default/dw594efc9e/images/hi-res/oasis_06904101_2.jpg,https://www.oasis-stores.com/dw/image/v2/AAWY_PRD/on/demandware.static/-/Sites-OASIS/default/dwd510172f/images/hi-res/oasis_06904101_3.jpg,https://www.oasis-stores.com/dw/image/v2/AAWY_PRD/on/demandware.static/-/Sites-OASIS/default/dw94ade654/images/hi-res/oasis_06904101_4.jpg,https://www.oasis-stores.com/dw/image/v2/AAWY_PRD/on/demandware.static/-/Sites-OASIS/default/dw367fe37c/images/hi-res/oasis_06904101_5.jpg,https://www.oasis-stores.com/dw/image/v2/AAWY_PRD/on/demandware.static/-/Sites-OASIS/default/dwd749774b/images/hi-res/oasis_06904101_6.jpg", "unique_id": "476b364fc002465cb146dbe20185f65c", "trending_score": "0.0", "price": 28.0, "discounted_price": 8.0, "currency": "GBP", "product_code": "06904101", "affinity_score": 0.0, "brand": "v_oasis", "store": "v_oasis", "streamoid_urls": null}, {"title": "ABIGAIL DENIM SHORTS", "gender": "women", "category": "shorts", "color": "white white white white white white off white off white off white off white", "product_url": "https://www.oasis-stores.com/069041.html?dwvar_069041_color=02", "thumbnail_url": ["http://d1q9qhpdr6ehzh.cloudfront.net/500bee108b022fea4d431d2c8f544399"], "chatbot_image": "https://www.oasis-stores.com/dw/image/v2/AAWY_PRD/on/demandware.static/-/Sites-OASIS/default/dw2cd3abc6/images/hi-res/oasis_06904102_2.jpg,https://www.oasis-stores.com/dw/image/v2/AAWY_PRD/on/demandware.static/-/Sites-OASIS/default/dwc1970f20/images/hi-res/oasis_06904102_3.jpg,https://www.oasis-stores.com/dw/image/v2/AAWY_PRD/on/demandware.static/-/Sites-OASIS/default/dw7541ca4b/images/hi-res/oasis_06904102_4.jpg,https://www.oasis-stores.com/dw/image/v2/AAWY_PRD/on/demandware.static/-/Sites-OASIS/default/dw527c8f55/images/hi-res/oasis_06904102_5.jpg", "unique_id": "8b8f7ece13c44516adc6a3a60c04bdc0", "trending_score": "0.0", "price": 28.0, "discounted_price": 10.0, "currency": "GBP", "product_code": "06904102", "affinity_score": 0.0, "brand": "v_oasis", "store": "v_oasis", "streamoid_urls": null}, {"title": "Belted denim shorts", "gender": "women", "category": "shorts", "color": "gray gray gray gray gray gray gray gray gray gray", "product_url": "https://www.lanecrawford.com/pdp/AUV191", "thumbnail_url": ["http://d1q9qhpdr6ehzh.cloudfront.net/2e5540a2193a3ba352fc65a1a45c32b7"], "chatbot_image": "http://media.lanecrawford.com/A/U/V/AUV191_in_xl.jpg,http://media.lanecrawford.com/A/U/V/AUV191_bk_xl.jpg,http://media.lanecrawford.com/A/U/V/AUV191_1_xl.jpg,http://media.lanecrawford.com/A/U/V/AUV191_4_xl.jpg,http://media.lanecrawford.com/A/U/V/AUV191_ro_xl.jpg", "unique_id": "51b07a03fcd54123929573b21045d19d", "trending_score": "0.0", "price": 2900.0, "discounted_price": 2900.0, "currency": "HKD", "product_code": "AUV191", "affinity_score": 0.0, "brand": "3.1 PHILLIP LIM", "store": "v_lane_crawford", "streamoid_urls": null}, {"title": "LONG DENIM SHORTS", "gender": "women", "category": "shorts", "color": "blue blue blue blue blue blue powder blue powder blue powder blue navy", "product_url": "https://www.oasis-stores.com/069194.html?dwvar_069194_color=23", "thumbnail_url": ["http://d1q9qhpdr6ehzh.cloudfront.net/e25a2290490e548132d384ae8263d3c0"], "chatbot_image": "https://www.oasis-stores.com/dw/image/v2/AAWY_PRD/on/demandware.static/-/Sites-OASIS/default/dwd04f8feb/images/hi-res/oasis_06919423_2.jpg,https://www.oasis-stores.com/dw/image/v2/AAWY_PRD/on/demandware.static/-/Sites-OASIS/default/dw8e0a199c/images/hi-res/oasis_06919423_3.jpg,https://www.oasis-stores.com/dw/image/v2/AAWY_PRD/on/demandware.static/-/Sites-OASIS/default/dwd9309e69/images/hi-res/oasis_06919423_4.jpg,https://www.oasis-stores.com/dw/image/v2/AAWY_PRD/on/demandware.static/-/Sites-OASIS/default/dwf2d9127e/images/hi-res/oasis_06919423_5.jpg", "unique_id": "a43395fef8fe4c4f9a85ecf7dcd54206", "trending_score": "0.0", "price": 28.0, "discounted_price": 15.0, "currency": "GBP", "product_code": "06919423", "affinity_score": 0.0, "brand": "v_oasis", "store": "v_oasis", "streamoid_urls": null}, {"title": "Denim print fringe hem distress cashmere blend short", "gender": "women", "category": "shorts", "color": "red red red red red red navy navy navy navy", "product_url": "https://www.lanecrawford.com/pdp/AVJ900", "thumbnail_url": ["http://d1q9qhpdr6ehzh.cloudfront.net/aa2dd8a6b4aff492b2661962586282b1"], "chatbot_image": "http://media.lanecrawford.com/A/V/J/AVJ900_in_xl.jpg,http://media.lanecrawford.com/A/V/J/AVJ900_bk_xl.jpg,http://media.lanecrawford.com/A/V/J/AVJ900_4_xl.jpg,http://media.lanecrawford.com/A/V/J/AVJ900_ro_xl.jpg", "unique_id": "118f5056568d43f8bbdb48a212ba15d7", "trending_score": "0.0", "price": 13700.0, "discounted_price": 13700.0, "currency": "HKD", "product_code": "AVJ900", "affinity_score": 0.0, "brand": "BARRIE", "store": "v_lane_crawford", "streamoid_urls": null}, {"title": "Coated denim skort", "gender": "women", "category": "shorts", "color": "charcoal-gray charcoal-gray charcoal-gray charcoal-gray charcoal-gray charcoal-gray light gray light gray light gray light gray", "product_url": "https://www.lanecrawford.com/pdp/AUO154", "thumbnail_url": ["http://d1q9qhpdr6ehzh.cloudfront.net/dbe742242be32366e9efee86f4cc9daa"], "chatbot_image": "http://media.lanecrawford.com/A/U/O/AUO154_in_xl.jpg,http://media.lanecrawford.com/A/U/O/AUO154_bk_xl.jpg,http://media.lanecrawford.com/A/U/O/AUO154_4_xl.jpg,http://media.lanecrawford.com/A/U/O/AUO154_ro_xl.jpg", "unique_id": "0f456228bc2f41ad9c64e7c67999f4ec", "trending_score": "0.0", "price": 3810.0, "discounted_price": 3810.0, "currency": "HKD", "product_code": "AUO154", "affinity_score": 0.0, "brand": "TIBI", "store": "v_lane_crawford", "streamoid_urls": null}, {"title": "LONG DENIM SHORTS", "gender": "women", "category": "shorts", "color": "navy navy navy navy navy navy indigo indigo indigo indigo", "product_url": "https://www.oasis-stores.com/069194.html?dwvar_069194_color=92", "thumbnail_url": ["http://d1q9qhpdr6ehzh.cloudfront.net/ad5343d8c86782117d1336c95e1df58d"], "chatbot_image": "https://www.oasis-stores.com/dw/image/v2/AAWY_PRD/on/demandware.static/-/Sites-OASIS/default/dwdc323d0a/images/hi-res/oasis_06919492_2.jpg,https://www.oasis-stores.com/dw/image/v2/AAWY_PRD/on/demandware.static/-/Sites-OASIS/default/dwb405ba46/images/hi-res/oasis_06919492_3.jpg,https://www.oasis-stores.com/dw/image/v2/AAWY_PRD/on/demandware.static/-/Sites-OASIS/default/dw27b7b615/images/hi-res/oasis_06919492_4.jpg,https://www.oasis-stores.com/dw/image/v2/AAWY_PRD/on/demandware.static/-/Sites-OASIS/default/dw629016fe/images/hi-res/oasis_06919492_5.jpg", "unique_id": "ec209e34acec4e6baffc43f151b71145", "trending_score": "0.0", "price": 28.0, "discounted_price": 15.0, "currency": "GBP", "product_code": "06919492", "affinity_score": 0.0, "brand": "v_oasis", "store": "v_oasis", "streamoid_urls": null}], "debug": {"qrm": "", "query_without_qrm": "shorts denim", "solr_query": "( ( ( (meta_comprehensive_category:\"shorts\") ) ) AND ( ( (meta_material:\"denim\") ) OR ( (meta_type:\"denim\")^10 ) ) )^1 ", "graph": [[[{"category": ["shorts"]}, {"material": ["denim"], "type": ["denim^10"]}]]], "query_without_stopwords": "", "spell_corrected_query": "", "filter": [], "explicit_text": null, "fq": ["availability:1"]}, "numFound": 59, "facets": {"Ethnicity": {"western": 53}, "Fastening": {"unknown": 25, "zip_at_anywhere": 16, "snap_at_waist": 14, "zip_at_front": 14, "other-buttons_at_front": 5, "buckle_at_waist": 1, "hook-and-eye_at_waist": 1, "none": 1, "snap_at_front": 1}, "Fit": {"fitted": 20, "slim": 19, "regular": 17, "skinny": 2, "super-skinny": 1}, "Hemline Length": {"mid-thigh": 27, "upper-thigh": 21, "above-knee": 5, "knee": 4, "ankle": 2}, "Material": {"denim": 52, "lace": 1}, "Primary Fibre": {"unknown": 34, "cotton": 19}, "Print Type": {"solid": 52, "colour-block": 3, "branding": 2, "cheetah": 1, "tie-dye": 1}, "Silhouette": {"unknown": 44, "straight": 9}, "Treatment": {"distressed": 11, "stone-wash": 11, "none": 9, "whiskered": 7, "unknown": 5, "other-wash": 4, "acid-wash": 3, "frayed": 2, "ripped": 1}, "Type": {"denim": 45, "relaxed": 11, "unknown": 2, "leather": 1}, "Waist Rise": {"high": 25, "mid": 19, "natural": 14, "unknown": 1}, "Color": {"blue": 18, "charcoal-gray": 7, "light-blue": 7, "black": 5, "white": 5, "navy": 3, "off-white": 2, "beige": 1, "brown": 1, "copper": 1, "gray": 1, "lavender": 1, "light-gray": 1, "mauve": 1, "multi": 1, "olive": 1, "orange": 1, "pink": 1, "red": 1}, "gender": {"women": 52, "men": 7}, "category": {"shorts": 59}, "occasion type": {"everyday": 51, "elevated": 8}, "Workindustry": {}, "Age": {}, "neck": {}, "arms": {}, "waist": {}, "stomach": {}, "shoulder": {}, "brand": {"forever21": 21, "v_oasis": 9, "asos": 4, "ALEXANDER WANG": 3, "RAG & BONE/JEAN": 3, "FRAME DENIM": 2, "GROUND ZERO": 2, "R13": 2, "yours clothing": 2, "3.1 PHILLIP LIM": 1, "ACNE STUDIOS": 1, "BARRIE": 1, "BEN TAVERNITI UNRAVEL PROJECT ": 1, "CURRENT/ELLIOTT": 1, "DENHAM": 1, "FENG CHEN WANG": 1, "GRLFRND": 1, "PHILOSOPHY DI LORENZO SERAFINI": 1, "TIBI": 1, "VALENTINO": 1}, "sub_brand": {"forever21": 21}, "Department": {"regular": 53, "plus-size": 4, "maternity": 2}, "activity": {"errands": 48, "leisure-holiday": 43, "hang-outs": 38, "airport-look": 29, "college-look": 28, "work-from-home": 28, "adventure-holiday": 24, "lounging": 11, "high-street-look": 8, "clubbing": 6, "concert": 6, "date-night": 6, "girls-night-out": 6, "brunch": 5, "unknown": 2, "social-outing": 1}}, "isFashionQuery": true, "spell_corrected_query": "", "query_without_stopwords": "", "final_query": "", "message": ""}