{"products": [{"title": "Self-Tie Floral Maxi Dress", "gender": "women", "category": "dresses", "color": "mauve mauve mauve mauve mauve mauve rust rust rust", "product_url": "https://www.forever21.in/p/self-tie-floral-maxi-dress-323803.html", "thumbnail_url": ["http://d1q9qhpdr6ehzh.cloudfront.net/358b154f506785c71e3654e624778528"], "chatbot_image": "https://forever21.imgix.net/img/app/product/3/323803-1618337-large.jpg,https://forever21.imgix.net/img/app/product/3/323803-1618338-large.jpg,https://forever21.imgix.net/img/app/product/3/323803-1618339-large.jpg,https://forever21.imgix.net/img/app/product/3/323803-1618340-large.jpg,https://forever21.imgix.net/img/app/product/3/323803-1618336.jpg", "unique_id": "05926c4fa8f340c1ad84c9446e9cee93", "trending_score": "0.0", "price": 2039.0, "discounted_price": 2039.0, "currency": "INR", "product_code": "323803", "affinity_score": 0.0, "brand": "forever21", "store": "v_forever21", "streamoid_urls": null}, {"title": "Floral print satin slip dress", "gender": "women", "category": "dresses", "color": "magenta magenta magenta magenta magenta magenta pearl pearl pearl pearl", "product_url": "https://www.lanecrawford.com/pdp/AUA619", "thumbnail_url": ["http://d1q9qhpdr6ehzh.cloudfront.net/fd28441d210f839e00b588c98222b181"], "chatbot_image": "http://media.lanecrawford.com/A/U/A/AUA619_in_xl.jpg,http://media.lanecrawford.com/A/U/A/AUA619_bk_xl.jpg,http://media.lanecrawford.com/A/U/A/AUA619_4_xl.jpg,http://media.lanecrawford.com/A/U/A/AUA619_ro_xl.jpg", "unique_id": "2ef0e71587e34f72b531d608b5a8a376", "trending_score": "0.0", "price": 8500.0, "discounted_price": 4250.0, "currency": "HKD", "product_code": "AUA619", "affinity_score": 0.0, "brand": "DRIES VAN NOTEN", "store": "v_lane_crawford", "streamoid_urls": null}, {"title": "'Gayla' belted tie strap floral print tiered dress", "gender": "women", "category": "dresses", "color": "multicolor blue blue blue blue blue blue indigo white sky blue", "product_url": "https://www.lanecrawford.com.cn/pdp/ARO763", "thumbnail_url": ["http://d1q9qhpdr6ehzh.cloudfront.net/afbdcc33fcaab481a7e280e4db860319"], "chatbot_image": "http://media.lanecrawford.com.cn/A/R/O/ARO763_in_xl.jpg,http://media.lanecrawford.com.cn/A/R/O/ARO763_bk_xl.jpg,http://media.lanecrawford.com.cn/A/R/O/ARO763_1_xl.jpg,http://media.lanecrawford.com.cn/A/R/O/ARO763_4_xl.jpg,http://media.lanecrawford.com.cn/A/R/O/ARO763_ro_xl.jpg", "unique_id": "52c47e21bec34fa89db3fc2d2b006bc6", "trending_score": "0.0", "price": 5190.0, "discounted_price": 2076.0, "currency": "RMB", "product_code": "ARO763", "affinity_score": 0.0, "brand": "ALICE + OLIVIA", "store": "v_lane_crawford", "streamoid_urls": null}, {"title": "Contrast hem floral print sleeveless midi dress", "gender": "women", "category": "dresses", "color": "multicolor light-blue light-blue light-blue light-blue light-blue light-blue off white off white light gray", "product_url": "https://www.lanecrawford.com.cn/pdp/ARG877", "thumbnail_url": ["http://d1q9qhpdr6ehzh.cloudfront.net/65623391d4ab45563c82193cc28c9e2b"], "chatbot_image": "http://media.lanecrawford.com.cn/A/R/G/ARG877_in_xl.jpg,http://media.lanecrawford.com.cn/A/R/G/ARG877_bk_xl.jpg,http://media.lanecrawford.com.cn/A/R/G/ARG877_4_xl.jpg,http://media.lanecrawford.com.cn/A/R/G/ARG877_ro_xl.jpg", "unique_id": "36367f7fca064c0c8d61d32308035016", "trending_score": "0.0", "price": 5800.0, "discounted_price": 2320.0, "currency": "RMB", "product_code": "ARG877", "affinity_score": 0.0, "brand": "3.1 PHILLIP LIM", "store": "v_lane_crawford", "streamoid_urls": null}, {"title": "Floral Off-The-Shoulder Dress", "gender": "women", "category": "dresses", "color": "yellow yellow yellow yellow yellow yellow camel camel camel light gray", "product_url": "https://www.forever21.in/p/floral-off-the-shoulder-dress-323525.html", "thumbnail_url": ["http://d1q9qhpdr6ehzh.cloudfront.net/1a8482e212415a60d1c3f4fb116319b7"], "chatbot_image": "https://forever21.imgix.net/img/app/product/3/323525-1619445-large.jpg,https://forever21.imgix.net/img/app/product/3/323525-1619446-large.jpg,https://forever21.imgix.net/img/app/product/3/323525-1619447-large.jpg,https://forever21.imgix.net/img/app/product/3/323525-1619448-large.jpg,https://forever21.imgix.net/img/app/product/3/323525-1619444.jpg", "unique_id": "0f93afff98d54632b8ffe426d3ec19cd", "trending_score": "0.0", "price": 1499.0, "discounted_price": 1499.0, "currency": "INR", "product_code": "323525", "affinity_score": 0.0, "brand": "forever21", "store": "v_forever21", "streamoid_urls": null}, {"title": "Floral embroidery dress", "gender": "women", "category": "dresses", "color": "white white white white white white off white off white off white off white", "product_url": "https://www.lanecrawford.com/pdp/BKK469", "thumbnail_url": ["http://d1q9qhpdr6ehzh.cloudfront.net/b0d6f0f2e71564e937a5206f8fe991d9"], "chatbot_image": "http://media.lanecrawford.com/B/K/K/BKK469_in_xl.jpg,http://media.lanecrawford.com/B/K/K/BKK469_bk_xl.jpg,http://media.lanecrawford.com/B/K/K/BKK469_4_xl.jpg,http://media.lanecrawford.com/B/K/K/BKK469_ro_xl.jpg", "unique_id": "3a7d1c7c89a8424aab30a1c1cf485a78", "trending_score": "0.0", "price": 13150.0, "discounted_price": 13150.0, "currency": "HKD", "product_code": "BKK469", "affinity_score": 0.0, "brand": "PRADA", "store": "v_lane_crawford", "streamoid_urls": null}, {"title": "Floral embroidered guipure lace midi dress", "gender": "women", "category": "dresses", "color": "silver silver silver silver silver silver silver silver silver khaki", "product_url": "https://www.lanecrawford.com/pdp/AUU080", "thumbnail_url": ["http://d1q9qhpdr6ehzh.cloudfront.net/0cb1ed3a6798e29620bff0ac00871c14"], "chatbot_image": "http://media.lanecrawford.com/A/U/U/AUU080_in_xl.jpg,http://media.lanecrawford.com/A/U/U/AUU080_bk_xl.jpg,http://media.lanecrawford.com/A/U/U/AUU080_4_xl.jpg,http://media.lanecrawford.com/A/U/U/AUU080_ro_xl.jpg", "unique_id": "04603e8b534944ebacac5219c4e5d206", "trending_score": "0.0", "price": 3600.0, "discounted_price": 3600.0, "currency": "HKD", "product_code": "AUU080", "affinity_score": 0.0, "brand": "SELF-PORTRAIT", "store": "v_lane_crawford", "streamoid_urls": null}, {"title": "'Ella' floral mini dress", "gender": "women", "category": "dresses", "color": "multicolor gold gold gold gold gold gold chocolate rust baby pink", "product_url": "https://www.lanecrawford.com/pdp/AVK639", "thumbnail_url": ["http://d1q9qhpdr6ehzh.cloudfront.net/101c10e79f2d438ff11cd1f02735750a"], "chatbot_image": "http://media.lanecrawford.com/A/V/K/AVK639_in_xl.jpg,http://media.lanecrawford.com/A/V/K/AVK639_bk_xl.jpg,http://media.lanecrawford.com/A/V/K/AVK639_1_xl.jpg,http://media.lanecrawford.com/A/V/K/AVK639_4_xl.jpg,http://media.lanecrawford.com/A/V/K/AVK639_ro_xl.jpg", "unique_id": "3e28fe01ee1c409bbc2e8c277416b4d2", "trending_score": "0.0", "price": 3100.0, "discounted_price": 3100.0, "currency": "HKD", "product_code": "AVK639", "affinity_score": 0.0, "brand": "RHODE RESORT", "store": "v_lane_crawford", "streamoid_urls": null}, {"title": "Floral Print Twist-Front Sheath Dress", "gender": "women", "category": "dresses", "color": "maroon maroon maroon maroon maroon maroon brown brown brown brown", "product_url": "https://www.forever21.in/p/floral-print-twist-front-sheath-dress-324007.html", "thumbnail_url": ["http://d1q9qhpdr6ehzh.cloudfront.net/b1368b278db1ecbf94ae39fd426521df"], "chatbot_image": "https://forever21.imgix.net/img/app/product/3/324007-1521437-large.jpg,https://forever21.imgix.net/img/app/product/3/324007-1521438-large.jpg,https://forever21.imgix.net/img/app/product/3/324007-1521439-large.jpg,https://forever21.imgix.net/img/app/product/3/324007-1521440-large.jpg,https://forever21.imgix.net/img/app/product/3/324007-1521436.jpg", "unique_id": "d39cd2f227744d65a1d01fd5bdac0e41", "trending_score": "0.0", "price": 1599.0, "discounted_price": 1599.0, "currency": "INR", "product_code": "324007", "affinity_score": 0.0, "brand": "forever21", "store": "v_forever21", "streamoid_urls": null}, {"title": "'Once Upon A Time' bow front embellished dress", "gender": "women", "category": "dresses", "color": "beige beige beige beige beige beige beige beige beige beige", "product_url": "https://www.lanecrawford.com/pdp/AUQ504", "thumbnail_url": ["http://d1q9qhpdr6ehzh.cloudfront.net/72f633c2af2a2513f4f1146ccc6ad759"], "chatbot_image": "http://media.lanecrawford.com/A/U/Q/AUQ504_in_xl.jpg,http://media.lanecrawford.com/A/U/Q/AUQ504_bk_xl.jpg,http://media.lanecrawford.com/A/U/Q/AUQ504_4_xl.jpg,http://media.lanecrawford.com/A/U/Q/AUQ504_ro_xl.jpg", "unique_id": "356b792056c04b3f956c83a084594c42", "trending_score": "0.0", "price": 4100.0, "discounted_price": 4100.0, "currency": "HKD", "product_code": "AUQ504", "affinity_score": 0.0, "brand": "MAGGIE MARILYN", "store": "v_lane_crawford", "streamoid_urls": null}, {"title": "Florence Kaftan", "gender": "women", "category": "dresses", "color": null, "product_url": "https://www.seafolly.com/au/florence-kaftan/53957-KA-Boysenbery.html?dwvar_53957-KA-Boysenbery_color=Boysenberry&cgid=clothing-all_clothing-kaftans", "thumbnail_url": ["http://d1q9qhpdr6ehzh.cloudfront.net/69d839e0c303f59f61651196a3b6b8fa"], "chatbot_image": "https://www.seafolly.com/on/demandware.static/-/Sites-seafolly-master-catalog/default/dwb12a6f88/images/53957-KA/53957-KA_Boysenbery_1.jpg,https://www.seafolly.com/on/demandware.static/-/Sites-seafolly-master-catalog/default/dw4280f6fa/images/53957-KA/53957-KA_Boysenbery_2.jpg", "unique_id": "7bedc86995074d2f83ae0505b356148f", "trending_score": "0.0", "price": 0.0, "discounted_price": 0.0, "currency": "INR", "product_code": "69d839e0c303f59f61651196a3b6b8fa_seafolly_com", "affinity_score": 0.0, "brand": null, "store": "seafolly_com", "streamoid_urls": null}, {"title": "Floral print silk shirt dress", "gender": "women", "category": "dresses", "color": "multicolor silver silver silver silver silver silver charcoal gray charcoal gray slate gray", "product_url": "https://www.lanecrawford.com/pdp/BKW206", "thumbnail_url": ["http://d1q9qhpdr6ehzh.cloudfront.net/a42e57df472e2672cdcdc35bfc2b39a8"], "chatbot_image": "http://media.lanecrawford.com/B/K/W/BKW206_in_xl.jpg,http://media.lanecrawford.com/B/K/W/BKW206_bk_xl.jpg,http://media.lanecrawford.com/B/K/W/BKW206_4_xl.jpg,http://media.lanecrawford.com/B/K/W/BKW206_ro_xl.jpg", "unique_id": "325f395b6cc94871ab27de77828e7e8f", "trending_score": "0.0", "price": 13000.0, "discounted_price": 13000.0, "currency": "HKD", "product_code": "BKW206", "affinity_score": 0.0, "brand": "THOM BROWNE", "store": "v_lane_crawford", "streamoid_urls": null}, {"title": "Tulle overlay floral print turtleneck dress", "gender": "women", "category": "dresses", "color": "multicolor lavender lavender lavender lavender lavender lavender mauve mauve mauve", "product_url": "https://www.lanecrawford.com/pdp/AUA652", "thumbnail_url": ["http://d1q9qhpdr6ehzh.cloudfront.net/28cdeabd49c52c864f1efbc5d6f87bdb"], "chatbot_image": "http://media.lanecrawford.com/A/U/A/AUA652_in_xl.jpg,http://media.lanecrawford.com/A/U/A/AUA652_fr_xl.jpg,http://media.lanecrawford.com/A/U/A/AUA652_bk_xl.jpg,http://media.lanecrawford.com/A/U/A/AUA652_4_xl.jpg,http://media.lanecrawford.com/A/U/A/AUA652_ro_xl.jpg", "unique_id": "2ea4163802a64bf985760179a564a3d8", "trending_score": "0.0", "price": 11900.0, "discounted_price": 5950.0, "currency": "HKD", "product_code": "AUA652", "affinity_score": 0.0, "brand": "DRIES VAN NOTEN", "store": "v_lane_crawford", "streamoid_urls": null}, {"title": "'Dion' cross front floral photographic print dress", "gender": "women", "category": "dresses", "color": "beige beige beige beige beige beige beige beige beige beige", "product_url": "https://www.lanecrawford.com/pdp/AUA604", "thumbnail_url": ["http://d1q9qhpdr6ehzh.cloudfront.net/7d6cfd495a89b685fddbe2d38d32ee11"], "chatbot_image": "http://media.lanecrawford.com/A/U/A/AUA604_in_xl.jpg,http://media.lanecrawford.com/A/U/A/AUA604_bk_xl.jpg,http://media.lanecrawford.com/A/U/A/AUA604_ro_xl.jpg", "unique_id": "11b564e16ebb411eaaceba01b4763859", "trending_score": "0.0", "price": 10900.0, "discounted_price": 5450.0, "currency": "HKD", "product_code": "AUA604", "affinity_score": 0.0, "brand": "DRIES VAN NOTEN", "store": "v_lane_crawford", "streamoid_urls": null}, {"title": "Sheer Mesh Floral Dress", "gender": "women", "category": "dresses", "color": "cream cream cream cream cream cream pearl pearl pearl white", "product_url": "https://www.forever21.in/p/sheer-mesh-floral-dress-323269.html", "thumbnail_url": ["http://d1q9qhpdr6ehzh.cloudfront.net/2bff67790fbe8a0380e5a51b59c87f5c"], "chatbot_image": "https://forever21.imgix.net/img/app/product/3/323269-1519137-large.jpg,https://forever21.imgix.net/img/app/product/3/323269-1519138-large.jpg,https://forever21.imgix.net/img/app/product/3/323269-1519139-large.jpg,https://forever21.imgix.net/img/app/product/3/323269-1519140-large.jpg,https://forever21.imgix.net/img/app/product/3/323269-1519136.jpg", "unique_id": "2b84e81a73484314b4b88b0da0ac3fd5", "trending_score": "0.0", "price": 1049.0, "discounted_price": 1049.0, "currency": "INR", "product_code": "323269", "affinity_score": 0.0, "brand": "forever21", "store": "v_forever21", "streamoid_urls": null}, {"title": "Rose photographic print sleeveless dress", "gender": "women", "category": "dresses", "color": "green green green green green green gray gray gray gray", "product_url": "https://www.lanecrawford.com/pdp/AUA676", "thumbnail_url": ["http://d1q9qhpdr6ehzh.cloudfront.net/74d72710e52053e53765d885c62784ba"], "chatbot_image": "http://media.lanecrawford.com/A/U/A/AUA676_in_xl.jpg,http://media.lanecrawford.com/A/U/A/AUA676_bk_xl.jpg,http://media.lanecrawford.com/A/U/A/AUA676_4_xl.jpg,http://media.lanecrawford.com/A/U/A/AUA676_ro_xl.jpg", "unique_id": "2d0b3a65c53a4827be97e076843204ec", "trending_score": "0.0", "price": 5900.0, "discounted_price": 2950.0, "currency": "HKD", "product_code": "AUA676", "affinity_score": 0.0, "brand": "DRIES VAN NOTEN", "store": "v_lane_crawford", "streamoid_urls": null}, {"title": "Sheer Mesh Floral Dress", "gender": "women", "category": "dresses", "color": "multicolor navy navy navy navy navy navy white white navy", "product_url": "https://www.forever21.in/p/sheer-mesh-floral-dress-323315.html", "thumbnail_url": ["http://d1q9qhpdr6ehzh.cloudfront.net/e6eff591681d8a64ebc9d86b06e6574f"], "chatbot_image": "https://forever21.imgix.net/img/app/product/3/323315-1519280-large.jpg,https://forever21.imgix.net/img/app/product/3/323315-1519281-large.jpg,https://forever21.imgix.net/img/app/product/3/323315-1519282-large.jpg,https://forever21.imgix.net/img/app/product/3/323315-1519283-large.jpg,https://forever21.imgix.net/img/app/product/3/323315-1519279.jpg", "unique_id": "b94d30ff84ea4cfbb7e5ba5a6641ebe2", "trending_score": "0.0", "price": 1049.0, "discounted_price": 1049.0, "currency": "INR", "product_code": "323315", "affinity_score": 0.0, "brand": "forever21", "store": "v_forever21", "streamoid_urls": null}, {"title": "'Avery' panelled mixed floral print ruffle lace trim sheer dress", "gender": "women", "category": "dresses", "color": "black black black black black black black black black black", "product_url": "https://www.lanecrawford.com/pdp/ARK514", "thumbnail_url": ["http://d1q9qhpdr6ehzh.cloudfront.net/920bb95304731d4a217cb48e5faf420b"], "chatbot_image": "http://media.lanecrawford.com/A/R/K/ARK514_in_xl.jpg,http://media.lanecrawford.com/A/R/K/ARK514_bk_xl.jpg,http://media.lanecrawford.com/A/R/K/ARK514_4_xl.jpg,http://media.lanecrawford.com/A/R/K/ARK514_ro_xl.jpg", "unique_id": "03c0f421674a49fb825a533fd9dca191", "trending_score": "0.0", "price": 3900.0, "discounted_price": 1170.0, "currency": "HKD", "product_code": "ARK514", "affinity_score": 0.0, "brand": "JONATHAN LIANG", "store": "v_lane_crawford", "streamoid_urls": null}, {"title": "'Danette' floral print sheer dress", "gender": "women", "category": "dresses", "color": "dark-brown dark-brown dark-brown dark-brown dark-brown dark-brown black black black black", "product_url": "https://www.lanecrawford.com/pdp/ARE269", "thumbnail_url": ["http://d1q9qhpdr6ehzh.cloudfront.net/c4ddaff66692fff8b8d8e5f2aaea51d5"], "chatbot_image": "http://media.lanecrawford.com/A/R/E/ARE269_in_xl.jpg,http://media.lanecrawford.com/A/R/E/ARE269_bk_xl.jpg,http://media.lanecrawford.com/A/R/E/ARE269_4_xl.jpg,http://media.lanecrawford.com/A/R/E/ARE269_ro_xl.jpg", "unique_id": "2e8b5dca5c134d72b88f2dab1ab59f09", "trending_score": "0.0", "price": 3100.0, "discounted_price": 930.0, "currency": "HKD", "product_code": "ARE269", "affinity_score": 0.0, "brand": "EQUIPMENT", "store": "v_lane_crawford", "streamoid_urls": null}, {"title": "Floral sequin embellished dress", "gender": "women", "category": "dresses", "color": "black black black black black black black black black black", "product_url": "https://www.lanecrawford.com/pdp/AUU084", "thumbnail_url": ["http://d1q9qhpdr6ehzh.cloudfront.net/14a3262c19c04ced73c65f5854ffaf24"], "chatbot_image": "http://media.lanecrawford.com/A/U/U/AUU084_in_xl.jpg,http://media.lanecrawford.com/A/U/U/AUU084_bk_xl.jpg,http://media.lanecrawford.com/A/U/U/AUU084_4_xl.jpg,http://media.lanecrawford.com/A/U/U/AUU084_ro_xl.jpg", "unique_id": "064328f5bd28401698bf3f04677f5072", "trending_score": "0.0", "price": 4800.0, "discounted_price": 4800.0, "currency": "HKD", "product_code": "AUU084", "affinity_score": 0.0, "brand": "SELF-PORTRAIT", "store": "v_lane_crawford", "streamoid_urls": null}, {"title": "'Larura' fringe pleated floral print sleeveless dress", "gender": "women", "category": "dresses", "color": "mauve mauve mauve mauve mauve mauve light gray light gray white white", "product_url": "https://www.lanecrawford.com.cn/pdp/ARH605", "thumbnail_url": ["http://d1q9qhpdr6ehzh.cloudfront.net/6dc324aaef1473c83161fffbad0ffa0a"], "chatbot_image": "http://media.lanecrawford.com.cn/A/R/H/ARH605_in_xl.jpg,http://media.lanecrawford.com.cn/A/R/H/ARH605_bk_xl.jpg,http://media.lanecrawford.com.cn/A/R/H/ARH605_4_xl.jpg,http://media.lanecrawford.com.cn/A/R/H/ARH605_ro_xl.jpg", "unique_id": "442c8a142e9b4449b013cad37e4595cf", "trending_score": "0.0", "price": 24800.0, "discounted_price": 7440.0, "currency": "RMB", "product_code": "ARH605", "affinity_score": 0.0, "brand": "ROKSANDA", "store": "v_lane_crawford", "streamoid_urls": null}, {"title": "Floral embroidered sheer panel dress", "gender": "women", "category": "dresses", "color": "black black black black black black black black black black", "product_url": "https://www.lanecrawford.com.cn/pdp/ARE587", "thumbnail_url": ["http://d1q9qhpdr6ehzh.cloudfront.net/d27931a71a21ccd9a90041ca82605c42"], "chatbot_image": "http://media.lanecrawford.com.cn/A/R/E/ARE587_in_xl.jpg,http://media.lanecrawford.com.cn/A/R/E/ARE587_bk_xl.jpg,http://media.lanecrawford.com.cn/A/R/E/ARE587_4_xl.jpg,http://media.lanecrawford.com.cn/A/R/E/ARE587_ro_xl.jpg", "unique_id": "12d0e5226a9a4461867761e7635fdac7", "trending_score": "0.0", "price": 19740.0, "discounted_price": 7896.0, "currency": "RMB", "product_code": "ARE587", "affinity_score": 0.0, "brand": "AMIRI", "store": "v_lane_crawford", "streamoid_urls": null}, {"title": "'Sammi floral double layer handkerchief dress", "gender": "women", "category": "dresses", "color": "red red red red red red post box red post box red post box red crimson red", "product_url": "https://www.lanecrawford.com/pdp/BKX828", "thumbnail_url": ["http://d1q9qhpdr6ehzh.cloudfront.net/f5b4e5cccbf97920c5717ca7234b1d60"], "chatbot_image": "http://media.lanecrawford.com/B/K/X/BKX828_in_xl.jpg,http://media.lanecrawford.com/B/K/X/BKX828_bk_xl.jpg,http://media.lanecrawford.com/B/K/X/BKX828_4_xl.jpg,http://media.lanecrawford.com/B/K/X/BKX828_ro_xl.jpg", "unique_id": "1ca6b89604d9470580ad33d3a0b14f82", "trending_score": "0.0", "price": 5950.0, "discounted_price": 5950.0, "currency": "HKD", "product_code": "BKX828", "affinity_score": 0.0, "brand": "ALICE + OLIVIA", "store": "v_lane_crawford", "streamoid_urls": null}, {"title": "Swim Foliage Cover-Up Dress", "gender": "women", "category": "dresses", "color": "multicolor blue blue blue blue blue blue indigo indigo off white", "product_url": "https://www.forever21.in/p/swim-foliage-cover-up-dress-322964.html", "thumbnail_url": ["http://d1q9qhpdr6ehzh.cloudfront.net/acc436d91bce3c7544484651f034f72b"], "chatbot_image": "https://forever21.imgix.net/img/app/product/3/322964-1611941-large.jpg,https://forever21.imgix.net/img/app/product/3/322964-1611942-large.jpg,https://forever21.imgix.net/img/app/product/3/322964-1611943-large.jpg,https://forever21.imgix.net/img/app/product/3/322964-1611944-large.jpg,https://forever21.imgix.net/img/app/product/3/322964-1611940.jpg", "unique_id": "e95bce0e7b3543a1a74597a5fc8666eb", "trending_score": "0.0", "price": 1599.0, "discounted_price": 1599.0, "currency": "INR", "product_code": "322964", "affinity_score": 0.0, "brand": "forever21", "store": "v_forever21", "streamoid_urls": null}, {"title": "dresses", "gender": "women", "category": "dresses", "color": "multicolor mauve mauve mauve mauve mauve mauve light gray light gray chocolate", "product_url": "https://i.pinimg.com", "thumbnail_url": ["http://d1q9qhpdr6ehzh.cloudfront.net/thumbnail/5872fd3b8cb598b864e52231eb6f4a11"], "chatbot_image": null, "unique_id": "c06f8c48327140c4995709039f355971", "trending_score": "0.0", "price": 100.0, "discounted_price": 0.0, "currency": "INR", "product_code": "6041", "affinity_score": 0.0, "brand": "yours clothing", "store": "v_website_demo", "streamoid_urls": null}, {"title": "Floral Frill Hem Sundress", "gender": "women", "category": "dresses", "color": null, "product_url": "https://www.bonmarche.co.uk/dresses/floral-frill-hem-sundress-171807.html?dwvar_171807_color=53&cgid=womens-swimwear-beach-cover-ups", "thumbnail_url": ["http://d1q9qhpdr6ehzh.cloudfront.net/272c2087352b11d70277c08783eea7bb"], "chatbot_image": "https://www.bonmarche.co.uk/dw/image/v2/BBCZ_PRD/on/demandware.static/-/Sites-master-catalog-bonmarche/default/dw8f1d1467/zoom/17/17180753_alt1.jpg?sw=150,https://www.bonmarche.co.uk/dw/image/v2/BBCZ_PRD/on/demandware.static/-/Sites-master-catalog-bonmarche/default/dw2cb53d66/zoom/17/17180753_default.jpg?sw=150,https://www.bonmarche.co.uk/dw/image/v2/BBCZ_PRD/on/demandware.static/-/Sites-master-catalog-bonmarche/default/dw2c9bc577/zoom/17/17180753_alt2.jpg?sw=150,https://www.bonmarche.co.uk/dw/image/v2/BBCZ_PRD/on/demandware.static/-/Sites-master-catalog-bonmarche/default/dw10abcf4a/zoom/17/17180753_alt3.jpg?sw=150", "unique_id": "050b97f5296145288f64c927ce6b18b0", "trending_score": "0.0", "price": 15.0, "discounted_price": 15.0, "currency": "INR", "product_code": "272c2087352b11d70277c08783eea7bb_bonmarche_co_uk", "affinity_score": 0.0, "brand": null, "store": "bonmarche_co_uk", "streamoid_urls": null}, {"title": "dresses", "gender": "women", "category": "dresses", "color": "turquoise turquoise turquoise turquoise turquoise turquoise pale mint pale mint pale mint pale mint", "product_url": "https://scarymommy.com", "thumbnail_url": ["http://d1q9qhpdr6ehzh.cloudfront.net/thumbnail/72a3bf311c3cb467ee2e8fd66fc3c53b"], "chatbot_image": null, "unique_id": "8839ded8312c4837a0514b2c2197a8f2", "trending_score": "0.0", "price": 100.0, "discounted_price": 0.0, "currency": "INR", "product_code": "6037", "affinity_score": 0.0, "brand": "yours clothing", "store": "v_website_demo", "streamoid_urls": null}, {"title": "Scarlett & Jo Emily Floral Maxi Dress", "gender": "women", "category": "dresses", "color": null, "product_url": "https://www.bonmarche.co.uk/dresses/scarlett-and-jo-emily-floral-maxi-dress-750003.html?dwvar_750003_color=07&cgid=womens-dresses", "thumbnail_url": ["http://d1q9qhpdr6ehzh.cloudfront.net/e18c3efc5e165424768c1a3fb2899d4d"], "chatbot_image": "https://www.bonmarche.co.uk/dw/image/v2/BBCZ_PRD/on/demandware.static/-/Sites-master-catalog-bonmarche/default/dw4bc783f4/zoom/75/75000307_alt1.jpg?sw=500,https://www.bonmarche.co.uk/dw/image/v2/BBCZ_PRD/on/demandware.static/-/Sites-master-catalog-bonmarche/default/dw11478632/zoom/75/75000307_alt3.jpg?sw=500,https://www.bonmarche.co.uk/dw/image/v2/BBCZ_PRD/on/demandware.static/-/Sites-master-catalog-bonmarche/default/dwaa6cc6a0/zoom/75/75000307_alt2.jpg?sw=500", "unique_id": "a7c9888954024ca79189dab8ca9b7308", "trending_score": "0.0", "price": 85.0, "discounted_price": 0.0, "currency": "GBP", "product_code": "a7c9888954024ca79189dab8ca9b7308", "affinity_score": 0.0, "brand": "v_bonmarche_uk_usc", "store": "v_bonmarche_uk_usc", "streamoid_urls": null}, {"title": "Printed Swing Dress", "gender": "women", "category": "dresses", "color": null, "product_url": "https://www.bonmarche.co.uk/dresses/printed-swing-dress-031608.html?dwvar_031608_size=010&dwvar_031608_color=49", "thumbnail_url": ["http://d1q9qhpdr6ehzh.cloudfront.net/0f06ea8f4df0dd362faaa077691e38b2"], "chatbot_image": "https://www.bonmarche.co.uk/dw/image/v2/BBCZ_PRD/on/demandware.static/-/Sites-master-catalog-bonmarche/default/dwcbce353e/zoom/03/03160849_alt1.jpg?sw=500,https://www.bonmarche.co.uk/dw/image/v2/BBCZ_PRD/on/demandware.static/-/Sites-master-catalog-bonmarche/default/dwc516cabf/zoom/03/03160849_alt3.jpg?sw=500,https://www.bonmarche.co.uk/dw/image/v2/BBCZ_PRD/on/demandware.static/-/Sites-master-catalog-bonmarche/default/dw1d104c08/zoom/03/03160849_alt2.jpg?sw=500", "unique_id": "1c2e4103df9e4e21ad6c91301b1957b6", "trending_score": "0.0", "price": 18.0, "discounted_price": 0.0, "currency": "GBP", "product_code": "1c2e4103df9e4e21ad6c91301b1957b6", "affinity_score": 0.0, "brand": "v_bonmarche_uk_usc", "store": "v_bonmarche_uk_usc", "streamoid_urls": null}, {"title": "Floral Skirt Dress", "gender": "women", "category": "dresses", "color": null, "product_url": "https://www.bonmarche.co.uk/dresses/floral-skirt-dress-171432.html?dwvar_171432_color=93&cgid=womens-dresses", "thumbnail_url": ["http://d1q9qhpdr6ehzh.cloudfront.net/c4b1224de66fe60888fbf52c0a6b9127"], "chatbot_image": "https://www.bonmarche.co.uk/dw/image/v2/BBCZ_PRD/on/demandware.static/-/Sites-master-catalog-bonmarche/default/dweff993d6/zoom/17/17143293_alt1.jpg?sw=500,https://www.bonmarche.co.uk/dw/image/v2/BBCZ_PRD/on/demandware.static/-/Sites-master-catalog-bonmarche/default/dw33124aa2/zoom/17/17143293_alt3.jpg?sw=500,https://www.bonmarche.co.uk/dw/image/v2/BBCZ_PRD/on/demandware.static/-/Sites-master-catalog-bonmarche/default/dwf4e3ed5f/zoom/17/17143293_alt2.jpg?sw=500", "unique_id": "a3da0c8c6ded4331a483e76f8c36e12e", "trending_score": "0.0", "price": 22.0, "discounted_price": 0.0, "currency": "GBP", "product_code": "a3da0c8c6ded4331a483e76f8c36e12e", "affinity_score": 0.0, "brand": "v_bonmarche_uk_usc", "store": "v_bonmarche_uk_usc", "streamoid_urls": null}, {"title": "Frill Front Floral Dress", "gender": "women", "category": "dresses", "color": null, "product_url": "https://www.bonmarche.co.uk/dresses/frill-front-floral-dress-031516.html?dwvar_031516_color=53&cgid=womens-dresses", "thumbnail_url": ["http://d1q9qhpdr6ehzh.cloudfront.net/f7244a675190b247ea7a57efd472965c"], "chatbot_image": "https://www.bonmarche.co.uk/dw/image/v2/BBCZ_PRD/on/demandware.static/-/Sites-master-catalog-bonmarche/default/dweee39f18/zoom/03/03151653_alt1.jpg?sw=500,https://www.bonmarche.co.uk/dw/image/v2/BBCZ_PRD/on/demandware.static/-/Sites-master-catalog-bonmarche/default/dw0bf2367b/zoom/03/03151653_alt3.jpg?sw=500,https://www.bonmarche.co.uk/dw/image/v2/BBCZ_PRD/on/demandware.static/-/Sites-master-catalog-bonmarche/default/dwce96b2c5/zoom/03/03151653_alt2.jpg?sw=500", "unique_id": "5eee2925a7704ae6bdce3646fbd78f64", "trending_score": "0.0", "price": 24.0, "discounted_price": 0.0, "currency": "GBP", "product_code": "5eee2925a7704ae6bdce3646fbd78f64", "affinity_score": 0.0, "brand": "v_bonmarche_uk_usc", "store": "v_bonmarche_uk_usc", "streamoid_urls": null}, {"title": "Wrap Front Ribbon Dress", "gender": "women", "category": "dresses", "color": null, "product_url": "https://www.bonmarche.co.uk/dresses/wrap-front-ribbon-dress-031601.html?dwvar_031601_size=010&dwvar_031601_color=53", "thumbnail_url": ["http://d1q9qhpdr6ehzh.cloudfront.net/b3b7a00aa4b8ebe7f4a72dd089ee4a5c"], "chatbot_image": "https://www.bonmarche.co.uk/dw/image/v2/BBCZ_PRD/on/demandware.static/-/Sites-master-catalog-bonmarche/default/dw88fe9b6d/zoom/03/03160153_alt1.jpg?sw=500,https://www.bonmarche.co.uk/dw/image/v2/BBCZ_PRD/on/demandware.static/-/Sites-master-catalog-bonmarche/default/dwae7b2a87/zoom/03/03160153_alt3.jpg?sw=500,https://www.bonmarche.co.uk/dw/image/v2/BBCZ_PRD/on/demandware.static/-/Sites-master-catalog-bonmarche/default/dw23ce44f7/zoom/03/03160153_alt2.jpg?sw=500", "unique_id": "0a312b9f920c414c93ca42800bdb0a4f", "trending_score": "0.0", "price": 60.0, "discounted_price": 0.0, "currency": "GBP", "product_code": "0a312b9f920c414c93ca42800bdb0a4f", "affinity_score": 0.0, "brand": "v_bonmarche_uk_usc", "store": "v_bonmarche_uk_usc", "streamoid_urls": null}, {"title": "Floral Print Sleeveless Prom Dress", "gender": "women", "category": "dresses", "color": null, "product_url": "https://www.bonmarche.co.uk/dresses/floral-print-sleeveless-prom-dress-031498.html?dwvar_031498_color=63&cgid=womens-dresses", "thumbnail_url": ["http://d1q9qhpdr6ehzh.cloudfront.net/83b6ade8513d9b447a6670b99a2af498"], "chatbot_image": "https://www.bonmarche.co.uk/dw/image/v2/BBCZ_PRD/on/demandware.static/-/Sites-master-catalog-bonmarche/default/dw146947fe/zoom/03/03149863_alt1.jpg?sw=500,https://www.bonmarche.co.uk/dw/image/v2/BBCZ_PRD/on/demandware.static/-/Sites-master-catalog-bonmarche/default/dw560b0320/zoom/03/03149863_alt3.jpg?sw=500,https://www.bonmarche.co.uk/dw/image/v2/BBCZ_PRD/on/demandware.static/-/Sites-master-catalog-bonmarche/default/dwb179790a/zoom/03/03149863_alt2.jpg?sw=500", "unique_id": "a6458ac15e404571a626fbcfaae4bcd2", "trending_score": "0.0", "price": 20.0, "discounted_price": 0.0, "currency": "GBP", "product_code": "a6458ac15e404571a626fbcfaae4bcd2", "affinity_score": 0.0, "brand": "v_bonmarche_uk_usc", "store": "v_bonmarche_uk_usc", "streamoid_urls": null}, {"title": "Salvari Floral Dress", "gender": "women", "category": "dresses", "color": null, "product_url": "https://www.bonmarche.co.uk/dresses/salvari-floral-dress-431068.html?dwvar_431068_color=07&cgid=womens-dresses", "thumbnail_url": ["http://d1q9qhpdr6ehzh.cloudfront.net/59b6579e2405ff90770576e5ac82dfd5"], "chatbot_image": "https://www.bonmarche.co.uk/dw/image/v2/BBCZ_PRD/on/demandware.static/-/Sites-master-catalog-bonmarche/default/dw0da5f7dc/zoom/43/43106807_alt1.jpg?sw=500,https://www.bonmarche.co.uk/dw/image/v2/BBCZ_PRD/on/demandware.static/-/Sites-master-catalog-bonmarche/default/dw6bf72d67/zoom/43/43106807_alt3.jpg?sw=500,https://www.bonmarche.co.uk/dw/image/v2/BBCZ_PRD/on/demandware.static/-/Sites-master-catalog-bonmarche/default/dwc6c7a2a2/zoom/43/43106807_alt2.jpg?sw=500", "unique_id": "62328cb41b43466e91ad4f662ad35072", "trending_score": "0.0", "price": 16.0, "discounted_price": 0.0, "currency": "GBP", "product_code": "62328cb41b43466e91ad4f662ad35072", "affinity_score": 0.0, "brand": "v_bonmarche_uk_usc", "store": "v_bonmarche_uk_usc", "streamoid_urls": null}, {"title": "Modern Floral Frill Hem Sundress", "gender": "women", "category": "dresses", "color": null, "product_url": "https://www.bonmarche.co.uk/swim-and-beachwear/modern-floral-frill-hem-sundress-171634.html?dwvar_171634_color=97&cgid=womens-swimwear", "thumbnail_url": ["http://d1q9qhpdr6ehzh.cloudfront.net/0d87593d60d700fbcfafc40a4bffb349"], "chatbot_image": "https://www.bonmarche.co.uk/dw/image/v2/BBCZ_PRD/on/demandware.static/-/Sites-master-catalog-bonmarche/default/dw5631c017/zoom/17/17163497_alt1.jpg?sw=500,https://www.bonmarche.co.uk/dw/image/v2/BBCZ_PRD/on/demandware.static/-/Sites-master-catalog-bonmarche/default/dwf5709a23/zoom/17/17163497_alt3.jpg?sw=500,https://www.bonmarche.co.uk/dw/image/v2/BBCZ_PRD/on/demandware.static/-/Sites-master-catalog-bonmarche/default/dw47d51bdf/zoom/17/17163497_alt2.jpg?sw=500", "unique_id": "0891ecd0a9114b8ca3f61c3aba84b327", "trending_score": "0.0", "price": 15.0, "discounted_price": 0.0, "currency": "GBP", "product_code": "0891ecd0a9114b8ca3f61c3aba84b327", "affinity_score": 0.0, "brand": "v_bonmarche_uk_usc", "store": "v_bonmarche_uk_usc", "streamoid_urls": null}, {"title": "Floral Scatter Frill Hem Sundress", "gender": "women", "category": "dresses", "color": null, "product_url": "https://www.bonmarche.co.uk/swim-and-beachwear/floral-scatter-frill-hem-sundress-171825.html?dwvar_171825_color=09&cgid=womens-swimwear-beach-cover-ups", "thumbnail_url": ["http://d1q9qhpdr6ehzh.cloudfront.net/c30e8a0ac6bb3cd2d2e710a9e41f8cf4"], "chatbot_image": "https://www.bonmarche.co.uk/dw/image/v2/BBCZ_PRD/on/demandware.static/-/Sites-master-catalog-bonmarche/default/dwaddfdd64/zoom/17/17182509_alt1.jpg?sw=150,https://www.bonmarche.co.uk/dw/image/v2/BBCZ_PRD/on/demandware.static/-/Sites-master-catalog-bonmarche/default/dw2dac571a/zoom/17/17182509_default.jpg?sw=150,https://www.bonmarche.co.uk/dw/image/v2/BBCZ_PRD/on/demandware.static/-/Sites-master-catalog-bonmarche/default/dw0bb094c4/zoom/17/17182509_alt2.jpg?sw=150,https://www.bonmarche.co.uk/dw/image/v2/BBCZ_PRD/on/demandware.static/-/Sites-master-catalog-bonmarche/default/dw9c8a65b9/zoom/17/17182509_alt3.jpg?sw=150", "unique_id": "99e622503017488a99b5d19a9aaa9b93", "trending_score": "0.0", "price": 15.0, "discounted_price": 15.0, "currency": "INR", "product_code": "c30e8a0ac6bb3cd2d2e710a9e41f8cf4_bonmarche_co_uk", "affinity_score": 0.0, "brand": null, "store": "bonmarche_co_uk", "streamoid_urls": null}, {"title": "dresses", "gender": "women", "category": "dresses", "color": "multicolor copper copper copper copper copper copper peach peach khaki", "product_url": "https://myntassets.com", "thumbnail_url": ["http://d1q9qhpdr6ehzh.cloudfront.net/thumbnail/46ec078abc904837695b6eec49be510d"], "chatbot_image": null, "unique_id": "7565dc10142341e7bbd28fdde4c4770f", "trending_score": "0.0", "price": 100.0, "discounted_price": 0.0, "currency": "INR", "product_code": "6040", "affinity_score": 0.0, "brand": "yours clothing", "store": "v_website_demo", "streamoid_urls": null}, {"title": "Floral Border Print Layered Chiffon Dress", "gender": "women", "category": "dresses", "color": null, "product_url": "https://www.bonmarche.co.uk/dresses/floral-border-print-layered-chiffon-dress-031481.html?dwvar_031481_color=44&cgid=womens-dresses", "thumbnail_url": ["http://d1q9qhpdr6ehzh.cloudfront.net/f10a0ce68c38055f722c5995ad20df55"], "chatbot_image": "https://www.bonmarche.co.uk/dw/image/v2/BBCZ_PRD/on/demandware.static/-/Sites-master-catalog-bonmarche/default/dw181d077e/zoom/03/03148144_alt1.jpg?sw=500,https://www.bonmarche.co.uk/dw/image/v2/BBCZ_PRD/on/demandware.static/-/Sites-master-catalog-bonmarche/default/dw3a9971c6/zoom/03/03148144_alt3.jpg?sw=500,https://www.bonmarche.co.uk/dw/image/v2/BBCZ_PRD/on/demandware.static/-/Sites-master-catalog-bonmarche/default/dw698862d8/zoom/03/03148144_alt2.jpg?sw=500", "unique_id": "c4c8266b23a1406c8d95c3a9ef789881", "trending_score": "0.0", "price": 29.0, "discounted_price": 0.0, "currency": "GBP", "product_code": "c4c8266b23a1406c8d95c3a9ef789881", "affinity_score": 0.0, "brand": "v_bonmarche_uk_usc", "store": "v_bonmarche_uk_usc", "streamoid_urls": null}, {"title": "Maxi Shirred Dress with Tiers", "gender": "women", "category": "dresses", "color": null, "product_url": "https://www.bonmarche.co.uk/swim-and-beachwear/maxi-shirred-dress-with-tiers-171409.html?dwvar_171409_color=63&cgid=womens-swimwear", "thumbnail_url": ["http://d1q9qhpdr6ehzh.cloudfront.net/9d3b018257763c701f8f5ebc95f78d3e"], "chatbot_image": "https://www.bonmarche.co.uk/dw/image/v2/BBCZ_PRD/on/demandware.static/-/Sites-master-catalog-bonmarche/default/dwb40f651b/zoom/17/17140963_alt1.jpg?sw=500,https://www.bonmarche.co.uk/dw/image/v2/BBCZ_PRD/on/demandware.static/-/Sites-master-catalog-bonmarche/default/dwb57bb844/zoom/17/17140963_alt3.jpg?sw=500,https://www.bonmarche.co.uk/dw/image/v2/BBCZ_PRD/on/demandware.static/-/Sites-master-catalog-bonmarche/default/dw33a2c598/zoom/17/17140963_alt2.jpg?sw=500", "unique_id": "1775f14d23854d62b013e4859bd889bc", "trending_score": "0.0", "price": 13.0, "discounted_price": 0.0, "currency": "GBP", "product_code": "1775f14d23854d62b013e4859bd889bc", "affinity_score": 0.0, "brand": "v_bonmarche_uk_usc", "store": "v_bonmarche_uk_usc", "streamoid_urls": null}, {"title": "Floral Print Twist Front Half Sleeve Dress", "gender": "women", "category": "dresses", "color": null, "product_url": "https://www.bonmarche.co.uk/dresses/floral-print-twist-front-half-sleeve-dress-031497.html?dwvar_031497_color=53&cgid=womens-dresses", "thumbnail_url": ["http://d1q9qhpdr6ehzh.cloudfront.net/72d1ca900a906e750c4af69c18e14574"], "chatbot_image": "https://www.bonmarche.co.uk/dw/image/v2/BBCZ_PRD/on/demandware.static/-/Sites-master-catalog-bonmarche/default/dw25e1e204/zoom/03/03149753_alt1.jpg?sw=500,https://www.bonmarche.co.uk/dw/image/v2/BBCZ_PRD/on/demandware.static/-/Sites-master-catalog-bonmarche/default/dw2be63723/zoom/03/03149753_alt3.jpg?sw=500,https://www.bonmarche.co.uk/dw/image/v2/BBCZ_PRD/on/demandware.static/-/Sites-master-catalog-bonmarche/default/dw1f4d58d3/zoom/03/03149753_alt2.jpg?sw=500", "unique_id": "13e157acb4a540e89a7d0aaf28b63f1c", "trending_score": "0.0", "price": 20.0, "discounted_price": 0.0, "currency": "GBP", "product_code": "13e157acb4a540e89a7d0aaf28b63f1c", "affinity_score": 0.0, "brand": "v_bonmarche_uk_usc", "store": "v_bonmarche_uk_usc", "streamoid_urls": null}, {"title": "dresses", "gender": "women", "category": "dresses", "color": "navy navy navy navy navy navy black black black", "product_url": "https://i.pinimg.com", "thumbnail_url": ["http://d1q9qhpdr6ehzh.cloudfront.net/thumbnail/66af35c27a1796984932d13289e91ea0"], "chatbot_image": null, "unique_id": "0be2c90228bb47419197efd103b89509", "trending_score": "0.0", "price": 100.0, "discounted_price": 0.0, "currency": "INR", "product_code": "6164", "affinity_score": 0.0, "brand": "asos", "store": "v_website_demo", "streamoid_urls": null}, {"title": "Scarlett & Jo Marilyn Float Sleeve Dress", "gender": "women", "category": "dresses", "color": null, "product_url": "https://www.bonmarche.co.uk/dresses/scarlett-and-jo-marilyn-float-sleeve-dress-750038.html?dwvar_750038_color=44&cgid=womens-dresses", "thumbnail_url": ["http://d1q9qhpdr6ehzh.cloudfront.net/d59f6d440000fa657126516cb000ecce"], "chatbot_image": "https://www.bonmarche.co.uk/dw/image/v2/BBCZ_PRD/on/demandware.static/-/Sites-master-catalog-bonmarche/default/dw5b38eca7/zoom/75/75003844_alt1.jpg?sw=500,https://www.bonmarche.co.uk/dw/image/v2/BBCZ_PRD/on/demandware.static/-/Sites-master-catalog-bonmarche/default/dw7d79a303/zoom/75/75003844_alt3.jpg?sw=500,https://www.bonmarche.co.uk/dw/image/v2/BBCZ_PRD/on/demandware.static/-/Sites-master-catalog-bonmarche/default/dwd48948cf/zoom/75/75003844_alt2.jpg?sw=500", "unique_id": "2b3d4cbe82a74669a23cecb117d4f238", "trending_score": "0.0", "price": 85.0, "discounted_price": 0.0, "currency": "GBP", "product_code": "2b3d4cbe82a74669a23cecb117d4f238", "affinity_score": 0.0, "brand": "v_bonmarche_uk_usc", "store": "v_bonmarche_uk_usc", "streamoid_urls": null}, {"title": "Wrap Front Ribbon Dress", "gender": "women", "category": "dresses", "color": null, "product_url": "https://www.bonmarche.co.uk/dresses/wrap-front-ribbon-dress-031521.html?dwvar_031521_size=010&dwvar_031521_color=62", "thumbnail_url": ["http://d1q9qhpdr6ehzh.cloudfront.net/1ddfcfccedd3aa5e410cea295e03ec98"], "chatbot_image": "https://www.bonmarche.co.uk/dw/image/v2/BBCZ_PRD/on/demandware.static/-/Sites-master-catalog-bonmarche/default/dwc57b84e4/zoom/03/03152162_alt1.jpg?sw=500,https://www.bonmarche.co.uk/dw/image/v2/BBCZ_PRD/on/demandware.static/-/Sites-master-catalog-bonmarche/default/dw715469a6/zoom/03/03152162_alt3.jpg?sw=500,https://www.bonmarche.co.uk/dw/image/v2/BBCZ_PRD/on/demandware.static/-/Sites-master-catalog-bonmarche/default/dwac0d09f5/zoom/03/03152162_alt2.jpg?sw=500", "unique_id": "025d32f9e950481a8d82e046a962da64", "trending_score": "0.0", "price": 30.0, "discounted_price": 0.0, "currency": "GBP", "product_code": "025d32f9e950481a8d82e046a962da64", "affinity_score": 0.0, "brand": "v_bonmarche_uk_usc", "store": "v_bonmarche_uk_usc", "streamoid_urls": null}, {"title": "Wrap Front Ribbon Dress", "gender": "women", "category": "dresses", "color": null, "product_url": "https://www.bonmarche.co.uk/dresses/wrap-front-ribbon-dress-031601.html?dwvar_031601_size=010&dwvar_031601_color=44", "thumbnail_url": ["http://d1q9qhpdr6ehzh.cloudfront.net/f5366ede6ef3bf26834ec92827b0c445"], "chatbot_image": "https://www.bonmarche.co.uk/dw/image/v2/BBCZ_PRD/on/demandware.static/-/Sites-master-catalog-bonmarche/default/dw7e0af32e/zoom/03/03160144_alt1.jpg?sw=500,https://www.bonmarche.co.uk/dw/image/v2/BBCZ_PRD/on/demandware.static/-/Sites-master-catalog-bonmarche/default/dw29f6021a/zoom/03/03160144_alt3.jpg?sw=500,https://www.bonmarche.co.uk/dw/image/v2/BBCZ_PRD/on/demandware.static/-/Sites-master-catalog-bonmarche/default/dw65d48de6/zoom/03/03160144_alt2.jpg?sw=500", "unique_id": "48af0a5ab4c4458f95ae26743d48cd37", "trending_score": "0.0", "price": 60.0, "discounted_price": 0.0, "currency": "GBP", "product_code": "48af0a5ab4c4458f95ae26743d48cd37", "affinity_score": 0.0, "brand": "v_bonmarche_uk_usc", "store": "v_bonmarche_uk_usc", "streamoid_urls": null}, {"title": "Scarlett & Jo Floral Angel Sleeve Mesh Midi Dress", "gender": "women", "category": "dresses", "color": null, "product_url": "https://www.bonmarche.co.uk/dresses/scarlett-and-jo-floral-angel-sleeve-mesh-midi-dress-750015.html?dwvar_750015_color=53&cgid=womens-dresses", "thumbnail_url": ["http://d1q9qhpdr6ehzh.cloudfront.net/97e8a6cdd39be2aeb23a976c07440c57"], "chatbot_image": "https://www.bonmarche.co.uk/dw/image/v2/BBCZ_PRD/on/demandware.static/-/Sites-master-catalog-bonmarche/default/dw4e7ff3a7/zoom/75/75001553_alt1.jpg?sw=500,https://www.bonmarche.co.uk/dw/image/v2/BBCZ_PRD/on/demandware.static/-/Sites-master-catalog-bonmarche/default/dw345bd61f/zoom/75/75001553_alt3.jpg?sw=500,https://www.bonmarche.co.uk/dw/image/v2/BBCZ_PRD/on/demandware.static/-/Sites-master-catalog-bonmarche/default/dw2327f496/zoom/75/75001553_alt2.jpg?sw=500", "unique_id": "f506984834de496882cddbdec9d1305f", "trending_score": "0.0", "price": 75.0, "discounted_price": 0.0, "currency": "GBP", "product_code": "f506984834de496882cddbdec9d1305f", "affinity_score": 0.0, "brand": "v_bonmarche_uk_usc", "store": "v_bonmarche_uk_usc", "streamoid_urls": null}, {"title": "Printed Jersey Maxi Dress", "gender": "women", "category": "dresses", "color": null, "product_url": "https://www.bonmarche.co.uk/dresses/printed-jersey-maxi-dress-031610.html?dwvar_031610_color=69&cgid=womens-dresses", "thumbnail_url": ["http://d1q9qhpdr6ehzh.cloudfront.net/5f16fbb2c6ed258118eadba371914a73"], "chatbot_image": "https://www.bonmarche.co.uk/dw/image/v2/BBCZ_PRD/on/demandware.static/-/Sites-master-catalog-bonmarche/default/dw73d5359d/zoom/03/03161069_alt1.jpg?sw=500,https://www.bonmarche.co.uk/dw/image/v2/BBCZ_PRD/on/demandware.static/-/Sites-master-catalog-bonmarche/default/dwb7fd5987/zoom/03/03161069_alt3.jpg?sw=500,https://www.bonmarche.co.uk/dw/image/v2/BBCZ_PRD/on/demandware.static/-/Sites-master-catalog-bonmarche/default/dw536923c3/zoom/03/03161069_alt2.jpg?sw=500", "unique_id": "69535f0c6afb4bc49e5101e90813e9ce", "trending_score": "0.0", "price": 20.0, "discounted_price": 0.0, "currency": "GBP", "product_code": "69535f0c6afb4bc49e5101e90813e9ce", "affinity_score": 0.0, "brand": "v_bonmarche_uk_usc", "store": "v_bonmarche_uk_usc", "streamoid_urls": null}, {"title": "Ditsy Floral Frill Hem Sundress", "gender": "women", "category": "dresses", "color": null, "product_url": "https://www.bonmarche.co.uk/swim-and-beachwear/ditsy-floral-frill-hem-sundress-171633.html?dwvar_171633_color=69&cgid=womens-swimwear", "thumbnail_url": ["http://d1q9qhpdr6ehzh.cloudfront.net/7a83b00e4f334418866b4a2d6b4ca61b"], "chatbot_image": "https://www.bonmarche.co.uk/dw/image/v2/BBCZ_PRD/on/demandware.static/-/Sites-master-catalog-bonmarche/default/dwb1f4279c/zoom/17/17163369_alt1.jpg?sw=500,https://www.bonmarche.co.uk/dw/image/v2/BBCZ_PRD/on/demandware.static/-/Sites-master-catalog-bonmarche/default/dwc97a6f70/zoom/17/17163369_alt3.jpg?sw=500,https://www.bonmarche.co.uk/dw/image/v2/BBCZ_PRD/on/demandware.static/-/Sites-master-catalog-bonmarche/default/dwc61c89ee/zoom/17/17163369_alt2.jpg?sw=500", "unique_id": "0c0517f2b95f42f8b6d8fa3ab93c9129", "trending_score": "0.0", "price": 15.0, "discounted_price": 0.0, "currency": "GBP", "product_code": "0c0517f2b95f42f8b6d8fa3ab93c9129", "affinity_score": 0.0, "brand": "v_bonmarche_uk_usc", "store": "v_bonmarche_uk_usc", "streamoid_urls": null}, {"title": "Floral Scatter Frill Hem Sundress", "gender": "women", "category": "dresses", "color": null, "product_url": "https://www.bonmarche.co.uk/swim-and-beachwear/floral-scatter-frill-hem-sundress-171824.html?dwvar_171824_color=69&cgid=womens-swimwear-beach-cover-ups", "thumbnail_url": ["http://d1q9qhpdr6ehzh.cloudfront.net/4c0d262b264cfee3078b9ab865f150c0"], "chatbot_image": "https://www.bonmarche.co.uk/dw/image/v2/BBCZ_PRD/on/demandware.static/-/Sites-master-catalog-bonmarche/default/dwa89747b5/zoom/17/17182469_alt1.jpg?sw=150,https://www.bonmarche.co.uk/dw/image/v2/BBCZ_PRD/on/demandware.static/-/Sites-master-catalog-bonmarche/default/dw1f618e5a/zoom/17/17182469_default.jpg?sw=150,https://www.bonmarche.co.uk/dw/image/v2/BBCZ_PRD/on/demandware.static/-/Sites-master-catalog-bonmarche/default/dwc0aee28a/zoom/17/17182469_alt2.jpg?sw=150,https://www.bonmarche.co.uk/dw/image/v2/BBCZ_PRD/on/demandware.static/-/Sites-master-catalog-bonmarche/default/dw27de7185/zoom/17/17182469_alt3.jpg?sw=150", "unique_id": "bd24acd5b9b1464e93b91e70e3ec3b66", "trending_score": "0.0", "price": 15.0, "discounted_price": 15.0, "currency": "INR", "product_code": "4c0d262b264cfee3078b9ab865f150c0_bonmarche_co_uk", "affinity_score": 0.0, "brand": null, "store": "bonmarche_co_uk", "streamoid_urls": null}, {"title": "Maternity Button Front Ditsy Floral Nightie", "gender": "women", "category": "dresses", "color": "multicolor gray gray gray gray gray gray black black black", "product_url": "https://www.boohoo.com/maternity-button-front-ditsy-floral-nightie/BZZ45302.html", "thumbnail_url": ["http://d1q9qhpdr6ehzh.cloudfront.net/4559e274d062140f4e99fed080dbbd46"], "chatbot_image": "https://media.boohoo.com/i/boohoo/bzz45302_white_xl/womens-sky-maternity-button-front-ditsy-floral-nightie?%24product_page_main_magic_zoom%24%201x,%20//media.boohoo.com/i/boohoo/bzz45302_white_xl/womens-sky-maternity-button-front-ditsy-floral-nightie?%24product_page_main_magic_zoom_2x%24%202x,%20//media.boohoo.com/i/boohoo/bzz45302_white_xl/womens-sky-maternity-button-front-ditsy-floral-nightie?%24product_page_main_magic_zoom_3x%24%203x,https://media.boohoo.com/i/boohoo/bzz45302_white_xl_1/sky-maternity-button-front-ditsy-floral-nightie?%24product_page_main_magic_zoom%24,https://media.boohoo.com/i/boohoo/bzz45302_white_xl_2/sky-maternity-button-front-ditsy-floral-nightie?%24product_page_main_magic_zoom%24,https://media.boohoo.com/i/boohoo/bzz45302_white_xl_3/sky-maternity-button-front-ditsy-floral-nightie?%24product_page_main_magic_zoom%24", "unique_id": "179419eb3f8e4e5890d12f2e94b9cb90", "trending_score": "0.0", "price": 14.4, "discounted_price": 14.4, "currency": "INR", "product_code": "4559e274d062140f4e99fed080dbbd46_boohoo_com", "affinity_score": 0.0, "brand": null, "store": "boohoo_com", "streamoid_urls": null}, {"title": "Floral Tiered Skirt Dress", "gender": "women", "category": "dresses", "color": null, "product_url": "https://www.bonmarche.co.uk/dresses/floral-tiered-skirt-dress-171433.html?dwvar_171433_color=31&cgid=womens-dresses", "thumbnail_url": ["http://d1q9qhpdr6ehzh.cloudfront.net/e959f3bd8417c50837feb46243c94b8d"], "chatbot_image": "https://www.bonmarche.co.uk/dw/image/v2/BBCZ_PRD/on/demandware.static/-/Sites-master-catalog-bonmarche/default/dw7a135d18/zoom/17/17143331_alt1.jpg?sw=500,https://www.bonmarche.co.uk/dw/image/v2/BBCZ_PRD/on/demandware.static/-/Sites-master-catalog-bonmarche/default/dwaab10c49/zoom/17/17143331_alt3.jpg?sw=500,https://www.bonmarche.co.uk/dw/image/v2/BBCZ_PRD/on/demandware.static/-/Sites-master-catalog-bonmarche/default/dw1eef965c/zoom/17/17143331_alt2.jpg?sw=500", "unique_id": "b45cf107e3c84479ac81a227b0084305", "trending_score": "0.0", "price": 22.0, "discounted_price": 0.0, "currency": "GBP", "product_code": "b45cf107e3c84479ac81a227b0084305", "affinity_score": 0.0, "brand": "v_bonmarche_uk_usc", "store": "v_bonmarche_uk_usc", "streamoid_urls": null}, {"title": "Floral Burst Frill Hem Sundress", "gender": "women", "category": "dresses", "color": null, "product_url": "https://www.bonmarche.co.uk/swim-and-beachwear/floral-burst-frill-hem-sundress-171640.html?dwvar_171640_color=03&cgid=womens-dresses", "thumbnail_url": ["http://d1q9qhpdr6ehzh.cloudfront.net/9b1873448c26129e6ba0532599c7c474"], "chatbot_image": "https://www.bonmarche.co.uk/dw/image/v2/BBCZ_PRD/on/demandware.static/-/Sites-master-catalog-bonmarche/default/dw40468b26/zoom/17/17164003_alt1.jpg?sw=500,https://www.bonmarche.co.uk/dw/image/v2/BBCZ_PRD/on/demandware.static/-/Sites-master-catalog-bonmarche/default/dw3f61d9e7/zoom/17/17164003_alt3.jpg?sw=500,https://www.bonmarche.co.uk/dw/image/v2/BBCZ_PRD/on/demandware.static/-/Sites-master-catalog-bonmarche/default/dw3530d5ba/zoom/17/17164003_alt2.jpg?sw=500", "unique_id": "39b5afb0b76a4699865db1b2d4cea765", "trending_score": "0.0", "price": 15.0, "discounted_price": 0.0, "currency": "GBP", "product_code": "39b5afb0b76a4699865db1b2d4cea765", "affinity_score": 0.0, "brand": "v_bonmarche_uk_usc", "store": "v_bonmarche_uk_usc", "streamoid_urls": null}], "debug": {"qrm": "", "query_without_qrm": "floral dresses", "solr_query": "( ( ( (meta_print_type:\"millefleur\")^10 OR (meta_print_type:\"botanic\")^8 OR (meta_print_type:\"floral\")^10 OR (meta_print_type:\"other-floral\")^9 OR (meta_print_type:\"other-floral\")^10 OR (meta_print_type:\"other-flora\")^8 ) ) AND ( ( (meta_comprehensive_category:\"dresses\") ) ) )^1 ", "graph": [[[{"print_type": ["millefleur^10", "botanic^8", "floral^10", "other-floral^9", "other-floral^10", "other-flora^8"]}, {"category": ["dresses"]}]]], "spell_corrected_query": "", "filter": [], "explicit_text": null, "fq": ["availability:1"]}, "numFound": 51, "facets": {"Collar Type": {}, "Ethnicity": {"western": 51}, "Fastening": {"none": 28, "unknown": 17, "buckle_at_waist": 3, "elastic_at_front": 1, "tie_at_back": 1, "tie_at_side": 1, "twist-closure_at_front": 1, "zip_at_back": 1}, "Fit": {"unknown": 27, "regular": 16, "flared": 3, "loose": 1}, "Hemline Length": {"knee": 22, "mid-thigh": 8, "midcalf": 8, "full-length": 5, "above-ankle": 3, "below-knee": 2, "above-knee": 1, "ankle": 1, "upper-thigh": 1}, "Material": {"unknown": 19, "fabric": 14, "blended": 5, "polyester": 5, "down": 4, "mesh": 4, "chiffon": 3, "lace": 2, "denim": 1, "elastane": 1, "glass": 1, "tulle": 1}, "Neck Type": {}, "Primary Fibre": {"unknown": 31, "viscose": 7, "polyester": 5, "cotton": 2, "linen": 1, "silk": 1}, "Print Type": {"floral": 27, "other-floral": 23, "other-flora": 1}, "Shoulder Type": {"regular": 25, "spaghetti-straps": 13, "other-straps": 4, "one": 3, "extended": 2, "cold": 1, "dropped": 1, "off": 1, "tank-straps": 1}, "Silhouette": {"a-line": 15, "straight": 13, "fit-and-flare": 8, "balloon-and-flare": 4, "sheath": 4, "trumpet": 3, "tent": 2, "trapeze": 2}, "Sleeve Length": {"sleeveless": 24, "half": 11, "full": 9, "cap": 4, "three-fourth": 2, "below-elbow": 1}, "Treatment": {"ripped": 17, "unknown": 10, "twisted": 9, "crinkled": 3, "tie-dye": 3, "batik": 1, "brushed": 1, "coated": 1, "ombre": 1, "other-wash": 1}, "Type": {"a-line": 7, "fit-and-flare": 5, "maxi": 5, "wrap": 5, "midi": 4, "mini": 3, "unknown": 3, "bodycon": 2, "lace": 2, "sheath": 2, "slip": 2, "t-shirt": 2, "asymmetric": 1, "blouson": 1, "caftan": 1, "off-shoulder": 1, "prairie": 1, "sheer": 1, "shift": 1, "shirt": 1, "tiered": 1}, "Color": {"navy": 5, "black": 4, "blue": 4, "mauve": 4, "red": 4, "beige": 3, "magenta": 3, "turquoise": 3, "yellow": 3, "multi": 2, "silver": 2, "copper": 1, "cream": 1, "dark-brown": 1, "gold": 1, "gray": 1, "green": 1, "lavender": 1, "light-blue": 1, "maroon": 1, "mustard": 1, "nude": 1, "orange": 1, "pink": 1, "white": 1}, "Neck Shape": {"round": 23, "v": 18, "square": 5, "straight": 2, "u": 2, "none": 1}, "Neck Style": {"basic": 28, "surplice": 6, "sweetheart": 5, "asymmetric": 3, "mock": 2, "split": 2, "boat": 1, "cowl": 1, "halter": 1, "shirt-collar": 1, "turtle": 1}, "gender": {"women": 51}, "category": {"dresses": 51}, "occasion type": {"elevated": 25, "beachwear": 15, "everyday": 6, "party": 4, "loungewear": 1}, "Workindustry": {}, "Age": {}, "neck": {}, "arms": {}, "waist": {}, "stomach": {}, "shoulder": {}, "brand": {"v_bonmarche_uk_usc": 19, "forever21": 6, "DRIES VAN NOTEN": 4, "yours clothing": 3, "ALICE + OLIVIA": 2, "SELF-PORTRAIT": 2, "3.1 PHILLIP LIM": 1, "AMIRI": 1, "EQUIPMENT": 1, "JONATHAN LIANG": 1, "MAGGIE MARILYN": 1, "PRADA": 1, "RHODE RESORT": 1, "ROKSANDA": 1, "THOM BROWNE": 1, "asos": 1}, "sub_brand": {"forever21": 6}, "Department": {"regular": 47, "maternity": 3, "plus-size": 1}, "activity": {"leisure-holiday": 23, "date-night": 21, "social-outing": 21, "unknown": 21, "brunch": 17, "high-street-look": 17, "cocktail-party": 4, "dinner-party": 4, "hang-outs": 4, "girls-night-out": 3, "concert": 2, "wedding": 2}}, "isFashionQuery": true, "spell_corrected_query": "", "final_query": "", "message": ""}