{"products": [{"title": "Sheer knit turtleneck sleeveless maxi dress", "gender": "women", "category": "dresses", "color": "black black black black black black black black black black", "product_url": "https://www.lanecrawford.com/pdp/AUE244", "thumbnail_url": ["http://d1q9qhpdr6ehzh.cloudfront.net/f915d4fcfc298e2c0ad06b77018c64ef"], "chatbot_image": "http://media.lanecrawford.com/A/U/E/AUE244_in_xl.jpg,http://media.lanecrawford.com/A/U/E/AUE244_fr_xl.jpg,http://media.lanecrawford.com/A/U/E/AUE244_bk_xl.jpg,http://media.lanecrawford.com/A/U/E/AUE244_4_xl.jpg", "unique_id": "0934dd43f6c34096ad93b5b630067b79", "trending_score": "0.0", "price": 1450.0, "discounted_price": 435.0, "currency": "HKD", "product_code": "AUE244", "affinity_score": 0.0, "brand": "M\u00c3\u0084RCHEN", "store": "v_lane_crawford", "streamoid_urls": null}, {"title": "Sheer Mesh Floral Dress", "gender": "women", "category": "dresses", "color": "cream cream cream cream cream cream pearl pearl pearl white", "product_url": "https://www.forever21.in/p/sheer-mesh-floral-dress-323269.html", "thumbnail_url": ["http://d1q9qhpdr6ehzh.cloudfront.net/2bff67790fbe8a0380e5a51b59c87f5c"], "chatbot_image": "https://forever21.imgix.net/img/app/product/3/323269-1519137-large.jpg,https://forever21.imgix.net/img/app/product/3/323269-1519138-large.jpg,https://forever21.imgix.net/img/app/product/3/323269-1519139-large.jpg,https://forever21.imgix.net/img/app/product/3/323269-1519140-large.jpg,https://forever21.imgix.net/img/app/product/3/323269-1519136.jpg", "unique_id": "2b84e81a73484314b4b88b0da0ac3fd5", "trending_score": "0.0", "price": 1049.0, "discounted_price": 1049.0, "currency": "INR", "product_code": "323269", "affinity_score": 0.0, "brand": "forever21", "store": "v_forever21", "streamoid_urls": null}, {"title": "Bodycon Mock Neck Dress", "gender": "women", "category": "dresses", "color": "green green green green green green seaweed seaweed seaweed seaweed", "product_url": "https://www.forever21.in/p/bodycon-mock-neck-dress-323975.html", "thumbnail_url": ["http://d1q9qhpdr6ehzh.cloudfront.net/44e82207214290fada969709b81fee37"], "chatbot_image": "https://forever21.imgix.net/img/app/product/3/323975-1521354-large.jpg,https://forever21.imgix.net/img/app/product/3/323975-1521355-large.jpg,https://forever21.imgix.net/img/app/product/3/323975-1521356-large.jpg,https://forever21.imgix.net/img/app/product/3/323975-1521357-large.jpg,https://forever21.imgix.net/img/app/product/3/323975-1521353.jpg", "unique_id": "41d1a406555548b5a323f0f32d980ba5", "trending_score": "0.0", "price": 1149.0, "discounted_price": 1149.0, "currency": "INR", "product_code": "323975", "affinity_score": 0.0, "brand": "forever21", "store": "v_forever21", "streamoid_urls": null}, {"title": "Bodycon Mock Neck Dress", "gender": "women", "category": "dresses", "color": "yellow yellow yellow yellow yellow yellow camel camel camel camel", "product_url": "https://www.forever21.in/p/bodycon-mock-neck-dress-323930.html", "thumbnail_url": ["http://d1q9qhpdr6ehzh.cloudfront.net/372bfef6e7fec598163dfd0dd73ad236"], "chatbot_image": "https://forever21.imgix.net/img/app/product/3/323930-1521210-large.jpg,https://forever21.imgix.net/img/app/product/3/323930-1521211-large.jpg,https://forever21.imgix.net/img/app/product/3/323930-1521212-large.jpg,https://forever21.imgix.net/img/app/product/3/323930-1521213-large.jpg,https://forever21.imgix.net/img/app/product/3/323930-1521209.jpg", "unique_id": "ed8af35250f7454db41ee3ad56421d1a", "trending_score": "0.0", "price": 1149.0, "discounted_price": 1149.0, "currency": "INR", "product_code": "323930", "affinity_score": 0.0, "brand": "forever21", "store": "v_forever21", "streamoid_urls": null}, {"title": "Bodycon Mock Neck Dress", "gender": "women", "category": "dresses", "color": "maroon maroon maroon maroon maroon maroon wine wine wine wine", "product_url": "https://www.forever21.in/p/bodycon-mock-neck-dress-324022.html", "thumbnail_url": ["http://d1q9qhpdr6ehzh.cloudfront.net/1a6c9885c27ff1a094f087fb0c29e736"], "chatbot_image": "https://forever21.imgix.net/img/app/product/3/324022-1521505-large.jpg,https://forever21.imgix.net/img/app/product/3/324022-1521506-large.jpg,https://forever21.imgix.net/img/app/product/3/324022-1521507-large.jpg,https://forever21.imgix.net/img/app/product/3/324022-1521508-large.jpg,https://forever21.imgix.net/img/app/product/3/324022-1521504.jpg", "unique_id": "445b29c6e4be4a149246d7db1265c899", "trending_score": "0.0", "price": 1149.0, "discounted_price": 1149.0, "currency": "INR", "product_code": "324022", "affinity_score": 0.0, "brand": "forever21", "store": "v_forever21", "streamoid_urls": null}, {"title": "Ribbed Lace-Up Back Dress", "gender": "women", "category": "dresses", "color": "olive olive olive olive olive olive khaki khaki khaki khaki", "product_url": "https://www.forever21.in/p/ribbed-lace-up-back-dress-322918.html", "thumbnail_url": ["http://d1q9qhpdr6ehzh.cloudfront.net/26f87c6887f74e965a9050e1e971aea2"], "chatbot_image": "https://forever21.imgix.net/img/app/product/3/322918-1615794-large.jpg,https://forever21.imgix.net/img/app/product/3/322918-1615795-large.jpg,https://forever21.imgix.net/img/app/product/3/322918-1615796-large.jpg,https://forever21.imgix.net/img/app/product/3/322918-1615797-large.jpg,https://forever21.imgix.net/img/app/product/3/322918-1615793.jpg", "unique_id": "d3ccee67453145499730da0e006beea7", "trending_score": "0.0", "price": 1599.0, "discounted_price": 1599.0, "currency": "INR", "product_code": "322918", "affinity_score": 0.0, "brand": "forever21", "store": "v_forever21", "streamoid_urls": null}, {"title": "Sheer Mesh Floral Dress", "gender": "women", "category": "dresses", "color": "multicolor navy navy navy navy navy navy white white navy", "product_url": "https://www.forever21.in/p/sheer-mesh-floral-dress-323315.html", "thumbnail_url": ["http://d1q9qhpdr6ehzh.cloudfront.net/e6eff591681d8a64ebc9d86b06e6574f"], "chatbot_image": "https://forever21.imgix.net/img/app/product/3/323315-1519280-large.jpg,https://forever21.imgix.net/img/app/product/3/323315-1519281-large.jpg,https://forever21.imgix.net/img/app/product/3/323315-1519282-large.jpg,https://forever21.imgix.net/img/app/product/3/323315-1519283-large.jpg,https://forever21.imgix.net/img/app/product/3/323315-1519279.jpg", "unique_id": "b94d30ff84ea4cfbb7e5ba5a6641ebe2", "trending_score": "0.0", "price": 1049.0, "discounted_price": 1049.0, "currency": "INR", "product_code": "323315", "affinity_score": 0.0, "brand": "forever21", "store": "v_forever21", "streamoid_urls": null}, {"title": "Ribbed Lace-Up Bodycon Dress", "gender": "women", "category": "dresses", "color": "black black black black black black black black black black", "product_url": "https://www.forever21.in/p/ribbed-lace-up-bodycon-dress-323204.html", "thumbnail_url": ["http://d1q9qhpdr6ehzh.cloudfront.net/cc48809c16b0f4fa5ab4318ec0bc3833"], "chatbot_image": "https://forever21.imgix.net/img/app/product/3/323204-1626172-large.jpg,https://forever21.imgix.net/img/app/product/3/323204-1626173-large.jpg,https://forever21.imgix.net/img/app/product/3/323204-1626174-large.jpg,https://forever21.imgix.net/img/app/product/3/323204-1626175-large.jpg,https://forever21.imgix.net/img/app/product/3/323204-1626171.jpg", "unique_id": "42220b1532ff44e4b99326d25cc20c52", "trending_score": "0.0", "price": 1699.0, "discounted_price": 1699.0, "currency": "INR", "product_code": "323204", "affinity_score": 0.0, "brand": "forever21", "store": "v_forever21", "streamoid_urls": null}, {"title": "'Finley' puff ombre detail mini dress", "gender": "women", "category": "dresses", "color": "black black black black black black black black black black", "product_url": "https://www.lanecrawford.com/pdp/AUU435", "thumbnail_url": ["http://d1q9qhpdr6ehzh.cloudfront.net/59e94e687d5acbda47b05a5232452c22"], "chatbot_image": "http://media.lanecrawford.com/A/U/U/AUU435_in_xl.jpg,http://media.lanecrawford.com/A/U/U/AUU435_bk_xl.jpg,http://media.lanecrawford.com/A/U/U/AUU435_4_xl.jpg,http://media.lanecrawford.com/A/U/U/AUU435_ro_xl.jpg", "unique_id": "0c5d129aae92486ba0a7ecb7dfbc2d9b", "trending_score": "0.0", "price": 4300.0, "discounted_price": 4300.0, "currency": "HKD", "product_code": "AUU435", "affinity_score": 0.0, "brand": "SOLACE LONDON", "store": "v_lane_crawford", "streamoid_urls": null}, {"title": "Ribbed Knit Bodycon Dress", "gender": "women", "category": "dresses", "color": "red red red red red red coral coral coral coral", "product_url": "https://www.forever21.in/p/ribbed-knit-bodycon-dress-323423.html", "thumbnail_url": ["http://d1q9qhpdr6ehzh.cloudfront.net/e029e78e2672633ee5da25492391c299"], "chatbot_image": "https://forever21.imgix.net/img/app/product/3/323423-1607090-large.jpg,https://forever21.imgix.net/img/app/product/3/323423-1607091-large.jpg,https://forever21.imgix.net/img/app/product/3/323423-1607092-large.jpg,https://forever21.imgix.net/img/app/product/3/323423-1607093-large.jpg,https://forever21.imgix.net/img/app/product/3/323423-1607089.jpg", "unique_id": "e9fa970c403e4d32a3995f84a858fd96", "trending_score": "0.0", "price": 949.0, "discounted_price": 949.0, "currency": "INR", "product_code": "323423", "affinity_score": 0.0, "brand": "forever21", "store": "v_forever21", "streamoid_urls": null}, {"title": "Varsity-Striped T-Shirt Dress", "gender": "women", "category": "dresses", "color": "red red red red red red crimson red crimson red crimson red crimson red", "product_url": "https://www.forever21.in/p/varsity-striped-t-shirt-dress-323645.html", "thumbnail_url": ["http://d1q9qhpdr6ehzh.cloudfront.net/cd17981d11ba123fa9fc4e5b3707772e"], "chatbot_image": "https://forever21.imgix.net/img/app/product/3/323645-1520333-large.jpg,https://forever21.imgix.net/img/app/product/3/323645-1520334-large.jpg,https://forever21.imgix.net/img/app/product/3/323645-1520335-large.jpg,https://forever21.imgix.net/img/app/product/3/323645-1520336-large.jpg,https://forever21.imgix.net/img/app/product/3/323645-1520332.jpg", "unique_id": "5b3ac3b210564444bb41b263846b58f0", "trending_score": "0.0", "price": 949.0, "discounted_price": 949.0, "currency": "INR", "product_code": "323645", "affinity_score": 0.0, "brand": "forever21", "store": "v_forever21", "streamoid_urls": null}, {"title": "Ribbed Knit Bodycon Dress", "gender": "women", "category": "dresses", "color": "black black black black black black charcoal gray charcoal gray charcoal gray charcoal gray", "product_url": "https://www.forever21.in/p/ribbed-knit-bodycon-dress-323375.html", "thumbnail_url": ["http://d1q9qhpdr6ehzh.cloudfront.net/913737e1c53f4e0597b694adbf208cc1"], "chatbot_image": "https://forever21.imgix.net/img/app/product/3/323375-1607085-large.jpg,https://forever21.imgix.net/img/app/product/3/323375-1607086-large.jpg,https://forever21.imgix.net/img/app/product/3/323375-1607087-large.jpg,https://forever21.imgix.net/img/app/product/3/323375-1607088-large.jpg,https://forever21.imgix.net/img/app/product/3/323375-1607084.jpg", "unique_id": "b5a9ea6d9dbd4147a74ac5eedfffa2a8", "trending_score": "0.0", "price": 949.0, "discounted_price": 949.0, "currency": "INR", "product_code": "323375", "affinity_score": 0.0, "brand": "forever21", "store": "v_forever21", "streamoid_urls": null}], "debug": {"qrm": "", "query_without_qrm": "bodycon dresses", "solr_query": "( ( ( (alias:\"bodycon\") ) OR ( (meta_type:\"bodycon\")^10 ) ) AND ( ( (meta_comprehensive_category:\"dresses\") ) ) )^1 ", "graph": [[[{"alias": ["bodycon"], "type": ["bodycon^10"]}, {"category": ["dresses"]}]]], "query_without_stopwords": "", "spell_corrected_query": "", "filter": [], "explicit_text": null, "fq": ["availability:1"]}, "numFound": 12, "facets": {"Collar Type": {}, "Ethnicity": {"western": 12}, "Fastening": {"none": 8, "unknown": 2, "lace-up_at_back": 1, "lace-up_at_side": 1}, "Fit": {"unknown": 12}, "Hemline Length": {"mid-thigh": 4, "above-knee": 2, "below-knee": 2, "upper-thigh": 2, "above-ankle": 1, "knee": 1}, "Material": {"unknown": 10, "mesh": 2}, "Neck Type": {}, "Primary Fibre": {"unknown": 12}, "Print Type": {"solid": 8, "other-floral": 2, "colour-block": 1, "other-stripes": 1}, "Shoulder Type": {"regular": 8, "tank-straps": 2, "bare": 1, "one": 1}, "Silhouette": {"sheath": 12}, "Sleeve Length": {"full": 5, "sleeveless": 3, "cap": 1, "extended": 1, "half": 1, "short": 1}, "Treatment": {"unknown": 10, "ripped": 2}, "Type": {"bodycon": 12}, "Color": {"black": 4, "red": 2, "cream": 1, "green": 1, "maroon": 1, "navy": 1, "olive": 1, "yellow": 1}, "Neck Shape": {"round": 5, "none": 4, "square": 2, "v": 1}, "Neck Style": {"basic": 4, "mock": 4, "asymmetric": 1, "crew": 1, "halter": 1, "spread": 1}, "gender": {"women": 12}, "category": {"dresses": 12}, "occasion type": {"everyday": 7, "elevated": 4, "party": 1}, "Workindustry": {}, "Age": {}, "neck": {}, "arms": {}, "waist": {}, "stomach": {}, "shoulder": {}, "brand": {"forever21": 10, "M\u00c3\u0084RCHEN": 1, "SOLACE LONDON": 1}, "sub_brand": {"forever21": 10}, "Department": {"regular": 12}, "activity": {"leisure-holiday": 11, "hang-outs": 7, "airport-look": 4, "college-look": 4, "date-night": 4, "social-outing": 4, "high-street-look": 3, "anniversary": 2, "brunch": 2, "concert": 2, "clubbing": 1, "cocktail-party": 1, "dinner-party": 1, "girls-night-out": 1}}, "isFashionQuery": true, "spell_corrected_query": "", "query_without_stopwords": "", "final_query": "", "message": ""}