{"products": [{"title": "Contrast-Lined Bomber Jacket", "gender": "men", "category": "jackets", "color": "multicolor black black black black black black charcoal gray charcoal gray charcoal gray", "product_url": "https://www.forever21.in/p/contrast-lined-bomber-jacket-323173.html", "thumbnail_url": ["http://d1q9qhpdr6ehzh.cloudfront.net/5cd85a36cf785ffaf9a1d69ac2402cb1"], "chatbot_image": "https://forever21.imgix.net/img/app/product/3/323173-1518832-large.jpg,https://forever21.imgix.net/img/app/product/3/323173-1518833-large.jpg,https://forever21.imgix.net/img/app/product/3/323173-1518834-large.jpg,https://forever21.imgix.net/img/app/product/3/323173-1518835-large.jpg,https://forever21.imgix.net/img/app/product/3/323173-1518836-large.jpg,https://forever21.imgix.net/img/app/product/3/323173-1518837-large.jpg,https://forever21.imgix.net/img/app/product/3/323173-1518831.jpg", "unique_id": "1533aa1f7c5b40eea5a296e2eb3d8f0a", "trending_score": "0.0", "price": 2399.0, "discounted_price": 2399.0, "currency": "INR", "product_code": "323173", "affinity_score": 0.0, "brand": "forever21", "store": "v_forever21", "streamoid_urls": null}, {"title": "'Chloe' bomber jacket", "gender": "women", "category": "jackets", "color": "olive olive olive olive olive olive black black black black", "product_url": "https://www.lanecrawford.com/pdp/AUE542", "thumbnail_url": ["http://d1q9qhpdr6ehzh.cloudfront.net/c65ea79f2e16a570f51cbb1a2dcef60d"], "chatbot_image": "http://media.lanecrawford.com/A/U/E/AUE542_in_xl.jpg,http://media.lanecrawford.com/A/U/E/AUE542_bk_xl.jpg,http://media.lanecrawford.com/A/U/E/AUE542_ro_xl.jpg", "unique_id": "2ff1cc9b26084dffab6f070b02c7a7ae", "trending_score": "0.0", "price": 1450.0, "discounted_price": 580.0, "currency": "HKD", "product_code": "AUE542", "affinity_score": 0.0, "brand": "THE UPSIDE", "store": "v_lane_crawford", "streamoid_urls": null}, {"title": "jackets", "gender": "women", "category": "jackets", "color": "bronze bronze bronze bronze bronze bronze black black black chocolate", "product_url": "https://amazon.com", "thumbnail_url": ["http://d1q9qhpdr6ehzh.cloudfront.net/thumbnail/3d8bda2339caefe18302f2573e0b2ab7"], "chatbot_image": null, "unique_id": "92a442d681974ca58621ee23f3021f41", "trending_score": "0.0", "price": 100.0, "discounted_price": 0.0, "currency": "INR", "product_code": "6139", "affinity_score": 0.0, "brand": "asos", "store": "v_website_demo", "streamoid_urls": null}, {"title": "Stripe back bomber jacket", "gender": "men", "category": "jackets", "color": "light-gray light-gray light-gray light-gray light-gray light-gray gray gray gray gray", "product_url": "https://www.lanecrawford.com.cn/pdp/ARH756", "thumbnail_url": ["http://d1q9qhpdr6ehzh.cloudfront.net/3302ca126729d663f14694a7045a8c4c"], "chatbot_image": "http://media.lanecrawford.com.cn/A/R/H/ARH756_in_xl.jpg,http://media.lanecrawford.com.cn/A/R/H/ARH756_bk_xl.jpg,http://media.lanecrawford.com.cn/A/R/H/ARH756_4_xl.jpg,http://media.lanecrawford.com.cn/A/R/H/ARH756_ro_xl.jpg", "unique_id": "22b064084d4847128b978028d5f16b70", "trending_score": "0.0", "price": 10200.0, "discounted_price": 5100.0, "currency": "RMB", "product_code": "ARH756", "affinity_score": 0.0, "brand": "THOM BROWNE", "store": "v_lane_crawford", "streamoid_urls": null}, {"title": "Sheer lace back bomber jacket", "gender": "women", "category": "jackets", "color": "maroon maroon maroon maroon maroon maroon crimson red crimson red crimson red crimson red", "product_url": "https://www.lanecrawford.com/pdp/AUU089", "thumbnail_url": ["http://d1q9qhpdr6ehzh.cloudfront.net/079de47a4750f91c439bb2050b034b4a"], "chatbot_image": "http://media.lanecrawford.com/A/U/U/AUU089_in_xl.jpg,http://media.lanecrawford.com/A/U/U/AUU089_bk_xl.jpg,http://media.lanecrawford.com/A/U/U/AUU089_4_xl.jpg,http://media.lanecrawford.com/A/U/U/AUU089_ro_xl.jpg", "unique_id": "536e687893d146c9bdaabda5882c49b5", "trending_score": "0.0", "price": 4100.0, "discounted_price": 4100.0, "currency": "HKD", "product_code": "AUU089", "affinity_score": 0.0, "brand": "SELF-PORTRAIT", "store": "v_lane_crawford", "streamoid_urls": null}, {"title": "Reversible flame print bomber jacket", "gender": "men", "category": "jackets", "color": "dark-brown dark-brown dark-brown dark-brown dark-brown dark-brown black black black black", "product_url": "https://www.lanecrawford.com/pdp/ARA161", "thumbnail_url": ["http://d1q9qhpdr6ehzh.cloudfront.net/1d087c512eb2332f6b36332e125d0821"], "chatbot_image": "http://media.lanecrawford.com/A/R/A/ARA161_in_xl.jpg,http://media.lanecrawford.com/A/R/A/ARA161_bk_xl.jpg,http://media.lanecrawford.com/A/R/A/ARA161_4_xl.jpg,http://media.lanecrawford.com/A/R/A/ARA161_ro_xl.jpg", "unique_id": "0c1c504e1a3e4ec4aa8fd6c853eda1a6", "trending_score": "0.0", "price": 14000.0, "discounted_price": 5600.0, "currency": "HKD", "product_code": "ARA161", "affinity_score": 0.0, "brand": "NEIL BARRETT", "store": "v_lane_crawford", "streamoid_urls": null}, {"title": "Nylon fabric bomber jacket", "gender": "men", "category": "jackets", "color": "olive olive olive olive olive olive olive olive olive olive", "product_url": "https://www.lanecrawford.com.cn/pdp/ARO806", "thumbnail_url": ["http://d1q9qhpdr6ehzh.cloudfront.net/b73756eb87b37b6d6cd29a64bee6c4a7"], "chatbot_image": "http://media.lanecrawford.com.cn/A/R/O/ARO806_in_xl.jpg,http://media.lanecrawford.com.cn/A/R/O/ARO806_bk_xl.jpg,http://media.lanecrawford.com.cn/A/R/O/ARO806_4_xl.jpg,http://media.lanecrawford.com.cn/A/R/O/ARO806_ro_xl.jpg", "unique_id": "4a40254b050a4b9ea393eae5630b2195", "trending_score": "0.0", "price": 17700.0, "discounted_price": 12390.0, "currency": "RMB", "product_code": "ARO806", "affinity_score": 0.0, "brand": "BRUNELLO CUCINELLI", "store": "v_lane_crawford", "streamoid_urls": null}, {"title": "jackets", "gender": "men", "category": "jackets", "color": "olive olive olive olive olive olive black black black black", "product_url": "https://allonlinestore.in", "thumbnail_url": ["http://d1q9qhpdr6ehzh.cloudfront.net/thumbnail/a9e8c8a7ddba67d82f05a57cc1d856e8"], "chatbot_image": null, "unique_id": "9ae0320555db4a6c8227df2e907292d3", "trending_score": "0.0", "price": 100.0, "discounted_price": 0.0, "currency": "INR", "product_code": "6273", "affinity_score": 0.0, "brand": "all online store", "store": "v_website_demo", "streamoid_urls": null}, {"title": "Fishtail back paneled bomber jacket", "gender": "women", "category": "jackets", "color": "off-white off-white off-white off-white off-white off-white off white off white off white off white", "product_url": "https://www.lanecrawford.com/pdp/BKK805", "thumbnail_url": ["http://d1q9qhpdr6ehzh.cloudfront.net/1f3dce36d373f1537801a489706cc566"], "chatbot_image": "http://media.lanecrawford.com/B/K/K/BKK805_in_xl.jpg,http://media.lanecrawford.com/B/K/K/BKK805_bk_xl.jpg,http://media.lanecrawford.com/B/K/K/BKK805_4_xl.jpg,http://media.lanecrawford.com/B/K/K/BKK805_ro_xl.jpg", "unique_id": "42ed0498f11b4d71b851dfd449588141", "trending_score": "0.0", "price": 8100.0, "discounted_price": 8100.0, "currency": "HKD", "product_code": "BKK805", "affinity_score": 0.0, "brand": "SACAI", "store": "v_lane_crawford", "streamoid_urls": null}, {"title": "Boro patchwork bomber jacket", "gender": "men", "category": "jackets", "color": "blue blue blue blue blue blue indigo indigo indigo indigo", "product_url": "https://www.lanecrawford.com.cn/pdp/AQW392", "thumbnail_url": ["http://d1q9qhpdr6ehzh.cloudfront.net/3ce6a785f78f27cf0a37878007061cf8"], "chatbot_image": "http://media.lanecrawford.com.cn/A/Q/W/AQW392_in_xl.jpg,http://media.lanecrawford.com.cn/A/Q/W/AQW392_bk_xl.jpg,http://media.lanecrawford.com.cn/A/Q/W/AQW392_4_xl.jpg,http://media.lanecrawford.com.cn/A/Q/W/AQW392_ro_xl.jpg", "unique_id": "02cbfe70545d4f778315d23813dd2e7c", "trending_score": "0.0", "price": 6200.0, "discounted_price": 3100.0, "currency": "RMB", "product_code": "AQW392", "affinity_score": 0.0, "brand": "FDMTL", "store": "v_lane_crawford", "streamoid_urls": null}, {"title": "Padded sateen bomber jacket", "gender": "men", "category": "jackets", "color": "black black black black black black charcoal gray charcoal gray charcoal gray charcoal gray", "product_url": "https://www.lanecrawford.com/pdp/ARH255", "thumbnail_url": ["http://d1q9qhpdr6ehzh.cloudfront.net/aa92dd783d8157bd0f717f2b0bf23721"], "chatbot_image": "http://media.lanecrawford.com/A/R/H/ARH255_in_xl.jpg,http://media.lanecrawford.com/A/R/H/ARH255_bk_xl.jpg,http://media.lanecrawford.com/A/R/H/ARH255_4_xl.jpg,http://media.lanecrawford.com/A/R/H/ARH255_ro_xl.jpg", "unique_id": "02a5cb46f3284509aa5d934086ec9481", "trending_score": "0.0", "price": 12700.0, "discounted_price": 5080.0, "currency": "HKD", "product_code": "ARH255", "affinity_score": 0.0, "brand": "BEN TAVERNITI UNRAVEL PROJECT ", "store": "v_lane_crawford", "streamoid_urls": null}, {"title": "Dagger leather applique bomber", "gender": "men", "category": "jackets", "color": "black black black black black black black black black black", "product_url": "https://www.lanecrawford.com/pdp/AUO682", "thumbnail_url": ["http://d1q9qhpdr6ehzh.cloudfront.net/a5016bb48785043af4b0099347a6621e"], "chatbot_image": "http://media.lanecrawford.com/A/U/O/AUO682_in_xl.jpg,http://media.lanecrawford.com/A/U/O/AUO682_bk_xl.jpg,http://media.lanecrawford.com/A/U/O/AUO682_4_xl.jpg,http://media.lanecrawford.com/A/U/O/AUO682_ro_xl.jpg", "unique_id": "110ab67734be4b05bae212ef9af32d01", "trending_score": "0.0", "price": 16400.0, "discounted_price": 16400.0, "currency": "HKD", "product_code": "AUO682", "affinity_score": 0.0, "brand": "AMIRI", "store": "v_lane_crawford", "streamoid_urls": null}, {"title": "jackets", "gender": "men", "category": "jackets", "color": "olive olive olive olive olive olive black black black black", "product_url": "https://media.boohooman.com", "thumbnail_url": ["http://d1q9qhpdr6ehzh.cloudfront.net/thumbnail/3dd8610e4a9cdb1796972b733546686a"], "chatbot_image": null, "unique_id": "dfb6653092c846d697e26d007b6bd3a4", "trending_score": "0.0", "price": 100.0, "discounted_price": 0.0, "currency": "INR", "product_code": "6272", "affinity_score": 0.0, "brand": "all online store", "store": "v_website_demo", "streamoid_urls": null}, {"title": "Military stripe sleeve full zip bomber", "gender": "men", "category": "jackets", "color": "black black black black black black black black black black", "product_url": "https://www.lanecrawford.com/pdp/AUR005", "thumbnail_url": ["http://d1q9qhpdr6ehzh.cloudfront.net/8c2d1108134b498d0d47a288ef448e36"], "chatbot_image": "http://media.lanecrawford.com/A/U/R/AUR005_in_xl.jpg,http://media.lanecrawford.com/A/U/R/AUR005_bk_xl.jpg,http://media.lanecrawford.com/A/U/R/AUR005_4_xl.jpg,http://media.lanecrawford.com/A/U/R/AUR005_ro_xl.jpg", "unique_id": "189e1207036245c494c52b4fd8f6ecfe", "trending_score": "0.0", "price": 6050.0, "discounted_price": 6050.0, "currency": "HKD", "product_code": "AUR005", "affinity_score": 0.0, "brand": "BLACKBARRETT", "store": "v_lane_crawford", "streamoid_urls": null}], "debug": {"qrm": "", "query_without_qrm": "bomber jacket", "solr_query": "( ( ( (meta_type:\"bomber\")^10 ) ) AND ( ( (meta_comprehensive_category:\"jackets\") OR (meta_comprehensive_category:\"overjackets\") ) ) )^1 ", "graph": [[[{"type": ["bomber^10"]}, {"category": ["jackets", "overjackets"]}]]], "spell_corrected_query": "", "filter": [], "explicit_text": null, "fq": ["availability:1"]}, "numFound": 14, "facets": {"Collar Type": {}, "Ethnicity": {"western": 14}, "Fastening": {"unknown": 9, "zip_at_anywhere": 5}, "Fit": {"regular": 11, "slim": 2, "loose": 1}, "Hemline Length": {"hip": 14}, "Material": {"unknown": 9, "lace": 1, "leather": 1}, "Neck Type": {}, "Primary Fibre": {"unknown": 9, "nylon": 2}, "Print Type": {"solid": 7, "other-graphic": 2, "camo": 1, "cheetah": 1, "colour-block": 1, "graphic": 1, "other-stripes": 1}, "Shoulder Type": {"regular": 14}, "Silhouette": {"unknown": 11}, "Sleeve Length": {"full": 14}, "Treatment": {"none": 10, "quilted": 1}, "Type": {"bomber": 14}, "Color": {"black": 4, "olive": 4, "blue": 1, "bronze": 1, "dark-brown": 1, "light-gray": 1, "maroon": 1, "off-white": 1}, "Neck Shape": {"none": 12, "round": 1, "square": 1}, "Neck Style": {"baseball": 12, "button-down": 1, "hood": 1}, "gender": {"men": 10, "women": 4}, "category": {"jackets": 14}, "occasion type": {"elevated": 13, "everyday": 1}, "Workindustry": {}, "Age": {}, "neck": {}, "arms": {}, "waist": {}, "stomach": {}, "shoulder": {}, "brand": {"all online store": 2, "AMIRI": 1, "BEN TAVERNITI UNRAVEL PROJECT ": 1, "BLACKBARRETT": 1, "BRUNELLO CUCINELLI": 1, "FDMTL": 1, "NEIL BARRETT": 1, "SACAI": 1, "SELF-PORTRAIT": 1, "THE UPSIDE": 1, "THOM BROWNE": 1, "asos": 1, "forever21": 1}, "sub_brand": {"forever21": 1}, "Department": {"regular": 11, "plus-size": 3}, "activity": {"clubbing": 13, "concert": 13, "high-street-look": 13, "airport-look": 5, "adventure-holiday": 1, "college-look": 1, "errands": 1, "hang-outs": 1, "leisure-holiday": 1}}, "isFashionQuery": true, "spell_corrected_query": "", "final_query": "", "message": ""}