{"products": [{"title": "Ribbed Cami Bodysuit", "gender": "women", "category": "tops", "color": "multicolor peach peach peach peach peach peach tan tan tan", "product_url": "https://www.forever21.in/p/ribbed-cami-bodysuit-323083.html", "thumbnail_url": ["http://d1q9qhpdr6ehzh.cloudfront.net/71667980c3dd7ad597365246d91a6c49"], "chatbot_image": "https://forever21.imgix.net/img/app/product/3/323083-1518563-large.jpg,https://forever21.imgix.net/img/app/product/3/323083-1518564-large.jpg,https://forever21.imgix.net/img/app/product/3/323083-1518565-large.jpg,https://forever21.imgix.net/img/app/product/3/323083-1518566-large.jpg,https://forever21.imgix.net/img/app/product/3/323083-1518562.jpg", "unique_id": "3d963a4e00534976b9433ba871de78d2", "trending_score": "0.0", "price": 749.0, "discounted_price": 749.0, "currency": "INR", "product_code": "323083", "affinity_score": 0.0, "brand": "forever21", "store": "v_forever21", "streamoid_urls": null}, {"title": "Metallic Ring Bodysuit", "gender": "women", "category": "tops", "color": "peach peach peach peach peach peach peach peach peach peach", "product_url": "https://www.forever21.in/p/metallic-ring-bodysuit-324227.html", "thumbnail_url": ["http://d1q9qhpdr6ehzh.cloudfront.net/693b787ce6802554ebca46ff3adc8734"], "chatbot_image": "https://forever21.imgix.net/img/app/product/3/324227-1631604-large.jpg,https://forever21.imgix.net/img/app/product/3/324227-1631605-large.jpg,https://forever21.imgix.net/img/app/product/3/324227-1631606-large.jpg,https://forever21.imgix.net/img/app/product/3/324227-1631607-large.jpg,https://forever21.imgix.net/img/app/product/3/324227-1631603.jpg", "unique_id": "2efd7f6d1ab04988947d836ad3371dae", "trending_score": "0.0", "price": 799.0, "discounted_price": 799.0, "currency": "INR", "product_code": "324227", "affinity_score": 0.0, "brand": "forever21", "store": "v_forever21", "streamoid_urls": null}, {"title": "Ribbed Crisscross Bodysuit", "gender": "women", "category": "tops", "color": "pink pink pink pink pink pink baby pink baby pink baby pink baby pink", "product_url": "https://www.forever21.in/p/ribbed-crisscross-bodysuit-323601.html", "thumbnail_url": ["http://d1q9qhpdr6ehzh.cloudfront.net/6151fbc1c6e65daf44e3bbe62b3f2539"], "chatbot_image": "https://forever21.imgix.net/img/app/product/3/323601-1520194-large.jpg,https://forever21.imgix.net/img/app/product/3/323601-1520195-large.jpg,https://forever21.imgix.net/img/app/product/3/323601-1520196-large.jpg,https://forever21.imgix.net/img/app/product/3/323601-1520197-large.jpg,https://forever21.imgix.net/img/app/product/3/323601-1520193.jpg", "unique_id": "be944437ad6f488a8b1c2160b6836c3b", "trending_score": "0.0", "price": 799.0, "discounted_price": 799.0, "currency": "INR", "product_code": "323601", "affinity_score": 0.0, "brand": "forever21", "store": "v_forever21", "streamoid_urls": null}, {"title": "Metallic Ring Bodysuit", "gender": "women", "category": "tops", "color": "white white white white white white pearl pearl pearl white", "product_url": "https://www.forever21.in/p/metallic-ring-bodysuit-324138.html", "thumbnail_url": ["http://d1q9qhpdr6ehzh.cloudfront.net/accfa9595132e78377ce50aa5e9fe22a"], "chatbot_image": "https://forever21.imgix.net/img/app/product/3/324138-1631588-large.jpg,https://forever21.imgix.net/img/app/product/3/324138-1631589-large.jpg,https://forever21.imgix.net/img/app/product/3/324138-1631590-large.jpg,https://forever21.imgix.net/img/app/product/3/324138-1631591-large.jpg,https://forever21.imgix.net/img/app/product/3/324138-1631587.jpg", "unique_id": "f4cfee8d45c3482bb0f56bb5f2fe75f9", "trending_score": "0.0", "price": 799.0, "discounted_price": 799.0, "currency": "INR", "product_code": "324138", "affinity_score": 0.0, "brand": "forever21", "store": "v_forever21", "streamoid_urls": null}, {"title": "Ribbed Cami Bodysuit", "gender": "women", "category": "tops", "color": "black black black black black black powder blue powder blue powder blue powder blue", "product_url": "https://www.forever21.in/p/ribbed-cami-bodysuit-322993.html", "thumbnail_url": ["http://d1q9qhpdr6ehzh.cloudfront.net/b6da0f9ab3b31b2f9cec7c3a55371579"], "chatbot_image": "https://forever21.imgix.net/img/app/product/3/322993-1518276-large.jpg,https://forever21.imgix.net/img/app/product/3/322993-1518277-large.jpg,https://forever21.imgix.net/img/app/product/3/322993-1518278-large.jpg,https://forever21.imgix.net/img/app/product/3/322993-1518279-large.jpg,https://forever21.imgix.net/img/app/product/3/322993-1518275.jpg", "unique_id": "342eef8490f64c5da3672f133b0787ae", "trending_score": "0.0", "price": 749.0, "discounted_price": 749.0, "currency": "INR", "product_code": "322993", "affinity_score": 0.0, "brand": "forever21", "store": "v_forever21", "streamoid_urls": null}, {"title": "Shadow Stripe Bodysuit", "gender": "women", "category": "tops", "color": "khaki khaki khaki khaki khaki khaki khaki khaki khaki peach", "product_url": "https://www.forever21.in/p/shadow-stripe-bodysuit-324027.html", "thumbnail_url": ["http://d1q9qhpdr6ehzh.cloudfront.net/bd2b3c5868d7271f7e1a5396a84d02f8"], "chatbot_image": "https://forever21.imgix.net/img/app/product/3/324027-1608430-large.jpg,https://forever21.imgix.net/img/app/product/3/324027-1608431-large.jpg,https://forever21.imgix.net/img/app/product/3/324027-1608432-large.jpg,https://forever21.imgix.net/img/app/product/3/324027-1608433-large.jpg,https://forever21.imgix.net/img/app/product/3/324027-1608434-large.jpg,https://forever21.imgix.net/img/app/product/3/324027-1608429.jpg", "unique_id": "75268c5b5d52431e80903ef4db463c84", "trending_score": "0.0", "price": 899.0, "discounted_price": 899.0, "currency": "INR", "product_code": "324027", "affinity_score": 0.0, "brand": "forever21", "store": "v_forever21", "streamoid_urls": null}, {"title": "Ribbed Scoop Neck Bodysuit", "gender": "women", "category": "tops", "color": "white white white white white white off white off white off white off white", "product_url": "https://www.forever21.in/p/ribbed-scoop-neck-bodysuit-324331.html", "thumbnail_url": ["http://d1q9qhpdr6ehzh.cloudfront.net/d5baaad720c295fdba7dc0a9efc4b425"], "chatbot_image": "https://forever21.imgix.net/img/app/product/3/324331-1597886-large.jpg,https://forever21.imgix.net/img/app/product/3/324331-1597887-large.jpg,https://forever21.imgix.net/img/app/product/3/324331-1597888-large.jpg,https://forever21.imgix.net/img/app/product/3/324331-1597889-large.jpg,https://forever21.imgix.net/img/app/product/3/324331-1597890-large.jpg,https://forever21.imgix.net/img/app/product/3/324331-1597885.jpg", "unique_id": "a6b1c3891c6247289b937188c6559a1a", "trending_score": "0.0", "price": 799.0, "discounted_price": 799.0, "currency": "INR", "product_code": "324331", "affinity_score": 0.0, "brand": "forever21", "store": "v_forever21", "streamoid_urls": null}, {"title": "Ribbed Knit Bodysuit", "gender": "women", "category": "tops", "color": "green green green green green green aquamarine aquamarine aquamarine aquamarine", "product_url": "https://www.forever21.in/p/ribbed-knit-bodysuit-324010.html", "thumbnail_url": ["http://d1q9qhpdr6ehzh.cloudfront.net/a6da1dad08fc9662e31ac5dcac1f7aa0"], "chatbot_image": "https://forever21.imgix.net/img/app/product/3/324010-1521454-large.jpg,https://forever21.imgix.net/img/app/product/3/324010-1521455-large.jpg,https://forever21.imgix.net/img/app/product/3/324010-1521456-large.jpg,https://forever21.imgix.net/img/app/product/3/324010-1521457-large.jpg,https://forever21.imgix.net/img/app/product/3/324010-1521453.jpg", "unique_id": "9a3680ef75b64b7dbb9821a255183df5", "trending_score": "0.0", "price": 799.0, "discounted_price": 799.0, "currency": "INR", "product_code": "324010", "affinity_score": 0.0, "brand": "forever21", "store": "v_forever21", "streamoid_urls": null}, {"title": "Squad NYC Graphic Bodysuit", "gender": "women", "category": "tops", "color": "light-gray light-gray light-gray light-gray light-gray light-gray light gray light gray light gray light gray", "product_url": "https://www.forever21.in/p/squad-nyc-graphic-bodysuit-324341.html", "thumbnail_url": ["http://d1q9qhpdr6ehzh.cloudfront.net/38f5807a23eee7a1a37a411f8d18030f"], "chatbot_image": "https://forever21.imgix.net/img/app/product/3/324341-1612100-large.jpg,https://forever21.imgix.net/img/app/product/3/324341-1612101-large.jpg,https://forever21.imgix.net/img/app/product/3/324341-1612102-large.jpg,https://forever21.imgix.net/img/app/product/3/324341-1612103-large.jpg,https://forever21.imgix.net/img/app/product/3/324341-1612104-large.jpg,https://forever21.imgix.net/img/app/product/3/324341-1612105-large.jpg,https://forever21.imgix.net/img/app/product/3/324341-1612099.jpg", "unique_id": "87db6dd286fc48e7bba0805e03be61a7", "trending_score": "0.0", "price": 1119.0, "discounted_price": 1119.0, "currency": "INR", "product_code": "324341", "affinity_score": 0.0, "brand": "forever21", "store": "v_forever21", "streamoid_urls": null}, {"title": "Ribbed Scoop Neck Bodysuit", "gender": "women", "category": "tops", "color": "black black black black black black black black black black", "product_url": "https://www.forever21.in/p/ribbed-scoop-neck-bodysuit-324288.html", "thumbnail_url": ["http://d1q9qhpdr6ehzh.cloudfront.net/866b8a5ea3b301985c60cf19ec6a930d"], "chatbot_image": "https://forever21.imgix.net/img/app/product/3/324288-1597880-large.jpg,https://forever21.imgix.net/img/app/product/3/324288-1597881-large.jpg,https://forever21.imgix.net/img/app/product/3/324288-1597882-large.jpg,https://forever21.imgix.net/img/app/product/3/324288-1597883-large.jpg,https://forever21.imgix.net/img/app/product/3/324288-1597884-large.jpg,https://forever21.imgix.net/img/app/product/3/324288-1597879.jpg", "unique_id": "d2dc30b674af404485873ef1a392a46b", "trending_score": "0.0", "price": 799.0, "discounted_price": 799.0, "currency": "INR", "product_code": "324288", "affinity_score": 0.0, "brand": "forever21", "store": "v_forever21", "streamoid_urls": null}, {"title": "Cutout-Front Seamless Bodysuit", "gender": "women", "category": "tops", "color": "white white white white white white off white off white off white", "product_url": "https://www.forever21.in/p/cutout-front-seamless-bodysuit-322981.html", "thumbnail_url": ["http://d1q9qhpdr6ehzh.cloudfront.net/88fb00ca539a399668340075ba3ad5db"], "chatbot_image": "https://forever21.imgix.net/img/app/product/3/322981-1638961-large.jpg,https://forever21.imgix.net/img/app/product/3/322981-1638962-large.jpg,https://forever21.imgix.net/img/app/product/3/322981-1638963-large.jpg,https://forever21.imgix.net/img/app/product/3/322981-1638964-large.jpg,https://forever21.imgix.net/img/app/product/3/322981-1638960.jpg", "unique_id": "896e7698587f4fc192932be4769212bb", "trending_score": "0.0", "price": 999.0, "discounted_price": 999.0, "currency": "INR", "product_code": "322981", "affinity_score": 0.0, "brand": "forever21", "store": "v_forever21", "streamoid_urls": null}, {"title": "Ribbed Scoop Neck Bodysuit", "gender": "women", "category": "tops", "color": "multicolor gray gray gray gray gray gray black black black", "product_url": "https://www.forever21.in/p/ribbed-scoop-neck-bodysuit-324377.html", "thumbnail_url": ["http://d1q9qhpdr6ehzh.cloudfront.net/6963263aa7fe327e1670f1b6428be27b"], "chatbot_image": "https://forever21.imgix.net/img/app/product/3/324377-1597892-large.jpg,https://forever21.imgix.net/img/app/product/3/324377-1597893-large.jpg,https://forever21.imgix.net/img/app/product/3/324377-1597894-large.jpg,https://forever21.imgix.net/img/app/product/3/324377-1597895-large.jpg,https://forever21.imgix.net/img/app/product/3/324377-1597891.jpg", "unique_id": "3d2e003bc8864b4699900ebada940802", "trending_score": "0.0", "price": 799.0, "discounted_price": 799.0, "currency": "INR", "product_code": "324377", "affinity_score": 0.0, "brand": "forever21", "store": "v_forever21", "streamoid_urls": null}, {"title": "Ribbed Scoop Neck Bodysuit", "gender": "women", "category": "tops", "color": "mustard mustard mustard mustard mustard mustard camel camel camel camel", "product_url": "https://www.forever21.in/p/ribbed-scoop-neck-bodysuit-324422.html", "thumbnail_url": ["http://d1q9qhpdr6ehzh.cloudfront.net/5f7018eed8cedef20dfb25874d6e9091"], "chatbot_image": "https://forever21.imgix.net/img/app/product/3/324422-1597897-large.jpg,https://forever21.imgix.net/img/app/product/3/324422-1597898-large.jpg,https://forever21.imgix.net/img/app/product/3/324422-1597899-large.jpg,https://forever21.imgix.net/img/app/product/3/324422-1597900-large.jpg,https://forever21.imgix.net/img/app/product/3/324422-1597901-large.jpg,https://forever21.imgix.net/img/app/product/3/324422-1597896.jpg", "unique_id": "8b8af3c9a9384b6282407cad679e0dfd", "trending_score": "0.0", "price": 799.0, "discounted_price": 799.0, "currency": "INR", "product_code": "324422", "affinity_score": 0.0, "brand": "forever21", "store": "v_forever21", "streamoid_urls": null}, {"title": "Cutout-Front Seamless Bodysuit", "gender": "women", "category": "tops", "color": "black black black black black black black black black black", "product_url": "https://www.forever21.in/p/cutout-front-seamless-bodysuit-322932.html", "thumbnail_url": ["http://d1q9qhpdr6ehzh.cloudfront.net/bf0c444c1eadc8091adfe20d1258a0eb"], "chatbot_image": "https://forever21.imgix.net/img/app/product/3/322932-1638956-large.jpg,https://forever21.imgix.net/img/app/product/3/322932-1638957-large.jpg,https://forever21.imgix.net/img/app/product/3/322932-1638958-large.jpg,https://forever21.imgix.net/img/app/product/3/322932-1638959-large.jpg,https://forever21.imgix.net/img/app/product/3/322932-1638955.jpg", "unique_id": "cf0c3d1d96d544aaaec5b6b982f12ee9", "trending_score": "0.0", "price": 999.0, "discounted_price": 999.0, "currency": "INR", "product_code": "322932", "affinity_score": 0.0, "brand": "forever21", "store": "v_forever21", "streamoid_urls": null}, {"title": "Ribbed Knit Ruffle Cami", "gender": "women", "category": "tops", "color": "light-gray light-gray light-gray light-gray light-gray light-gray light gray light gray light gray light gray", "product_url": "https://www.forever21.in/p/ribbed-knit-ruffle-cami-323393.html", "thumbnail_url": ["http://d1q9qhpdr6ehzh.cloudfront.net/2f0cb7fe5c5993228495a6a3a840a298"], "chatbot_image": "https://forever21.imgix.net/img/app/product/3/323393-1630162-large.jpg,https://forever21.imgix.net/img/app/product/3/323393-1630163-large.jpg,https://forever21.imgix.net/img/app/product/3/323393-1630164-large.jpg,https://forever21.imgix.net/img/app/product/3/323393-1630165-large.jpg,https://forever21.imgix.net/img/app/product/3/323393-1630161.jpg", "unique_id": "47068960bafb44adacd7940ea1437c41", "trending_score": "0.0", "price": 549.0, "discounted_price": 549.0, "currency": "INR", "product_code": "323393", "affinity_score": 0.0, "brand": "forever21", "store": "v_forever21", "streamoid_urls": null}, {"title": "Cap Sleeve Crop Top", "gender": "women", "category": "tops", "color": "white white white white white white off white off white off white off white", "product_url": "https://www.forever21.in/p/cap-sleeve-crop-top-323119.html", "thumbnail_url": ["http://d1q9qhpdr6ehzh.cloudfront.net/d9380b3c339b8228467e8bc2c00cc2f2"], "chatbot_image": "https://forever21.imgix.net/img/app/product/3/323119-1635806-large.jpg,https://forever21.imgix.net/img/app/product/3/323119-1635807-large.jpg,https://forever21.imgix.net/img/app/product/3/323119-1635808-large.jpg,https://forever21.imgix.net/img/app/product/3/323119-1635809-large.jpg,https://forever21.imgix.net/img/app/product/3/323119-1635805.jpg", "unique_id": "2b090a80aac743efa950bd0749ce11cb", "trending_score": "0.0", "price": 949.0, "discounted_price": 949.0, "currency": "INR", "product_code": "323119", "affinity_score": 0.0, "brand": "forever21", "store": "v_forever21", "streamoid_urls": null}, {"title": "Rib knit ruffle hem top", "gender": "women", "category": "tops", "color": "dark-brown dark-brown dark-brown dark-brown dark-brown dark-brown chocolate chocolate chocolate chocolate", "product_url": "https://www.lanecrawford.com/pdp/AWJ067", "thumbnail_url": ["http://d1q9qhpdr6ehzh.cloudfront.net/562db365aa3145147fa26f50803b45fc"], "chatbot_image": "http://media.lanecrawford.com/A/W/J/AWJ067_in_xl.jpg,http://media.lanecrawford.com/A/W/J/AWJ067_bk_xl.jpg,http://media.lanecrawford.com/A/W/J/AWJ067_4_xl.jpg,http://media.lanecrawford.com/A/W/J/AWJ067_ro_xl.jpg", "unique_id": "22eb088914184117880ebcbcc8c3e571", "trending_score": "0.0", "price": 2500.0, "discounted_price": 2500.0, "currency": "HKD", "product_code": "AWJ067", "affinity_score": 0.0, "brand": "ALEXANDERWANG.T", "store": "v_lane_crawford", "streamoid_urls": null}, {"title": "Ribbed Surplice Crop Top", "gender": "women", "category": "tops", "color": "black black black black black black black black black black", "product_url": "https://www.forever21.in/p/ribbed-surplice-crop-top-323773.html", "thumbnail_url": ["http://d1q9qhpdr6ehzh.cloudfront.net/9d6953952bd7122d9a175e6b89127e3e"], "chatbot_image": "https://forever21.imgix.net/img/app/product/3/323773-1520700-large.jpg,https://forever21.imgix.net/img/app/product/3/323773-1520701-large.jpg,https://forever21.imgix.net/img/app/product/3/323773-1520702-large.jpg,https://forever21.imgix.net/img/app/product/3/323773-1520703-large.jpg,https://forever21.imgix.net/img/app/product/3/323773-1520699.jpg", "unique_id": "0d2cb938cdb14dd3a53ce81756c10638", "trending_score": "0.0", "price": 799.0, "discounted_price": 799.0, "currency": "INR", "product_code": "323773", "affinity_score": 0.0, "brand": "forever21", "store": "v_forever21", "streamoid_urls": null}, {"title": "Lace-Up Ribbed Crop Top", "gender": "women", "category": "tops", "color": "multicolor white white white white white white white white white", "product_url": "https://www.forever21.in/p/lace-up-ribbed-crop-top-323852.html", "thumbnail_url": ["http://d1q9qhpdr6ehzh.cloudfront.net/ea24b245de98aad6301c9251f663c929"], "chatbot_image": "https://forever21.imgix.net/img/app/product/3/323852-1619476-large.jpg,https://forever21.imgix.net/img/app/product/3/323852-1619477-large.jpg,https://forever21.imgix.net/img/app/product/3/323852-1619478-large.jpg,https://forever21.imgix.net/img/app/product/3/323852-1619479-large.jpg,https://forever21.imgix.net/img/app/product/3/323852-1619475.jpg", "unique_id": "4f70731727f34868ab9d01dea19a63d0", "trending_score": "0.0", "price": 899.0, "discounted_price": 899.0, "currency": "INR", "product_code": "323852", "affinity_score": 0.0, "brand": "forever21", "store": "v_forever21", "streamoid_urls": null}, {"title": "Ribbed Cropped Cami", "gender": "women", "category": "tops", "color": "mustard mustard mustard mustard mustard mustard tan tan tan tan", "product_url": "https://www.forever21.in/p/ribbed-cropped-cami-323508.html", "thumbnail_url": ["http://d1q9qhpdr6ehzh.cloudfront.net/dee1a40d589b21ef7f3c69901b2fe1d4"], "chatbot_image": "https://forever21.imgix.net/img/app/product/3/323508-1519896-large.jpg,https://forever21.imgix.net/img/app/product/3/323508-1519897-large.jpg,https://forever21.imgix.net/img/app/product/3/323508-1519898-large.jpg,https://forever21.imgix.net/img/app/product/3/323508-1519895.jpg", "unique_id": "ac8b031ed62a44d3bf7e0675767c8687", "trending_score": "0.0", "price": 599.0, "discounted_price": 599.0, "currency": "INR", "product_code": "323508", "affinity_score": 0.0, "brand": "forever21", "store": "v_forever21", "streamoid_urls": null}, {"title": "Ribbed Cropped Cami", "gender": "women", "category": "tops", "color": "lavender lavender lavender lavender lavender lavender lavender lavender lavender lavender", "product_url": "https://www.forever21.in/p/ribbed-cropped-cami-323462.html", "thumbnail_url": ["http://d1q9qhpdr6ehzh.cloudfront.net/c0acdf389b4444b61e8669ae64be6493"], "chatbot_image": "https://forever21.imgix.net/img/app/product/3/323462-1519755-large.jpg,https://forever21.imgix.net/img/app/product/3/323462-1519756-large.jpg,https://forever21.imgix.net/img/app/product/3/323462-1519757-large.jpg,https://forever21.imgix.net/img/app/product/3/323462-1519758-large.jpg,https://forever21.imgix.net/img/app/product/3/323462-1519754.jpg", "unique_id": "52b7595e449e4764983f643bbb985978", "trending_score": "0.0", "price": 599.0, "discounted_price": 599.0, "currency": "INR", "product_code": "323462", "affinity_score": 0.0, "brand": "forever21", "store": "v_forever21", "streamoid_urls": null}, {"title": "Ribbed Zipper-Front Crop Top", "gender": "women", "category": "tops", "color": "black black black black black black black black black black", "product_url": "https://www.forever21.in/p/ribbed-zipper-front-crop-top-324306.html", "thumbnail_url": ["http://d1q9qhpdr6ehzh.cloudfront.net/454b7c9414ec181d34a8a70f01f15163"], "chatbot_image": "https://forever21.imgix.net/img/app/product/3/324306-1621971-large.jpg,https://forever21.imgix.net/img/app/product/3/324306-1621972-large.jpg,https://forever21.imgix.net/img/app/product/3/324306-1621973-large.jpg,https://forever21.imgix.net/img/app/product/3/324306-1621974-large.jpg,https://forever21.imgix.net/img/app/product/3/324306-1621970.jpg", "unique_id": "3d1e8dcfc7ed4e66b8c0603f6c73a151", "trending_score": "0.0", "price": 899.0, "discounted_price": 899.0, "currency": "INR", "product_code": "324306", "affinity_score": 0.0, "brand": "forever21", "store": "v_forever21", "streamoid_urls": null}, {"title": "Ribbed Zipper-Front Crop Top", "gender": "women", "category": "tops", "color": "red red red red red red post box red post box red post box red off white", "product_url": "https://www.forever21.in/p/ribbed-zipper-front-crop-top-324264.html", "thumbnail_url": ["http://d1q9qhpdr6ehzh.cloudfront.net/01078a8e96e52e22820d7d70a8433923"], "chatbot_image": "https://forever21.imgix.net/img/app/product/3/324264-1621965-large.jpg,https://forever21.imgix.net/img/app/product/3/324264-1621966-large.jpg,https://forever21.imgix.net/img/app/product/3/324264-1621967-large.jpg,https://forever21.imgix.net/img/app/product/3/324264-1621968-large.jpg,https://forever21.imgix.net/img/app/product/3/324264-1621969-large.jpg,https://forever21.imgix.net/img/app/product/3/324264-1621964.jpg", "unique_id": "1abc70c45cde48c18724b63616189c96", "trending_score": "0.0", "price": 899.0, "discounted_price": 630.0, "currency": "INR", "product_code": "324264", "affinity_score": 0.0, "brand": "forever21", "store": "v_forever21", "streamoid_urls": null}, {"title": "Ribbed turtleneck silk top", "gender": "women", "category": "tops", "color": "beige beige beige beige beige beige tan tan tan tan", "product_url": "https://www.lanecrawford.com/pdp/AWJ429", "thumbnail_url": ["http://d1q9qhpdr6ehzh.cloudfront.net/06041628f4cbe33527c874adaf1c02ce"], "chatbot_image": "http://media.lanecrawford.com/A/W/J/AWJ429_in_xl.jpg,http://media.lanecrawford.com/A/W/J/AWJ429_bk_xl.jpg,http://media.lanecrawford.com/A/W/J/AWJ429_4_xl.jpg,http://media.lanecrawford.com/A/W/J/AWJ429_ro_xl.jpg", "unique_id": "09e478ebc0f0425b851775612eaf1826", "trending_score": "0.0", "price": 3000.0, "discounted_price": 3000.0, "currency": "HKD", "product_code": "AWJ429", "affinity_score": 0.0, "brand": "THEORY", "store": "v_lane_crawford", "streamoid_urls": null}, {"title": "Ribbed Knit Cami", "gender": "women", "category": "tops", "color": "black black black black black black black black black black", "product_url": "https://www.forever21.in/p/ribbed-knit-cami-322967.html", "thumbnail_url": ["http://d1q9qhpdr6ehzh.cloudfront.net/9705c009699fdf85beafa9ff0d8fbd7a"], "chatbot_image": "https://forever21.imgix.net/img/app/product/3/322967-1615799-large.jpg,https://forever21.imgix.net/img/app/product/3/322967-1615800-large.jpg,https://forever21.imgix.net/img/app/product/3/322967-1615801-large.jpg,https://forever21.imgix.net/img/app/product/3/322967-1615802-large.jpg,https://forever21.imgix.net/img/app/product/3/322967-1615798.jpg", "unique_id": "4dff6de6246442dd87c86696a13a7cc1", "trending_score": "0.0", "price": 649.0, "discounted_price": 799.0, "currency": "INR", "product_code": "322967", "affinity_score": 0.0, "brand": "forever21", "store": "v_forever21", "streamoid_urls": null}, {"title": "SPARKLE RIB WRAP TOP", "gender": "women", "category": "tops", "color": "nude nude nude nude nude nude hazelnut hazelnut hazelnut hazelnut", "product_url": "https://www.oasis-stores.com/072380.html?dwvar_072380_color=46", "thumbnail_url": ["http://d1q9qhpdr6ehzh.cloudfront.net/fc050f7fb276e751520419841fe0587e"], "chatbot_image": "https://www.oasis-stores.com/dw/image/v2/AAWY_PRD/on/demandware.static/-/Sites-OASIS/default/dw0b589a33/images/hi-res/oasis_07238046_5.jpg,https://www.oasis-stores.com/dw/image/v2/AAWY_PRD/on/demandware.static/-/Sites-OASIS/default/dw6a7c40b2/images/hi-res/oasis_07238046_2.jpg,https://www.oasis-stores.com/dw/image/v2/AAWY_PRD/on/demandware.static/-/Sites-OASIS/default/dw42133583/images/hi-res/oasis_07238046_3.jpg,https://www.oasis-stores.com/dw/image/v2/AAWY_PRD/on/demandware.static/-/Sites-OASIS/default/dw42d6e22e/images/hi-res/oasis_07238046_4.jpg", "unique_id": "d67de64377a142a7a30c27538b189c47", "trending_score": "0.0", "price": 39.0, "discounted_price": 27.3, "currency": "GBP", "product_code": "07238046", "affinity_score": 0.0, "brand": "v_oasis", "store": "v_oasis", "streamoid_urls": null}, {"title": "Contrast collar stripe merino wool rib button-up shirt", "gender": "women", "category": "tops", "color": "off-white off-white off-white off-white off-white off-white light gray light gray light gray light gray", "product_url": "https://www.lanecrawford.com/pdp/AVX152", "thumbnail_url": ["http://d1q9qhpdr6ehzh.cloudfront.net/0272579b24cd79c9e944938dc2f4ddb8"], "chatbot_image": "http://media.lanecrawford.com/A/V/X/AVX152_in_xl.jpg,http://media.lanecrawford.com/A/V/X/AVX152_bk_xl.jpg,http://media.lanecrawford.com/A/V/X/AVX152_4_xl.jpg,http://media.lanecrawford.com/A/V/X/AVX152_ro_xl.jpg", "unique_id": "22ac2615c59740baafabfdc1f0c3b5fe", "trending_score": "0.0", "price": 5700.0, "discounted_price": 5700.0, "currency": "HKD", "product_code": "AVX152", "affinity_score": 0.0, "brand": "PLAN C", "store": "v_lane_crawford", "streamoid_urls": null}, {"title": "Ribbed Knit Cami", "gender": "women", "category": "tops", "color": "white white white white white white white white white white", "product_url": "https://www.forever21.in/p/ribbed-knit-cami-323012.html", "thumbnail_url": ["http://d1q9qhpdr6ehzh.cloudfront.net/79fe5e6e79ac4f57625e3c4fb1631bee"], "chatbot_image": "https://forever21.imgix.net/img/app/product/3/323012-1615804-large.jpg,https://forever21.imgix.net/img/app/product/3/323012-1615805-large.jpg,https://forever21.imgix.net/img/app/product/3/323012-1615806-large.jpg,https://forever21.imgix.net/img/app/product/3/323012-1615807-large.jpg,https://forever21.imgix.net/img/app/product/3/323012-1615803.jpg", "unique_id": "9ae4b8dddfa04595a49eb40368c27c21", "trending_score": "0.0", "price": 649.0, "discounted_price": 799.0, "currency": "INR", "product_code": "323012", "affinity_score": 0.0, "brand": "forever21", "store": "v_forever21", "streamoid_urls": null}, {"title": "Open-Shoulder Halter Top", "gender": "women", "category": "tops", "color": "black black black black black black black black black black", "product_url": "https://www.forever21.in/p/open-shoulder-halter-top-324339.html", "thumbnail_url": ["http://d1q9qhpdr6ehzh.cloudfront.net/31d3565eea5c84bf48e46110175cc609"], "chatbot_image": "https://forever21.imgix.net/img/app/product/3/324339-1609623-large.jpg,https://forever21.imgix.net/img/app/product/3/324339-1609624-large.jpg,https://forever21.imgix.net/img/app/product/3/324339-1609625-large.jpg,https://forever21.imgix.net/img/app/product/3/324339-1609626-large.jpg,https://forever21.imgix.net/img/app/product/3/324339-1609622.jpg", "unique_id": "79922ae9dade4d6eaf5ab5c6fb45844d", "trending_score": "0.0", "price": 1299.0, "discounted_price": 1299.0, "currency": "INR", "product_code": "324339", "affinity_score": 0.0, "brand": "forever21", "store": "v_forever21", "streamoid_urls": null}, {"title": "Contrast panel ruffle rib sleeveless top", "gender": "women", "category": "tops", "color": "black black black black black black black black black black", "product_url": "https://www.lanecrawford.com/pdp/AUW156", "thumbnail_url": ["http://d1q9qhpdr6ehzh.cloudfront.net/5a00cb2a5e8539838e78f21759246e55"], "chatbot_image": "http://media.lanecrawford.com/A/U/W/AUW156_in_xl.jpg,http://media.lanecrawford.com/A/U/W/AUW156_bk_xl.jpg,http://media.lanecrawford.com/A/U/W/AUW156_4_xl.jpg,http://media.lanecrawford.com/A/U/W/AUW156_ro_xl.jpg", "unique_id": "00c8aaa3f31943369d23ca74dd40fa83", "trending_score": "0.0", "price": 12700.0, "discounted_price": 12700.0, "currency": "HKD", "product_code": "AUW156", "affinity_score": 0.0, "brand": "NINA RICCI", "store": "v_lane_crawford", "streamoid_urls": null}, {"title": "Chain necklace cutout rib knit top", "gender": "women", "category": "tops", "color": "black black black black black black black black black black", "product_url": "https://www.lanecrawford.com/pdp/BKJ396", "thumbnail_url": ["http://d1q9qhpdr6ehzh.cloudfront.net/6277d40ec2c9f0ba5fa7a10d6929c011"], "chatbot_image": "http://media.lanecrawford.com/B/K/J/BKJ396_in_xl.jpg,http://media.lanecrawford.com/B/K/J/BKJ396_bk_xl.jpg,http://media.lanecrawford.com/B/K/J/BKJ396_4_xl.jpg,http://media.lanecrawford.com/B/K/J/BKJ396_ro_xl.jpg", "unique_id": "3f91c29ef3544c52abee8e1cc0b5b5a8", "trending_score": "0.0", "price": 3900.0, "discounted_price": 3900.0, "currency": "HKD", "product_code": "BKJ396", "affinity_score": 0.0, "brand": "ALEXANDER WANG", "store": "v_lane_crawford", "streamoid_urls": null}, {"title": "SPARKLE RIB WRAP TOP", "gender": "women", "category": "tops", "color": "charcoal-gray charcoal-gray charcoal-gray charcoal-gray charcoal-gray charcoal-gray black black black black", "product_url": "https://www.oasis-stores.com/072380.html?dwvar_072380_color=57", "thumbnail_url": ["http://d1q9qhpdr6ehzh.cloudfront.net/1f8efcf9dde5d05a0094c82f75945289"], "chatbot_image": "https://www.oasis-stores.com/dw/image/v2/AAWY_PRD/on/demandware.static/-/Sites-OASIS/default/dw94b7bd40/images/hi-res/oasis_07238057_2.jpg,https://www.oasis-stores.com/dw/image/v2/AAWY_PRD/on/demandware.static/-/Sites-OASIS/default/dwd24defbb/images/hi-res/oasis_07238057_3.jpg,https://www.oasis-stores.com/dw/image/v2/AAWY_PRD/on/demandware.static/-/Sites-OASIS/default/dw9f376dbf/images/hi-res/oasis_07238057_4.jpg,https://www.oasis-stores.com/dw/image/v2/AAWY_PRD/on/demandware.static/-/Sites-OASIS/default/dw8d81352c/images/hi-res/oasis_07238057_5.jpg", "unique_id": "e6f532a4e95c4518a6a7f039f37821fa", "trending_score": "0.0", "price": 39.0, "discounted_price": 27.3, "currency": "GBP", "product_code": "07238057", "affinity_score": 0.0, "brand": "v_oasis", "store": "v_oasis", "streamoid_urls": null}, {"title": "Not Bitter Graphic Bodysuit", "gender": "women", "category": "tops", "color": "black black black black black black off white off white off white off white", "product_url": "https://www.forever21.in/p/not-bitter-graphic-bodysuit-323463.html", "thumbnail_url": ["http://d1q9qhpdr6ehzh.cloudfront.net/3203f57bc2351456ad2ba4c8cb2d844f"], "chatbot_image": "https://forever21.imgix.net/img/app/product/3/323463-1597778-large.jpg,https://forever21.imgix.net/img/app/product/3/323463-1597779-large.jpg,https://forever21.imgix.net/img/app/product/3/323463-1597780-large.jpg,https://forever21.imgix.net/img/app/product/3/323463-1597781-large.jpg,https://forever21.imgix.net/img/app/product/3/323463-1597782-large.jpg,https://forever21.imgix.net/img/app/product/3/323463-1597777.jpg", "unique_id": "e13c697f3a3e4d488b71f08d093e0701", "trending_score": "0.0", "price": 1049.0, "discounted_price": 735.0, "currency": "INR", "product_code": "323463", "affinity_score": 0.0, "brand": "forever21", "store": "v_forever21", "streamoid_urls": null}, {"title": "Floral Embroidered Bodysuit", "gender": "women", "category": "tops", "color": "black black black black black black black black black black", "product_url": "https://www.forever21.in/p/floral-embroidered-bodysuit-323996.html", "thumbnail_url": ["http://d1q9qhpdr6ehzh.cloudfront.net/8831db94780cf651c98721b79d292cee"], "chatbot_image": "https://forever21.imgix.net/img/app/product/3/323996-1627473-large.jpg,https://forever21.imgix.net/img/app/product/3/323996-1627474-large.jpg,https://forever21.imgix.net/img/app/product/3/323996-1627475-large.jpg,https://forever21.imgix.net/img/app/product/3/323996-1627476-large.jpg,https://forever21.imgix.net/img/app/product/3/323996-1627477-large.jpg,https://forever21.imgix.net/img/app/product/3/323996-1627472.jpg", "unique_id": "21d643dfbb4e40678bd74d1972d0be0f", "trending_score": "0.0", "price": 1299.0, "discounted_price": 1299.0, "currency": "INR", "product_code": "323996", "affinity_score": 0.0, "brand": "forever21", "store": "v_forever21", "streamoid_urls": null}, {"title": "Roses Bodysuit", "gender": "women", "category": "tops", "color": "pink pink pink pink pink pink baby pink baby pink baby pink baby pink", "product_url": "https://www.forever21.in/p/roses-bodysuit-323778.html", "thumbnail_url": ["http://d1q9qhpdr6ehzh.cloudfront.net/6994ce674d96b0f823233f81fca1d1ac"], "chatbot_image": "https://forever21.imgix.net/img/app/product/3/323778-1520723-large.jpg,https://forever21.imgix.net/img/app/product/3/323778-1520724-large.jpg,https://forever21.imgix.net/img/app/product/3/323778-1520725-large.jpg,https://forever21.imgix.net/img/app/product/3/323778-1520726-large.jpg,https://forever21.imgix.net/img/app/product/3/323778-1520722.jpg", "unique_id": "acf58aa1c55d4f028c5fe38a3e904214", "trending_score": "0.0", "price": 949.0, "discounted_price": 400.0, "currency": "INR", "product_code": "323778", "affinity_score": 0.0, "brand": "forever21", "store": "v_forever21", "streamoid_urls": null}, {"title": "Contemporary Stripe Bodysuit", "gender": "women", "category": "tops", "color": "white white white white white white white white white off white", "product_url": "https://www.forever21.in/p/contemporary-stripe-bodysuit-323616.html", "thumbnail_url": ["http://d1q9qhpdr6ehzh.cloudfront.net/a1f5fa4586651e7127478453fea50fba"], "chatbot_image": "https://forever21.imgix.net/img/app/product/3/323616-1617019-large.jpg,https://forever21.imgix.net/img/app/product/3/323616-1617020-large.jpg,https://forever21.imgix.net/img/app/product/3/323616-1617021-large.jpg,https://forever21.imgix.net/img/app/product/3/323616-1617022-large.jpg,https://forever21.imgix.net/img/app/product/3/323616-1617023-large.jpg,https://forever21.imgix.net/img/app/product/3/323616-1617018.jpg", "unique_id": "5f290f16702f450b9221d1051195c312", "trending_score": "0.0", "price": 999.0, "discounted_price": 999.0, "currency": "INR", "product_code": "323616", "affinity_score": 0.0, "brand": "forever21", "store": "v_forever21", "streamoid_urls": null}, {"title": "Contemporary Stripe Bodysuit", "gender": "women", "category": "tops", "color": "white white white white white white white white white white", "product_url": "https://www.forever21.in/p/contemporary-stripe-bodysuit-323569.html", "thumbnail_url": ["http://d1q9qhpdr6ehzh.cloudfront.net/c2d3c5dba29849c2a3e702df86a12495"], "chatbot_image": "https://forever21.imgix.net/img/app/product/3/323569-1617014-large.jpg,https://forever21.imgix.net/img/app/product/3/323569-1617015-large.jpg,https://forever21.imgix.net/img/app/product/3/323569-1617016-large.jpg,https://forever21.imgix.net/img/app/product/3/323569-1617017-large.jpg,https://forever21.imgix.net/img/app/product/3/323569-1617013.jpg", "unique_id": "70d33e90be6746129cce592ae34b9dc6", "trending_score": "0.0", "price": 999.0, "discounted_price": 999.0, "currency": "INR", "product_code": "323569", "affinity_score": 0.0, "brand": "forever21", "store": "v_forever21", "streamoid_urls": null}, {"title": "RIBBED KNIT COSY TOP", "gender": "women", "category": "tops", "color": "charcoal-gray charcoal-gray charcoal-gray charcoal-gray charcoal-gray charcoal-gray charcoal gray charcoal gray charcoal gray charcoal gray", "product_url": "https://www.oasis-stores.com/072020.html?dwvar_072020_color=15", "thumbnail_url": ["http://d1q9qhpdr6ehzh.cloudfront.net/92ee93940acb24dd8d142740fdc28bb3"], "chatbot_image": "https://www.oasis-stores.com/dw/image/v2/AAWY_PRD/on/demandware.static/-/Sites-OASIS/default/dwe6637e51/images/hi-res/oasis_07202015_5.jpg,https://www.oasis-stores.com/dw/image/v2/AAWY_PRD/on/demandware.static/-/Sites-OASIS/default/dw52a160ff/images/hi-res/oasis_07202015_2.jpg,https://www.oasis-stores.com/dw/image/v2/AAWY_PRD/on/demandware.static/-/Sites-OASIS/default/dwe48ac295/images/hi-res/oasis_07202015_3.jpg,https://www.oasis-stores.com/dw/image/v2/AAWY_PRD/on/demandware.static/-/Sites-OASIS/default/dw57026648/images/hi-res/oasis_07202015_4.jpg", "unique_id": "17cdb9e8c0514cdfa749793deb2cd17f", "trending_score": "0.0", "price": 26.0, "discounted_price": 26.0, "currency": "GBP", "product_code": "07202015", "affinity_score": 0.0, "brand": "v_oasis", "store": "v_oasis", "streamoid_urls": null}, {"title": "Contemporary Stripe Bodysuit", "gender": "women", "category": "tops", "color": "olive olive olive olive olive olive gray gray off white off white", "product_url": "https://www.forever21.in/p/contemporary-stripe-bodysuit-323663.html", "thumbnail_url": ["http://d1q9qhpdr6ehzh.cloudfront.net/c6544aa401ad777c0d81045351cb9acf"], "chatbot_image": "https://forever21.imgix.net/img/app/product/3/323663-1617025-large.jpg,https://forever21.imgix.net/img/app/product/3/323663-1617026-large.jpg,https://forever21.imgix.net/img/app/product/3/323663-1617027-large.jpg,https://forever21.imgix.net/img/app/product/3/323663-1617028-large.jpg,https://forever21.imgix.net/img/app/product/3/323663-1617024.jpg", "unique_id": "ba4000d81e4b4fd19c0911d3114b6cbd", "trending_score": "0.0", "price": 999.0, "discounted_price": 999.0, "currency": "INR", "product_code": "323663", "affinity_score": 0.0, "brand": "forever21", "store": "v_forever21", "streamoid_urls": null}, {"title": "Ribbed Knit Button-Front Ruffle-Hem Cami", "gender": "women", "category": "tops", "color": "yellow yellow yellow yellow yellow yellow sun flower yellow sun flower yellow sun flower yellow sun flower yellow", "product_url": "https://www.forever21.in/p/ribbed-knit-button-front-ruffle-hem-cami-324249.html", "thumbnail_url": ["http://d1q9qhpdr6ehzh.cloudfront.net/9556563ddb9d672e1a673a35fc154666"], "chatbot_image": "https://forever21.imgix.net/img/app/product/3/324249-1599963-large.jpg,https://forever21.imgix.net/img/app/product/3/324249-1599964-large.jpg,https://forever21.imgix.net/img/app/product/3/324249-1599965-large.jpg,https://forever21.imgix.net/img/app/product/3/324249-1599966-large.jpg,https://forever21.imgix.net/img/app/product/3/324249-1599962.jpg", "unique_id": "9776b2dbc29749c8af0941ca5cfff7d1", "trending_score": "0.0", "price": 899.0, "discounted_price": 899.0, "currency": "INR", "product_code": "324249", "affinity_score": 0.0, "brand": "forever21", "store": "v_forever21", "streamoid_urls": null}, {"title": "Rib knit peplum top", "gender": "women", "category": "tops", "color": "cream cream cream cream cream cream baby pink baby pink baby pink baby pink", "product_url": "https://www.lanecrawford.com/pdp/AQV633", "thumbnail_url": ["http://d1q9qhpdr6ehzh.cloudfront.net/81fbcc2d4324e38b76cca19d4a7af4f7"], "chatbot_image": "http://media.lanecrawford.com/A/Q/V/AQV633_in_xl.jpg,http://media.lanecrawford.com/A/Q/V/AQV633_bk_xl.jpg,http://media.lanecrawford.com/A/Q/V/AQV633_4_xl.jpg,http://media.lanecrawford.com/A/Q/V/AQV633_ro_xl.jpg", "unique_id": "2188d3f0c2f84a719c6e9d3dfc0b4b29", "trending_score": "0.0", "price": 2100.0, "discounted_price": 840.0, "currency": "HKD", "product_code": "AQV633", "affinity_score": 0.0, "brand": "CRUSH COLLECTION", "store": "v_lane_crawford", "streamoid_urls": null}, {"title": "Off-the-Shoulder Crop Top", "gender": "women", "category": "tops", "color": "pink pink pink pink pink pink baby pink baby pink baby pink baby pink", "product_url": "https://www.forever21.in/p/off-the-shoulder-crop-top-324032.html", "thumbnail_url": ["http://d1q9qhpdr6ehzh.cloudfront.net/11afc456f29db09629f9462d2b7cce99"], "chatbot_image": "https://forever21.imgix.net/img/app/product/3/324032-1614637-large.jpg,https://forever21.imgix.net/img/app/product/3/324032-1614638-large.jpg,https://forever21.imgix.net/img/app/product/3/324032-1614639-large.jpg,https://forever21.imgix.net/img/app/product/3/324032-1614640-large.jpg,https://forever21.imgix.net/img/app/product/3/324032-1614636.jpg", "unique_id": "79013d07e91f41cf9483eb8c5ed6973e", "trending_score": "0.0", "price": 1299.0, "discounted_price": 1299.0, "currency": "INR", "product_code": "324032", "affinity_score": 0.0, "brand": "forever21", "store": "v_forever21", "streamoid_urls": null}], "debug": {"qrm": "", "query_without_qrm": "ribbed top", "solr_query": "( ( ( (meta_fabric_technique:\"rib\") ) ) AND ( ( (meta_comprehensive_category:\"tops\") ) ) )^1 ", "graph": [[[{"fabric_technique": ["rib"]}, {"category": ["tops"]}]]], "spell_corrected_query": "", "filter": [], "explicit_text": null, "fq": ["availability:1"]}, "numFound": 42, "facets": {"Collar Type": {}, "Ethnicity": {"western": 42}, "Fastening": {"none": 15, "snap_at_front": 15, "unknown": 9, "zip_at_front": 2, "other-buttons_at_front": 1}, "Fit": {"unknown": 38, "slim": 2, "fitted": 1, "regular": 1}, "Hemline Length": {"unknown": 20, "hip": 8, "waist": 7, "below-waist": 3, "above-waist": 2, "underbust": 1, "upper-thigh": 1}, "Material": {"unknown": 42}, "Neck Type": {}, "Primary Fibre": {"unknown": 40, "silk": 1, "wool": 1}, "Print Type": {"solid": 33, "other-stripes": 3, "colour-block": 2, "other-floral": 2, "graphic": 1, "other-graphic": 1}, "Shoulder Type": {"regular": 17, "spaghetti-straps": 11, "tank-straps": 10, "cold": 1, "extended": 1, "off": 1, "other-straps": 1}, "Silhouette": {"sheath": 33, "fit-and-flare": 3, "a-line": 2, "straight": 2, "balloon": 1, "unknown": 1}, "Sleeve Length": {"sleeveless": 23, "full": 8, "half": 6, "short": 3, "bracelet": 1, "three-fourth": 1}, "Treatment": {"none": 34, "ripped": 8}, "Type": {"basic-bodysuit": 18, "camisole": 6, "crop-top": 4, "unknown": 4, "body-blouse": 2, "basic": 1, "bustier": 1, "choker": 1, "dress": 1, "gypsy": 1, "peplum": 1, "shell": 1, "surplice": 1}, "Color": {"black": 11, "white": 8, "pink": 3, "charcoal-gray": 2, "light-gray": 2, "mustard": 2, "peach": 2, "beige": 1, "cream": 1, "dark-brown": 1, "gray": 1, "green": 1, "khaki": 1, "lavender": 1, "nude": 1, "off-white": 1, "olive": 1, "red": 1, "yellow": 1}, "Neck Shape": {"u": 13, "round": 8, "v": 7, "straight": 6, "none": 5, "square": 2, "unknown": 1}, "Neck Style": {"collarless": 34, "scoop": 13, "mock": 5, "surplice": 3, "crew": 2, "sweetheart": 2, "halter": 1, "henley": 1, "shirt-collar": 1, "split": 1}, "gender": {"women": 42}, "category": {"tops": 42}, "occasion type": {"everyday": 29, "elevated": 13}, "Workindustry": {}, "Age": {}, "neck": {}, "arms": {}, "waist": {}, "stomach": {}, "shoulder": {}, "brand": {"forever21": 33, "v_oasis": 3, "ALEXANDER WANG": 1, "ALEXANDERWANG.T": 1, "CRUSH COLLECTION": 1, "NINA RICCI": 1, "PLAN C": 1, "THEORY": 1}, "sub_brand": {"forever21": 33}, "Department": {"regular": 42}, "activity": {"leisure-holiday": 39, "hang-outs": 29, "college-look": 22, "airport-look": 19, "high-street-look": 13, "concert": 9, "date-night": 9, "errands": 8, "girls-night-out": 8, "social-outing": 7, "adventure-holiday": 6, "clubbing": 6, "dinner-party": 6, "lounging": 6, "anniversary": 4, "brunch": 4, "work-from-home": 3}}, "isFashionQuery": true, "spell_corrected_query": "", "final_query": "", "message": ""}