{"products": [{"title": "Surplice Front Bodysuit", "gender": "women", "category": "tops", "color": "peach peach peach peach peach peach baby pink baby pink baby pink pearl", "product_url": "https://www.forever21.in/p/surplice-front-bodysuit-323980.html", "thumbnail_url": ["http://d1q9qhpdr6ehzh.cloudfront.net/c864457015725d95d9951a100504cc4e"], "chatbot_image": "https://forever21.imgix.net/img/app/product/3/323980-1608425-large.jpg,https://forever21.imgix.net/img/app/product/3/323980-1608426-large.jpg,https://forever21.imgix.net/img/app/product/3/323980-1608427-large.jpg,https://forever21.imgix.net/img/app/product/3/323980-1608428-large.jpg,https://forever21.imgix.net/img/app/product/3/323980-1608424.jpg", "unique_id": "f248666bf01b4b1a8cd8625f27e89b5b", "trending_score": "0.0", "price": 1399.0, "discounted_price": 1399.0, "currency": "INR", "product_code": "323980", "affinity_score": 0.0, "brand": "forever21", "store": "v_forever21", "streamoid_urls": null}, {"title": "Contemporary Satin Bodysuit", "gender": "women", "category": "tops", "color": "multicolor white white white white white white off white off white off white", "product_url": "https://www.forever21.in/p/contemporary-satin-bodysuit-324387.html", "thumbnail_url": ["http://d1q9qhpdr6ehzh.cloudfront.net/8c7e1432b27b117baa56123fbe2ebd1e"], "chatbot_image": "https://forever21.imgix.net/img/app/product/3/324387-1612107-large.jpg,https://forever21.imgix.net/img/app/product/3/324387-1612108-large.jpg,https://forever21.imgix.net/img/app/product/3/324387-1612109-large.jpg,https://forever21.imgix.net/img/app/product/3/324387-1612106.jpg", "unique_id": "b6183b62aab14539bef55fa9961b8dbb", "trending_score": "0.0", "price": 1399.0, "discounted_price": 1399.0, "currency": "INR", "product_code": "324387", "affinity_score": 0.0, "brand": "forever21", "store": "v_forever21", "streamoid_urls": null}, {"title": "Tie-Strap Velvet Bodysuit", "gender": "women", "category": "tops", "color": "multicolor tan tan tan tan tan tan tan tan hazelnut", "product_url": "https://www.forever21.in/p/tie-strap-velvet-bodysuit-322974.html", "thumbnail_url": ["http://d1q9qhpdr6ehzh.cloudfront.net/b646672365e2193e1b092730627e31ab"], "chatbot_image": "https://forever21.imgix.net/img/app/product/3/322974-1623932-large.jpg,https://forever21.imgix.net/img/app/product/3/322974-1623933-large.jpg,https://forever21.imgix.net/img/app/product/3/322974-1623934-large.jpg,https://forever21.imgix.net/img/app/product/3/322974-1623935-large.jpg,https://forever21.imgix.net/img/app/product/3/322974-1623931.jpg", "unique_id": "413ccd1a81c7436c8141aae9d4e9288d", "trending_score": "0.0", "price": 1049.0, "discounted_price": 1299.0, "currency": "INR", "product_code": "322974", "affinity_score": 0.0, "brand": "forever21", "store": "v_forever21", "streamoid_urls": null}, {"title": "Lace-Up Choker Bodysuit", "gender": "women", "category": "tops", "color": "orange orange orange orange orange orange coral coral coral orange", "product_url": "https://www.forever21.in/p/lace-up-choker-bodysuit-323487.html", "thumbnail_url": ["http://d1q9qhpdr6ehzh.cloudfront.net/7bc794f6b6ddefa3e2443fc659fd5716"], "chatbot_image": "https://forever21.imgix.net/img/app/product/3/323487-1630172-large.jpg,https://forever21.imgix.net/img/app/product/3/323487-1630173-large.jpg,https://forever21.imgix.net/img/app/product/3/323487-1630174-large.jpg,https://forever21.imgix.net/img/app/product/3/323487-1630175-large.jpg,https://forever21.imgix.net/img/app/product/3/323487-1630176-large.jpg,https://forever21.imgix.net/img/app/product/3/323487-1630171.jpg", "unique_id": "feeaa7f4b30c4e71944a29f7142a3e86", "trending_score": "0.0", "price": 1399.0, "discounted_price": 1399.0, "currency": "INR", "product_code": "323487", "affinity_score": 0.0, "brand": "forever21", "store": "v_forever21", "streamoid_urls": null}, {"title": "Cutout-Front Seamless Bodysuit", "gender": "women", "category": "tops", "color": "white white white white white white off white off white off white", "product_url": "https://www.forever21.in/p/cutout-front-seamless-bodysuit-322981.html", "thumbnail_url": ["http://d1q9qhpdr6ehzh.cloudfront.net/88fb00ca539a399668340075ba3ad5db"], "chatbot_image": "https://forever21.imgix.net/img/app/product/3/322981-1638961-large.jpg,https://forever21.imgix.net/img/app/product/3/322981-1638962-large.jpg,https://forever21.imgix.net/img/app/product/3/322981-1638963-large.jpg,https://forever21.imgix.net/img/app/product/3/322981-1638964-large.jpg,https://forever21.imgix.net/img/app/product/3/322981-1638960.jpg", "unique_id": "896e7698587f4fc192932be4769212bb", "trending_score": "0.0", "price": 999.0, "discounted_price": 999.0, "currency": "INR", "product_code": "322981", "affinity_score": 0.0, "brand": "forever21", "store": "v_forever21", "streamoid_urls": null}, {"title": "One-Shoulder Bodysuit", "gender": "women", "category": "tops", "color": "khaki khaki khaki khaki khaki khaki pearl pearl pearl beige", "product_url": "https://www.forever21.in/p/one-shoulder-bodysuit-324103.html", "thumbnail_url": ["http://d1q9qhpdr6ehzh.cloudfront.net/531abc73969a948ff61a27ca8adba4bc"], "chatbot_image": "https://forever21.imgix.net/img/app/product/3/324103-1521755-large.jpg,https://forever21.imgix.net/img/app/product/3/324103-1521756-large.jpg,https://forever21.imgix.net/img/app/product/3/324103-1521757-large.jpg,https://forever21.imgix.net/img/app/product/3/324103-1521758-large.jpg,https://forever21.imgix.net/img/app/product/3/324103-1521754.jpg", "unique_id": "975789de243c42d1952113e8e78777d7", "trending_score": "0.0", "price": 799.0, "discounted_price": 320.0, "currency": "INR", "product_code": "324103", "affinity_score": 0.0, "brand": "forever21", "store": "v_forever21", "streamoid_urls": null}, {"title": "Cutout-Front Seamless Bodysuit", "gender": "women", "category": "tops", "color": "black black black black black black black black black black", "product_url": "https://www.forever21.in/p/cutout-front-seamless-bodysuit-322932.html", "thumbnail_url": ["http://d1q9qhpdr6ehzh.cloudfront.net/bf0c444c1eadc8091adfe20d1258a0eb"], "chatbot_image": "https://forever21.imgix.net/img/app/product/3/322932-1638956-large.jpg,https://forever21.imgix.net/img/app/product/3/322932-1638957-large.jpg,https://forever21.imgix.net/img/app/product/3/322932-1638958-large.jpg,https://forever21.imgix.net/img/app/product/3/322932-1638959-large.jpg,https://forever21.imgix.net/img/app/product/3/322932-1638955.jpg", "unique_id": "cf0c3d1d96d544aaaec5b6b982f12ee9", "trending_score": "0.0", "price": 999.0, "discounted_price": 999.0, "currency": "INR", "product_code": "322932", "affinity_score": 0.0, "brand": "forever21", "store": "v_forever21", "streamoid_urls": null}, {"title": "Floral Print Mock Wrap Bodysuit", "gender": "women", "category": "tops", "color": "black black black black black black black black black black", "product_url": "https://www.forever21.in/p/floral-print-mock-wrap-bodysuit-324164.html", "thumbnail_url": ["http://d1q9qhpdr6ehzh.cloudfront.net/3b1f293fa8a2f30beff502a9f34a4756"], "chatbot_image": "https://forever21.imgix.net/img/app/product/3/324164-1607177-large.jpg,https://forever21.imgix.net/img/app/product/3/324164-1607178-large.jpg,https://forever21.imgix.net/img/app/product/3/324164-1607179-large.jpg,https://forever21.imgix.net/img/app/product/3/324164-1607180-large.jpg,https://forever21.imgix.net/img/app/product/3/324164-1607181-large.jpg,https://forever21.imgix.net/img/app/product/3/324164-1607176.jpg", "unique_id": "c7a3356d292a47b987f2c7a3a8ddb695", "trending_score": "0.0", "price": 1049.0, "discounted_price": 1049.0, "currency": "INR", "product_code": "324164", "affinity_score": 0.0, "brand": "forever21", "store": "v_forever21", "streamoid_urls": null}, {"title": "Sheer Floral Lace Bodysuit", "gender": "women", "category": "tops", "color": "multicolor peach peach peach peach peach peach peach peach pearl", "product_url": "https://www.forever21.in/p/sheer-floral-lace-bodysuit-323677.html", "thumbnail_url": ["http://d1q9qhpdr6ehzh.cloudfront.net/d7b829404f5b0c09e5b09a86196b2336"], "chatbot_image": "https://forever21.imgix.net/img/app/product/3/323677-1635225-large.jpg,https://forever21.imgix.net/img/app/product/3/323677-1635226-large.jpg,https://forever21.imgix.net/img/app/product/3/323677-1635227-large.jpg,https://forever21.imgix.net/img/app/product/3/323677-1635228-large.jpg,https://forever21.imgix.net/img/app/product/3/323677-1635229-large.jpg,https://forever21.imgix.net/img/app/product/3/323677-1635224.jpg", "unique_id": "0ff841f7434549fd9a6e9f0f39689ad1", "trending_score": "0.0", "price": 899.0, "discounted_price": 899.0, "currency": "INR", "product_code": "323677", "affinity_score": 0.0, "brand": "forever21", "store": "v_forever21", "streamoid_urls": null}, {"title": "Sheer Floral Lace Bodysuit", "gender": "women", "category": "tops", "color": "multicolor black black black black black black charcoal gray charcoal gray charcoal gray", "product_url": "https://www.forever21.in/p/sheer-floral-lace-bodysuit-323630.html", "thumbnail_url": ["http://d1q9qhpdr6ehzh.cloudfront.net/e4d91cb2ab94217627e2eb95b0cfa2cb"], "chatbot_image": "https://forever21.imgix.net/img/app/product/3/323630-1635218-large.jpg,https://forever21.imgix.net/img/app/product/3/323630-1635219-large.jpg,https://forever21.imgix.net/img/app/product/3/323630-1635220-large.jpg,https://forever21.imgix.net/img/app/product/3/323630-1635222-large.jpg,https://forever21.imgix.net/img/app/product/3/323630-1635223-large.jpg,https://forever21.imgix.net/img/app/product/3/323630-1635217.jpg", "unique_id": "c2206114cec445019843aac4c420881e", "trending_score": "0.0", "price": 899.0, "discounted_price": 899.0, "currency": "INR", "product_code": "323630", "affinity_score": 0.0, "brand": "forever21", "store": "v_forever21", "streamoid_urls": null}, {"title": "Sheer Floral Lace Bodysuit", "gender": "women", "category": "tops", "color": "maroon maroon maroon maroon maroon maroon wine wine brown brown", "product_url": "https://www.forever21.in/p/sheer-floral-lace-bodysuit-323724.html", "thumbnail_url": ["http://d1q9qhpdr6ehzh.cloudfront.net/4b787b1b12131b6c8225a60666b2614d"], "chatbot_image": "https://forever21.imgix.net/img/app/product/3/323724-1635231-large.jpg,https://forever21.imgix.net/img/app/product/3/323724-1635232-large.jpg,https://forever21.imgix.net/img/app/product/3/323724-1635233-large.jpg,https://forever21.imgix.net/img/app/product/3/323724-1635234-large.jpg,https://forever21.imgix.net/img/app/product/3/323724-1635235-large.jpg,https://forever21.imgix.net/img/app/product/3/323724-1635230.jpg", "unique_id": "368239d020194bba989835e96c5ddbe8", "trending_score": "0.0", "price": 899.0, "discounted_price": 899.0, "currency": "INR", "product_code": "323724", "affinity_score": 0.0, "brand": "forever21", "store": "v_forever21", "streamoid_urls": null}, {"title": "Lace-Up Choker Bodysuit", "gender": "women", "category": "tops", "color": "black black black black black black black black black black", "product_url": "https://www.forever21.in/p/lace-up-choker-bodysuit-323441.html", "thumbnail_url": ["http://d1q9qhpdr6ehzh.cloudfront.net/581d16c68741282c2377e83c77161032"], "chatbot_image": "https://forever21.imgix.net/img/app/product/3/323441-1630167-large.jpg,https://forever21.imgix.net/img/app/product/3/323441-1630168-large.jpg,https://forever21.imgix.net/img/app/product/3/323441-1630169-large.jpg,https://forever21.imgix.net/img/app/product/3/323441-1630170-large.jpg,https://forever21.imgix.net/img/app/product/3/323441-1630166.jpg", "unique_id": "0c9df64bf1be40fdbee644379e3e88f0", "trending_score": "0.0", "price": 1399.0, "discounted_price": 1399.0, "currency": "INR", "product_code": "323441", "affinity_score": 0.0, "brand": "forever21", "store": "v_forever21", "streamoid_urls": null}, {"title": "Patchwork panel bodysuit", "gender": "women", "category": "tops", "color": "black black black black black black black black black black", "product_url": "https://www.lanecrawford.com/pdp/BKJ374", "thumbnail_url": ["http://d1q9qhpdr6ehzh.cloudfront.net/c88fb62d3753975ce14d53e37de7c5f1"], "chatbot_image": "http://media.lanecrawford.com/B/K/J/BKJ374_in_xl.jpg,http://media.lanecrawford.com/B/K/J/BKJ374_bk_xl.jpg,http://media.lanecrawford.com/B/K/J/BKJ374_1_xl.jpg,http://media.lanecrawford.com/B/K/J/BKJ374_4_xl.jpg,http://media.lanecrawford.com/B/K/J/BKJ374_ro_xl.jpg", "unique_id": "44f866863a0741c6b42d663b5c1a1281", "trending_score": "0.0", "price": 7400.0, "discounted_price": 7400.0, "currency": "HKD", "product_code": "BKJ374", "affinity_score": 0.0, "brand": "ALEXANDER WANG", "store": "v_lane_crawford", "streamoid_urls": null}, {"title": "Sheer Abstract Print Bodysuit", "gender": "women", "category": "tops", "color": "multi multi multi multi multi multi white white chocolate chocolate", "product_url": "https://www.forever21.in/p/sheer-abstract-print-bodysuit-323590.html", "thumbnail_url": ["http://d1q9qhpdr6ehzh.cloudfront.net/4c82c4307ea056d35260520721b7076e"], "chatbot_image": "https://forever21.imgix.net/img/app/product/3/323590-1520135-large.jpg,https://forever21.imgix.net/img/app/product/3/323590-1520136-large.jpg,https://forever21.imgix.net/img/app/product/3/323590-1520137-large.jpg,https://forever21.imgix.net/img/app/product/3/323590-1520138-large.jpg,https://forever21.imgix.net/img/app/product/3/323590-1520139-large.jpg,https://forever21.imgix.net/img/app/product/3/323590-1520134.jpg", "unique_id": "20a287fbf89244c7a5596804bb74c385", "trending_score": "0.0", "price": 1049.0, "discounted_price": 1049.0, "currency": "INR", "product_code": "323590", "affinity_score": 0.0, "brand": "forever21", "store": "v_forever21", "streamoid_urls": null}, {"title": "Contemporary Mesh Bodysuit", "gender": "women", "category": "tops", "color": "white white white white white white off white off white off white off white", "product_url": "https://www.forever21.in/p/contemporary-mesh-bodysuit-323159.html", "thumbnail_url": ["http://d1q9qhpdr6ehzh.cloudfront.net/61f5c9502416180d8de8e5301d6eff61"], "chatbot_image": "https://forever21.imgix.net/img/app/product/3/323159-1630144-large.jpg,https://forever21.imgix.net/img/app/product/3/323159-1630145-large.jpg,https://forever21.imgix.net/img/app/product/3/323159-1630146-large.jpg,https://forever21.imgix.net/img/app/product/3/323159-1630147-large.jpg,https://forever21.imgix.net/img/app/product/3/323159-1630143.jpg", "unique_id": "b1e602ad5be54778b403e29d4eb9a2ee", "trending_score": "0.0", "price": 1299.0, "discounted_price": 1299.0, "currency": "INR", "product_code": "323159", "affinity_score": 0.0, "brand": "forever21", "store": "v_forever21", "streamoid_urls": null}, {"title": "VELVET WRAP BODYSUIT", "gender": "women", "category": "tops", "color": "black black black black black black black black black black", "product_url": "https://www.oasis-stores.com/072701.html?dwvar_072701_color=01", "thumbnail_url": ["http://d1q9qhpdr6ehzh.cloudfront.net/b7c1392e640d9ace82e2ea5d0d61d104"], "chatbot_image": "https://www.oasis-stores.com/dw/image/v2/AAWY_PRD/on/demandware.static/-/Sites-OASIS/default/dw8e06f5e4/images/hi-res/oasis_07270101_2.jpg,https://www.oasis-stores.com/dw/image/v2/AAWY_PRD/on/demandware.static/-/Sites-OASIS/default/dw5b952005/images/hi-res/oasis_07270101_3.jpg,https://www.oasis-stores.com/dw/image/v2/AAWY_PRD/on/demandware.static/-/Sites-OASIS/default/dw67e4f8ab/images/hi-res/oasis_07270101_4.jpg,https://www.oasis-stores.com/dw/image/v2/AAWY_PRD/on/demandware.static/-/Sites-OASIS/default/dw0096ffac/images/hi-res/oasis_07270101_5.jpg", "unique_id": "8de698e09f4342fdbb475075b7ac263c", "trending_score": "0.0", "price": 26.0, "discounted_price": 26.0, "currency": "GBP", "product_code": "07270101", "affinity_score": 0.0, "brand": "v_oasis", "store": "v_oasis", "streamoid_urls": null}, {"title": "METALLIC WRAP BODY", "gender": "women", "category": "tops", "color": "brown brown brown brown brown brown khaki khaki khaki khaki", "product_url": "https://www.oasis-stores.com/072045.html?dwvar_072045_color=81", "thumbnail_url": ["http://d1q9qhpdr6ehzh.cloudfront.net/7219b1ff482da98126c94b4cef39f0c9"], "chatbot_image": "https://www.oasis-stores.com/dw/image/v2/AAWY_PRD/on/demandware.static/-/Sites-OASIS/default/dwd53e983e/images/hi-res/oasis_07204581_2.jpg,https://www.oasis-stores.com/dw/image/v2/AAWY_PRD/on/demandware.static/-/Sites-OASIS/default/dw4c49533e/images/hi-res/oasis_07204581_3.jpg,https://www.oasis-stores.com/dw/image/v2/AAWY_PRD/on/demandware.static/-/Sites-OASIS/default/dw8c3b53db/images/hi-res/oasis_07204581_4.jpg,https://www.oasis-stores.com/dw/image/v2/AAWY_PRD/on/demandware.static/-/Sites-OASIS/default/dw9e6546d0/images/hi-res/oasis_07204581_5.jpg", "unique_id": "dc1f4aad61034416a3bc8d8ec2a29f48", "trending_score": "0.0", "price": 29.0, "discounted_price": 29.0, "currency": "GBP", "product_code": "07204581", "affinity_score": 0.0, "brand": "v_oasis", "store": "v_oasis", "streamoid_urls": null}, {"title": "FOIL LEAF PRINT BODY", "gender": "women", "category": "tops", "color": "navy navy navy navy navy navy black black black black", "product_url": "https://www.oasis-stores.com/071964.html?dwvar_071964_color=58", "thumbnail_url": ["http://d1q9qhpdr6ehzh.cloudfront.net/d1e18556d9ff98585a590d233b09f70c"], "chatbot_image": "https://www.oasis-stores.com/dw/image/v2/AAWY_PRD/on/demandware.static/-/Sites-OASIS/default/dw37487a20/images/hi-res/oasis_07196458_2.jpg,https://www.oasis-stores.com/dw/image/v2/AAWY_PRD/on/demandware.static/-/Sites-OASIS/default/dwd00ad65c/images/hi-res/oasis_07196458_3.jpg,https://www.oasis-stores.com/dw/image/v2/AAWY_PRD/on/demandware.static/-/Sites-OASIS/default/dw420618bc/images/hi-res/oasis_07196458_4.jpg,https://www.oasis-stores.com/dw/image/v2/AAWY_PRD/on/demandware.static/-/Sites-OASIS/default/dw3712a014/images/hi-res/oasis_07196458_5.jpg", "unique_id": "b39a144e1208459a9e48f6da073be7ab", "trending_score": "0.0", "price": 30.0, "discounted_price": 21.0, "currency": "GBP", "product_code": "07196458", "affinity_score": 0.0, "brand": "v_oasis", "store": "v_oasis", "streamoid_urls": null}, {"title": "Textured Knit Bodysuit", "gender": "women", "category": "tops", "color": "light-blue light-blue light-blue light-blue light-blue light-blue pale mint pale mint pale mint pale mint", "product_url": "https://www.forever21.in/p/textured-knit-bodysuit-324226.html", "thumbnail_url": ["http://d1q9qhpdr6ehzh.cloudfront.net/40912f09aae7542f3ff5eb2d9395e001"], "chatbot_image": "https://forever21.imgix.net/img/app/product/3/324226-1630247-large.jpg,https://forever21.imgix.net/img/app/product/3/324226-1630248-large.jpg,https://forever21.imgix.net/img/app/product/3/324226-1630249-large.jpg,https://forever21.imgix.net/img/app/product/3/324226-1630250-large.jpg,https://forever21.imgix.net/img/app/product/3/324226-1630246.jpg", "unique_id": "c80183950abb47f5918bc6f66a889167", "trending_score": "0.0", "price": 699.0, "discounted_price": 560.0, "currency": "INR", "product_code": "324226", "affinity_score": 0.0, "brand": "forever21", "store": "v_forever21", "streamoid_urls": null}, {"title": "Textured Knit Bodysuit", "gender": "women", "category": "tops", "color": "multicolor mauve mauve mauve mauve mauve mauve peach peach peach", "product_url": "https://www.forever21.in/p/textured-knit-bodysuit-324269.html", "thumbnail_url": ["http://d1q9qhpdr6ehzh.cloudfront.net/4f64d6f57002c0ca91b5d0014156d246"], "chatbot_image": "https://forever21.imgix.net/img/app/product/3/324269-1630252-large.jpg,https://forever21.imgix.net/img/app/product/3/324269-1630253-large.jpg,https://forever21.imgix.net/img/app/product/3/324269-1630254-large.jpg,https://forever21.imgix.net/img/app/product/3/324269-1630255-large.jpg,https://forever21.imgix.net/img/app/product/3/324269-1630251.jpg", "unique_id": "6ab8ea058ebf45ce901175985e3ef645", "trending_score": "0.0", "price": 699.0, "discounted_price": 560.0, "currency": "INR", "product_code": "324269", "affinity_score": 0.0, "brand": "forever21", "store": "v_forever21", "streamoid_urls": null}, {"title": "Ribbed Cami Bodysuit", "gender": "women", "category": "tops", "color": "multicolor peach peach peach peach peach peach tan tan tan", "product_url": "https://www.forever21.in/p/ribbed-cami-bodysuit-323083.html", "thumbnail_url": ["http://d1q9qhpdr6ehzh.cloudfront.net/71667980c3dd7ad597365246d91a6c49"], "chatbot_image": "https://forever21.imgix.net/img/app/product/3/323083-1518563-large.jpg,https://forever21.imgix.net/img/app/product/3/323083-1518564-large.jpg,https://forever21.imgix.net/img/app/product/3/323083-1518565-large.jpg,https://forever21.imgix.net/img/app/product/3/323083-1518566-large.jpg,https://forever21.imgix.net/img/app/product/3/323083-1518562.jpg", "unique_id": "3d963a4e00534976b9433ba871de78d2", "trending_score": "0.0", "price": 749.0, "discounted_price": 749.0, "currency": "INR", "product_code": "323083", "affinity_score": 0.0, "brand": "forever21", "store": "v_forever21", "streamoid_urls": null}, {"title": "Tropical Cami Thong Bodysuit", "gender": "women", "category": "tops", "color": "multicolor multi multi multi multi multi multi chocolate chocolate peach", "product_url": "https://www.forever21.in/p/tropical-cami-thong-bodysuit-323238.html", "thumbnail_url": ["http://d1q9qhpdr6ehzh.cloudfront.net/a78e1efa7c5b3d84f0887c1a73976622"], "chatbot_image": "https://forever21.imgix.net/img/app/product/3/323238-1610754-large.jpg,https://forever21.imgix.net/img/app/product/3/323238-1610755-large.jpg,https://forever21.imgix.net/img/app/product/3/323238-1610756-large.jpg,https://forever21.imgix.net/img/app/product/3/323238-1610757-large.jpg,https://forever21.imgix.net/img/app/product/3/323238-1610758-large.jpg,https://forever21.imgix.net/img/app/product/3/323238-1610753.jpg", "unique_id": "5abacffaf17b490da51db7107a9d5ff3", "trending_score": "0.0", "price": 899.0, "discounted_price": 899.0, "currency": "INR", "product_code": "323238", "affinity_score": 0.0, "brand": "forever21", "store": "v_forever21", "streamoid_urls": null}, {"title": "Metallic Ring Bodysuit", "gender": "women", "category": "tops", "color": "peach peach peach peach peach peach peach peach peach peach", "product_url": "https://www.forever21.in/p/metallic-ring-bodysuit-324227.html", "thumbnail_url": ["http://d1q9qhpdr6ehzh.cloudfront.net/693b787ce6802554ebca46ff3adc8734"], "chatbot_image": "https://forever21.imgix.net/img/app/product/3/324227-1631604-large.jpg,https://forever21.imgix.net/img/app/product/3/324227-1631605-large.jpg,https://forever21.imgix.net/img/app/product/3/324227-1631606-large.jpg,https://forever21.imgix.net/img/app/product/3/324227-1631607-large.jpg,https://forever21.imgix.net/img/app/product/3/324227-1631603.jpg", "unique_id": "2efd7f6d1ab04988947d836ad3371dae", "trending_score": "0.0", "price": 799.0, "discounted_price": 799.0, "currency": "INR", "product_code": "324227", "affinity_score": 0.0, "brand": "forever21", "store": "v_forever21", "streamoid_urls": null}, {"title": "Ribbed Crisscross Bodysuit", "gender": "women", "category": "tops", "color": "pink pink pink pink pink pink baby pink baby pink baby pink baby pink", "product_url": "https://www.forever21.in/p/ribbed-crisscross-bodysuit-323601.html", "thumbnail_url": ["http://d1q9qhpdr6ehzh.cloudfront.net/6151fbc1c6e65daf44e3bbe62b3f2539"], "chatbot_image": "https://forever21.imgix.net/img/app/product/3/323601-1520194-large.jpg,https://forever21.imgix.net/img/app/product/3/323601-1520195-large.jpg,https://forever21.imgix.net/img/app/product/3/323601-1520196-large.jpg,https://forever21.imgix.net/img/app/product/3/323601-1520197-large.jpg,https://forever21.imgix.net/img/app/product/3/323601-1520193.jpg", "unique_id": "be944437ad6f488a8b1c2160b6836c3b", "trending_score": "0.0", "price": 799.0, "discounted_price": 799.0, "currency": "INR", "product_code": "323601", "affinity_score": 0.0, "brand": "forever21", "store": "v_forever21", "streamoid_urls": null}, {"title": "Metallic Ring Bodysuit", "gender": "women", "category": "tops", "color": "white white white white white white pearl pearl pearl white", "product_url": "https://www.forever21.in/p/metallic-ring-bodysuit-324138.html", "thumbnail_url": ["http://d1q9qhpdr6ehzh.cloudfront.net/accfa9595132e78377ce50aa5e9fe22a"], "chatbot_image": "https://forever21.imgix.net/img/app/product/3/324138-1631588-large.jpg,https://forever21.imgix.net/img/app/product/3/324138-1631589-large.jpg,https://forever21.imgix.net/img/app/product/3/324138-1631590-large.jpg,https://forever21.imgix.net/img/app/product/3/324138-1631591-large.jpg,https://forever21.imgix.net/img/app/product/3/324138-1631587.jpg", "unique_id": "f4cfee8d45c3482bb0f56bb5f2fe75f9", "trending_score": "0.0", "price": 799.0, "discounted_price": 799.0, "currency": "INR", "product_code": "324138", "affinity_score": 0.0, "brand": "forever21", "store": "v_forever21", "streamoid_urls": null}, {"title": "Contrast-Trimmed Bodysuit", "gender": "women", "category": "tops", "color": "black black black black black black black black black black", "product_url": "https://www.forever21.in/p/contrast-trimmed-bodysuit-323379.html", "thumbnail_url": ["http://d1q9qhpdr6ehzh.cloudfront.net/29799bc51e5fbe47e1fcb283a9340606"], "chatbot_image": "https://forever21.imgix.net/img/app/product/3/323379-1611986-large.jpg,https://forever21.imgix.net/img/app/product/3/323379-1611987-large.jpg,https://forever21.imgix.net/img/app/product/3/323379-1611988-large.jpg,https://forever21.imgix.net/img/app/product/3/323379-1611989-large.jpg,https://forever21.imgix.net/img/app/product/3/323379-1611985.jpg", "unique_id": "2fee10d890a946ce93ba6b4483b186e5", "trending_score": "0.0", "price": 759.0, "discounted_price": 759.0, "currency": "INR", "product_code": "323379", "affinity_score": 0.0, "brand": "forever21", "store": "v_forever21", "streamoid_urls": null}, {"title": "Satin Strap V-Neck Bodysuit", "gender": "women", "category": "tops", "color": "white white white white white white off white off white off white off white", "product_url": "https://www.forever21.in/p/satin-strap-v-neck-bodysuit-324182.html", "thumbnail_url": ["http://d1q9qhpdr6ehzh.cloudfront.net/52315421d1f378e3562e83844e7b67cb"], "chatbot_image": "https://forever21.imgix.net/img/app/product/3/324182-1630242-large.jpg,https://forever21.imgix.net/img/app/product/3/324182-1630243-large.jpg,https://forever21.imgix.net/img/app/product/3/324182-1630244-large.jpg,https://forever21.imgix.net/img/app/product/3/324182-1630245-large.jpg,https://forever21.imgix.net/img/app/product/3/324182-1630241.jpg", "unique_id": "1af2323fac924b288048f3f2cce8a793", "trending_score": "0.0", "price": 699.0, "discounted_price": 799.0, "currency": "INR", "product_code": "324182", "affinity_score": 0.0, "brand": "forever21", "store": "v_forever21", "streamoid_urls": null}, {"title": "Textured Knit Bodysuit", "gender": "women", "category": "tops", "color": "khaki khaki khaki khaki khaki khaki pearl pearl pearl beige", "product_url": "https://www.forever21.in/p/textured-knit-bodysuit-324137.html", "thumbnail_url": ["http://d1q9qhpdr6ehzh.cloudfront.net/a2b677488db9caf39a74d746077f9391"], "chatbot_image": "https://forever21.imgix.net/img/app/product/3/324137-1630237-large.jpg,https://forever21.imgix.net/img/app/product/3/324137-1630238-large.jpg,https://forever21.imgix.net/img/app/product/3/324137-1630239-large.jpg,https://forever21.imgix.net/img/app/product/3/324137-1630240-large.jpg,https://forever21.imgix.net/img/app/product/3/324137-1630236.jpg", "unique_id": "66f5f8b994ef4696b837a4769e4381f8", "trending_score": "0.0", "price": 699.0, "discounted_price": 699.0, "currency": "INR", "product_code": "324137", "affinity_score": 0.0, "brand": "forever21", "store": "v_forever21", "streamoid_urls": null}, {"title": "Classic Cami Bodysuit", "gender": "women", "category": "tops", "color": "multicolor green green green green green green brown brown tan", "product_url": "https://www.forever21.in/p/classic-cami-bodysuit-323136.html", "thumbnail_url": ["http://d1q9qhpdr6ehzh.cloudfront.net/d980dd833232800721976a9dfd8e10f3"], "chatbot_image": "https://forever21.imgix.net/img/app/product/3/323136-1600631-large.jpg,https://forever21.imgix.net/img/app/product/3/323136-1600632-large.jpg,https://forever21.imgix.net/img/app/product/3/323136-1600633-large.jpg,https://forever21.imgix.net/img/app/product/3/323136-1600634-large.jpg,https://forever21.imgix.net/img/app/product/3/323136-1600635-large.jpg,https://forever21.imgix.net/img/app/product/3/323136-1600630.jpg", "unique_id": "5ff79e9f654449b3bd818c878afe1aad", "trending_score": "0.0", "price": 799.0, "discounted_price": 560.0, "currency": "INR", "product_code": "323136", "affinity_score": 0.0, "brand": "forever21", "store": "v_forever21", "streamoid_urls": null}, {"title": "Tie-Strap Velvet Bodysuit", "gender": "women", "category": "tops", "color": "multicolor maroon maroon maroon maroon maroon maroon maroon maroon crimson red", "product_url": "https://www.forever21.in/p/tie-strap-velvet-bodysuit-323019.html", "thumbnail_url": ["http://d1q9qhpdr6ehzh.cloudfront.net/978a9dffc6691e45295ab0a344d16ab3"], "chatbot_image": "https://forever21.imgix.net/img/app/product/3/323019-1623937-large.jpg,https://forever21.imgix.net/img/app/product/3/323019-1623938-large.jpg,https://forever21.imgix.net/img/app/product/3/323019-1623939-large.jpg,https://forever21.imgix.net/img/app/product/3/323019-1623940-large.jpg,https://forever21.imgix.net/img/app/product/3/323019-1623936.jpg", "unique_id": "ce24b5a4748b43bbb331e7961c2a4b33", "trending_score": "0.0", "price": 1049.0, "discounted_price": 1299.0, "currency": "INR", "product_code": "323019", "affinity_score": 0.0, "brand": "forever21", "store": "v_forever21", "streamoid_urls": null}, {"title": "Classic Cami Bodysuit", "gender": "women", "category": "tops", "color": "beige beige beige beige beige beige brown brown brown brown", "product_url": "https://www.forever21.in/p/classic-cami-bodysuit-323091.html", "thumbnail_url": ["http://d1q9qhpdr6ehzh.cloudfront.net/7971247c1ff024a34e09229043b6a569"], "chatbot_image": "https://forever21.imgix.net/img/app/product/3/323091-1600625-large.jpg,https://forever21.imgix.net/img/app/product/3/323091-1600626-large.jpg,https://forever21.imgix.net/img/app/product/3/323091-1600627-large.jpg,https://forever21.imgix.net/img/app/product/3/323091-1600628-large.jpg,https://forever21.imgix.net/img/app/product/3/323091-1600629-large.jpg,https://forever21.imgix.net/img/app/product/3/323091-1600624.jpg", "unique_id": "a04da1fe10de4b3fa0a724e6d92606cd", "trending_score": "0.0", "price": 799.0, "discounted_price": 799.0, "currency": "INR", "product_code": "323091", "affinity_score": 0.0, "brand": "forever21", "store": "v_forever21", "streamoid_urls": null}, {"title": "Faux Suede Bodysuit", "gender": "women", "category": "tops", "color": "green green green green green green seaweed seaweed seaweed seaweed", "product_url": "https://www.forever21.in/p/faux-suede-bodysuit-323066.html", "thumbnail_url": ["http://d1q9qhpdr6ehzh.cloudfront.net/813648b8412b7ccd12ca38da3baa5025"], "chatbot_image": "https://forever21.imgix.net/img/app/product/3/323066-1626157-large.jpg,https://forever21.imgix.net/img/app/product/3/323066-1626158-large.jpg,https://forever21.imgix.net/img/app/product/3/323066-1626159-large.jpg,https://forever21.imgix.net/img/app/product/3/323066-1626160-large.jpg,https://forever21.imgix.net/img/app/product/3/323066-1626156.jpg", "unique_id": "8dfed15ba5ec4c7f94005b7ab77a2b42", "trending_score": "0.0", "price": 899.0, "discounted_price": 630.0, "currency": "INR", "product_code": "323066", "affinity_score": 0.0, "brand": "forever21", "store": "v_forever21", "streamoid_urls": null}, {"title": "Classic Cami Bodysuit", "gender": "women", "category": "tops", "color": "multicolor gray gray gray gray gray gray brown brown hazelnut", "product_url": "https://www.forever21.in/p/classic-cami-bodysuit-323045.html", "thumbnail_url": ["http://d1q9qhpdr6ehzh.cloudfront.net/9cc62ed5d5b8353416cb949294450f58"], "chatbot_image": "https://forever21.imgix.net/img/app/product/3/323045-1600619-large.jpg,https://forever21.imgix.net/img/app/product/3/323045-1600620-large.jpg,https://forever21.imgix.net/img/app/product/3/323045-1600621-large.jpg,https://forever21.imgix.net/img/app/product/3/323045-1600622-large.jpg,https://forever21.imgix.net/img/app/product/3/323045-1600623-large.jpg,https://forever21.imgix.net/img/app/product/3/323045-1600618.jpg", "unique_id": "23fd5c0902464436a3e046aa2710960e", "trending_score": "0.0", "price": 799.0, "discounted_price": 799.0, "currency": "INR", "product_code": "323045", "affinity_score": 0.0, "brand": "forever21", "store": "v_forever21", "streamoid_urls": null}, {"title": "Metallic Ring Bodysuit", "gender": "women", "category": "tops", "color": "black black black black black black black black black black", "product_url": "https://www.forever21.in/p/metallic-ring-bodysuit-324183.html", "thumbnail_url": ["http://d1q9qhpdr6ehzh.cloudfront.net/fac7a0ed61efe43f9b9462fb7213110e"], "chatbot_image": "https://forever21.imgix.net/img/app/product/3/324183-1631593-large.jpg,https://forever21.imgix.net/img/app/product/3/324183-1631600-large.jpg,https://forever21.imgix.net/img/app/product/3/324183-1631601-large.jpg,https://forever21.imgix.net/img/app/product/3/324183-1631602-large.jpg,https://forever21.imgix.net/img/app/product/3/324183-1631592.jpg", "unique_id": "07c95fa26f144a4fb755957cfd1686c9", "trending_score": "0.0", "price": 799.0, "discounted_price": 799.0, "currency": "INR", "product_code": "324183", "affinity_score": 0.0, "brand": "forever21", "store": "v_forever21", "streamoid_urls": null}, {"title": "Faux Suede Bodysuit", "gender": "women", "category": "tops", "color": "off-white off-white off-white off-white off-white off-white pearl pearl pearl pearl", "product_url": "https://www.forever21.in/p/faux-suede-bodysuit-323021.html", "thumbnail_url": ["http://d1q9qhpdr6ehzh.cloudfront.net/cdf4185e23acd2a578759dbd9a0c765f"], "chatbot_image": "https://forever21.imgix.net/img/app/product/3/323021-1626151-large.jpg,https://forever21.imgix.net/img/app/product/3/323021-1626152-large.jpg,https://forever21.imgix.net/img/app/product/3/323021-1626153-large.jpg,https://forever21.imgix.net/img/app/product/3/323021-1626154-large.jpg,https://forever21.imgix.net/img/app/product/3/323021-1626155-large.jpg,https://forever21.imgix.net/img/app/product/3/323021-1626150.jpg", "unique_id": "67a14386b7a449e18e5ca9b51d25e229", "trending_score": "0.0", "price": 899.0, "discounted_price": 630.0, "currency": "INR", "product_code": "323021", "affinity_score": 0.0, "brand": "forever21", "store": "v_forever21", "streamoid_urls": null}, {"title": "Ribbed Cami Bodysuit", "gender": "women", "category": "tops", "color": "black black black black black black powder blue powder blue powder blue powder blue", "product_url": "https://www.forever21.in/p/ribbed-cami-bodysuit-322993.html", "thumbnail_url": ["http://d1q9qhpdr6ehzh.cloudfront.net/b6da0f9ab3b31b2f9cec7c3a55371579"], "chatbot_image": "https://forever21.imgix.net/img/app/product/3/322993-1518276-large.jpg,https://forever21.imgix.net/img/app/product/3/322993-1518277-large.jpg,https://forever21.imgix.net/img/app/product/3/322993-1518278-large.jpg,https://forever21.imgix.net/img/app/product/3/322993-1518279-large.jpg,https://forever21.imgix.net/img/app/product/3/322993-1518275.jpg", "unique_id": "342eef8490f64c5da3672f133b0787ae", "trending_score": "0.0", "price": 749.0, "discounted_price": 749.0, "currency": "INR", "product_code": "322993", "affinity_score": 0.0, "brand": "forever21", "store": "v_forever21", "streamoid_urls": null}, {"title": "Contrast-Trimmed Bodysuit", "gender": "women", "category": "tops", "color": "white white white white white white white white white white", "product_url": "https://www.forever21.in/p/contrast-trimmed-bodysuit-323427.html", "thumbnail_url": ["http://d1q9qhpdr6ehzh.cloudfront.net/e380410abbb46de5ba8a8abf1ed5c723"], "chatbot_image": "https://forever21.imgix.net/img/app/product/3/323427-1611991-large.jpg,https://forever21.imgix.net/img/app/product/3/323427-1611992-large.jpg,https://forever21.imgix.net/img/app/product/3/323427-1611993-large.jpg,https://forever21.imgix.net/img/app/product/3/323427-1611994-large.jpg,https://forever21.imgix.net/img/app/product/3/323427-1611990.jpg", "unique_id": "529acc7df07047f59d627c9d40ea923d", "trending_score": "0.0", "price": 759.0, "discounted_price": 380.0, "currency": "INR", "product_code": "323427", "affinity_score": 0.0, "brand": "forever21", "store": "v_forever21", "streamoid_urls": null}, {"title": "Tropical Cami Thong Bodysuit", "gender": "women", "category": "tops", "color": "multicolor black black black black black black olive olive tan", "product_url": "https://www.forever21.in/p/tropical-cami-thong-bodysuit-323191.html", "thumbnail_url": ["http://d1q9qhpdr6ehzh.cloudfront.net/f073d5f2bbad2c39698900bafd14d59b"], "chatbot_image": "https://forever21.imgix.net/img/app/product/3/323191-1610748-large.jpg,https://forever21.imgix.net/img/app/product/3/323191-1610749-large.jpg,https://forever21.imgix.net/img/app/product/3/323191-1610750-large.jpg,https://forever21.imgix.net/img/app/product/3/323191-1610751-large.jpg,https://forever21.imgix.net/img/app/product/3/323191-1610752-large.jpg,https://forever21.imgix.net/img/app/product/3/323191-1610747.jpg", "unique_id": "2874ae0420104e3f94e0c9c0e09ee761", "trending_score": "0.0", "price": 899.0, "discounted_price": 899.0, "currency": "INR", "product_code": "323191", "affinity_score": 0.0, "brand": "forever21", "store": "v_forever21", "streamoid_urls": null}, {"title": "Shadow Stripe Bodysuit", "gender": "women", "category": "tops", "color": "khaki khaki khaki khaki khaki khaki khaki khaki khaki peach", "product_url": "https://www.forever21.in/p/shadow-stripe-bodysuit-324027.html", "thumbnail_url": ["http://d1q9qhpdr6ehzh.cloudfront.net/bd2b3c5868d7271f7e1a5396a84d02f8"], "chatbot_image": "https://forever21.imgix.net/img/app/product/3/324027-1608430-large.jpg,https://forever21.imgix.net/img/app/product/3/324027-1608431-large.jpg,https://forever21.imgix.net/img/app/product/3/324027-1608432-large.jpg,https://forever21.imgix.net/img/app/product/3/324027-1608433-large.jpg,https://forever21.imgix.net/img/app/product/3/324027-1608434-large.jpg,https://forever21.imgix.net/img/app/product/3/324027-1608429.jpg", "unique_id": "75268c5b5d52431e80903ef4db463c84", "trending_score": "0.0", "price": 899.0, "discounted_price": 899.0, "currency": "INR", "product_code": "324027", "affinity_score": 0.0, "brand": "forever21", "store": "v_forever21", "streamoid_urls": null}, {"title": "Ribbed Scoop Neck Bodysuit", "gender": "women", "category": "tops", "color": "white white white white white white off white off white off white off white", "product_url": "https://www.forever21.in/p/ribbed-scoop-neck-bodysuit-324331.html", "thumbnail_url": ["http://d1q9qhpdr6ehzh.cloudfront.net/d5baaad720c295fdba7dc0a9efc4b425"], "chatbot_image": "https://forever21.imgix.net/img/app/product/3/324331-1597886-large.jpg,https://forever21.imgix.net/img/app/product/3/324331-1597887-large.jpg,https://forever21.imgix.net/img/app/product/3/324331-1597888-large.jpg,https://forever21.imgix.net/img/app/product/3/324331-1597889-large.jpg,https://forever21.imgix.net/img/app/product/3/324331-1597890-large.jpg,https://forever21.imgix.net/img/app/product/3/324331-1597885.jpg", "unique_id": "a6b1c3891c6247289b937188c6559a1a", "trending_score": "0.0", "price": 799.0, "discounted_price": 799.0, "currency": "INR", "product_code": "324331", "affinity_score": 0.0, "brand": "forever21", "store": "v_forever21", "streamoid_urls": null}, {"title": "Ribbed Knit Bodysuit", "gender": "women", "category": "tops", "color": "green green green green green green aquamarine aquamarine aquamarine aquamarine", "product_url": "https://www.forever21.in/p/ribbed-knit-bodysuit-324010.html", "thumbnail_url": ["http://d1q9qhpdr6ehzh.cloudfront.net/a6da1dad08fc9662e31ac5dcac1f7aa0"], "chatbot_image": "https://forever21.imgix.net/img/app/product/3/324010-1521454-large.jpg,https://forever21.imgix.net/img/app/product/3/324010-1521455-large.jpg,https://forever21.imgix.net/img/app/product/3/324010-1521456-large.jpg,https://forever21.imgix.net/img/app/product/3/324010-1521457-large.jpg,https://forever21.imgix.net/img/app/product/3/324010-1521453.jpg", "unique_id": "9a3680ef75b64b7dbb9821a255183df5", "trending_score": "0.0", "price": 799.0, "discounted_price": 799.0, "currency": "INR", "product_code": "324010", "affinity_score": 0.0, "brand": "forever21", "store": "v_forever21", "streamoid_urls": null}, {"title": "Squad NYC Graphic Bodysuit", "gender": "women", "category": "tops", "color": "light-gray light-gray light-gray light-gray light-gray light-gray light gray light gray light gray light gray", "product_url": "https://www.forever21.in/p/squad-nyc-graphic-bodysuit-324341.html", "thumbnail_url": ["http://d1q9qhpdr6ehzh.cloudfront.net/38f5807a23eee7a1a37a411f8d18030f"], "chatbot_image": "https://forever21.imgix.net/img/app/product/3/324341-1612100-large.jpg,https://forever21.imgix.net/img/app/product/3/324341-1612101-large.jpg,https://forever21.imgix.net/img/app/product/3/324341-1612102-large.jpg,https://forever21.imgix.net/img/app/product/3/324341-1612103-large.jpg,https://forever21.imgix.net/img/app/product/3/324341-1612104-large.jpg,https://forever21.imgix.net/img/app/product/3/324341-1612105-large.jpg,https://forever21.imgix.net/img/app/product/3/324341-1612099.jpg", "unique_id": "87db6dd286fc48e7bba0805e03be61a7", "trending_score": "0.0", "price": 1119.0, "discounted_price": 1119.0, "currency": "INR", "product_code": "324341", "affinity_score": 0.0, "brand": "forever21", "store": "v_forever21", "streamoid_urls": null}, {"title": "Marled Knit Bodysuit", "gender": "women", "category": "tops", "color": "charcoal-gray charcoal-gray charcoal-gray charcoal-gray charcoal-gray charcoal-gray slate gray slate gray slate gray slate gray", "product_url": "https://www.forever21.in/p/marled-knit-bodysuit-323603.html", "thumbnail_url": ["http://d1q9qhpdr6ehzh.cloudfront.net/dc9d857df4ba638db50e611403aee966"], "chatbot_image": "https://forever21.imgix.net/img/app/product/3/323603-1600680-large.jpg,https://forever21.imgix.net/img/app/product/3/323603-1600681-large.jpg,https://forever21.imgix.net/img/app/product/3/323603-1600682-large.jpg,https://forever21.imgix.net/img/app/product/3/323603-1600679.jpg", "unique_id": "aec9619eb03440e2ad709959d2233472", "trending_score": "0.0", "price": 949.0, "discounted_price": 400.0, "currency": "INR", "product_code": "323603", "affinity_score": 0.0, "brand": "forever21", "store": "v_forever21", "streamoid_urls": null}, {"title": "Sheer Floral Lace Bodysuit", "gender": "women", "category": "tops", "color": "gray gray gray gray gray gray khaki khaki khaki khaki", "product_url": "https://www.forever21.in/p/sheer-floral-lace-bodysuit-323769.html", "thumbnail_url": ["http://d1q9qhpdr6ehzh.cloudfront.net/2cc9a968a18ca9c67b793b1f87aa7fc8"], "chatbot_image": "https://forever21.imgix.net/img/app/product/3/323769-1635237-large.jpg,https://forever21.imgix.net/img/app/product/3/323769-1635238-large.jpg,https://forever21.imgix.net/img/app/product/3/323769-1635239-large.jpg,https://forever21.imgix.net/img/app/product/3/323769-1635240-large.jpg,https://forever21.imgix.net/img/app/product/3/323769-1635236.jpg", "unique_id": "158aa42ed9cf49fb8948cdddfbbdfb05", "trending_score": "0.0", "price": 899.0, "discounted_price": 450.0, "currency": "INR", "product_code": "323769", "affinity_score": 0.0, "brand": "forever21", "store": "v_forever21", "streamoid_urls": null}, {"title": "Ribbed Scoop Neck Bodysuit", "gender": "women", "category": "tops", "color": "black black black black black black black black black black", "product_url": "https://www.forever21.in/p/ribbed-scoop-neck-bodysuit-324288.html", "thumbnail_url": ["http://d1q9qhpdr6ehzh.cloudfront.net/866b8a5ea3b301985c60cf19ec6a930d"], "chatbot_image": "https://forever21.imgix.net/img/app/product/3/324288-1597880-large.jpg,https://forever21.imgix.net/img/app/product/3/324288-1597881-large.jpg,https://forever21.imgix.net/img/app/product/3/324288-1597882-large.jpg,https://forever21.imgix.net/img/app/product/3/324288-1597883-large.jpg,https://forever21.imgix.net/img/app/product/3/324288-1597884-large.jpg,https://forever21.imgix.net/img/app/product/3/324288-1597879.jpg", "unique_id": "d2dc30b674af404485873ef1a392a46b", "trending_score": "0.0", "price": 799.0, "discounted_price": 799.0, "currency": "INR", "product_code": "324288", "affinity_score": 0.0, "brand": "forever21", "store": "v_forever21", "streamoid_urls": null}, {"title": "Crushed Velvet Bodysuit", "gender": "women", "category": "tops", "color": "light-gray light-gray light-gray light-gray light-gray light-gray gray gray gray off white", "product_url": "https://www.forever21.in/p/crushed-velvet-bodysuit-324067.html", "thumbnail_url": ["http://d1q9qhpdr6ehzh.cloudfront.net/7ab5d48f082f27eb2c26bc7cd5dee075"], "chatbot_image": "https://forever21.imgix.net/img/app/product/3/324067-1597857-large.jpg,https://forever21.imgix.net/img/app/product/3/324067-1597858-large.jpg,https://forever21.imgix.net/img/app/product/3/324067-1597859-large.jpg,https://forever21.imgix.net/img/app/product/3/324067-1597860-large.jpg,https://forever21.imgix.net/img/app/product/3/324067-1597856.jpg", "unique_id": "3cfa7689cb42469988c17c64cbac1beb", "trending_score": "0.0", "price": 1399.0, "discounted_price": 1399.0, "currency": "INR", "product_code": "324067", "affinity_score": 0.0, "brand": "forever21", "store": "v_forever21", "streamoid_urls": null}, {"title": "Ribbed Scoop Neck Bodysuit", "gender": "women", "category": "tops", "color": "multicolor gray gray gray gray gray gray black black black", "product_url": "https://www.forever21.in/p/ribbed-scoop-neck-bodysuit-324377.html", "thumbnail_url": ["http://d1q9qhpdr6ehzh.cloudfront.net/6963263aa7fe327e1670f1b6428be27b"], "chatbot_image": "https://forever21.imgix.net/img/app/product/3/324377-1597892-large.jpg,https://forever21.imgix.net/img/app/product/3/324377-1597893-large.jpg,https://forever21.imgix.net/img/app/product/3/324377-1597894-large.jpg,https://forever21.imgix.net/img/app/product/3/324377-1597895-large.jpg,https://forever21.imgix.net/img/app/product/3/324377-1597891.jpg", "unique_id": "3d2e003bc8864b4699900ebada940802", "trending_score": "0.0", "price": 799.0, "discounted_price": 799.0, "currency": "INR", "product_code": "324377", "affinity_score": 0.0, "brand": "forever21", "store": "v_forever21", "streamoid_urls": null}, {"title": "Ribbed Scoop Neck Bodysuit", "gender": "women", "category": "tops", "color": "mustard mustard mustard mustard mustard mustard camel camel camel camel", "product_url": "https://www.forever21.in/p/ribbed-scoop-neck-bodysuit-324422.html", "thumbnail_url": ["http://d1q9qhpdr6ehzh.cloudfront.net/5f7018eed8cedef20dfb25874d6e9091"], "chatbot_image": "https://forever21.imgix.net/img/app/product/3/324422-1597897-large.jpg,https://forever21.imgix.net/img/app/product/3/324422-1597898-large.jpg,https://forever21.imgix.net/img/app/product/3/324422-1597899-large.jpg,https://forever21.imgix.net/img/app/product/3/324422-1597900-large.jpg,https://forever21.imgix.net/img/app/product/3/324422-1597901-large.jpg,https://forever21.imgix.net/img/app/product/3/324422-1597896.jpg", "unique_id": "8b8af3c9a9384b6282407cad679e0dfd", "trending_score": "0.0", "price": 799.0, "discounted_price": 799.0, "currency": "INR", "product_code": "324422", "affinity_score": 0.0, "brand": "forever21", "store": "v_forever21", "streamoid_urls": null}, {"title": "Semi-Sheer Halter Bodysuit", "gender": "women", "category": "tops", "color": "black black black black black black chocolate chocolate chocolate chocolate", "product_url": "https://www.forever21.in/p/semi-sheer-halter-bodysuit-323144.html", "thumbnail_url": ["http://d1q9qhpdr6ehzh.cloudfront.net/abdd5a0a9f98cc966ed46ff8feb8775f"], "chatbot_image": "https://forever21.imgix.net/img/app/product/3/323144-1610743-large.jpg,https://forever21.imgix.net/img/app/product/3/323144-1610744-large.jpg,https://forever21.imgix.net/img/app/product/3/323144-1610745-large.jpg,https://forever21.imgix.net/img/app/product/3/323144-1610746-large.jpg,https://forever21.imgix.net/img/app/product/3/323144-1610742.jpg", "unique_id": "dd45c6c228e94da9b3cf531ad169ed3c", "trending_score": "0.0", "price": 1299.0, "discounted_price": 520.0, "currency": "INR", "product_code": "323144", "affinity_score": 0.0, "brand": "forever21", "store": "v_forever21", "streamoid_urls": null}, {"title": "No Thank You Ringer Bodysuit", "gender": "women", "category": "tops", "color": "black black black black black black black black black black", "product_url": "https://www.forever21.in/p/no-thank-you-ringer-bodysuit-323182.html", "thumbnail_url": ["http://d1q9qhpdr6ehzh.cloudfront.net/ef87f16aa402979d2fe32e6d9054a473"], "chatbot_image": "https://forever21.imgix.net/img/app/product/3/323182-1597742-large.jpg,https://forever21.imgix.net/img/app/product/3/323182-1597743-large.jpg,https://forever21.imgix.net/img/app/product/3/323182-1597744-large.jpg,https://forever21.imgix.net/img/app/product/3/323182-1597745-large.jpg,https://forever21.imgix.net/img/app/product/3/323182-1597741.jpg", "unique_id": "f4c7c1ffc9624d5db9da65e4c1efe10b", "trending_score": "0.0", "price": 1099.0, "discounted_price": 770.0, "currency": "INR", "product_code": "323182", "affinity_score": 0.0, "brand": "forever21", "store": "v_forever21", "streamoid_urls": null}, {"title": "STRIPE SQUARE NECK BODY", "gender": "women", "category": "tops", "color": "multicolor multi multi multi multi multi multi navy navy navy", "product_url": "https://www.oasis-stores.com/070361.html?dwvar_070361_color=61", "thumbnail_url": ["http://d1q9qhpdr6ehzh.cloudfront.net/584ecaca7e41be4495ffe76349af0400"], "chatbot_image": "https://www.oasis-stores.com/dw/image/v2/AAWY_PRD/on/demandware.static/-/Sites-OASIS/default/dw73129ed7/images/hi-res/oasis_07036161_2.jpg,https://www.oasis-stores.com/dw/image/v2/AAWY_PRD/on/demandware.static/-/Sites-OASIS/default/dw492ae1be/images/hi-res/oasis_07036161_3.jpg,https://www.oasis-stores.com/dw/image/v2/AAWY_PRD/on/demandware.static/-/Sites-OASIS/default/dw41ebcec6/images/hi-res/oasis_07036161_4.jpg,https://www.oasis-stores.com/dw/image/v2/AAWY_PRD/on/demandware.static/-/Sites-OASIS/default/dw0940ed0d/images/hi-res/oasis_07036161_5.jpg", "unique_id": "03ab6a4123634870bb3c220d93358401", "trending_score": "0.0", "price": 20.0, "discounted_price": 12.0, "currency": "GBP", "product_code": "07036161", "affinity_score": 0.0, "brand": "v_oasis", "store": "v_oasis", "streamoid_urls": null}, {"title": "One-Shoulder Bodysuit", "gender": "women", "category": "tops", "color": "peach peach peach peach peach peach peach peach peach peach", "product_url": "https://www.forever21.in/p/one-shoulder-bodysuit-324056.html", "thumbnail_url": ["http://d1q9qhpdr6ehzh.cloudfront.net/b220f96e81ca8729f9553c5f05531a6f"], "chatbot_image": "https://forever21.imgix.net/img/app/product/3/324056-1521601-large.jpg,https://forever21.imgix.net/img/app/product/3/324056-1521602-large.jpg,https://forever21.imgix.net/img/app/product/3/324056-1521603-large.jpg,https://forever21.imgix.net/img/app/product/3/324056-1521604-large.jpg,https://forever21.imgix.net/img/app/product/3/324056-1521605-large.jpg,https://forever21.imgix.net/img/app/product/3/324056-1521600.jpg", "unique_id": "c37bc1b2454443b2832dbec12531436b", "trending_score": "0.0", "price": 799.0, "discounted_price": 799.0, "currency": "INR", "product_code": "324056", "affinity_score": 0.0, "brand": "forever21", "store": "v_forever21", "streamoid_urls": null}, {"title": "Puff-Sleeve Bodysuit", "gender": "women", "category": "tops", "color": "black black black black black black black black black black", "product_url": "https://www.forever21.in/p/puff-sleeve-bodysuit-324337.html", "thumbnail_url": ["http://d1q9qhpdr6ehzh.cloudfront.net/8945bb2d5ef465d7b2aabdb5083e0ee6"], "chatbot_image": "https://forever21.imgix.net/img/app/product/3/324337-1607185-large.jpg,https://forever21.imgix.net/img/app/product/3/324337-1607186-large.jpg,https://forever21.imgix.net/img/app/product/3/324337-1607187-large.jpg,https://forever21.imgix.net/img/app/product/3/324337-1607188-large.jpg,https://forever21.imgix.net/img/app/product/3/324337-1607189-large.jpg,https://forever21.imgix.net/img/app/product/3/324337-1607184.jpg", "unique_id": "7e46f04cb1734bb68531971f692301a4", "trending_score": "0.0", "price": 749.0, "discounted_price": 749.0, "currency": "INR", "product_code": "324337", "affinity_score": 0.0, "brand": "forever21", "store": "v_forever21", "streamoid_urls": null}, {"title": "Slub Knit Ringer Bodysuit", "gender": "women", "category": "tops", "color": "cream cream cream cream cream cream pearl pearl pearl pearl", "product_url": "https://www.forever21.in/p/slub-knit-ringer-bodysuit-323846.html", "thumbnail_url": ["http://d1q9qhpdr6ehzh.cloudfront.net/5a249808191007e55370f9d8f70ddfa5"], "chatbot_image": "https://forever21.imgix.net/img/app/product/3/323846-1612038-large.jpg,https://forever21.imgix.net/img/app/product/3/323846-1612039-large.jpg,https://forever21.imgix.net/img/app/product/3/323846-1612040-large.jpg,https://forever21.imgix.net/img/app/product/3/323846-1612041-large.jpg,https://forever21.imgix.net/img/app/product/3/323846-1612037.jpg", "unique_id": "b7448a4d94ba47c8a244dee776ca11b4", "trending_score": "0.0", "price": 899.0, "discounted_price": 899.0, "currency": "INR", "product_code": "323846", "affinity_score": 0.0, "brand": "forever21", "store": "v_forever21", "streamoid_urls": null}, {"title": "Def Leppard Adrenalize Bodysuit", "gender": "women", "category": "tops", "color": "black black black black black black black black black black", "product_url": "https://www.forever21.in/p/def-leppard-adrenalize-bodysuit-324388.html", "thumbnail_url": ["http://d1q9qhpdr6ehzh.cloudfront.net/e8c072063e6a9742b5b51b7e301eaee9"], "chatbot_image": "https://forever21.imgix.net/img/app/product/3/324388-1613371-large.jpg,https://forever21.imgix.net/img/app/product/3/324388-1613372-large.jpg,https://forever21.imgix.net/img/app/product/3/324388-1613373-large.jpg,https://forever21.imgix.net/img/app/product/3/324388-1613374-large.jpg,https://forever21.imgix.net/img/app/product/3/324388-1613370.jpg", "unique_id": "9d7786b70f86461c94ae5537d9dd28ab", "trending_score": "0.0", "price": 1299.0, "discounted_price": 520.0, "currency": "INR", "product_code": "324388", "affinity_score": 0.0, "brand": "forever21", "store": "v_forever21", "streamoid_urls": null}, {"title": "Open Stripe Knit Bodysuit", "gender": "women", "category": "tops", "color": "nude nude nude nude nude nude champagne champagne champagne champagne", "product_url": "https://www.forever21.in/p/open-stripe-knit-bodysuit-323836.html", "thumbnail_url": ["http://d1q9qhpdr6ehzh.cloudfront.net/7b049f602f54e1911c9fa7aebd92a08a"], "chatbot_image": "https://forever21.imgix.net/img/app/product/3/323836-1597827-large.jpg,https://forever21.imgix.net/img/app/product/3/323836-1597828-large.jpg,https://forever21.imgix.net/img/app/product/3/323836-1597829-large.jpg,https://forever21.imgix.net/img/app/product/3/323836-1597830-large.jpg,https://forever21.imgix.net/img/app/product/3/323836-1597826.jpg", "unique_id": "9a69f1dc4ff14386be4c827a5044f8c0", "trending_score": "0.0", "price": 1299.0, "discounted_price": 1299.0, "currency": "INR", "product_code": "323836", "affinity_score": 0.0, "brand": "forever21", "store": "v_forever21", "streamoid_urls": null}, {"title": "Not Bitter Graphic Bodysuit", "gender": "women", "category": "tops", "color": "black black black black black black off white off white off white off white", "product_url": "https://www.forever21.in/p/not-bitter-graphic-bodysuit-323463.html", "thumbnail_url": ["http://d1q9qhpdr6ehzh.cloudfront.net/3203f57bc2351456ad2ba4c8cb2d844f"], "chatbot_image": "https://forever21.imgix.net/img/app/product/3/323463-1597778-large.jpg,https://forever21.imgix.net/img/app/product/3/323463-1597779-large.jpg,https://forever21.imgix.net/img/app/product/3/323463-1597780-large.jpg,https://forever21.imgix.net/img/app/product/3/323463-1597781-large.jpg,https://forever21.imgix.net/img/app/product/3/323463-1597782-large.jpg,https://forever21.imgix.net/img/app/product/3/323463-1597777.jpg", "unique_id": "e13c697f3a3e4d488b71f08d093e0701", "trending_score": "0.0", "price": 1049.0, "discounted_price": 735.0, "currency": "INR", "product_code": "323463", "affinity_score": 0.0, "brand": "forever21", "store": "v_forever21", "streamoid_urls": null}, {"title": "Sequin Rainbow Patch Bodysuit", "gender": "women", "category": "tops", "color": "black black black black black black black black black chocolate", "product_url": "https://www.forever21.in/p/sequin-rainbow-patch-bodysuit-323649.html", "thumbnail_url": ["http://d1q9qhpdr6ehzh.cloudfront.net/89bc126e94e317812e419d465d6d2df5"], "chatbot_image": "https://forever21.imgix.net/img/app/product/3/323649-1597805-large.jpg,https://forever21.imgix.net/img/app/product/3/323649-1597806-large.jpg,https://forever21.imgix.net/img/app/product/3/323649-1597807-large.jpg,https://forever21.imgix.net/img/app/product/3/323649-1597808-large.jpg,https://forever21.imgix.net/img/app/product/3/323649-1597804.jpg", "unique_id": "dc87f07a3a9e47398dca51157cae012e", "trending_score": "0.0", "price": 1199.0, "discounted_price": 1199.0, "currency": "INR", "product_code": "323649", "affinity_score": 0.0, "brand": "forever21", "store": "v_forever21", "streamoid_urls": null}, {"title": "Sheer Mesh Embroidered Bodysuit", "gender": "women", "category": "tops", "color": "black black black black black black black black black black", "product_url": "https://www.forever21.in/p/sheer-mesh-embroidered-bodysuit-323671.html", "thumbnail_url": ["http://d1q9qhpdr6ehzh.cloudfront.net/8f3447b989c38197f80679914294939d"], "chatbot_image": "https://forever21.imgix.net/img/app/product/3/323671-1626237-large.jpg,https://forever21.imgix.net/img/app/product/3/323671-1626238-large.jpg,https://forever21.imgix.net/img/app/product/3/323671-1626239-large.jpg,https://forever21.imgix.net/img/app/product/3/323671-1626240-large.jpg,https://forever21.imgix.net/img/app/product/3/323671-1626236.jpg", "unique_id": "a8b8af19286144069f5c87edb6a62a50", "trending_score": "0.0", "price": 1049.0, "discounted_price": 1049.0, "currency": "INR", "product_code": "323671", "affinity_score": 0.0, "brand": "forever21", "store": "v_forever21", "streamoid_urls": null}, {"title": "Floral Embroidered Bodysuit", "gender": "women", "category": "tops", "color": "black black black black black black black black black black", "product_url": "https://www.forever21.in/p/floral-embroidered-bodysuit-323996.html", "thumbnail_url": ["http://d1q9qhpdr6ehzh.cloudfront.net/8831db94780cf651c98721b79d292cee"], "chatbot_image": "https://forever21.imgix.net/img/app/product/3/323996-1627473-large.jpg,https://forever21.imgix.net/img/app/product/3/323996-1627474-large.jpg,https://forever21.imgix.net/img/app/product/3/323996-1627475-large.jpg,https://forever21.imgix.net/img/app/product/3/323996-1627476-large.jpg,https://forever21.imgix.net/img/app/product/3/323996-1627477-large.jpg,https://forever21.imgix.net/img/app/product/3/323996-1627472.jpg", "unique_id": "21d643dfbb4e40678bd74d1972d0be0f", "trending_score": "0.0", "price": 1299.0, "discounted_price": 1299.0, "currency": "INR", "product_code": "323996", "affinity_score": 0.0, "brand": "forever21", "store": "v_forever21", "streamoid_urls": null}, {"title": "Sheer Mesh Embroidered Bodysuit", "gender": "women", "category": "tops", "color": "beige beige beige beige beige beige pearl pearl pearl champagne", "product_url": "https://www.forever21.in/p/sheer-mesh-embroidered-bodysuit-323624.html", "thumbnail_url": ["http://d1q9qhpdr6ehzh.cloudfront.net/1c1d281316f07a223023c793a13e56ff"], "chatbot_image": "https://forever21.imgix.net/img/app/product/3/323624-1626232-large.jpg,https://forever21.imgix.net/img/app/product/3/323624-1626233-large.jpg,https://forever21.imgix.net/img/app/product/3/323624-1626234-large.jpg,https://forever21.imgix.net/img/app/product/3/323624-1626235-large.jpg,https://forever21.imgix.net/img/app/product/3/323624-1626231.jpg", "unique_id": "ef32c0c40b7842eba00c5731edfe762e", "trending_score": "0.0", "price": 1049.0, "discounted_price": 1049.0, "currency": "INR", "product_code": "323624", "affinity_score": 0.0, "brand": "forever21", "store": "v_forever21", "streamoid_urls": null}, {"title": "Roses Bodysuit", "gender": "women", "category": "tops", "color": "pink pink pink pink pink pink baby pink baby pink baby pink baby pink", "product_url": "https://www.forever21.in/p/roses-bodysuit-323778.html", "thumbnail_url": ["http://d1q9qhpdr6ehzh.cloudfront.net/6994ce674d96b0f823233f81fca1d1ac"], "chatbot_image": "https://forever21.imgix.net/img/app/product/3/323778-1520723-large.jpg,https://forever21.imgix.net/img/app/product/3/323778-1520724-large.jpg,https://forever21.imgix.net/img/app/product/3/323778-1520725-large.jpg,https://forever21.imgix.net/img/app/product/3/323778-1520726-large.jpg,https://forever21.imgix.net/img/app/product/3/323778-1520722.jpg", "unique_id": "acf58aa1c55d4f028c5fe38a3e904214", "trending_score": "0.0", "price": 949.0, "discounted_price": 400.0, "currency": "INR", "product_code": "323778", "affinity_score": 0.0, "brand": "forever21", "store": "v_forever21", "streamoid_urls": null}, {"title": "GLITTER WRAP BODY", "gender": "women", "category": "tops", "color": "black black black black black black charcoal gray charcoal gray charcoal gray charcoal gray", "product_url": "https://www.oasis-stores.com/072395.html?dwvar_072395_color=58", "thumbnail_url": ["http://d1q9qhpdr6ehzh.cloudfront.net/a7aeab2e0b95d83596fd7ed46d2a0884"], "chatbot_image": "https://www.oasis-stores.com/dw/image/v2/AAWY_PRD/on/demandware.static/-/Sites-OASIS/default/dwbfe36cb5/images/hi-res/oasis_07239558_2.jpg,https://www.oasis-stores.com/dw/image/v2/AAWY_PRD/on/demandware.static/-/Sites-OASIS/default/dw71b9358a/images/hi-res/oasis_07239558_3.jpg,https://www.oasis-stores.com/dw/image/v2/AAWY_PRD/on/demandware.static/-/Sites-OASIS/default/dwad98e5e9/images/hi-res/oasis_07239558_4.jpg,https://www.oasis-stores.com/dw/image/v2/AAWY_PRD/on/demandware.static/-/Sites-OASIS/default/dw7f96816b/images/hi-res/oasis_07239558_5.jpg", "unique_id": "15e43e4513524b98b4667f1c46ed6fbf", "trending_score": "0.0", "price": 28.0, "discounted_price": 28.0, "currency": "GBP", "product_code": "07239558", "affinity_score": 0.0, "brand": "v_oasis", "store": "v_oasis", "streamoid_urls": null}, {"title": "Cloud 78 Graphic Bodysuit", "gender": "women", "category": "tops", "color": "multicolor multi multi multi multi multi multi off white off white pearl", "product_url": "https://www.forever21.in/p/cloud-78-graphic-bodysuit-323509.html", "thumbnail_url": ["http://d1q9qhpdr6ehzh.cloudfront.net/74272e587715fbe7dd9d203d8fe705dd"], "chatbot_image": "https://forever21.imgix.net/img/app/product/3/323509-1597784-large.jpg,https://forever21.imgix.net/img/app/product/3/323509-1597785-large.jpg,https://forever21.imgix.net/img/app/product/3/323509-1597786-large.jpg,https://forever21.imgix.net/img/app/product/3/323509-1597787-large.jpg,https://forever21.imgix.net/img/app/product/3/323509-1597783.jpg", "unique_id": "5ff69a9cd88d4e0ea38afaad3a05dee6", "trending_score": "0.0", "price": 1099.0, "discounted_price": 1099.0, "currency": "INR", "product_code": "323509", "affinity_score": 0.0, "brand": "forever21", "store": "v_forever21", "streamoid_urls": null}, {"title": "Contemporary Stripe Bodysuit", "gender": "women", "category": "tops", "color": "white white white white white white white white white off white", "product_url": "https://www.forever21.in/p/contemporary-stripe-bodysuit-323616.html", "thumbnail_url": ["http://d1q9qhpdr6ehzh.cloudfront.net/a1f5fa4586651e7127478453fea50fba"], "chatbot_image": "https://forever21.imgix.net/img/app/product/3/323616-1617019-large.jpg,https://forever21.imgix.net/img/app/product/3/323616-1617020-large.jpg,https://forever21.imgix.net/img/app/product/3/323616-1617021-large.jpg,https://forever21.imgix.net/img/app/product/3/323616-1617022-large.jpg,https://forever21.imgix.net/img/app/product/3/323616-1617023-large.jpg,https://forever21.imgix.net/img/app/product/3/323616-1617018.jpg", "unique_id": "5f290f16702f450b9221d1051195c312", "trending_score": "0.0", "price": 999.0, "discounted_price": 999.0, "currency": "INR", "product_code": "323616", "affinity_score": 0.0, "brand": "forever21", "store": "v_forever21", "streamoid_urls": null}, {"title": "Contemporary Stripe Bodysuit", "gender": "women", "category": "tops", "color": "white white white white white white white white white white", "product_url": "https://www.forever21.in/p/contemporary-stripe-bodysuit-323569.html", "thumbnail_url": ["http://d1q9qhpdr6ehzh.cloudfront.net/c2d3c5dba29849c2a3e702df86a12495"], "chatbot_image": "https://forever21.imgix.net/img/app/product/3/323569-1617014-large.jpg,https://forever21.imgix.net/img/app/product/3/323569-1617015-large.jpg,https://forever21.imgix.net/img/app/product/3/323569-1617016-large.jpg,https://forever21.imgix.net/img/app/product/3/323569-1617017-large.jpg,https://forever21.imgix.net/img/app/product/3/323569-1617013.jpg", "unique_id": "70d33e90be6746129cce592ae34b9dc6", "trending_score": "0.0", "price": 999.0, "discounted_price": 999.0, "currency": "INR", "product_code": "323569", "affinity_score": 0.0, "brand": "forever21", "store": "v_forever21", "streamoid_urls": null}, {"title": "GLITTERBALL BODY", "gender": "women", "category": "tops", "color": "black black black black black black black black black black", "product_url": "https://www.oasis-stores.com/072391.html?dwvar_072391_color=00", "thumbnail_url": ["http://d1q9qhpdr6ehzh.cloudfront.net/b349c04bac044e7aafbf84e893159827"], "chatbot_image": "https://www.oasis-stores.com/dw/image/v2/AAWY_PRD/on/demandware.static/-/Sites-OASIS/default/dw2f8bd08e/images/hi-res/oasis_07239100_2.jpg,https://www.oasis-stores.com/dw/image/v2/AAWY_PRD/on/demandware.static/-/Sites-OASIS/default/dw4dcb4b6e/images/hi-res/oasis_07239100_3.jpg,https://www.oasis-stores.com/dw/image/v2/AAWY_PRD/on/demandware.static/-/Sites-OASIS/default/dw7c2771fa/images/hi-res/oasis_07239100_4.jpg,https://www.oasis-stores.com/dw/image/v2/AAWY_PRD/on/demandware.static/-/Sites-OASIS/default/dw49f993b4/images/hi-res/oasis_07239100_5.jpg", "unique_id": "ad5078384a6f45039823a5e301c84527", "trending_score": "0.0", "price": 29.0, "discounted_price": 29.0, "currency": "GBP", "product_code": "07239100", "affinity_score": 0.0, "brand": "v_oasis", "store": "v_oasis", "streamoid_urls": null}, {"title": "Contemporary Stripe Bodysuit", "gender": "women", "category": "tops", "color": "olive olive olive olive olive olive gray gray off white off white", "product_url": "https://www.forever21.in/p/contemporary-stripe-bodysuit-323663.html", "thumbnail_url": ["http://d1q9qhpdr6ehzh.cloudfront.net/c6544aa401ad777c0d81045351cb9acf"], "chatbot_image": "https://forever21.imgix.net/img/app/product/3/323663-1617025-large.jpg,https://forever21.imgix.net/img/app/product/3/323663-1617026-large.jpg,https://forever21.imgix.net/img/app/product/3/323663-1617027-large.jpg,https://forever21.imgix.net/img/app/product/3/323663-1617028-large.jpg,https://forever21.imgix.net/img/app/product/3/323663-1617024.jpg", "unique_id": "ba4000d81e4b4fd19c0911d3114b6cbd", "trending_score": "0.0", "price": 999.0, "discounted_price": 999.0, "currency": "INR", "product_code": "323663", "affinity_score": 0.0, "brand": "forever21", "store": "v_forever21", "streamoid_urls": null}, {"title": "High Neck Stretch Bodysuit", "gender": "women", "category": "tops", "color": "lime-green lime-green lime-green lime-green lime-green lime-green lemon lemon lemon lemon", "product_url": "https://www.forever21.in/p/high-neck-stretch-bodysuit-324112.html", "thumbnail_url": ["http://d1q9qhpdr6ehzh.cloudfront.net/085f17fe30162fd713a9e7a5cb0a64a5"], "chatbot_image": "https://forever21.imgix.net/img/app/product/3/324112-1521800-large.jpg,https://forever21.imgix.net/img/app/product/3/324112-1521801-large.jpg,https://forever21.imgix.net/img/app/product/3/324112-1521802-large.jpg,https://forever21.imgix.net/img/app/product/3/324112-1521803-large.jpg,https://forever21.imgix.net/img/app/product/3/324112-1521799.jpg", "unique_id": "2ff8dae9a7ec4e2388e8c8bd42b99fd3", "trending_score": "0.0", "price": 799.0, "discounted_price": 799.0, "currency": "INR", "product_code": "324112", "affinity_score": 0.0, "brand": "forever21", "store": "v_forever21", "streamoid_urls": null}], "debug": {"qrm": "", "query_without_qrm": "bodysuit tops", "solr_query": "( ( ( (meta_type:\"body-shirt\")^10 OR (meta_type:\"body-blouse\")^10 OR (meta_type:\"body-suit\")^10 OR (meta_type:\"basic-bodysuit\")^10 ) ) AND ( ( (meta_comprehensive_category:\"tops\") ) ) )^1 ", "graph": [[[{"type": ["body-shirt^10", "body-blouse^10", "body-suit^10", "basic-bodysuit^10"]}, {"category": ["tops"]}]]], "spell_corrected_query": "", "filter": [], "explicit_text": null, "fq": ["availability:1"]}, "numFound": 69, "facets": {"Collar Type": {}, "Ethnicity": {"western": 69}, "Fastening": {"snap_at_front": 51, "none": 9, "unknown": 9}, "Fit": {"unknown": 63, "regular": 5, "slim": 1}, "Hemline Length": {"unknown": 69}, "Material": {"unknown": 51, "mesh": 6, "lace": 4, "velvet": 4, "faux-suede": 2, "marled": 1, "slub": 1}, "Neck Type": {}, "Primary Fibre": {"unknown": 69}, "Print Type": {"solid": 46, "other-floral": 12, "other-graphic": 4, "other-stripes": 4, "graphic": 2, "abstract": 1}, "Shoulder Type": {"regular": 23, "spaghetti-straps": 23, "tank-straps": 12, "off": 3, "bare": 2, "dropped": 2, "one": 2, "cold": 1, "extended": 1}, "Silhouette": {"sheath": 61, "balloon": 5, "tapered": 3}, "Sleeve Length": {"sleeveless": 45, "full": 12, "half": 5, "short": 3, "elbow": 2, "bracelet": 1, "cap": 1}, "Treatment": {"none": 62, "ripped": 7}, "Type": {"basic-bodysuit": 54, "body-blouse": 14, "body-shirt": 1}, "Color": {"black": 21, "white": 9, "peach": 5, "multi": 4, "gray": 3, "green": 3, "khaki": 3, "beige": 2, "light-gray": 2, "maroon": 2, "pink": 2, "brown": 1, "charcoal-gray": 1, "cream": 1, "light-blue": 1, "lime-green": 1, "mauve": 1, "mustard": 1, "navy": 1, "nude": 1, "off-white": 1, "olive": 1, "orange": 1, "tan": 1}, "Neck Shape": {"v": 21, "u": 20, "round": 12, "none": 10, "unknown": 4, "square": 2}, "Neck Style": {"collarless": 58, "scoop": 21, "sweetheart": 9, "mock": 7, "surplice": 4, "crew": 1, "halter": 1, "henley": 1, "pussy-bow": 1, "shawl": 1, "shirt-collar": 1}, "gender": {"women": 69}, "category": {"tops": 69}, "occasion type": {"everyday": 42, "elevated": 27}, "Workindustry": {}, "Age": {}, "neck": {}, "arms": {}, "waist": {}, "stomach": {}, "shoulder": {}, "brand": {"forever21": 62, "v_oasis": 6, "ALEXANDER WANG": 1}, "sub_brand": {"forever21": 62}, "Department": {"regular": 69}, "activity": {"leisure-holiday": 68, "hang-outs": 42, "college-look": 28, "airport-look": 27, "clubbing": 27, "concert": 27, "high-street-look": 27, "date-night": 26, "dinner-party": 26, "girls-night-out": 26, "social-outing": 26, "anniversary": 20, "brunch": 13}}, "isFashionQuery": true, "spell_corrected_query": "", "final_query": "", "message": ""}