{"products": [{"title": "Denim Hoodie Jacket", "gender": "men", "category": "jackets", "color": "blue blue blue blue blue blue navy navy navy indigo", "product_url": "https://www.forever21.in/p/denim-hoodie-jacket-323831.html", "thumbnail_url": ["http://d1q9qhpdr6ehzh.cloudfront.net/c310c8f9b7ce4ecb5aabb17469e02811"], "chatbot_image": "https://forever21.imgix.net/img/app/product/3/323831-1520899-large.jpg,https://forever21.imgix.net/img/app/product/3/323831-1520900-large.jpg,https://forever21.imgix.net/img/app/product/3/323831-1520901-large.jpg,https://forever21.imgix.net/img/app/product/3/323831-1520902-large.jpg,https://forever21.imgix.net/img/app/product/3/323831-1520898.jpg", "unique_id": "9d4ab87aaecb4d21bde4b2c22e98c4d0", "trending_score": "0.0", "price": 1799.0, "discounted_price": 1799.0, "currency": "INR", "product_code": "323831", "affinity_score": 0.0, "brand": "forever21", "store": "v_forever21", "streamoid_urls": null}, {"title": "Denim Hoodie Jacket", "gender": "men", "category": "jackets", "color": "blue blue blue blue blue blue off white off white off white off white", "product_url": "https://www.forever21.in/p/denim-hoodie-jacket-323923.html", "thumbnail_url": ["http://d1q9qhpdr6ehzh.cloudfront.net/1bcf20aa27d8ba9ddc9904f2c1d58e08"], "chatbot_image": "https://forever21.imgix.net/img/app/product/3/323923-1521183-large.jpg,https://forever21.imgix.net/img/app/product/3/323923-1521184-large.jpg,https://forever21.imgix.net/img/app/product/3/323923-1521185-large.jpg,https://forever21.imgix.net/img/app/product/3/323923-1521186-large.jpg,https://forever21.imgix.net/img/app/product/3/323923-1521182.jpg", "unique_id": "55be01d633874e63bd047c7b77e76cfe", "trending_score": "0.0", "price": 1799.0, "discounted_price": 1799.0, "currency": "INR", "product_code": "323923", "affinity_score": 0.0, "brand": "forever21", "store": "v_forever21", "streamoid_urls": null}, {"title": "'Aria' safety pin cropped denim jacket", "gender": "women", "category": "jackets", "color": "black black black black black black black black black black", "product_url": "https://www.lanecrawford.com/pdp/AUO803", "thumbnail_url": ["http://d1q9qhpdr6ehzh.cloudfront.net/436140f5a6776d453785c9de4abb24ac"], "chatbot_image": "http://media.lanecrawford.com/A/U/O/AUO803_in_xl.jpg,http://media.lanecrawford.com/A/U/O/AUO803_bk_xl.jpg,http://media.lanecrawford.com/A/U/O/AUO803_4_xl.jpg,http://media.lanecrawford.com/A/U/O/AUO803_ro_xl.jpg", "unique_id": "4e78d925626747e4a8b643142f37a7ff", "trending_score": "0.0", "price": 3250.0, "discounted_price": 3250.0, "currency": "HKD", "product_code": "AUO803", "affinity_score": 0.0, "brand": "L'AGENCE", "store": "v_lane_crawford", "streamoid_urls": null}, {"title": "Denim Hoodie Jacket", "gender": "men", "category": "jackets", "color": "blue blue blue blue blue blue powder blue powder blue powder blue powder blue", "product_url": "https://www.forever21.in/p/denim-hoodie-jacket-323878.html", "thumbnail_url": ["http://d1q9qhpdr6ehzh.cloudfront.net/2306422a6fd3867af27c33748f3cfe12"], "chatbot_image": "https://forever21.imgix.net/img/app/product/3/323878-1521043-large.jpg,https://forever21.imgix.net/img/app/product/3/323878-1521044-large.jpg,https://forever21.imgix.net/img/app/product/3/323878-1521045-large.jpg,https://forever21.imgix.net/img/app/product/3/323878-1521046-large.jpg,https://forever21.imgix.net/img/app/product/3/323878-1521042.jpg", "unique_id": "fbce050d0fcd4c0c8bc3206b7b42780f", "trending_score": "0.0", "price": 1799.0, "discounted_price": 1799.0, "currency": "INR", "product_code": "323878", "affinity_score": 0.0, "brand": "forever21", "store": "v_forever21", "streamoid_urls": null}, {"title": "Paneled contrast hood denim jacket", "gender": "men", "category": "jackets", "color": "light-blue light-blue light-blue light-blue light-blue light-blue powder blue powder blue powder blue slate gray", "product_url": "https://www.lanecrawford.com/pdp/AUX924", "thumbnail_url": ["http://d1q9qhpdr6ehzh.cloudfront.net/c01a1bd9b247c210f6cceb65b5e0ef83"], "chatbot_image": "http://media.lanecrawford.com/A/U/X/AUX924_in_xl.jpg,http://media.lanecrawford.com/A/U/X/AUX924_bk_xl.jpg,http://media.lanecrawford.com/A/U/X/AUX924_4_xl.jpg,http://media.lanecrawford.com/A/U/X/AUX924_ro_xl.jpg", "unique_id": "1944be99161643358cb6440a075dbc72", "trending_score": "0.0", "price": 13400.0, "discounted_price": 13400.0, "currency": "HKD", "product_code": "AUX924", "affinity_score": 0.0, "brand": "BALMAIN", "store": "v_lane_crawford", "streamoid_urls": null}, {"title": "Slogan washed cropped denim jacket", "gender": "women", "category": "jackets", "color": "multicolor charcoal-gray charcoal-gray charcoal-gray charcoal-gray charcoal-gray charcoal-gray black black black", "product_url": "https://www.lanecrawford.com/pdp/ARY733", "thumbnail_url": ["http://d1q9qhpdr6ehzh.cloudfront.net/d1d6a6245ebe22b01c4e355f66dc20f2"], "chatbot_image": "http://media.lanecrawford.com/A/R/Y/ARY733_in_xl.jpg,http://media.lanecrawford.com/A/R/Y/ARY733_bk_xl.jpg,http://media.lanecrawford.com/A/R/Y/ARY733_ro_xl.jpg", "unique_id": "0956540d0f8f4ac5bf221a1425ef247c", "trending_score": "0.0", "price": 3600.0, "discounted_price": 1080.0, "currency": "HKD", "product_code": "ARY733", "affinity_score": 0.0, "brand": "GROUND ZERO", "store": "v_lane_crawford", "streamoid_urls": null}, {"title": "Contrast topstitching layered hooded denim field jacket", "gender": "men", "category": "jackets", "color": "charcoal-gray charcoal-gray charcoal-gray charcoal-gray charcoal-gray charcoal-gray charcoal gray charcoal gray charcoal gray charcoal gray", "product_url": "https://www.lanecrawford.com.cn/pdp/ARK536", "thumbnail_url": ["http://d1q9qhpdr6ehzh.cloudfront.net/a903f63ffcdff61045de3e5ef016d280"], "chatbot_image": "http://media.lanecrawford.com.cn/A/R/K/ARK536_in_xl.jpg,http://media.lanecrawford.com.cn/A/R/K/ARK536_bk_xl.jpg,http://media.lanecrawford.com.cn/A/R/K/ARK536_4_xl.jpg,http://media.lanecrawford.com.cn/A/R/K/ARK536_ro_xl.jpg", "unique_id": "1eb5bc64da0742839f3fd71033b11169", "trending_score": "0.0", "price": 7380.0, "discounted_price": 3690.0, "currency": "RMB", "product_code": "ARK536", "affinity_score": 0.0, "brand": "FENG CHEN WANG", "store": "v_lane_crawford", "streamoid_urls": null}, {"title": "'Definitive' denim jacket", "gender": "men", "category": "jackets", "color": "black black black black black black black black black black", "product_url": "https://www.lanecrawford.com/pdp/AVA879", "thumbnail_url": ["http://d1q9qhpdr6ehzh.cloudfront.net/f2950f1a7c538eb56a4ec86ca43b9367"], "chatbot_image": "http://media.lanecrawford.com/A/V/A/AVA879_in_xl.jpg,http://media.lanecrawford.com/A/V/A/AVA879_bk_xl.jpg,http://media.lanecrawford.com/A/V/A/AVA879_4_xl.jpg,http://media.lanecrawford.com/A/V/A/AVA879_ro_xl.jpg", "unique_id": "4053343beaa14a98ab2338352a40b7be", "trending_score": "0.0", "price": 3050.0, "discounted_price": 3050.0, "currency": "HKD", "product_code": "AVA879", "affinity_score": 0.0, "brand": "RAG & BONE", "store": "v_lane_crawford", "streamoid_urls": null}, {"title": "Distressed Denim Jacket", "gender": "men", "category": "jackets", "color": "blue blue blue blue blue blue gray gray gray gray", "product_url": "https://www.forever21.in/p/distressed-denim-jacket-323166.html", "thumbnail_url": ["http://d1q9qhpdr6ehzh.cloudfront.net/a3a52fa46e1e403d081b76da90b0da9d"], "chatbot_image": "https://forever21.imgix.net/img/app/product/3/323166-1518796-large.jpg,https://forever21.imgix.net/img/app/product/3/323166-1518797-large.jpg,https://forever21.imgix.net/img/app/product/3/323166-1518798-large.jpg,https://forever21.imgix.net/img/app/product/3/323166-1518799-large.jpg,https://forever21.imgix.net/img/app/product/3/323166-1518800-large.jpg,https://forever21.imgix.net/img/app/product/3/323166-1518795.jpg", "unique_id": "47b012ceafbe432dbb5d5e7909428121", "trending_score": "0.0", "price": 2199.0, "discounted_price": 2199.0, "currency": "INR", "product_code": "323166", "affinity_score": 0.0, "brand": "forever21", "store": "v_forever21", "streamoid_urls": null}, {"title": "Strass embellished logo denim jacket", "gender": "women", "category": "jackets", "color": "blue blue blue blue blue blue powder blue powder blue powder blue powder blue", "product_url": "https://www.lanecrawford.com/pdp/BKL796", "thumbnail_url": ["http://d1q9qhpdr6ehzh.cloudfront.net/9a985b9d49a1ffa61cb6e818845cc89a"], "chatbot_image": "http://media.lanecrawford.com/B/K/L/BKL796_in_xl.jpg,http://media.lanecrawford.com/B/K/L/BKL796_bk_xl.jpg,http://media.lanecrawford.com/B/K/L/BKL796_4_xl.jpg,http://media.lanecrawford.com/B/K/L/BKL796_ro_xl.jpg", "unique_id": "18700d5fdb764edba23d62f38f02492b", "trending_score": "0.0", "price": 13500.0, "discounted_price": 13500.0, "currency": "HKD", "product_code": "BKL796", "affinity_score": 0.0, "brand": "BALENCIAGA", "store": "v_lane_crawford", "streamoid_urls": null}, {"title": "'Game' acid wash denim jacket", "gender": "women", "category": "jackets", "color": "light-gray light-gray light-gray light-gray light-gray light-gray light gray light gray light gray light gray", "product_url": "https://www.lanecrawford.com/pdp/BKJ332", "thumbnail_url": ["http://d1q9qhpdr6ehzh.cloudfront.net/5c4a1802d3bd32dd4c0e592f6be3efe6"], "chatbot_image": "http://media.lanecrawford.com/B/K/J/BKJ332_in_xl.jpg,http://media.lanecrawford.com/B/K/J/BKJ332_bk_xl.jpg,http://media.lanecrawford.com/B/K/J/BKJ332_4_xl.jpg,http://media.lanecrawford.com/B/K/J/BKJ332_ro_xl.jpg", "unique_id": "3bb5d2ea48174d18996ba959871abe52", "trending_score": "0.0", "price": 4500.0, "discounted_price": 4500.0, "currency": "HKD", "product_code": "BKJ332", "affinity_score": 0.0, "brand": "ALEXANDER WANG", "store": "v_lane_crawford", "streamoid_urls": null}, {"title": "OVERSIZED DENIM JACKET", "gender": "women", "category": "jackets", "color": "black black black black black black black black black black", "product_url": "https://www.oasis-stores.com/071339.html?dwvar_071339_color=01", "thumbnail_url": ["http://d1q9qhpdr6ehzh.cloudfront.net/4ec9bcb5cfbf0a38bbdadd364276cabc"], "chatbot_image": "https://www.oasis-stores.com/dw/image/v2/AAWY_PRD/on/demandware.static/-/Sites-OASIS/default/dw97ba07e7/images/hi-res/oasis_07133901_2.jpg,https://www.oasis-stores.com/dw/image/v2/AAWY_PRD/on/demandware.static/-/Sites-OASIS/default/dw1e092c97/images/hi-res/oasis_07133901_3.jpg,https://www.oasis-stores.com/dw/image/v2/AAWY_PRD/on/demandware.static/-/Sites-OASIS/default/dwfe204347/images/hi-res/oasis_07133901_4.jpg", "unique_id": "a9f495ebc48a4f4f99013c2674eec8af", "trending_score": "0.0", "price": 45.0, "discounted_price": 45.0, "currency": "GBP", "product_code": "07133901", "affinity_score": 0.0, "brand": "v_oasis", "store": "v_oasis", "streamoid_urls": null}, {"title": "'Kim' diamant\u00c3\u00a9 seam denim jacket", "gender": "women", "category": "jackets", "color": "blue blue blue blue blue blue powder blue powder blue powder blue powder blue", "product_url": "https://www.lanecrawford.com/pdp/AUO647", "thumbnail_url": ["http://d1q9qhpdr6ehzh.cloudfront.net/0ec79f10bb89f3f19a7ee8a270db246c"], "chatbot_image": "http://media.lanecrawford.com/A/U/O/AUO647_in_xl.jpg,http://media.lanecrawford.com/A/U/O/AUO647_bk_xl.jpg,http://media.lanecrawford.com/A/U/O/AUO647_4_xl.jpg,http://media.lanecrawford.com/A/U/O/AUO647_ro_xl.jpg", "unique_id": "18a09ab77a484116af7d576587bbc4dd", "trending_score": "0.0", "price": 3000.0, "discounted_price": 3000.0, "currency": "HKD", "product_code": "AUO647", "affinity_score": 0.0, "brand": "GRLFRND", "store": "v_lane_crawford", "streamoid_urls": null}, {"title": "Denim raglan trucker jacket", "gender": "men", "category": "jackets", "color": "light-blue light-blue light-blue light-blue light-blue light-blue gray gray silver silver", "product_url": "https://www.lanecrawford.com/pdp/ARJ870", "thumbnail_url": ["http://d1q9qhpdr6ehzh.cloudfront.net/8d585def1c2c2657e398eacc111cb398"], "chatbot_image": "http://media.lanecrawford.com/A/R/J/ARJ870_in_xl.jpg,http://media.lanecrawford.com/A/R/J/ARJ870_bk_xl.jpg,http://media.lanecrawford.com/A/R/J/ARJ870_4_xl.jpg,http://media.lanecrawford.com/A/R/J/ARJ870_ro_xl.jpg", "unique_id": "45d01363562545d6b3f0671640c012cb", "trending_score": "0.0", "price": 7750.0, "discounted_price": 7750.0, "currency": "HKD", "product_code": "ARJ870", "affinity_score": 0.0, "brand": "FEAR OF GOD", "store": "v_lane_crawford", "streamoid_urls": null}, {"title": "Louis Philippe Blue Blazer", "gender": "men", "category": "jackets", "color": "unknown unknown unknown unknown unknown unknown slate gray slate gray slate gray slate gray", "product_url": "https://www.louisphilippe.com/product/louis-philippe-blue-blazer-255952.html", "thumbnail_url": ["http://d1q9qhpdr6ehzh.cloudfront.net/7c91825fa69691f3170c6c0e97779536"], "chatbot_image": "https://assets.abfrlcdn.com/img/app/product/2/255952-970724-large.jpg,https://assets.abfrlcdn.com/img/app/product/2/255952-970729-large.jpg,https://assets.abfrlcdn.com/img/app/product/2/255952-970725-large.jpg,https://assets.abfrlcdn.com/img/app/product/2/255952-970723-large.jpg,https://assets.abfrlcdn.com/img/app/product/2/255952-970726-large.jpg,https://assets.abfrlcdn.com/img/app/product/2/255952-970727.jpg", "unique_id": "f8fb7849665b43c2b0eff547e0911eca", "trending_score": "0.0", "price": 7999.0, "discounted_price": 4000.0, "currency": "INR", "product_code": "255952", "affinity_score": 0.0, "brand": "Louis Philippe", "store": "v_louis_philippe", "streamoid_urls": null}, {"title": "Zippered Cuff Denim Jacket", "gender": "men", "category": "jackets", "color": "multicolor blue blue blue blue blue blue off white off white off white", "product_url": "https://www.forever21.in/p/zippered-cuff-denim-jacket-323213.html", "thumbnail_url": ["http://d1q9qhpdr6ehzh.cloudfront.net/ad2e762b78a6e2db69ac3246d0887ce8"], "chatbot_image": "https://forever21.imgix.net/img/app/product/3/323213-1518941-large.jpg,https://forever21.imgix.net/img/app/product/3/323213-1518942-large.jpg,https://forever21.imgix.net/img/app/product/3/323213-1518943-large.jpg,https://forever21.imgix.net/img/app/product/3/323213-1518944-large.jpg,https://forever21.imgix.net/img/app/product/3/323213-1518945-large.jpg,https://forever21.imgix.net/img/app/product/3/323213-1518946-large.jpg,https://forever21.imgix.net/img/app/product/3/323213-1518940.jpg", "unique_id": "f300ab719b014ad3999fa1f5cd9368b6", "trending_score": "0.0", "price": 2199.0, "discounted_price": 2199.0, "currency": "INR", "product_code": "323213", "affinity_score": 0.0, "brand": "forever21", "store": "v_forever21", "streamoid_urls": null}, {"title": "Stud denim trucker jacket", "gender": "men", "category": "jackets", "color": "silver silver silver silver silver silver slate gray slate gray gray gray", "product_url": "https://www.lanecrawford.com.cn/pdp/AQV488", "thumbnail_url": ["http://d1q9qhpdr6ehzh.cloudfront.net/fbc4277e7072747f833396bea4ecfb1e"], "chatbot_image": "http://media.lanecrawford.com.cn/A/Q/V/AQV488_in_xl.jpg,http://media.lanecrawford.com.cn/A/Q/V/AQV488_bk_xl.jpg,http://media.lanecrawford.com.cn/A/Q/V/AQV488_4_xl.jpg,http://media.lanecrawford.com.cn/A/Q/V/AQV488_ro_xl.jpg", "unique_id": "1908caa51f13426c9b53874e8317b3c4", "trending_score": "0.0", "price": 17800.0, "discounted_price": 10680.0, "currency": "RMB", "product_code": "AQV488", "affinity_score": 0.0, "brand": "AMIRI", "store": "v_lane_crawford", "streamoid_urls": null}, {"title": "'Overlap' denim jacket", "gender": "women", "category": "jackets", "color": "light-blue light-blue light-blue light-blue light-blue light-blue powder blue powder blue powder blue powder blue", "product_url": "https://www.lanecrawford.com/pdp/AQY970", "thumbnail_url": ["http://d1q9qhpdr6ehzh.cloudfront.net/9574593a65bbb27f7293d69837436024"], "chatbot_image": "http://media.lanecrawford.com/A/Q/Y/AQY970_in_xl.jpg,http://media.lanecrawford.com/A/Q/Y/AQY970_bk_xl.jpg,http://media.lanecrawford.com/A/Q/Y/AQY970_4_xl.jpg,http://media.lanecrawford.com/A/Q/Y/AQY970_ro_xl.jpg", "unique_id": "18449fda1b0a4482a4cc59fb6dfdfb52", "trending_score": "0.0", "price": 2900.0, "discounted_price": 1160.0, "currency": "HKD", "product_code": "AQY970", "affinity_score": 0.0, "brand": "FRAME DENIM", "store": "v_lane_crawford", "streamoid_urls": null}, {"title": "Camo print distressed denim jacket", "gender": "men", "category": "jackets", "color": "olive olive olive olive olive olive chocolate chocolate chocolate chocolate", "product_url": "https://www.lanecrawford.com/pdp/AUX937", "thumbnail_url": ["http://d1q9qhpdr6ehzh.cloudfront.net/9889dc988aa6693152adc011395208e6"], "chatbot_image": "http://media.lanecrawford.com/A/U/X/AUX937_in_xl.jpg,http://media.lanecrawford.com/A/U/X/AUX937_bk_xl.jpg,http://media.lanecrawford.com/A/U/X/AUX937_4_xl.jpg,http://media.lanecrawford.com/A/U/X/AUX937_ro_xl.jpg", "unique_id": "47e091c6d868495fb4ea8aae995791fd", "trending_score": "0.0", "price": 17500.0, "discounted_price": 17500.0, "currency": "HKD", "product_code": "AUX937", "affinity_score": 0.0, "brand": "BALMAIN", "store": "v_lane_crawford", "streamoid_urls": null}, {"title": "Spaceship print logo patch denim jacket", "gender": "women", "category": "jackets", "color": "multicolor light-blue light-blue light-blue light-blue light-blue light-blue silver silver powder blue", "product_url": "https://www.lanecrawford.com/pdp/AUU126", "thumbnail_url": ["http://d1q9qhpdr6ehzh.cloudfront.net/0af8dad724093df599a92b1d70adfbd4"], "chatbot_image": "http://media.lanecrawford.com/A/U/U/AUU126_in_xl.jpg,http://media.lanecrawford.com/A/U/U/AUU126_bk_xl.jpg,http://media.lanecrawford.com/A/U/U/AUU126_4_xl.jpg,http://media.lanecrawford.com/A/U/U/AUU126_ro_xl.jpg", "unique_id": "0feea0dc55ff4fe99ac6e36cbd014dbe", "trending_score": "0.0", "price": 2600.0, "discounted_price": 2600.0, "currency": "HKD", "product_code": "AUU126", "affinity_score": 0.0, "brand": "FIORUCCI", "store": "v_lane_crawford", "streamoid_urls": null}, {"title": "Cropped roll up cuff denim jacket", "gender": "women", "category": "jackets", "color": "navy navy navy navy navy navy navy navy navy navy", "product_url": "https://www.lanecrawford.com/pdp/AVI863", "thumbnail_url": ["http://d1q9qhpdr6ehzh.cloudfront.net/f97203d95cb3bdaabc7bc36c6c4d78ab"], "chatbot_image": "http://media.lanecrawford.com/A/V/I/AVI863_in_xl.jpg,http://media.lanecrawford.com/A/V/I/AVI863_bk_xl.jpg,http://media.lanecrawford.com/A/V/I/AVI863_4_xl.jpg,http://media.lanecrawford.com/A/V/I/AVI863_ro_xl.jpg", "unique_id": "09ad7c2450d649f6ac8faafb22401a6e", "trending_score": "0.0", "price": 3850.0, "discounted_price": 3850.0, "currency": "HKD", "product_code": "AVI863", "affinity_score": 0.0, "brand": "HELMUT LANG", "store": "v_lane_crawford", "streamoid_urls": null}, {"title": "CURVE NANCY DENIM JACKET*", "gender": "women", "category": "jackets", "color": "blue blue blue blue blue blue navy navy navy navy", "product_url": "https://www.oasis-stores.com/069066.html?dwvar_069066_color=23", "thumbnail_url": ["http://d1q9qhpdr6ehzh.cloudfront.net/1e4a73901e48679b0add6179733a39ae"], "chatbot_image": "https://www.oasis-stores.com/dw/image/v2/AAWY_PRD/on/demandware.static/-/Sites-OASIS/default/dwa59d9100/images/hi-res/oasis_06906623_2.jpg,https://www.oasis-stores.com/dw/image/v2/AAWY_PRD/on/demandware.static/-/Sites-OASIS/default/dwb7950c3e/images/hi-res/oasis_06906623_3.jpg,https://www.oasis-stores.com/dw/image/v2/AAWY_PRD/on/demandware.static/-/Sites-OASIS/default/dwa46a3023/images/hi-res/oasis_06906623_4.jpg,https://www.oasis-stores.com/dw/image/v2/AAWY_PRD/on/demandware.static/-/Sites-OASIS/default/dw7d17ee81/images/hi-res/oasis_06906623_5.jpg", "unique_id": "1e380de73e9443918a78bd2e76b3a722", "trending_score": "0.0", "price": 45.0, "discounted_price": 45.0, "currency": "GBP", "product_code": "06906623", "affinity_score": 0.0, "brand": "v_oasis", "store": "v_oasis", "streamoid_urls": null}, {"title": "NANCY DENIM JACKET", "gender": "women", "category": "jackets", "color": "blue blue blue blue blue blue navy navy navy navy", "product_url": "https://www.oasis-stores.com/070855.html?dwvar_070855_color=66", "thumbnail_url": ["http://d1q9qhpdr6ehzh.cloudfront.net/908d061866be091204d4a119a0c273b8"], "chatbot_image": "https://www.oasis-stores.com/dw/image/v2/AAWY_PRD/on/demandware.static/-/Sites-OASIS/default/dw33828ce9/images/hi-res/oasis_07085566_2.jpg,https://www.oasis-stores.com/dw/image/v2/AAWY_PRD/on/demandware.static/-/Sites-OASIS/default/dwe5870428/images/hi-res/oasis_07085566_3.jpg,https://www.oasis-stores.com/dw/image/v2/AAWY_PRD/on/demandware.static/-/Sites-OASIS/default/dw24af5f78/images/hi-res/oasis_07085566_4.jpg,https://www.oasis-stores.com/dw/image/v2/AAWY_PRD/on/demandware.static/-/Sites-OASIS/default/dwe544135f/images/hi-res/oasis_07085566_5.jpg", "unique_id": "d315f6dc397647dc88c2c9998be87d3e", "trending_score": "0.0", "price": 45.0, "discounted_price": 45.0, "currency": "GBP", "product_code": "07085566", "affinity_score": 0.0, "brand": "v_oasis", "store": "v_oasis", "streamoid_urls": null}, {"title": "Distressed Denim Jacket", "gender": "women", "category": "jackets", "color": "multicolor blue blue blue blue blue blue powder blue powder blue gray", "product_url": "https://www.forever21.in/p/distressed-denim-jacket-323260.html", "thumbnail_url": ["http://d1q9qhpdr6ehzh.cloudfront.net/2853f0a13f6695284048256770dfdc54"], "chatbot_image": "https://forever21.imgix.net/img/app/product/3/323260-1519090-large.jpg,https://forever21.imgix.net/img/app/product/3/323260-1519091-large.jpg,https://forever21.imgix.net/img/app/product/3/323260-1519092-large.jpg,https://forever21.imgix.net/img/app/product/3/323260-1519093-large.jpg,https://forever21.imgix.net/img/app/product/3/323260-1519089.jpg", "unique_id": "97ff046ad71c40cc843973a19e727a2d", "trending_score": "0.0", "price": 2199.0, "discounted_price": 2199.0, "currency": "INR", "product_code": "323260", "affinity_score": 0.0, "brand": "forever21", "store": "v_forever21", "streamoid_urls": null}, {"title": "Logo graphic patch cropped denim jacket", "gender": "women", "category": "jackets", "color": "multicolor yellow yellow yellow yellow yellow yellow sun flower yellow slate gray gray", "product_url": "https://www.lanecrawford.com.cn/pdp/ARO995", "thumbnail_url": ["http://d1q9qhpdr6ehzh.cloudfront.net/ad8776011555750bda95a704044fc799"], "chatbot_image": "http://media.lanecrawford.com.cn/A/R/O/ARO995_in_xl.jpg,http://media.lanecrawford.com.cn/A/R/O/ARO995_bk_xl.jpg,http://media.lanecrawford.com.cn/A/R/O/ARO995_4_xl.jpg,http://media.lanecrawford.com.cn/A/R/O/ARO995_ro_xl.jpg", "unique_id": "0596fbdc23d1401ba41f081ce6bd3be0", "trending_score": "0.0", "price": 3850.0, "discounted_price": 1540.0, "currency": "RMB", "product_code": "ARO995", "affinity_score": 0.0, "brand": "ALICE + OLIVIA", "store": "v_lane_crawford", "streamoid_urls": null}, {"title": "BB logo print denim jacket", "gender": "men", "category": "jackets", "color": "charcoal-gray charcoal-gray charcoal-gray charcoal-gray charcoal-gray charcoal-gray charcoal gray charcoal gray charcoal gray charcoal gray", "product_url": "https://www.lanecrawford.com/pdp/BKL826", "thumbnail_url": ["http://d1q9qhpdr6ehzh.cloudfront.net/11b9b50fc2dd39961a66aba453ad277d"], "chatbot_image": "http://media.lanecrawford.com/B/K/L/BKL826_in_xl.jpg,http://media.lanecrawford.com/B/K/L/BKL826_bk_xl.jpg,http://media.lanecrawford.com/B/K/L/BKL826_4_xl.jpg,http://media.lanecrawford.com/B/K/L/BKL826_ro_xl.jpg", "unique_id": "1327f2e7056a4d18928c39f42937c5ce", "trending_score": "0.0", "price": 12000.0, "discounted_price": 12000.0, "currency": "HKD", "product_code": "BKL826", "affinity_score": 0.0, "brand": "BALENCIAGA", "store": "v_lane_crawford", "streamoid_urls": null}, {"title": "'Tim Flock Patina' denim jacket", "gender": "men", "category": "jackets", "color": "black black black black black black black black black black", "product_url": "https://www.lanecrawford.com/pdp/AVL896", "thumbnail_url": ["http://d1q9qhpdr6ehzh.cloudfront.net/bad66bec061f2f5daa9c301a219c4f14"], "chatbot_image": "http://media.lanecrawford.com/A/V/L/AVL896_in_xl.jpg,http://media.lanecrawford.com/A/V/L/AVL896_bk_xl.jpg,http://media.lanecrawford.com/A/V/L/AVL896_4_xl.jpg,http://media.lanecrawford.com/A/V/L/AVL896_ro_xl.jpg", "unique_id": "28c094ead2354dd29688fdd6cacca7fe", "trending_score": "0.0", "price": 5900.0, "discounted_price": 5900.0, "currency": "HKD", "product_code": "AVL896", "affinity_score": 0.0, "brand": "MCQ ALEXANDER MCQUEEN", "store": "v_lane_crawford", "streamoid_urls": null}], "debug": {"qrm": "", "query_without_qrm": "denim jacket", "solr_query": "( ( ( (meta_material:\"denim\") ) OR ( (meta_type:\"denim\")^10 ) ) AND ( ( (meta_comprehensive_category:\"jackets\") OR (meta_comprehensive_category:\"overjackets\") ) ) )^1 ", "graph": [[[{"material": ["denim"], "type": ["denim^10"]}, {"category": ["jackets", "overjackets"]}]]], "query_without_stopwords": "", "spell_corrected_query": "", "filter": [], "explicit_text": null, "fq": ["availability:1"]}, "numFound": 27, "facets": {"Collar Type": {}, "Ethnicity": {"western": 27}, "Fastening": {"unknown": 26, "other-buttons_at_front": 1}, "Fit": {"regular": 24, "loose": 3}, "Hemline Length": {"hip": 23, "below-waist": 3, "above-waist": 1}, "Material": {"denim": 27}, "Neck Type": {}, "Primary Fibre": {"unknown": 20, "cotton": 7}, "Print Type": {"solid": 18, "colour-block": 3, "camo": 1, "conversational": 1, "graphic": 1, "other-geometric": 1, "other-graphic": 1, "other-stripes": 1}, "Shoulder Type": {"regular": 26, "moderately-padded": 1}, "Silhouette": {"unknown": 24, "straight": 2, "sheath": 1}, "Sleeve Length": {"full": 26, "extended": 1}, "Treatment": {"acid-wash": 10, "none": 8, "unknown": 5, "stone-wash": 3, "distressed": 1}, "Type": {"trucker": 16, "denim": 9, "battle": 1, "single-breasted-blazer": 1}, "Color": {"blue": 10, "black": 4, "light-blue": 4, "charcoal-gray": 3, "light-gray": 1, "navy": 1, "olive": 1, "silver": 1, "unknown": 1, "yellow": 1}, "Neck Shape": {"none": 27}, "Neck Style": {"spread": 21, "hood": 5, "notched": 1}, "gender": {"men": 14, "women": 13}, "category": {"jackets": 27}, "occasion type": {"everyday": 24, "elevated": 2, "business-casual": 1}, "Workindustry": {}, "Age": {}, "neck": {}, "arms": {}, "waist": {}, "stomach": {}, "shoulder": {}, "brand": {"forever21": 6, "v_oasis": 3, "BALENCIAGA": 2, "BALMAIN": 2, "ALEXANDER WANG": 1, "ALICE + OLIVIA": 1, "AMIRI": 1, "FEAR OF GOD": 1, "FENG CHEN WANG": 1, "FIORUCCI": 1, "FRAME DENIM": 1, "GRLFRND": 1, "GROUND ZERO": 1, "HELMUT LANG": 1, "L'AGENCE": 1, "Louis Philippe": 1, "MCQ ALEXANDER MCQUEEN": 1, "RAG & BONE": 1}, "sub_brand": {"forever21": 6, "Louis Philippe Sport": 1}, "Department": {"regular": 27}, "activity": {"college-look": 24, "leisure-holiday": 24, "airport-look": 23, "hang-outs": 23, "adventure-holiday": 22, "errands": 22, "concert": 2, "date-night": 2, "girls-night-out": 2, "high-street-look": 2, "brunch": 1, "business-casual-work-wear": 1, "networking-event": 1}}, "isFashionQuery": true, "spell_corrected_query": "", "query_without_stopwords": "", "final_query": "", "message": ""}