{"products": [{"title": "'Masubi' knot side micro leather shoulder bag", "gender": "women", "category": "bags", "color": "off-white off-white off-white off-white off-white off-white light gray light gray light gray white", "product_url": "https://www.lanecrawford.com/pdp/AWL799", "thumbnail_url": ["http://d1q9qhpdr6ehzh.cloudfront.net/e15d85b07e1ae4a316679bf70cbb838b"], "chatbot_image": "http://media.lanecrawford.com/A/W/L/AWL799_in_xl.jpg,http://media.lanecrawford.com/A/W/L/AWL799_1_xl.jpg,http://media.lanecrawford.com/A/W/L/AWL799_2_xl.jpg,http://media.lanecrawford.com/A/W/L/AWL799_ro_xl.jpg", "unique_id": "23cb49cc7998486591601b19e3da4261", "trending_score": "0.0", "price": 5500.0, "discounted_price": 5500.0, "currency": "HKD", "product_code": "AWL799", "affinity_score": 0.0, "brand": "ACNE STUDIOS", "store": "v_lane_crawford", "streamoid_urls": null}, {"title": "'Cushion' small tote bag", "gender": "women", "category": "bags", "color": "tan tan tan tan tan tan white white white white", "product_url": "https://www.lanecrawford.com/pdp/AVK994", "thumbnail_url": ["http://d1q9qhpdr6ehzh.cloudfront.net/3280bc65d6da7bdd115cc65486b23396"], "chatbot_image": "http://media.lanecrawford.com/A/V/K/AVK994_in_xl.jpg,http://media.lanecrawford.com/A/V/K/AVK994_1_xl.jpg,http://media.lanecrawford.com/A/V/K/AVK994_2_xl.jpg,http://media.lanecrawford.com/A/V/K/AVK994_ro_xl.jpg", "unique_id": "08dce623e7c44636806a1a4bf23e3105", "trending_score": "0.0", "price": 17500.0, "discounted_price": 17500.0, "currency": "HKD", "product_code": "AVK994", "affinity_score": 0.0, "brand": "LOEWE", "store": "v_lane_crawford", "streamoid_urls": null}, {"title": "'Florence' soft leather clutch", "gender": "women", "category": "bags", "color": "beige beige beige beige beige beige light gray light gray light gray light gray", "product_url": "https://www.lanecrawford.com/pdp/AWK975", "thumbnail_url": ["http://d1q9qhpdr6ehzh.cloudfront.net/fddb0181b25347cca5aff5fecd9fde6b"], "chatbot_image": "http://media.lanecrawford.com/A/W/K/AWK975_in_xl.jpg,http://media.lanecrawford.com/A/W/K/AWK975_fr_xl.jpg,http://media.lanecrawford.com/A/W/K/AWK975_1_xl.jpg,http://media.lanecrawford.com/A/W/K/AWK975_2_xl.jpg,http://media.lanecrawford.com/A/W/K/AWK975_ro_xl.jpg", "unique_id": "0ddcf84af873464287a7ffb4ff509412", "trending_score": "0.0", "price": 3800.0, "discounted_price": 3800.0, "currency": "HKD", "product_code": "AWK975", "affinity_score": 0.0, "brand": "DEMELLIER", "store": "v_lane_crawford", "streamoid_urls": null}, {"title": "'Cool Box MM' leather bag", "gender": "women", "category": "bags", "color": "navy navy navy navy navy navy navy navy navy navy", "product_url": "https://www.lanecrawford.com/pdp/AOY238", "thumbnail_url": ["http://d1q9qhpdr6ehzh.cloudfront.net/3f323b48d07b770c9e328cb3bc9a9361"], "chatbot_image": "http://media.lanecrawford.com/A/O/Y/AOY238_in_xl.jpg,http://media.lanecrawford.com/A/O/Y/AOY238_fr_xl.jpg,http://media.lanecrawford.com/A/O/Y/AOY238_1_xl.jpg,http://media.lanecrawford.com/A/O/Y/AOY238_2_xl.jpg,http://media.lanecrawford.com/A/O/Y/AOY238_ro_xl.jpg", "unique_id": "31c3dd02a2a94fb89321c7e85551d88c", "trending_score": "0.0", "price": 26800.0, "discounted_price": 26800.0, "currency": "HKD", "product_code": "AOY238", "affinity_score": 0.0, "brand": "DELVAUX", "store": "v_lane_crawford", "streamoid_urls": null}, {"title": "'Pin Cabas' leather shoulder bag", "gender": "women", "category": "bags", "color": "brown brown brown brown brown brown hazelnut hazelnut hazelnut hazelnut", "product_url": "https://www.lanecrawford.com/pdp/AUJ817", "thumbnail_url": ["http://d1q9qhpdr6ehzh.cloudfront.net/a52332cb4b4ff856c328f0933b23e32a"], "chatbot_image": "http://media.lanecrawford.com/A/U/J/AUJ817_in_xl.jpg,http://media.lanecrawford.com/A/U/J/AUJ817_fr_xl.jpg,http://media.lanecrawford.com/A/U/J/AUJ817_1_xl.jpg,http://media.lanecrawford.com/A/U/J/AUJ817_2_xl.jpg,http://media.lanecrawford.com/A/U/J/AUJ817_ro_xl.jpg", "unique_id": "3e8b0dda9ed04ecb9a590b24831579e9", "trending_score": "0.0", "price": 28800.0, "discounted_price": 28800.0, "currency": "HKD", "product_code": "AUJ817", "affinity_score": 0.0, "brand": "DELVAUX", "store": "v_lane_crawford", "streamoid_urls": null}, {"title": "Valentino Garavani VLOGO top handle bag", "gender": "women", "category": "bags", "color": "silver silver silver silver silver silver white white white white", "product_url": "https://www.lanecrawford.com/pdp/AVL049", "thumbnail_url": ["http://d1q9qhpdr6ehzh.cloudfront.net/1d27f3a5a9bb4496cca8e9c43d2d76b7"], "chatbot_image": "http://media.lanecrawford.com/A/V/L/AVL049_in_xl.jpg,http://media.lanecrawford.com/A/V/L/AVL049_fr_xl.jpg,http://media.lanecrawford.com/A/V/L/AVL049_1_xl.jpg,http://media.lanecrawford.com/A/V/L/AVL049_2_xl.jpg,http://media.lanecrawford.com/A/V/L/AVL049_ro_xl.jpg", "unique_id": "1207f8a61ae04a4daf8f7724c3d18692", "trending_score": "0.0", "price": 16800.0, "discounted_price": 16800.0, "currency": "HKD", "product_code": "AVL049", "affinity_score": 0.0, "brand": "VALENTINO", "store": "v_lane_crawford", "streamoid_urls": null}, {"title": "'Cool Box MM' leather bag", "gender": "women", "category": "bags", "color": "brown brown brown brown brown brown hazelnut hazelnut hazelnut white", "product_url": "https://www.lanecrawford.com/pdp/ALI915", "thumbnail_url": ["http://d1q9qhpdr6ehzh.cloudfront.net/0276984a0f4d6c617949eac587401f0c"], "chatbot_image": "http://media.lanecrawford.com/A/L/I/ALI915_in_xl.jpg,http://media.lanecrawford.com/A/L/I/ALI915_1_xl.jpg,http://media.lanecrawford.com/A/L/I/ALI915_2_xl.jpg,http://media.lanecrawford.com/A/L/I/ALI915_ro_xl.jpg", "unique_id": "0a002dfffe8b40e881386a5c96554b16", "trending_score": "0.0", "price": 26800.0, "discounted_price": 26800.0, "currency": "HKD", "product_code": "ALI915", "affinity_score": 0.0, "brand": "DELVAUX", "store": "v_lane_crawford", "streamoid_urls": null}, {"title": "'Allegro Midi' leather satchel", "gender": "women", "category": "bags", "color": "off-white off-white off-white off-white off-white off-white beige beige beige pearl", "product_url": "https://www.lanecrawford.com/pdp/ARW777", "thumbnail_url": ["http://d1q9qhpdr6ehzh.cloudfront.net/36e3ffcea9c622953f0505bc08e6faa2"], "chatbot_image": "http://media.lanecrawford.com/A/R/W/ARW777_in_xl.jpg,http://media.lanecrawford.com/A/R/W/ARW777_fr_xl.jpg,http://media.lanecrawford.com/A/R/W/ARW777_1_xl.jpg,http://media.lanecrawford.com/A/R/W/ARW777_2_xl.jpg,http://media.lanecrawford.com/A/R/W/ARW777_ro_xl.jpg", "unique_id": "0e8015ba1d0841adaeba8548b839b120", "trending_score": "0.0", "price": 6300.0, "discounted_price": 6300.0, "currency": "HKD", "product_code": "ARW777", "affinity_score": 0.0, "brand": "STRATHBERRY", "store": "v_lane_crawford", "streamoid_urls": null}, {"title": "'Ada' rectangular leather shoulder bag", "gender": "women", "category": "bags", "color": "copper copper copper copper copper copper white white white white", "product_url": "https://www.lanecrawford.com/pdp/ARY094", "thumbnail_url": ["http://d1q9qhpdr6ehzh.cloudfront.net/a221dbd4e6019896ee1e29dc73aeaf7f"], "chatbot_image": "http://media.lanecrawford.com/A/R/Y/ARY094_in_xl.jpg,http://media.lanecrawford.com/A/R/Y/ARY094_fr_xl.jpg,http://media.lanecrawford.com/A/R/Y/ARY094_1_xl.jpg,http://media.lanecrawford.com/A/R/Y/ARY094_2_xl.jpg,http://media.lanecrawford.com/A/R/Y/ARY094_ro_xl.jpg", "unique_id": "010151063c464783be82cb81072c8176", "trending_score": "0.0", "price": 5350.0, "discounted_price": 2140.0, "currency": "HKD", "product_code": "ARY094", "affinity_score": 0.0, "brand": "YUZEFI", "store": "v_lane_crawford", "streamoid_urls": null}, {"title": "'Temp\u00c3\u00aate MM B Illusion Box' leather satchel", "gender": "women", "category": "bags", "color": "charcoal-gray charcoal-gray charcoal-gray charcoal-gray charcoal-gray charcoal-gray charcoal gray charcoal gray charcoal gray charcoal gray", "product_url": "https://www.lanecrawford.com.cn/pdp/AUJ845", "thumbnail_url": ["http://d1q9qhpdr6ehzh.cloudfront.net/c30e19c9770d60f9fdfd8da4b2d052c6"], "chatbot_image": "http://media.lanecrawford.com.cn/A/U/J/AUJ845_in_xl.jpg,http://media.lanecrawford.com.cn/A/U/J/AUJ845_fr_xl.jpg,http://media.lanecrawford.com.cn/A/U/J/AUJ845_1_xl.jpg,http://media.lanecrawford.com.cn/A/U/J/AUJ845_2_xl.jpg,http://media.lanecrawford.com.cn/A/U/J/AUJ845_ro_xl.jpg", "unique_id": "1e0d2035178948a2ae1b85ec5d9ae3cd", "trending_score": "0.0", "price": 49900.0, "discounted_price": 49900.0, "currency": "RMB", "product_code": "AUJ845", "affinity_score": 0.0, "brand": "DELVAUX", "store": "v_lane_crawford", "streamoid_urls": null}, {"title": "'1.1' mini drawstring leather bag", "gender": "women", "category": "bags", "color": "multicolor rust rust rust rust rust rust brown brown brown", "product_url": "https://www.lanecrawford.com/pdp/AWL735", "thumbnail_url": ["http://d1q9qhpdr6ehzh.cloudfront.net/600995024f555f5dc5d5f7e3c1bc84ac"], "chatbot_image": "http://media.lanecrawford.com/A/W/L/AWL735_in_xl.jpg,http://media.lanecrawford.com/A/W/L/AWL735_fr_xl.jpg,http://media.lanecrawford.com/A/W/L/AWL735_1_xl.jpg,http://media.lanecrawford.com/A/W/L/AWL735_2_xl.jpg,http://media.lanecrawford.com/A/W/L/AWL735_ro_xl.jpg", "unique_id": "2a241d80b3f04380b50b719a2f451b48", "trending_score": "0.0", "price": 2700.0, "discounted_price": 2700.0, "currency": "HKD", "product_code": "AWL735", "affinity_score": 0.0, "brand": "STUDIO AMELIA", "store": "v_lane_crawford", "streamoid_urls": null}, {"title": "'Ascot Two' silk-satin bag", "gender": "women", "category": "bags", "color": "multicolor olive olive olive olive olive olive white white black", "product_url": "https://www.lanecrawford.com.cn/pdp/ARJ388", "thumbnail_url": ["http://d1q9qhpdr6ehzh.cloudfront.net/42937ff53bef1f9039f3c1e5cf7bc692"], "chatbot_image": "http://media.lanecrawford.com.cn/A/R/J/ARJ388_in_xl.jpg,http://media.lanecrawford.com.cn/A/R/J/ARJ388_1_xl.jpg,http://media.lanecrawford.com.cn/A/R/J/ARJ388_2_xl.jpg,http://media.lanecrawford.com.cn/A/R/J/ARJ388_ro_xl.jpg", "unique_id": "446b33a0528e408ba825552d34b9db9d", "trending_score": "0.0", "price": 8800.0, "discounted_price": 8800.0, "currency": "RMB", "product_code": "ARJ388", "affinity_score": 0.0, "brand": "THE ROW", "store": "v_lane_crawford", "streamoid_urls": null}, {"title": "'Gate' knotted belt top handle leather mini bag", "gender": "women", "category": "bags", "color": "rust rust rust rust rust rust white white white brown", "product_url": "https://www.lanecrawford.com/pdp/AVL003", "thumbnail_url": ["http://d1q9qhpdr6ehzh.cloudfront.net/14b9c2fb89affc34869af0f4ab35dabe"], "chatbot_image": "http://media.lanecrawford.com/A/V/L/AVL003_in_xl.jpg,http://media.lanecrawford.com/A/V/L/AVL003_fr_xl.jpg,http://media.lanecrawford.com/A/V/L/AVL003_1_xl.jpg,http://media.lanecrawford.com/A/V/L/AVL003_2_xl.jpg,http://media.lanecrawford.com/A/V/L/AVL003_ro_xl.jpg", "unique_id": "19e73525071143a6847b784cbed9cd4c", "trending_score": "0.0", "price": 19700.0, "discounted_price": 19700.0, "currency": "HKD", "product_code": "AVL003", "affinity_score": 0.0, "brand": "LOEWE", "store": "v_lane_crawford", "streamoid_urls": null}, {"title": "Crocodile leather flap tote bag", "gender": "women", "category": "bags", "color": "gray gray gray gray gray gray gray gray gray white", "product_url": "https://www.lanecrawford.com/pdp/AGE790", "thumbnail_url": ["http://d1q9qhpdr6ehzh.cloudfront.net/ea3613bcec657a126738e5f80711a7b1"], "chatbot_image": "http://media.lanecrawford.com/A/G/E/AGE790_in_xl.jpg,http://media.lanecrawford.com/A/G/E/AGE790_1_xl.jpg,http://media.lanecrawford.com/A/G/E/AGE790_2_xl.jpg,http://media.lanecrawford.com/A/G/E/AGE790_ro_xl.jpg", "unique_id": "2ab699e641c64faba54ea1bd8ffe6d4e", "trending_score": "0.0", "price": 31000.0, "discounted_price": 31000.0, "currency": "HKD", "product_code": "AGE790", "affinity_score": 0.0, "brand": "NANCY GONZALEZ", "store": "v_lane_crawford", "streamoid_urls": null}, {"title": "'Frida' circular leather tote", "gender": "women", "category": "bags", "color": "rust rust rust rust rust rust rust rust rust rust", "product_url": "https://www.lanecrawford.com.cn/pdp/ARO247", "thumbnail_url": ["http://d1q9qhpdr6ehzh.cloudfront.net/d38c41217838eede92a45775472c55f5"], "chatbot_image": "http://media.lanecrawford.com.cn/A/R/O/ARO247_in_xl.jpg,http://media.lanecrawford.com.cn/A/R/O/ARO247_1_xl.jpg,http://media.lanecrawford.com.cn/A/R/O/ARO247_2_xl.jpg,http://media.lanecrawford.com.cn/A/R/O/ARO247_ro_xl.jpg", "unique_id": "392da4ec60ec4af79a73e9c4aacb7d4e", "trending_score": "0.0", "price": 2950.0, "discounted_price": 1180.0, "currency": "RMB", "product_code": "ARO247", "affinity_score": 0.0, "brand": "STAUD", "store": "v_lane_crawford", "streamoid_urls": null}, {"title": "2-in-1 Clear Tote", "gender": "women", "category": "bags", "color": "white white white white white white black black black black", "product_url": "https://www.forever21.in/p/2-in-1-clear-tote-323824.html", "thumbnail_url": ["http://d1q9qhpdr6ehzh.cloudfront.net/1bb3b0859de9281a20297c1ee600515c"], "chatbot_image": "https://forever21.imgix.net/img/app/product/3/323824-1520867-large.jpg,https://forever21.imgix.net/img/app/product/3/323824-1520868-large.jpg,https://forever21.imgix.net/img/app/product/3/323824-1520869-large.jpg,https://forever21.imgix.net/img/app/product/3/323824-1520870-large.jpg,https://forever21.imgix.net/img/app/product/3/323824-1520866.jpg", "unique_id": "6f9d4f6fb4414bd29443356054ea379c", "trending_score": "0.0", "price": 1699.0, "discounted_price": 1699.0, "currency": "INR", "product_code": "323824", "affinity_score": 0.0, "brand": "forever21", "store": "v_forever21", "streamoid_urls": null}, {"title": "'Ascot Two' satin bag", "gender": "women", "category": "bags", "color": "dark-brown dark-brown dark-brown dark-brown dark-brown dark-brown chocolate chocolate chocolate chocolate", "product_url": "https://www.lanecrawford.com/pdp/ARJ386", "thumbnail_url": ["http://d1q9qhpdr6ehzh.cloudfront.net/8530912aedff9fb2863ba0600b253e8e"], "chatbot_image": "http://media.lanecrawford.com/A/R/J/ARJ386_in_xl.jpg,http://media.lanecrawford.com/A/R/J/ARJ386_1_xl.jpg,http://media.lanecrawford.com/A/R/J/ARJ386_2_xl.jpg,http://media.lanecrawford.com/A/R/J/ARJ386_ro_xl.jpg", "unique_id": "0fbd1ff53af544598f526f706b8e4bfe", "trending_score": "0.0", "price": 8800.0, "discounted_price": 8800.0, "currency": "HKD", "product_code": "ARJ386", "affinity_score": 0.0, "brand": "THE ROW", "store": "v_lane_crawford", "streamoid_urls": null}, {"title": "'Small Lunch Bag' in suede", "gender": "women", "category": "bags", "color": "charcoal-gray charcoal-gray charcoal-gray charcoal-gray charcoal-gray charcoal-gray charcoal gray charcoal gray charcoal gray charcoal gray", "product_url": "https://www.lanecrawford.com/pdp/AUO527", "thumbnail_url": ["http://d1q9qhpdr6ehzh.cloudfront.net/c02efdbe04e833758fea31b13d5c4ced"], "chatbot_image": "http://media.lanecrawford.com/A/U/O/AUO527_in_xl.jpg,http://media.lanecrawford.com/A/U/O/AUO527_1_xl.jpg,http://media.lanecrawford.com/A/U/O/AUO527_2_xl.jpg,http://media.lanecrawford.com/A/U/O/AUO527_ro_xl.jpg", "unique_id": "168710687e15481f9a156bff1a934ae7", "trending_score": "0.0", "price": 10550.0, "discounted_price": 10550.0, "currency": "HKD", "product_code": "AUO527", "affinity_score": 0.0, "brand": "THE ROW", "store": "v_lane_crawford", "streamoid_urls": null}, {"title": "'The Adler' tie mini leather backpack", "gender": "women", "category": "bags", "color": "black black black black black black charcoal gray charcoal gray charcoal gray charcoal gray", "product_url": "https://www.lanecrawford.com/pdp/ARU639", "thumbnail_url": ["http://d1q9qhpdr6ehzh.cloudfront.net/8ccad4e030e86239a881921019ff789d"], "chatbot_image": "http://media.lanecrawford.com/A/R/U/ARU639_in_xl.jpg,http://media.lanecrawford.com/A/R/U/ARU639_fr_xl.jpg,http://media.lanecrawford.com/A/R/U/ARU639_1_xl.jpg,http://media.lanecrawford.com/A/R/U/ARU639_2_xl.jpg,http://media.lanecrawford.com/A/R/U/ARU639_3_xl.jpg,http://media.lanecrawford.com/A/R/U/ARU639_ro_xl.jpg", "unique_id": "33b5b4143d97440999bc326f62516854", "trending_score": "0.0", "price": 4450.0, "discounted_price": 2225.0, "currency": "HKD", "product_code": "ARU639", "affinity_score": 0.0, "brand": "PANNYY", "store": "v_lane_crawford", "streamoid_urls": null}, {"title": "'Half moon' croc embossed leather shoulder bag", "gender": "women", "category": "bags", "color": "rust rust rust rust rust rust white white white white", "product_url": "https://www.lanecrawford.com/pdp/AWO330", "thumbnail_url": ["http://d1q9qhpdr6ehzh.cloudfront.net/408ffb3919d4ba1e0b5d274263ce2694"], "chatbot_image": "http://media.lanecrawford.com/A/W/O/AWO330_in_xl.jpg,http://media.lanecrawford.com/A/W/O/AWO330_1_xl.jpg,http://media.lanecrawford.com/A/W/O/AWO330_2_xl.jpg,http://media.lanecrawford.com/A/W/O/AWO330_ro_xl.jpg", "unique_id": "41894b77c0b74249a1e22682af449126", "trending_score": "0.0", "price": 2750.0, "discounted_price": 2750.0, "currency": "HKD", "product_code": "AWO330", "affinity_score": 0.0, "brand": "STAUD", "store": "v_lane_crawford", "streamoid_urls": null}, {"title": "'Temp\u00c3\u00aate MM B Suspense' mink fur satchel", "gender": "women", "category": "bags", "color": "black black black black black black black black black black", "product_url": "https://www.lanecrawford.com/pdp/AQE393", "thumbnail_url": ["http://d1q9qhpdr6ehzh.cloudfront.net/97fa3ccf1c9e9482581ede0bccd6dbfb"], "chatbot_image": "http://media.lanecrawford.com/A/Q/E/AQE393_in_xl.jpg,http://media.lanecrawford.com/A/Q/E/AQE393_fr_xl.jpg,http://media.lanecrawford.com/A/Q/E/AQE393_1_xl.jpg,http://media.lanecrawford.com/A/Q/E/AQE393_2_xl.jpg,http://media.lanecrawford.com/A/Q/E/AQE393_3_xl.jpg,http://media.lanecrawford.com/A/Q/E/AQE393_ro_xl.jpg", "unique_id": "0694d74a69fe44749030a6030304b617", "trending_score": "0.0", "price": 99700.0, "discounted_price": 99700.0, "currency": "HKD", "product_code": "AQE393", "affinity_score": 0.0, "brand": "DELVAUX", "store": "v_lane_crawford", "streamoid_urls": null}, {"title": "'Brillant East West Rod\u00c3\u00a9o Surpiqu\u00c3\u00a9' contrast topstitching leather satchel", "gender": "women", "category": "bags", "color": "tan tan tan tan tan tan camel camel camel camel", "product_url": "https://www.lanecrawford.com.cn/pdp/AOY232", "thumbnail_url": ["http://d1q9qhpdr6ehzh.cloudfront.net/4c62b87dd0d0596735f6d6cd41381a6b"], "chatbot_image": "http://media.lanecrawford.com.cn/A/O/Y/AOY232_in_xl.jpg,http://media.lanecrawford.com.cn/A/O/Y/AOY232_fr_xl.jpg,http://media.lanecrawford.com.cn/A/O/Y/AOY232_1_xl.jpg,http://media.lanecrawford.com.cn/A/O/Y/AOY232_2_xl.jpg,http://media.lanecrawford.com.cn/A/O/Y/AOY232_3_xl.jpg,http://media.lanecrawford.com.cn/A/O/Y/AOY232_ro_xl.jpg", "unique_id": "338d03eca27c4fa086266bbacb5d4f6e", "trending_score": "0.0", "price": 43800.0, "discounted_price": 43800.0, "currency": "RMB", "product_code": "AOY232", "affinity_score": 0.0, "brand": "DELVAUX", "store": "v_lane_crawford", "streamoid_urls": null}, {"title": "'Aby Day' padlock key medium leather top handle bag", "gender": "women", "category": "bags", "color": "brown brown brown brown brown brown tan tan tan tan", "product_url": "https://www.lanecrawford.com/pdp/ARU665", "thumbnail_url": ["http://d1q9qhpdr6ehzh.cloudfront.net/2509a7dba366271ddbbd3b9e695e5ec7"], "chatbot_image": "http://media.lanecrawford.com/A/R/U/ARU665_in_xl.jpg,http://media.lanecrawford.com/A/R/U/ARU665_fr_xl.jpg,http://media.lanecrawford.com/A/R/U/ARU665_1_xl.jpg,http://media.lanecrawford.com/A/R/U/ARU665_2_xl.jpg,http://media.lanecrawford.com/A/R/U/ARU665_ro_xl.jpg", "unique_id": "03ba06bc457b4b5cb3cdb806c648ca98", "trending_score": "0.0", "price": 18800.0, "discounted_price": 9400.0, "currency": "HKD", "product_code": "ARU665", "affinity_score": 0.0, "brand": "CHLO\u00c3\u0089", "store": "v_lane_crawford", "streamoid_urls": null}, {"title": "'Brillant Mini' iridescent lizard leather satchel", "gender": "women", "category": "bags", "color": "multicolor navy navy navy navy navy navy white white white", "product_url": "https://www.lanecrawford.com/pdp/AUL878", "thumbnail_url": ["http://d1q9qhpdr6ehzh.cloudfront.net/e655974a0e9ace7c75def732d75ce1e9"], "chatbot_image": "http://media.lanecrawford.com/A/U/L/AUL878_in_xl.jpg,http://media.lanecrawford.com/A/U/L/AUL878_fr_xl.jpg,http://media.lanecrawford.com/A/U/L/AUL878_1_xl.jpg,http://media.lanecrawford.com/A/U/L/AUL878_2_xl.jpg,http://media.lanecrawford.com/A/U/L/AUL878_ro_xl.jpg", "unique_id": "2a898ae674e7437fbb1a094b477ea910", "trending_score": "0.0", "price": 87300.0, "discounted_price": 87300.0, "currency": "HKD", "product_code": "AUL878", "affinity_score": 0.0, "brand": "DELVAUX", "store": "v_lane_crawford", "streamoid_urls": null}, {"title": "'Brillant Mini' patent alligator leather satchel", "gender": "women", "category": "bags", "color": "teal teal teal teal teal teal white white white indigo", "product_url": "https://www.lanecrawford.com/pdp/AUL877", "thumbnail_url": ["http://d1q9qhpdr6ehzh.cloudfront.net/8f0bcfcdf08555a6cd371cd46978d9dc"], "chatbot_image": "http://media.lanecrawford.com/A/U/L/AUL877_in_xl.jpg,http://media.lanecrawford.com/A/U/L/AUL877_fr_xl.jpg,http://media.lanecrawford.com/A/U/L/AUL877_1_xl.jpg,http://media.lanecrawford.com/A/U/L/AUL877_2_xl.jpg,http://media.lanecrawford.com/A/U/L/AUL877_ro_xl.jpg", "unique_id": "089f5a4fb46346768af8dfc233689b4c", "trending_score": "0.0", "price": 177500.0, "discounted_price": 177500.0, "currency": "HKD", "product_code": "AUL877", "affinity_score": 0.0, "brand": "DELVAUX", "store": "v_lane_crawford", "streamoid_urls": null}, {"title": "'Lucy' small padded vegan leather bag", "gender": "women", "category": "bags", "color": "black black black black black black charcoal gray charcoal gray charcoal gray charcoal gray", "product_url": "https://www.lanecrawford.com/pdp/BKI551", "thumbnail_url": ["http://d1q9qhpdr6ehzh.cloudfront.net/1a29a9462266060d71eff5eeee4398e9"], "chatbot_image": "http://media.lanecrawford.com/B/K/I/BKI551_in_xl.jpg,http://media.lanecrawford.com/B/K/I/BKI551_1_xl.jpg,http://media.lanecrawford.com/B/K/I/BKI551_2_xl.jpg,http://media.lanecrawford.com/B/K/I/BKI551_ro_xl.jpg", "unique_id": "152d6d578a634f7689841e059d68cd9a", "trending_score": "0.0", "price": 1900.0, "discounted_price": 1900.0, "currency": "HKD", "product_code": "BKI551", "affinity_score": 0.0, "brand": "A.W.A.K.E. MODE", "store": "v_lane_crawford", "streamoid_urls": null}, {"title": "'Loaf' oval top handle leather bowling bag", "gender": "women", "category": "bags", "color": "rust rust rust rust rust rust white white white white", "product_url": "https://www.lanecrawford.com/pdp/BKO342", "thumbnail_url": ["http://d1q9qhpdr6ehzh.cloudfront.net/f0f5f66e407b46a057c6b6e49ebcc512"], "chatbot_image": "http://media.lanecrawford.com/B/K/O/BKO342_in_xl.jpg,http://media.lanecrawford.com/B/K/O/BKO342_fr_xl.jpg,http://media.lanecrawford.com/B/K/O/BKO342_1_xl.jpg,http://media.lanecrawford.com/B/K/O/BKO342_2_xl.jpg,http://media.lanecrawford.com/B/K/O/BKO342_ro_xl.jpg", "unique_id": "27487e88d0de45f8894073e3184a7f94", "trending_score": "0.0", "price": 5350.0, "discounted_price": 5350.0, "currency": "HKD", "product_code": "BKO342", "affinity_score": 0.0, "brand": "YUZEFI", "store": "v_lane_crawford", "streamoid_urls": null}, {"title": "'Classic City' mini leather shoulder bag", "gender": "women", "category": "bags", "color": "light-blue light-blue light-blue light-blue light-blue light-blue white white white white", "product_url": "https://www.lanecrawford.com/pdp/BKL230", "thumbnail_url": ["http://d1q9qhpdr6ehzh.cloudfront.net/6450bd575f8d21679c59a58b7d5da5a7"], "chatbot_image": "http://media.lanecrawford.com/B/K/L/BKL230_in_xl.jpg,http://media.lanecrawford.com/B/K/L/BKL230_1_xl.jpg,http://media.lanecrawford.com/B/K/L/BKL230_2_xl.jpg,http://media.lanecrawford.com/B/K/L/BKL230_3_xl.jpg", "unique_id": "156fc4baa8c64ed09ef2a75df997726f", "trending_score": "0.0", "price": 11900.0, "discounted_price": 11900.0, "currency": "HKD", "product_code": "BKL230", "affinity_score": 0.0, "brand": "BALENCIAGA", "store": "v_lane_crawford", "streamoid_urls": null}, {"title": "'Brillant GM Fly' leather satchel", "gender": "women", "category": "bags", "color": "brown brown brown brown brown brown hazelnut hazelnut hazelnut hazelnut", "product_url": "https://www.lanecrawford.com/pdp/AOY250", "thumbnail_url": ["http://d1q9qhpdr6ehzh.cloudfront.net/801d7c3e020ef06a85619d561b31c5c8"], "chatbot_image": "http://media.lanecrawford.com/A/O/Y/AOY250_in_xl.jpg,http://media.lanecrawford.com/A/O/Y/AOY250_fr_xl.jpg,http://media.lanecrawford.com/A/O/Y/AOY250_1_xl.jpg,http://media.lanecrawford.com/A/O/Y/AOY250_2_xl.jpg,http://media.lanecrawford.com/A/O/Y/AOY250_ro_xl.jpg", "unique_id": "1e04184df0004b71ab727f91b83bd3e4", "trending_score": "0.0", "price": 57600.0, "discounted_price": 57600.0, "currency": "HKD", "product_code": "AOY250", "affinity_score": 0.0, "brand": "DELVAUX", "store": "v_lane_crawford", "streamoid_urls": null}, {"title": "'1.3' midi drawstring leather bag", "gender": "women", "category": "bags", "color": "charcoal-gray charcoal-gray charcoal-gray charcoal-gray charcoal-gray charcoal-gray charcoal gray charcoal gray charcoal gray charcoal gray", "product_url": "https://www.lanecrawford.com/pdp/AWL733", "thumbnail_url": ["http://d1q9qhpdr6ehzh.cloudfront.net/d24a15069ba9d2d6c4af77a4e04f8651"], "chatbot_image": "http://media.lanecrawford.com/A/W/L/AWL733_in_xl.jpg,http://media.lanecrawford.com/A/W/L/AWL733_fr_xl.jpg,http://media.lanecrawford.com/A/W/L/AWL733_1_xl.jpg,http://media.lanecrawford.com/A/W/L/AWL733_2_xl.jpg,http://media.lanecrawford.com/A/W/L/AWL733_ro_xl.jpg", "unique_id": "4cb123e8c3fc41d7ab848ae653928950", "trending_score": "0.0", "price": 3500.0, "discounted_price": 3500.0, "currency": "HKD", "product_code": "AWL733", "affinity_score": 0.0, "brand": "STUDIO AMELIA", "store": "v_lane_crawford", "streamoid_urls": null}, {"title": "Double flap leather shoulder bag", "gender": "women", "category": "bags", "color": "charcoal-gray charcoal-gray charcoal-gray charcoal-gray charcoal-gray charcoal-gray white white white white", "product_url": "https://www.lanecrawford.com/pdp/BKL699", "thumbnail_url": ["http://d1q9qhpdr6ehzh.cloudfront.net/1ae0c2b316f662b21fcdb7b156b9c54f"], "chatbot_image": "http://media.lanecrawford.com/B/K/L/BKL699_in_xl.jpg,http://media.lanecrawford.com/B/K/L/BKL699_fr_xl.jpg,http://media.lanecrawford.com/B/K/L/BKL699_1_xl.jpg,http://media.lanecrawford.com/B/K/L/BKL699_2_xl.jpg,http://media.lanecrawford.com/B/K/L/BKL699_ro_xl.jpg", "unique_id": "1ebb40538f8b4016ae000690ab0c58ca", "trending_score": "0.0", "price": 17500.0, "discounted_price": 17500.0, "currency": "HKD", "product_code": "BKL699", "affinity_score": 0.0, "brand": "ALEXANDER MCQUEEN", "store": "v_lane_crawford", "streamoid_urls": null}, {"title": "'Daria' colourblock leather bucket bag", "gender": "women", "category": "bags", "color": "gray gray gray gray gray gray white white white white", "product_url": "https://www.lanecrawford.com/pdp/ARX612", "thumbnail_url": ["http://d1q9qhpdr6ehzh.cloudfront.net/c409b4d717fbd666adf499f720d19b16"], "chatbot_image": "http://media.lanecrawford.com/A/R/X/ARX612_in_xl.jpg,http://media.lanecrawford.com/A/R/X/ARX612_fr_xl.jpg,http://media.lanecrawford.com/A/R/X/ARX612_1_xl.jpg,http://media.lanecrawford.com/A/R/X/ARX612_2_xl.jpg,http://media.lanecrawford.com/A/R/X/ARX612_ro_xl.jpg", "unique_id": "3bd349fbb3cb4581bbee38159d03e4f7", "trending_score": "0.0", "price": 4250.0, "discounted_price": 4250.0, "currency": "HKD", "product_code": "ARX612", "affinity_score": 0.0, "brand": "YUZEFI", "store": "v_lane_crawford", "streamoid_urls": null}, {"title": "'Flaubert' glass crystal caged top handle pouch", "gender": "women", "category": "bags", "color": "teal teal teal teal teal teal white white white white", "product_url": "https://www.lanecrawford.com.cn/pdp/AUG155", "thumbnail_url": ["http://d1q9qhpdr6ehzh.cloudfront.net/0f4efd9af544ded84b443a282f4a898e"], "chatbot_image": "http://media.lanecrawford.com.cn/A/U/G/AUG155_in_xl.jpg,http://media.lanecrawford.com.cn/A/U/G/AUG155_1_xl.jpg,http://media.lanecrawford.com.cn/A/U/G/AUG155_2_xl.jpg,http://media.lanecrawford.com.cn/A/U/G/AUG155_ro_xl.jpg", "unique_id": "1e279e377efc4d25ac125926425002a5", "trending_score": "0.0", "price": 7900.0, "discounted_price": 7900.0, "currency": "RMB", "product_code": "AUG155", "affinity_score": 0.0, "brand": "ROSANTICA", "store": "v_lane_crawford", "streamoid_urls": null}, {"title": "'Cool Box MM' metallic stitch leather bag", "gender": "women", "category": "bags", "color": "multicolor off-white off-white off-white off-white off-white off-white white white white", "product_url": "https://www.lanecrawford.com.cn/pdp/AUJ842", "thumbnail_url": ["http://d1q9qhpdr6ehzh.cloudfront.net/a57eb613c75ee20e77823ef0ef6d7f51"], "chatbot_image": "http://media.lanecrawford.com.cn/A/U/J/AUJ842_in_xl.jpg,http://media.lanecrawford.com.cn/A/U/J/AUJ842_fr_xl.jpg,http://media.lanecrawford.com.cn/A/U/J/AUJ842_1_xl.jpg,http://media.lanecrawford.com.cn/A/U/J/AUJ842_2_xl.jpg,http://media.lanecrawford.com.cn/A/U/J/AUJ842_3_xl.jpg,http://media.lanecrawford.com.cn/A/U/J/AUJ842_ro_xl.jpg", "unique_id": "2ade648b8ea04ac29c27eca7b1104fbf", "trending_score": "0.0", "price": 28800.0, "discounted_price": 28800.0, "currency": "RMB", "product_code": "AUJ842", "affinity_score": 0.0, "brand": "DELVAUX", "store": "v_lane_crawford", "streamoid_urls": null}, {"title": "'Hammock Tiles' panelled drawstring small bag", "gender": "women", "category": "bags", "color": "blue blue blue blue blue blue indigo indigo indigo indigo", "product_url": "https://www.lanecrawford.com/pdp/AVL012", "thumbnail_url": ["http://d1q9qhpdr6ehzh.cloudfront.net/d74685caea082af021125fca8cc8abd1"], "chatbot_image": "http://media.lanecrawford.com/A/V/L/AVL012_in_xl.jpg,http://media.lanecrawford.com/A/V/L/AVL012_fr_xl.jpg,http://media.lanecrawford.com/A/V/L/AVL012_1_xl.jpg,http://media.lanecrawford.com/A/V/L/AVL012_2_xl.jpg,http://media.lanecrawford.com/A/V/L/AVL012_ro_xl.jpg", "unique_id": "3df8b298177546659b9bae2c08b76b7c", "trending_score": "0.0", "price": 19150.0, "discounted_price": 19150.0, "currency": "HKD", "product_code": "AVL012", "affinity_score": 0.0, "brand": "LOEWE", "store": "v_lane_crawford", "streamoid_urls": null}, {"title": "'Micro Bo' top handle mini woven bag", "gender": "women", "category": "bags", "color": "olive olive olive olive olive olive white white white white", "product_url": "https://www.lanecrawford.com/pdp/BKQ812", "thumbnail_url": ["http://d1q9qhpdr6ehzh.cloudfront.net/885bf344dbc60655436dec0a81c125a4"], "chatbot_image": "http://media.lanecrawford.com/B/K/Q/BKQ812_in_xl.jpg,http://media.lanecrawford.com/B/K/Q/BKQ812_fr_xl.jpg,http://media.lanecrawford.com/B/K/Q/BKQ812_1_xl.jpg,http://media.lanecrawford.com/B/K/Q/BKQ812_2_xl.jpg,http://media.lanecrawford.com/B/K/Q/BKQ812_ro_xl.jpg", "unique_id": "3e48df09bdd3464a8195ce27fac74bdf", "trending_score": "0.0", "price": 1950.0, "discounted_price": 1950.0, "currency": "HKD", "product_code": "BKQ812", "affinity_score": 0.0, "brand": "WICKER WINGS", "store": "v_lane_crawford", "streamoid_urls": null}, {"title": "Tokyo Graphic Satchel", "gender": "women", "category": "bags", "color": "black black black black black black black black black white", "product_url": "https://www.forever21.in/p/tokyo-graphic-satchel-323916.html", "thumbnail_url": ["http://d1q9qhpdr6ehzh.cloudfront.net/6e9a242903f795622d670802309a8368"], "chatbot_image": "https://forever21.imgix.net/img/app/product/3/323916-1521150-large.jpg,https://forever21.imgix.net/img/app/product/3/323916-1521151-large.jpg,https://forever21.imgix.net/img/app/product/3/323916-1521152-large.jpg,https://forever21.imgix.net/img/app/product/3/323916-1521149.jpg", "unique_id": "00c0cd2dc6e240609a0b864b3a3e449e", "trending_score": "0.0", "price": 1699.0, "discounted_price": 1699.0, "currency": "INR", "product_code": "323916", "affinity_score": 0.0, "brand": "forever21", "store": "v_forever21", "streamoid_urls": null}, {"title": "'Puzzle' small bag", "gender": "women", "category": "bags", "color": "multicolor copper copper copper copper copper copper chocolate chocolate white", "product_url": "https://www.lanecrawford.com/pdp/AVL018", "thumbnail_url": ["http://d1q9qhpdr6ehzh.cloudfront.net/85737642c9a87b558fb2b54822cbb1ba"], "chatbot_image": "http://media.lanecrawford.com/A/V/L/AVL018_in_xl.jpg,http://media.lanecrawford.com/A/V/L/AVL018_fr_xl.jpg,http://media.lanecrawford.com/A/V/L/AVL018_1_xl.jpg,http://media.lanecrawford.com/A/V/L/AVL018_2_xl.jpg,http://media.lanecrawford.com/A/V/L/AVL018_ro_xl.jpg", "unique_id": "14204f15c26c44a5bc4a9f7e57b23f34", "trending_score": "0.0", "price": 20600.0, "discounted_price": 20600.0, "currency": "HKD", "product_code": "AVL018", "affinity_score": 0.0, "brand": "LOEWE", "store": "v_lane_crawford", "streamoid_urls": null}, {"title": "'Everyday tote XXS' logo print croc embossed leather bag", "gender": "women", "category": "bags", "color": "black black black black black black white white white white", "product_url": "https://www.lanecrawford.com/pdp/BKL227", "thumbnail_url": ["http://d1q9qhpdr6ehzh.cloudfront.net/4f79bb6e7cc7a907ebd77e1cc9599b66"], "chatbot_image": "http://media.lanecrawford.com/B/K/L/BKL227_in_xl.jpg,http://media.lanecrawford.com/B/K/L/BKL227_1_xl.jpg,http://media.lanecrawford.com/B/K/L/BKL227_2_xl.jpg,http://media.lanecrawford.com/B/K/L/BKL227_ro_xl.jpg", "unique_id": "43b4c641ff9a4c4da6ee7c4403f89d37", "trending_score": "0.0", "price": 9000.0, "discounted_price": 9000.0, "currency": "HKD", "product_code": "BKL227", "affinity_score": 0.0, "brand": "BALENCIAGA", "store": "v_lane_crawford", "streamoid_urls": null}, {"title": "'Shopping' leather envelope clutch", "gender": "women", "category": "bags", "color": "gray gray gray gray gray gray white white white white", "product_url": "https://www.lanecrawford.com/pdp/AQW006", "thumbnail_url": ["http://d1q9qhpdr6ehzh.cloudfront.net/a6fd7fe6582be8fc6b4b31485b5ed244"], "chatbot_image": "http://media.lanecrawford.com/A/Q/W/AQW006_in_xl.jpg,http://media.lanecrawford.com/A/Q/W/AQW006_1_xl.jpg,http://media.lanecrawford.com/A/Q/W/AQW006_2_xl.jpg,http://media.lanecrawford.com/A/Q/W/AQW006_ro_xl.jpg", "unique_id": "4d162fbe2dcd488ea2a6d666e087ccd0", "trending_score": "0.0", "price": 6500.0, "discounted_price": 3250.0, "currency": "HKD", "product_code": "AQW006", "affinity_score": 0.0, "brand": "BALENCIAGA", "store": "v_lane_crawford", "streamoid_urls": null}, {"title": "'Furrissima Baby' mink fur ring handle denim sac bag", "gender": "women", "category": "bags", "color": "light-blue light-blue light-blue light-blue light-blue light-blue powder blue powder blue powder blue powder blue", "product_url": "https://www.lanecrawford.com/pdp/AWG501", "thumbnail_url": ["http://d1q9qhpdr6ehzh.cloudfront.net/205caf306e2986217983599d091d10ab"], "chatbot_image": "http://media.lanecrawford.com/A/W/G/AWG501_in_xl.jpg,http://media.lanecrawford.com/A/W/G/AWG501_1_xl.jpg,http://media.lanecrawford.com/A/W/G/AWG501_2_xl.jpg,http://media.lanecrawford.com/A/W/G/AWG501_ro_xl.jpg", "unique_id": "478712447fc744dbb68e36abb8e4c212", "trending_score": "0.0", "price": 3000.0, "discounted_price": 3000.0, "currency": "HKD", "product_code": "AWG501", "affinity_score": 0.0, "brand": "SIMONETTA RAVIZZA", "store": "v_lane_crawford", "streamoid_urls": null}, {"title": "'Mini Estelle' snake embossed trapeze top handle bag", "gender": "women", "category": "bags", "color": "cream cream cream cream cream cream white white white white", "product_url": "https://www.lanecrawford.com/pdp/BKL624", "thumbnail_url": ["http://d1q9qhpdr6ehzh.cloudfront.net/d5e9dc5b0be7cbc2312bf384c22f59d8"], "chatbot_image": "http://media.lanecrawford.com/B/K/L/BKL624_in_xl.jpg,http://media.lanecrawford.com/B/K/L/BKL624_1_xl.jpg,http://media.lanecrawford.com/B/K/L/BKL624_2_xl.jpg,http://media.lanecrawford.com/B/K/L/BKL624_ro_xl.jpg", "unique_id": "04178add77104fcb8f725e5d7c763c3b", "trending_score": "0.0", "price": 3050.0, "discounted_price": 3050.0, "currency": "HKD", "product_code": "BKL624", "affinity_score": 0.0, "brand": "CULT GAIA", "store": "v_lane_crawford", "streamoid_urls": null}, {"title": "'Valery' ring handle mini leather envelope clutch", "gender": "women", "category": "bags", "color": "multicolor cream cream cream cream cream cream off white off white off white", "product_url": "https://www.lanecrawford.com/pdp/BKJ910", "thumbnail_url": ["http://d1q9qhpdr6ehzh.cloudfront.net/379aac4539b8ccce7b8b9d58b65e05ab"], "chatbot_image": "http://media.lanecrawford.com/B/K/J/BKJ910_in_xl.jpg,http://media.lanecrawford.com/B/K/J/BKJ910_fr_xl.jpg,http://media.lanecrawford.com/B/K/J/BKJ910_1_xl.jpg,http://media.lanecrawford.com/B/K/J/BKJ910_2_xl.jpg,http://media.lanecrawford.com/B/K/J/BKJ910_ro_xl.jpg", "unique_id": "2cda0d4e9b4a4ec78057473e9b8dad13", "trending_score": "0.0", "price": 3500.0, "discounted_price": 3500.0, "currency": "HKD", "product_code": "BKJ910", "affinity_score": 0.0, "brand": "COMPL\u00c3\u0089T", "store": "v_lane_crawford", "streamoid_urls": null}, {"title": "Colourblock top handle large leather tote bag", "gender": "women", "category": "bags", "color": "charcoal-gray charcoal-gray charcoal-gray charcoal-gray charcoal-gray charcoal-gray charcoal gray charcoal gray charcoal gray charcoal gray", "product_url": "https://www.lanecrawford.com/pdp/BKL704", "thumbnail_url": ["http://d1q9qhpdr6ehzh.cloudfront.net/25fb920bc170bbdfcc561d4a2c5a2629"], "chatbot_image": "http://media.lanecrawford.com/B/K/L/BKL704_in_xl.jpg,http://media.lanecrawford.com/B/K/L/BKL704_fr_xl.jpg,http://media.lanecrawford.com/B/K/L/BKL704_1_xl.jpg,http://media.lanecrawford.com/B/K/L/BKL704_2_xl.jpg,http://media.lanecrawford.com/B/K/L/BKL704_ro_xl.jpg", "unique_id": "13c6214514714d13b88c16a8482f4bb3", "trending_score": "0.0", "price": 20500.0, "discounted_price": 20500.0, "currency": "HKD", "product_code": "BKL704", "affinity_score": 0.0, "brand": "ALEXANDER MCQUEEN", "store": "v_lane_crawford", "streamoid_urls": null}, {"title": "'Mina' snakeskin leather strap small canvas tote", "gender": "women", "category": "bags", "color": "off-white off-white off-white off-white off-white off-white white white white white", "product_url": "https://www.lanecrawford.com/pdp/AQO284", "thumbnail_url": ["http://d1q9qhpdr6ehzh.cloudfront.net/0d9a1b938be2bdafed785bb43775d6ae"], "chatbot_image": "http://media.lanecrawford.com/A/Q/O/AQO284_in_xl.jpg,http://media.lanecrawford.com/A/Q/O/AQO284_1_xl.jpg,http://media.lanecrawford.com/A/Q/O/AQO284_2_xl.jpg,http://media.lanecrawford.com/A/Q/O/AQO284_3_xl.jpg", "unique_id": "2dd80c1f8b8a4014947173de172f6ad1", "trending_score": "0.0", "price": 14330.0, "discounted_price": 14330.0, "currency": "HKD", "product_code": "AQO284", "affinity_score": 0.0, "brand": "AZZEDINE ALA\u00c3\u008fA", "store": "v_lane_crawford", "streamoid_urls": null}, {"title": "Logo grid print nylon crossbody bag", "gender": "women", "category": "bags", "color": "navy navy navy navy navy navy navy navy navy navy", "product_url": "https://www.lanecrawford.com/pdp/ARQ303", "thumbnail_url": ["http://d1q9qhpdr6ehzh.cloudfront.net/3d9cfb2139e1c183bb4990da84267822"], "chatbot_image": "http://media.lanecrawford.com/A/R/Q/ARQ303_in_xl.jpg,http://media.lanecrawford.com/A/R/Q/ARQ303_1_xl.jpg,http://media.lanecrawford.com/A/R/Q/ARQ303_2_xl.jpg,http://media.lanecrawford.com/A/R/Q/ARQ303_ro_xl.jpg", "unique_id": "538c7df909e942d4a613dae3bdf9c93a", "trending_score": "0.0", "price": 780.0, "discounted_price": 312.0, "currency": "HKD", "product_code": "ARQ303", "affinity_score": 0.0, "brand": "FILA X 3.1 PHILLIP LIM", "store": "v_lane_crawford", "streamoid_urls": null}, {"title": "'Halo' metal rim snake embossed leather top handle box bag", "gender": "women", "category": "bags", "color": "multicolor silver silver silver silver silver silver white white white", "product_url": "https://www.lanecrawford.com/pdp/ARH838", "thumbnail_url": ["http://d1q9qhpdr6ehzh.cloudfront.net/164831cc3c93d57a707dfd6d58538859"], "chatbot_image": "http://media.lanecrawford.com/A/R/H/ARH838_in_xl.jpg,http://media.lanecrawford.com/A/R/H/ARH838_1_xl.jpg,http://media.lanecrawford.com/A/R/H/ARH838_2_xl.jpg,http://media.lanecrawford.com/A/R/H/ARH838_ro_xl.jpg", "unique_id": "003105b942254b7f88be82068f1c48f2", "trending_score": "0.0", "price": 7000.0, "discounted_price": 2800.0, "currency": "HKD", "product_code": "ARH838", "affinity_score": 0.0, "brand": "ALEXANDER WANG", "store": "v_lane_crawford", "streamoid_urls": null}, {"title": "'Latifa' python leather panel mini tote", "gender": "women", "category": "bags", "color": "beige beige beige beige beige beige beige beige beige white", "product_url": "https://www.lanecrawford.com/pdp/ARR290", "thumbnail_url": ["http://d1q9qhpdr6ehzh.cloudfront.net/1048ea2ddbbb678d8bce40eba271571f"], "chatbot_image": "http://media.lanecrawford.com/A/R/R/ARR290_in_xl.jpg,http://media.lanecrawford.com/A/R/R/ARR290_1_xl.jpg,http://media.lanecrawford.com/A/R/R/ARR290_2_xl.jpg,http://media.lanecrawford.com/A/R/R/ARR290_ro_xl.jpg", "unique_id": "2b0005118e424ac1ab090da34d7898d8", "trending_score": "0.0", "price": 17800.0, "discounted_price": 8900.0, "currency": "HKD", "product_code": "ARR290", "affinity_score": 0.0, "brand": "AZZEDINE ALA\u00c3\u008fA", "store": "v_lane_crawford", "streamoid_urls": null}, {"title": "'Bobby 23' small colourblock buckle top handle bag", "gender": "women", "category": "bags", "color": "beige beige beige beige beige beige white white white white", "product_url": "https://www.lanecrawford.com/pdp/AUK918", "thumbnail_url": ["http://d1q9qhpdr6ehzh.cloudfront.net/1af807f8da5087a04ba4893d53652874"], "chatbot_image": "http://media.lanecrawford.com/A/U/K/AUK918_in_xl.jpg,http://media.lanecrawford.com/A/U/K/AUK918_fr_xl.jpg,http://media.lanecrawford.com/A/U/K/AUK918_1_xl.jpg,http://media.lanecrawford.com/A/U/K/AUK918_2_xl.jpg,http://media.lanecrawford.com/A/U/K/AUK918_ro_xl.jpg", "unique_id": "38345b5a0d6e47fd8d90c5c1563b5f49", "trending_score": "0.0", "price": 9950.0, "discounted_price": 9950.0, "currency": "HKD", "product_code": "AUK918", "affinity_score": 0.0, "brand": "BOYY", "store": "v_lane_crawford", "streamoid_urls": null}, {"title": "'Slim Slide' crystal pav\u00c3\u00a9 minaudi\u00c3\u00a8re", "gender": "women", "category": "bags", "color": "charcoal-gray charcoal-gray charcoal-gray charcoal-gray charcoal-gray charcoal-gray charcoal gray charcoal gray charcoal gray", "product_url": "https://www.lanecrawford.com/pdp/AAQ258", "thumbnail_url": ["http://d1q9qhpdr6ehzh.cloudfront.net/71fc225d1934c281766fd26a5069bd30"], "chatbot_image": "http://media.lanecrawford.com/A/A/Q/AAQ258_in_xl.jpg,http://media.lanecrawford.com/A/A/Q/AAQ258_1_xl.jpg,http://media.lanecrawford.com/A/A/Q/AAQ258_2_xl.jpg,http://media.lanecrawford.com/A/A/Q/AAQ258_3_xl.jpg,http://media.lanecrawford.com/A/A/Q/AAQ258_ro_xl.jpg", "unique_id": "0526d72fb1c94f55838aa9cccecbbeb5", "trending_score": "0.0", "price": 18500.0, "discounted_price": 18500.0, "currency": "HKD", "product_code": "AAQ258", "affinity_score": 0.0, "brand": "JUDITH LEIBER", "store": "v_lane_crawford", "streamoid_urls": null}, {"title": "'Rose-Marie Arabesque' small geometric stud leather bucket bag", "gender": "women", "category": "bags", "color": "nude nude nude nude nude nude white white white white", "product_url": "https://www.lanecrawford.com/pdp/AOK204", "thumbnail_url": ["http://d1q9qhpdr6ehzh.cloudfront.net/2d6a336e139206255b75589c6dc0f142"], "chatbot_image": "http://media.lanecrawford.com/A/O/K/AOK204_in_xl.jpg,http://media.lanecrawford.com/A/O/K/AOK204_1_xl.jpg,http://media.lanecrawford.com/A/O/K/AOK204_2_xl.jpg,http://media.lanecrawford.com/A/O/K/AOK204_ro_xl.jpg", "unique_id": "05f302a8679e449d8203fb9fa0555738", "trending_score": "0.0", "price": 16330.0, "discounted_price": 8165.0, "currency": "HKD", "product_code": "AOK204", "affinity_score": 0.0, "brand": "AZZEDINE ALA\u00c3\u008fA", "store": "v_lane_crawford", "streamoid_urls": null}, {"title": "'Capria' beaded acrylic linen crossbody bag", "gender": "women", "category": "bags", "color": "gold gold gold gold gold gold white white white white", "product_url": "https://www.lanecrawford.com.cn/pdp/AVL804", "thumbnail_url": ["http://d1q9qhpdr6ehzh.cloudfront.net/16c62ae0a16886fde3ebe1ff0ffa971c"], "chatbot_image": "http://media.lanecrawford.com.cn/A/V/L/AVL804_in_xl.jpg,http://media.lanecrawford.com.cn/A/V/L/AVL804_1_xl.jpg,http://media.lanecrawford.com.cn/A/V/L/AVL804_2_xl.jpg,http://media.lanecrawford.com.cn/A/V/L/AVL804_ro_xl.jpg", "unique_id": "06512dc6417048aea724a7cf30178457", "trending_score": "0.0", "price": 4100.0, "discounted_price": 2460.0, "currency": "RMB", "product_code": "AVL804", "affinity_score": 0.0, "brand": "BY FAR", "store": "v_lane_crawford", "streamoid_urls": null}, {"title": "'Rose-Marie Arabesque' small geometric stud leather bucket bag", "gender": "women", "category": "bags", "color": "black black black black black black white white white white", "product_url": "https://www.lanecrawford.com.cn/pdp/AOK196", "thumbnail_url": ["http://d1q9qhpdr6ehzh.cloudfront.net/65ecc46201ac3634751a4ba4973d0a75"], "chatbot_image": "http://media.lanecrawford.com.cn/A/O/K/AOK196_in_xl.jpg,http://media.lanecrawford.com.cn/A/O/K/AOK196_1_xl.jpg,http://media.lanecrawford.com.cn/A/O/K/AOK196_2_xl.jpg,http://media.lanecrawford.com.cn/A/O/K/AOK196_ro_xl.jpg", "unique_id": "1dc2ae2a1d744c188d8e3413c1ac8de0", "trending_score": "0.0", "price": 16500.0, "discounted_price": 16500.0, "currency": "RMB", "product_code": "AOK196", "affinity_score": 0.0, "brand": "AZZEDINE ALA\u00c3\u008fA", "store": "v_lane_crawford", "streamoid_urls": null}, {"title": "'Stella' stud logo faux leather tote", "gender": "women", "category": "bags", "color": "dark-brown dark-brown dark-brown dark-brown dark-brown dark-brown chocolate chocolate chocolate chocolate", "product_url": "https://www.lanecrawford.com.cn/pdp/AKE978", "thumbnail_url": ["http://d1q9qhpdr6ehzh.cloudfront.net/0a75d48505e42fa4a135ef284f704712"], "chatbot_image": "http://media.lanecrawford.com.cn/A/K/E/AKE978_in_xl.jpg,http://media.lanecrawford.com.cn/A/K/E/AKE978_1_xl.jpg,http://media.lanecrawford.com.cn/A/K/E/AKE978_2_xl.jpg,http://media.lanecrawford.com.cn/A/K/E/AKE978_3_xl.jpg,http://media.lanecrawford.com.cn/A/K/E/AKE978_ro_xl.jpg", "unique_id": "4d0335717e69415ea11af928ba761222", "trending_score": "0.0", "price": 8100.0, "discounted_price": 8100.0, "currency": "RMB", "product_code": "AKE978", "affinity_score": 0.0, "brand": "STELLA MCCARTNEY", "store": "v_lane_crawford", "streamoid_urls": null}, {"title": "Oriental bead embroidered bag", "gender": "women", "category": "bags", "color": "cream cream cream cream cream cream white white white white", "product_url": "https://www.lanecrawford.com/pdp/AVJ206", "thumbnail_url": ["http://d1q9qhpdr6ehzh.cloudfront.net/37bf3f3fe2166839627129119e03f8d1"], "chatbot_image": "http://media.lanecrawford.com/A/V/J/AVJ206_in_xl.jpg,http://media.lanecrawford.com/A/V/J/AVJ206_1_xl.jpg,http://media.lanecrawford.com/A/V/J/AVJ206_2_xl.jpg,http://media.lanecrawford.com/A/V/J/AVJ206_ro_xl.jpg", "unique_id": "00c447b268e34ab489bb84674f1f7c53", "trending_score": "0.0", "price": 13990.0, "discounted_price": 13990.0, "currency": "HKD", "product_code": "AVJ206", "affinity_score": 0.0, "brand": "BUTLER & WILSON", "store": "v_lane_crawford", "streamoid_urls": null}, {"title": "'Cool Box Mini' crest studded leather bag", "gender": "women", "category": "bags", "color": "charcoal-gray charcoal-gray charcoal-gray charcoal-gray charcoal-gray charcoal-gray charcoal gray charcoal gray charcoal gray charcoal gray", "product_url": "https://www.lanecrawford.com.cn/pdp/AUJ796", "thumbnail_url": ["http://d1q9qhpdr6ehzh.cloudfront.net/92887b35d6c2d2a1a62f6280254eced2"], "chatbot_image": "http://media.lanecrawford.com.cn/A/U/J/AUJ796_in_xl.jpg,http://media.lanecrawford.com.cn/A/U/J/AUJ796_fr_xl.jpg,http://media.lanecrawford.com.cn/A/U/J/AUJ796_1_xl.jpg,http://media.lanecrawford.com.cn/A/U/J/AUJ796_2_xl.jpg,http://media.lanecrawford.com.cn/A/U/J/AUJ796_ro_xl.jpg", "unique_id": "09873db626c6488590490f8ae9b4232c", "trending_score": "0.0", "price": 25900.0, "discounted_price": 25900.0, "currency": "RMB", "product_code": "AUJ796", "affinity_score": 0.0, "brand": "DELVAUX", "store": "v_lane_crawford", "streamoid_urls": null}, {"title": "'Slim Slide' crystal pav\u00c3\u00a9 minaudi\u00c3\u00a8re", "gender": "women", "category": "bags", "color": "magenta magenta magenta magenta magenta magenta white white white white", "product_url": "https://www.lanecrawford.com/pdp/AEY752", "thumbnail_url": ["http://d1q9qhpdr6ehzh.cloudfront.net/01aab796a34c4024bd8e3a8e138d0013"], "chatbot_image": "http://media.lanecrawford.com/A/E/Y/AEY752_in_xl.jpg,http://media.lanecrawford.com/A/E/Y/AEY752_1_xl.jpg,http://media.lanecrawford.com/A/E/Y/AEY752_2_xl.jpg,http://media.lanecrawford.com/A/E/Y/AEY752_ro_xl.jpg", "unique_id": "0f0dea569f4947b29c6f63c8993aa57c", "trending_score": "0.0", "price": 18500.0, "discounted_price": 18500.0, "currency": "HKD", "product_code": "AEY752", "affinity_score": 0.0, "brand": "JUDITH LEIBER", "store": "v_lane_crawford", "streamoid_urls": null}, {"title": "'Lily' small beaded crocodile leather handle bag", "gender": "women", "category": "bags", "color": "light-blue light-blue light-blue light-blue light-blue light-blue pale mint pale mint pale mint pale mint", "product_url": "https://www.lanecrawford.com/pdp/AGE779", "thumbnail_url": ["http://d1q9qhpdr6ehzh.cloudfront.net/2760398886f239598bc94fc1dfd81147"], "chatbot_image": "http://media.lanecrawford.com/A/G/E/AGE779_in_xl.jpg,http://media.lanecrawford.com/A/G/E/AGE779_1_xl.jpg,http://media.lanecrawford.com/A/G/E/AGE779_2_xl.jpg,http://media.lanecrawford.com/A/G/E/AGE779_ro_xl.jpg", "unique_id": "53d5c736b0b74a4e815e6990886be889", "trending_score": "0.0", "price": 26000.0, "discounted_price": 26000.0, "currency": "HKD", "product_code": "AGE779", "affinity_score": 0.0, "brand": "NANCY GONZALEZ", "store": "v_lane_crawford", "streamoid_urls": null}, {"title": "'Manilacaba' jeepney appliqu\u00c3\u00a9 denim patchwork tote", "gender": "women", "category": "bags", "color": "silver silver silver silver silver silver white white white", "product_url": "https://www.lanecrawford.com/pdp/AJW317", "thumbnail_url": ["http://d1q9qhpdr6ehzh.cloudfront.net/be455dbabc558fb74b67b8da32339747"], "chatbot_image": "http://media.lanecrawford.com/A/J/W/AJW317_in_xl.jpg,http://media.lanecrawford.com/A/J/W/AJW317_fr_xl.jpg,http://media.lanecrawford.com/A/J/W/AJW317_1_xl.jpg,http://media.lanecrawford.com/A/J/W/AJW317_2_xl.jpg,http://media.lanecrawford.com/A/J/W/AJW317_3_xl.jpg,http://media.lanecrawford.com/A/J/W/AJW317_ro_xl.jpg", "unique_id": "36bf62304ebd4bb8a1a47f930cf213ba", "trending_score": "0.0", "price": 14500.0, "discounted_price": 14500.0, "currency": "HKD", "product_code": "AJW317", "affinity_score": 0.0, "brand": "CHRISTIAN LOUBOUTIN", "store": "v_lane_crawford", "streamoid_urls": null}, {"title": "'The Strathberry Midi' leather tote", "gender": "women", "category": "bags", "color": "black black black black black black charcoal gray charcoal gray charcoal gray charcoal gray", "product_url": "https://www.lanecrawford.com/pdp/AKG205", "thumbnail_url": ["http://d1q9qhpdr6ehzh.cloudfront.net/cc2d2b0559e16e2810b8a8ad46adc0b7"], "chatbot_image": "http://media.lanecrawford.com/A/K/G/AKG205_in_xl.jpg,http://media.lanecrawford.com/A/K/G/AKG205_fr_xl.jpg,http://media.lanecrawford.com/A/K/G/AKG205_1_xl.jpg,http://media.lanecrawford.com/A/K/G/AKG205_2_xl.jpg,http://media.lanecrawford.com/A/K/G/AKG205_ro_xl.jpg", "unique_id": "174239f6db204473b8a748376cab359f", "trending_score": "0.0", "price": 5800.0, "discounted_price": 5800.0, "currency": "HKD", "product_code": "AKG205", "affinity_score": 0.0, "brand": "STRATHBERRY", "store": "v_lane_crawford", "streamoid_urls": null}, {"title": "'Cool Box Mini' leather bag", "gender": "women", "category": "bags", "color": "light-blue light-blue light-blue light-blue light-blue light-blue pale mint pale mint pale mint pale mint", "product_url": "https://www.lanecrawford.com/pdp/AOY243", "thumbnail_url": ["http://d1q9qhpdr6ehzh.cloudfront.net/ca6eba2f01de10704065b20369b4c240"], "chatbot_image": "http://media.lanecrawford.com/A/O/Y/AOY243_in_xl.jpg,http://media.lanecrawford.com/A/O/Y/AOY243_fr_xl.jpg,http://media.lanecrawford.com/A/O/Y/AOY243_1_xl.jpg,http://media.lanecrawford.com/A/O/Y/AOY243_2_xl.jpg,http://media.lanecrawford.com/A/O/Y/AOY243_3_xl.jpg,http://media.lanecrawford.com/A/O/Y/AOY243_ro_xl.jpg", "unique_id": "1409550fd79a48dbacdc97cf835e5e46", "trending_score": "0.0", "price": 23700.0, "discounted_price": 23700.0, "currency": "HKD", "product_code": "AOY243", "affinity_score": 0.0, "brand": "DELVAUX", "store": "v_lane_crawford", "streamoid_urls": null}, {"title": "'Lazo' leather shopper tote", "gender": "women", "category": "bags", "color": "maroon maroon maroon maroon maroon maroon white white white white", "product_url": "https://www.lanecrawford.com/pdp/AUH657", "thumbnail_url": ["http://d1q9qhpdr6ehzh.cloudfront.net/9f348abd3c006a34f327b01891a920a0"], "chatbot_image": "http://media.lanecrawford.com/A/U/H/AUH657_in_xl.jpg,http://media.lanecrawford.com/A/U/H/AUH657_1_xl.jpg,http://media.lanecrawford.com/A/U/H/AUH657_2_xl.jpg,http://media.lanecrawford.com/A/U/H/AUH657_ro_xl.jpg", "unique_id": "1f81dfbc0f5f47bea3d88fc1a7ae83dd", "trending_score": "0.0", "price": 21350.0, "discounted_price": 21350.0, "currency": "HKD", "product_code": "AUH657", "affinity_score": 0.0, "brand": "LOEWE", "store": "v_lane_crawford", "streamoid_urls": null}, {"title": "'Margaux 15' top handle leather bag", "gender": "women", "category": "bags", "color": "olive olive olive olive olive olive chocolate chocolate chocolate chocolate", "product_url": "https://www.lanecrawford.com.cn/pdp/ARJ387", "thumbnail_url": ["http://d1q9qhpdr6ehzh.cloudfront.net/55b85d9623b2222219720ccee94fef23"], "chatbot_image": "http://media.lanecrawford.com.cn/A/R/J/ARJ387_in_xl.jpg,http://media.lanecrawford.com.cn/A/R/J/ARJ387_1_xl.jpg,http://media.lanecrawford.com.cn/A/R/J/ARJ387_2_xl.jpg,http://media.lanecrawford.com.cn/A/R/J/ARJ387_ro_xl.jpg", "unique_id": "297d0f80d6ce4660878d3cdd01381cf3", "trending_score": "0.0", "price": 32350.0, "discounted_price": 32350.0, "currency": "RMB", "product_code": "ARJ387", "affinity_score": 0.0, "brand": "THE ROW", "store": "v_lane_crawford", "streamoid_urls": null}, {"title": "'Banu' large half moon raffia bag", "gender": "women", "category": "bags", "color": "multicolor brown brown brown brown brown brown white white white", "product_url": "https://www.lanecrawford.com/pdp/BKL611", "thumbnail_url": ["http://d1q9qhpdr6ehzh.cloudfront.net/66c94ae29b9e035391eee74088d9e0ee"], "chatbot_image": "http://media.lanecrawford.com/B/K/L/BKL611_in_xl.jpg,http://media.lanecrawford.com/B/K/L/BKL611_1_xl.jpg,http://media.lanecrawford.com/B/K/L/BKL611_2_xl.jpg,http://media.lanecrawford.com/B/K/L/BKL611_ro_xl.jpg", "unique_id": "53f2a72b7a24470aa4b786999326a804", "trending_score": "0.0", "price": 3950.0, "discounted_price": 3950.0, "currency": "HKD", "product_code": "BKL611", "affinity_score": 0.0, "brand": "CULT GAIA", "store": "v_lane_crawford", "streamoid_urls": null}, {"title": "VALENTINO GARAVANI 'ROCKSTUD SPIKE' MOON MOTIF MEDIUM LEATHER SHOULDER BAG", "gender": "women", "category": "bags", "color": null, "product_url": "https://www.lanecrawford.com/pdp/AVL066", "thumbnail_url": ["http://d1q9qhpdr6ehzh.cloudfront.net/df518c51adb0b80ae08e44dc90e10893"], "chatbot_image": "http://media.lanecrawford.com/A/V/L/AVL066_in_xl.jpg,http://media.lanecrawford.com/A/V/L/AVL066_fr_xl.jpg,http://media.lanecrawford.com/A/V/L/AVL066_1_xl.jpg,http://media.lanecrawford.com/A/V/L/AVL066_2_xl.jpg,http://media.lanecrawford.com/A/V/L/AVL066_3_xl.jpg,http://media.lanecrawford.com/A/V/L/AVL066_ro_xl.jpg", "unique_id": "4c1fb5d902934fb896b53fa2dfa98d9f", "trending_score": "0.0", "price": 25200.0, "discounted_price": 25200.0, "currency": "HKD", "product_code": "AVL066", "affinity_score": 0.0, "brand": "VALENTINO", "store": "v_lane_crawford", "streamoid_urls": null}, {"title": "Chain strap crocodile leather flap shoulder bag", "gender": "women", "category": "bags", "color": "purple purple purple purple purple purple white white white white", "product_url": "https://www.lanecrawford.com/pdp/ALO484", "thumbnail_url": ["http://d1q9qhpdr6ehzh.cloudfront.net/ed2230b7f177ef9ab5a3dd4ad77c0419"], "chatbot_image": "http://media.lanecrawford.com/A/L/O/ALO484_in_xl.jpg,http://media.lanecrawford.com/A/L/O/ALO484_fr_xl.jpg,http://media.lanecrawford.com/A/L/O/ALO484_1_xl.jpg,http://media.lanecrawford.com/A/L/O/ALO484_2_xl.jpg,http://media.lanecrawford.com/A/L/O/ALO484_ro_xl.jpg", "unique_id": "03f19beaf4784a68a3f67a38f4ae5741", "trending_score": "0.0", "price": 28100.0, "discounted_price": 28100.0, "currency": "HKD", "product_code": "ALO484", "affinity_score": 0.0, "brand": "NANCY GONZALEZ", "store": "v_lane_crawford", "streamoid_urls": null}, {"title": "'Roma' small leather shoulder bag", "gender": "women", "category": "bags", "color": "gray gray gray gray gray gray white white white white", "product_url": "https://www.lanecrawford.com/pdp/ARW958", "thumbnail_url": ["http://d1q9qhpdr6ehzh.cloudfront.net/74c52842f8c6d4f24bd88e1f46c1432c"], "chatbot_image": "http://media.lanecrawford.com/A/R/W/ARW958_in_xl.jpg,http://media.lanecrawford.com/A/R/W/ARW958_1_xl.jpg,http://media.lanecrawford.com/A/R/W/ARW958_2_xl.jpg,http://media.lanecrawford.com/A/R/W/ARW958_ro_xl.jpg", "unique_id": "0f2b7f9156a94521918711ccadab56f8", "trending_score": "0.0", "price": 15000.0, "discounted_price": 15000.0, "currency": "HKD", "product_code": "ARW958", "affinity_score": 0.0, "brand": "M\u00c3\u0089TIER", "store": "v_lane_crawford", "streamoid_urls": null}, {"title": "'Crisp' Metallic Packet Clutch", "gender": "women", "category": "bags", "color": "off-white off-white off-white off-white off-white off-white white white white white", "product_url": "https://www.lanecrawford.com/pdp/AWG701", "thumbnail_url": ["http://d1q9qhpdr6ehzh.cloudfront.net/37e0a7fe1b7f4f2e03f2517950d40754"], "chatbot_image": "http://media.lanecrawford.com/A/W/G/AWG701_in_xl.jpg,http://media.lanecrawford.com/A/W/G/AWG701_fr_xl.jpg,http://media.lanecrawford.com/A/W/G/AWG701_1_xl.jpg,http://media.lanecrawford.com/A/W/G/AWG701_2_xl.jpg,http://media.lanecrawford.com/A/W/G/AWG701_ro_xl.jpg", "unique_id": "4e9bd935d55e4292a222e78af81e7da6", "trending_score": "0.0", "price": 12000.0, "discounted_price": 12000.0, "currency": "HKD", "product_code": "AWG701", "affinity_score": 0.0, "brand": "ANYA HINDMARCH", "store": "v_lane_crawford", "streamoid_urls": null}, {"title": "'Mina' small lasercut leather tote", "gender": "women", "category": "bags", "color": "copper copper copper copper copper copper brown brown brown brown", "product_url": "https://www.lanecrawford.com/pdp/AWJ023", "thumbnail_url": ["http://d1q9qhpdr6ehzh.cloudfront.net/8d8d2dc6e81819b3f8362e550de7e8cf"], "chatbot_image": "http://media.lanecrawford.com/A/W/J/AWJ023_in_xl.jpg,http://media.lanecrawford.com/A/W/J/AWJ023_1_xl.jpg,http://media.lanecrawford.com/A/W/J/AWJ023_2_xl.jpg,http://media.lanecrawford.com/A/W/J/AWJ023_ro_xl.jpg", "unique_id": "51fe19b40b174e118ffb18de201fed45", "trending_score": "0.0", "price": 15300.0, "discounted_price": 15300.0, "currency": "HKD", "product_code": "AWJ023", "affinity_score": 0.0, "brand": "AZZEDINE ALA\u00c3\u008fA", "store": "v_lane_crawford", "streamoid_urls": null}, {"title": "'Faye Day' small leather shoulder bag", "gender": "women", "category": "bags", "color": "khaki khaki khaki khaki khaki khaki white white white white", "product_url": "https://www.lanecrawford.com/pdp/ARU675", "thumbnail_url": ["http://d1q9qhpdr6ehzh.cloudfront.net/47daae3ecceb8fadb2f05ee48d912bc6"], "chatbot_image": "http://media.lanecrawford.com/A/R/U/ARU675_in_xl.jpg,http://media.lanecrawford.com/A/R/U/ARU675_fr_xl.jpg,http://media.lanecrawford.com/A/R/U/ARU675_1_xl.jpg,http://media.lanecrawford.com/A/R/U/ARU675_2_xl.jpg,http://media.lanecrawford.com/A/R/U/ARU675_ro_xl.jpg", "unique_id": "0d345b3daf3d49c7808f96163cc20d53", "trending_score": "0.0", "price": 14400.0, "discounted_price": 14400.0, "currency": "HKD", "product_code": "ARU675", "affinity_score": 0.0, "brand": "CHLO\u00c3\u0089", "store": "v_lane_crawford", "streamoid_urls": null}, {"title": "'Hortensia' medium leather shoulder bag", "gender": "women", "category": "bags", "color": "green green green green green green white white white white", "product_url": "https://www.lanecrawford.com/pdp/AWL759", "thumbnail_url": ["http://d1q9qhpdr6ehzh.cloudfront.net/e91ed44e1c12b8836d4dfac3e124cea2"], "chatbot_image": "http://media.lanecrawford.com/A/W/L/AWL759_in_xl.jpg,http://media.lanecrawford.com/A/W/L/AWL759_fr_xl.jpg,http://media.lanecrawford.com/A/W/L/AWL759_1_xl.jpg,http://media.lanecrawford.com/A/W/L/AWL759_2_xl.jpg,http://media.lanecrawford.com/A/W/L/AWL759_ro_xl.jpg", "unique_id": "28ca36c804cc4db198675023cee2c135", "trending_score": "0.0", "price": 7300.0, "discounted_price": 7300.0, "currency": "HKD", "product_code": "AWL759", "affinity_score": 0.0, "brand": "WANDLER", "store": "v_lane_crawford", "streamoid_urls": null}, {"title": "'Brillant MM S' leather satchel", "gender": "women", "category": "bags", "color": "beige beige beige beige beige beige white white white beige", "product_url": "https://www.lanecrawford.com/pdp/ALX707", "thumbnail_url": ["http://d1q9qhpdr6ehzh.cloudfront.net/19d6761208af21bfe5cb46a4065ece1b"], "chatbot_image": "http://media.lanecrawford.com/A/L/X/ALX707_in_xl.jpg,http://media.lanecrawford.com/A/L/X/ALX707_fr_xl.jpg,http://media.lanecrawford.com/A/L/X/ALX707_1_xl.jpg,http://media.lanecrawford.com/A/L/X/ALX707_2_xl.jpg,http://media.lanecrawford.com/A/L/X/ALX707_3_xl.jpg,http://media.lanecrawford.com/A/L/X/ALX707_ro_xl.jpg", "unique_id": "0e58f5c476644649a62aba636cb6406e", "trending_score": "0.0", "price": 48400.0, "discounted_price": 48400.0, "currency": "HKD", "product_code": "ALX707", "affinity_score": 0.0, "brand": "DELVAUX", "store": "v_lane_crawford", "streamoid_urls": null}, {"title": "Geometric beaded top handle bag", "gender": "women", "category": "bags", "color": "maroon maroon maroon maroon maroon maroon white white white white", "product_url": "https://www.lanecrawford.com/pdp/AVJ204", "thumbnail_url": ["http://d1q9qhpdr6ehzh.cloudfront.net/eea4b3bce0b96076e3ce74d88766708f"], "chatbot_image": "http://media.lanecrawford.com/A/V/J/AVJ204_in_xl.jpg,http://media.lanecrawford.com/A/V/J/AVJ204_1_xl.jpg,http://media.lanecrawford.com/A/V/J/AVJ204_2_xl.jpg,http://media.lanecrawford.com/A/V/J/AVJ204_ro_xl.jpg", "unique_id": "2dffab84407a424fb1006a4b6deb46c7", "trending_score": "0.0", "price": 15750.0, "discounted_price": 15750.0, "currency": "HKD", "product_code": "AVJ204", "affinity_score": 0.0, "brand": "BUTLER & WILSON", "store": "v_lane_crawford", "streamoid_urls": null}, {"title": "'Private Eye' leather bag", "gender": "women", "category": "bags", "color": "charcoal-gray charcoal-gray charcoal-gray charcoal-gray charcoal-gray charcoal-gray charcoal gray charcoal gray charcoal gray charcoal gray", "product_url": "https://www.lanecrawford.com/pdp/AUK377", "thumbnail_url": ["http://d1q9qhpdr6ehzh.cloudfront.net/90721bac2b4e4115ad4ddf276b8c081a"], "chatbot_image": "http://media.lanecrawford.com/A/U/K/AUK377_in_xl.jpg,http://media.lanecrawford.com/A/U/K/AUK377_fr_xl.jpg,http://media.lanecrawford.com/A/U/K/AUK377_1_xl.jpg,http://media.lanecrawford.com/A/U/K/AUK377_2_xl.jpg,http://media.lanecrawford.com/A/U/K/AUK377_3_xl.jpg,http://media.lanecrawford.com/A/U/K/AUK377_ro_xl.jpg", "unique_id": "47c89dac376a4ac8b65409ef35985355", "trending_score": "0.0", "price": 22500.0, "discounted_price": 22500.0, "currency": "HKD", "product_code": "AUK377", "affinity_score": 0.0, "brand": "M\u00c3\u0089TIER", "store": "v_lane_crawford", "streamoid_urls": null}, {"title": "'Brillant MM Rod\u00c3\u00a9o' leather satchel", "gender": "women", "category": "bags", "color": "orange orange orange orange orange orange orange orange orange orange", "product_url": "https://www.lanecrawford.com/pdp/AKX105", "thumbnail_url": ["http://d1q9qhpdr6ehzh.cloudfront.net/89601be86bf6d6d5effa5f15496258bb"], "chatbot_image": "http://media.lanecrawford.com/A/K/X/AKX105_in_xl.jpg,http://media.lanecrawford.com/A/K/X/AKX105_1_xl.jpg,http://media.lanecrawford.com/A/K/X/AKX105_2_xl.jpg,http://media.lanecrawford.com/A/K/X/AKX105_ro_xl.jpg", "unique_id": "238729b804464b7fb73ba8124ffa2d09", "trending_score": "0.0", "price": 44300.0, "discounted_price": 44300.0, "currency": "HKD", "product_code": "AKX105", "affinity_score": 0.0, "brand": "DELVAUX", "store": "v_lane_crawford", "streamoid_urls": null}, {"title": "'Classic City' logo strap small leather shoulder bag", "gender": "women", "category": "bags", "color": "charcoal-gray charcoal-gray charcoal-gray charcoal-gray charcoal-gray charcoal-gray charcoal gray charcoal gray charcoal gray charcoal gray", "product_url": "https://www.lanecrawford.com/pdp/AIV739", "thumbnail_url": ["http://d1q9qhpdr6ehzh.cloudfront.net/6af0bc069a2ac15fc5c113a40e14c7c1"], "chatbot_image": "http://media.lanecrawford.com/A/I/V/AIV739_in_xl.jpg,http://media.lanecrawford.com/A/I/V/AIV739_1_xl.jpg,http://media.lanecrawford.com/A/I/V/AIV739_ro_xl.jpg", "unique_id": "2f64af6d1fb247dfa5867ae4663292fe", "trending_score": "0.0", "price": 15500.0, "discounted_price": 15500.0, "currency": "HKD", "product_code": "AIV739", "affinity_score": 0.0, "brand": "BALENCIAGA", "store": "v_lane_crawford", "streamoid_urls": null}, {"title": "'Odita Mini\u00e2\u0080\u0099 woven lattice leather bucket bag", "gender": "women", "category": "bags", "color": "brown brown brown brown brown brown white white white white", "product_url": "https://www.lanecrawford.com/pdp/AWL819", "thumbnail_url": ["http://d1q9qhpdr6ehzh.cloudfront.net/10185d2b9ed76697e610ccba387fcdd2"], "chatbot_image": "http://media.lanecrawford.com/A/W/L/AWL819_in_xl.jpg,http://media.lanecrawford.com/A/W/L/AWL819_fr_xl.jpg,http://media.lanecrawford.com/A/W/L/AWL819_1_xl.jpg,http://media.lanecrawford.com/A/W/L/AWL819_2_xl.jpg,http://media.lanecrawford.com/A/W/L/AWL819_3_xl.jpg,http://media.lanecrawford.com/A/W/L/AWL819_ro_xl.jpg", "unique_id": "0b91c5542e0a4050ac9b82acf028b3db", "trending_score": "0.0", "price": 6250.0, "discounted_price": 6250.0, "currency": "HKD", "product_code": "AWL819", "affinity_score": 0.0, "brand": "3.1 PHILLIP LIM", "store": "v_lane_crawford", "streamoid_urls": null}, {"title": "Glass crystal leather crossbody bag", "gender": "women", "category": "bags", "color": "charcoal-gray charcoal-gray charcoal-gray charcoal-gray charcoal-gray charcoal-gray white white white white", "product_url": "https://www.lanecrawford.com/pdp/ARX776", "thumbnail_url": ["http://d1q9qhpdr6ehzh.cloudfront.net/377460c75228e33f16c531a44561bfaa"], "chatbot_image": "http://media.lanecrawford.com/A/R/X/ARX776_in_xl.jpg,http://media.lanecrawford.com/A/R/X/ARX776_fr_xl.jpg,http://media.lanecrawford.com/A/R/X/ARX776_1_xl.jpg,http://media.lanecrawford.com/A/R/X/ARX776_2_xl.jpg,http://media.lanecrawford.com/A/R/X/ARX776_ro_xl.jpg", "unique_id": "4c2975497c754cb89e800be63e436505", "trending_score": "0.0", "price": 11900.0, "discounted_price": 11900.0, "currency": "HKD", "product_code": "ARX776", "affinity_score": 0.0, "brand": "MIU MIU", "store": "v_lane_crawford", "streamoid_urls": null}], "debug": {"qrm": "", "query_without_qrm": "hand bag for women", "solr_query": "( ( ( (meta_type:\"hand-bag\")^10 ) ) AND ( ( (meta_gender:\"women\") ) ) AND ( ( (meta_department:\"maternity\") OR (meta_department:\"petite\") OR (meta_department:\"plus-size\") OR (meta_department:\"regular\") OR (meta_department:\"tall\") OR (meta_department:\"unknown\") ) ) )^1 ", "graph": [[[{"type": ["hand-bag^10"]}, {"gender": ["women"]}, {"department": ["maternity", "petite", "plus-size", "regular", "tall", "unknown"]}]]], "query_without_stopwords": "", "spell_corrected_query": "", "filter": [], "explicit_text": null, "fq": ["availability:1"]}, "numFound": 78, "facets": {"gender": {"women": 78}, "category": {"bags": 78}, "occasion type": {"elevated": 51, "party": 11, "everyday": 10, "business-formal": 4, "beachwear": 1, "unknown": 1}, "Workindustry": {}, "Age": {}, "neck": {}, "arms": {}, "waist": {}, "stomach": {}, "shoulder": {}, "brand": {"DELVAUX": 14, "AZZEDINE ALA\u00c3\u008fA": 5, "LOEWE": 5, "BALENCIAGA": 4, "THE ROW": 4, "NANCY GONZALEZ": 3, "YUZEFI": 3, "ALEXANDER MCQUEEN": 2, "BUTLER & WILSON": 2, "CHLO\u00c3\u0089": 2, "CULT GAIA": 2, "JUDITH LEIBER": 2, "M\u00c3\u0089TIER": 2, "STAUD": 2, "STRATHBERRY": 2, "STUDIO AMELIA": 2, "VALENTINO": 2, "forever21": 2, "3.1 PHILLIP LIM": 1, "A.W.A.K.E. MODE": 1, "ACNE STUDIOS": 1, "ALEXANDER WANG": 1, "ANYA HINDMARCH": 1, "BOYY": 1, "BY FAR": 1, "CHRISTIAN LOUBOUTIN": 1, "COMPL\u00c3\u0089T": 1, "DEMELLIER": 1, "FILA X 3.1 PHILLIP LIM": 1, "MIU MIU": 1, "PANNYY": 1, "ROSANTICA": 1, "SIMONETTA RAVIZZA": 1, "STELLA MCCARTNEY": 1, "WANDLER": 1, "WICKER WINGS": 1}, "sub_brand": {"forever21": 2}, "Department": {"regular": 78}, "activity": {"clubbing": 62, "airport-look": 61, "leisure-holiday": 61, "cocktail-party": 58, "dinner-party": 58, "wedding": 58, "high-street-look": 51, "anniversary": 47, "brunch": 47, "date-night": 47, "girls-night-out": 47, "social-outing": 47, "concert": 11, "college-look": 10, "errands": 10, "hang-outs": 10, "business-formal-work-wear": 4, "networking-event": 4, "unknown": 2}}, "isFashionQuery": true, "spell_corrected_query": "", "query_without_stopwords": "", "final_query": "", "message": ""}